b_A,mu,c,s,parm,init_pop_size,extinction,rescue,mean_fraction,mean_rescue_time,var_fraction,var_rescue_time
0.11,0.0,0.0003,1e-05,-0.5,10.0,1000,0,0.0,0.0,0.0,0.0
0.11,0.0,0.0003,1e-05,-0.5,100.0,1000,0,0.0,0.0,0.0,0.0
0.11,0.0,0.0003,1e-05,-0.5,1000.0,1000,0,0.0,0.0,0.0,0.0
0.11,0.0,0.0003,1e-05,-0.2,10.0,1000,0,0.0,0.0,0.0,0.0
0.11,0.0,0.0003,1e-05,-0.2,100.0,1000,0,0.0,0.0,0.0,0.0
0.11,0.0,0.0003,1e-05,-0.2,1000.0,1000,0,0.0,0.0,0.0,0.0
0.11,0.0,0.0003,1e-05,-0.1,10.0,1000,0,0.0,0.0,0.0,0.0
0.11,0.0,0.0003,1e-05,-0.1,100.0,1000,0,0.0,0.0,0.0,0.0
0.11,0.0,0.0003,1e-05,-0.1,1000.0,1000,0,0.0,0.0,0.0,0.0
0.11,0.0,0.0003,1e-05,0.0,10.0,1000,0,0.0,0.0,0.0,0.0
0.11,0.0,0.0003,1e-05,0.0,100.0,1000,0,0.0,0.0,0.0,0.0
0.11,0.0,0.0003,1e-05,0.0,1000.0,1000,0,0.0,0.0,0.0,0.0
0.11,0.0,0.0003,1e-05,0.1,10.0,1000,0,0.0,0.0,0.0,0.0
0.11,0.0,0.0003,1e-05,0.1,100.0,1000,0,0.0,0.0,0.0,0.0
0.11,0.0,0.0003,1e-05,0.1,1000.0,1000,0,0.0,0.0,0.0,0.0
0.11,0.0,0.0003,1e-05,0.2,10.0,1000,0,0.0,0.0,0.0,0.0
0.11,0.0,0.0003,1e-05,0.2,100.0,1000,0,0.0,0.0,0.0,0.0
0.11,0.0,0.0003,1e-05,0.2,1000.0,1000,0,0.0,0.0,0.0,0.0
0.11,0.0,0.0003,1e-05,0.5,10.0,1000,0,0.0,0.0,0.0,0.0
0.11,0.0,0.0003,1e-05,0.5,100.0,1000,0,0.0,0.0,0.0,0.0
0.11,0.0,0.0003,1e-05,0.5,1000.0,1000,0,0.0,0.0,0.0,0.0
0.11,0.0,0.0003,1e-05,1.0,10.0,1000,0,0.0,0.0,0.0,0.0
0.11,0.0,0.0003,1e-05,1.0,100.0,1000,0,0.0,0.0,0.0,0.0
0.11,0.0,0.0003,1e-05,1.0,1000.0,1000,0,0.0,0.0,0.0,0.0
0.11,0.0,0.0003,0.001,-0.5,10.0,1000,0,0.0,0.0,0.0,0.0
0.11,0.0,0.0003,0.001,-0.5,100.0,1000,0,0.0,0.0,0.0,0.0
0.11,0.0,0.0003,0.001,-0.5,1000.0,1000,0,0.0,0.0,0.0,0.0
0.11,0.0,0.0003,0.001,-0.2,10.0,1000,0,0.0,0.0,0.0,0.0
0.11,0.0,0.0003,0.001,-0.2,100.0,1000,0,0.0,0.0,0.0,0.0
0.11,0.0,0.0003,0.001,-0.2,1000.0,1000,0,0.0,0.0,0.0,0.0
0.11,0.0,0.0003,0.001,-0.1,10.0,1000,0,0.0,0.0,0.0,0.0
0.11,0.0,0.0003,0.001,-0.1,100.0,1000,0,0.0,0.0,0.0,0.0
0.11,0.0,0.0003,0.001,-0.1,1000.0,1000,0,0.0,0.0,0.0,0.0
0.11,0.0,0.0003,0.001,0.0,10.0,1000,0,0.0,0.0,0.0,0.0
0.11,0.0,0.0003,0.001,0.0,100.0,1000,0,0.0,0.0,0.0,0.0
0.11,0.0,0.0003,0.001,0.0,1000.0,1000,0,0.0,0.0,0.0,0.0
0.11,0.0,0.0003,0.001,0.1,10.0,1000,0,0.0,0.0,0.0,0.0
0.11,0.0,0.0003,0.001,0.1,100.0,1000,0,0.0,0.0,0.0,0.0
0.11,0.0,0.0003,0.001,0.1,1000.0,1000,0,0.0,0.0,0.0,0.0
0.11,0.0,0.0003,0.001,0.2,10.0,1000,0,0.0,0.0,0.0,0.0
0.11,0.0,0.0003,0.001,0.2,100.0,1000,0,0.0,0.0,0.0,0.0
0.11,0.0,0.0003,0.001,0.2,1000.0,1000,0,0.0,0.0,0.0,0.0
0.11,0.0,0.0003,0.001,0.5,10.0,1000,0,0.0,0.0,0.0,0.0
0.11,0.0,0.0003,0.001,0.5,100.0,1000,0,0.0,0.0,0.0,0.0
0.11,0.0,0.0003,0.001,0.5,1000.0,1000,0,0.0,0.0,0.0,0.0
0.11,0.0,0.0003,0.001,1.0,10.0,1000,0,0.0,0.0,0.0,0.0
0.11,0.0,0.0003,0.001,1.0,100.0,1000,0,0.0,0.0,0.0,0.0
0.11,0.0,0.0003,0.001,1.0,1000.0,1000,0,0.0,0.0,0.0,0.0
0.11,0.0,0.0003,0.1,-0.5,10.0,1000,0,0.0,9.987363335554944,0.0,37.775565610127515
0.11,0.0,0.0003,0.1,-0.5,100.0,1000,0,0.0,7.399966610487322,0.0,21.332890970417925
0.11,0.0,0.0003,0.1,-0.5,1000.0,1000,0,0.0,8.680319761032953,0.0,22.870983574575167
0.11,0.0,0.0003,0.1,-0.2,10.0,1000,0,0.0,9.169130130996214,0.0,36.089351025262204
0.11,0.0,0.0003,0.1,-0.2,100.0,1000,0,0.0,11.336962094954641,0.0,57.33453025613743
0.11,0.0,0.0003,0.1,-0.2,1000.0,1000,0,0.0,8.720671101577867,0.0,63.74531116463856
0.11,0.0,0.0003,0.1,-0.1,10.0,1000,0,0.0,10.818496218443592,0.0,49.401766227673434
0.11,0.0,0.0003,0.1,-0.1,100.0,1000,0,0.0,10.02893141188644,0.0,62.36342982369517
0.11,0.0,0.0003,0.1,-0.1,1000.0,1000,0,0.0,8.997910684135546,0.0,29.17835180569186
0.11,0.0,0.0003,0.1,0.0,10.0,1000,0,0.0,10.556420592004853,0.0,41.50752234264204
0.11,0.0,0.0003,0.1,0.0,100.0,1000,0,0.0,9.909299087289668,0.0,62.38847203122342
0.11,0.0,0.0003,0.1,0.0,1000.0,1000,0,0.0,9.124215867119663,0.0,46.741278619428265
0.11,0.0,0.0003,0.1,0.1,10.0,1000,0,0.0,9.700713581403656,0.0,43.43415293325945
0.11,0.0,0.0003,0.1,0.1,100.0,1000,0,0.0,7.497804143644248,0.0,26.624639403829665
0.11,0.0,0.0003,0.1,0.1,1000.0,1000,0,0.0,7.621105157015891,0.0,13.438256302715764
0.11,0.0,0.0003,0.1,0.2,10.0,1000,0,0.0,9.85533592526812,0.0,46.99641457620968
0.11,0.0,0.0003,0.1,0.2,100.0,1000,0,0.0,8.985745028350152,0.0,38.98126120559491
0.11,0.0,0.0003,0.1,0.2,1000.0,1000,0,0.0,7.0447545159453755,0.0,30.005073576404495
0.11,0.0,0.0003,0.1,0.5,10.0,1000,0,0.0,8.487828080819721,0.0,44.11304327003611
0.11,0.0,0.0003,0.1,0.5,100.0,1000,0,0.0,8.134128124320519,0.0,37.748256369204796
0.11,0.0,0.0003,0.1,0.5,1000.0,1000,0,0.0,6.90619527650629,0.0,45.01842458360257
0.11,0.0,0.0003,0.1,1.0,10.0,1000,0,0.0,9.332980136395939,0.0,40.31867988100158
0.11,0.0,0.0003,0.1,1.0,100.0,1000,0,0.0,7.215586760157451,0.0,31.360303377506334
0.11,0.0,0.0003,0.1,1.0,1000.0,1000,0,0.0,5.625992265890358,0.0,20.95681904326031
0.11,0.0,0.0003,1.0,-0.5,10.0,1000,0,0.0,1.500229726146858,0.0,0.9699674578817203
0.11,0.0,0.0003,1.0,-0.5,100.0,1000,0,0.0,1.9483922019962345,0.0,2.3204048002395425
0.11,0.0,0.0003,1.0,-0.5,1000.0,1000,0,0.0,1.3280144854953833,0.0,0.9704133525973433
0.11,0.0,0.0003,1.0,-0.2,10.0,1000,0,0.0,1.8492627338589191,0.0,1.5075075823448134
0.11,0.0,0.0003,1.0,-0.2,100.0,1000,0,0.0,1.4749404192667037,0.0,1.1407499472598412
0.11,0.0,0.0003,1.0,-0.2,1000.0,1000,0,0.0,1.3829829975401633,0.0,0.730119007258937
0.11,0.0,0.0003,1.0,-0.1,10.0,1000,0,0.0,1.7846043886310363,0.0,1.9616648954189706
0.11,0.0,0.0003,1.0,-0.1,100.0,1000,0,0.0,1.5208868280666388,0.0,1.2688992886726858
0.11,0.0,0.0003,1.0,-0.1,1000.0,1000,0,0.0,1.467730793250286,0.0,1.4053644379533794
0.11,0.0,0.0003,1.0,0.0,10.0,1000,0,0.0,1.7288599835858711,0.0,1.6407918856246337
0.11,0.0,0.0003,1.0,0.0,100.0,1000,0,0.0,1.4501927488570736,0.0,1.4052115606145685
0.11,0.0,0.0003,1.0,0.0,1000.0,1000,0,0.0,1.389552932210492,0.0,1.1335107156353057
0.11,0.0,0.0003,1.0,0.1,10.0,1000,0,0.0,1.7031632718832628,0.0,1.31203522371986
0.11,0.0,0.0003,1.0,0.1,100.0,1000,0,0.0,1.3654714765671463,0.0,1.1089960821183558
0.11,0.0,0.0003,1.0,0.1,1000.0,1000,0,0.0,1.4302138515374927,0.0,1.2401421710122411
0.11,0.0,0.0003,1.0,0.2,10.0,1000,0,0.0,1.6717561044254,0.0,1.8497806904111056
0.11,0.0,0.0003,1.0,0.2,100.0,1000,0,0.0,1.2781237256601687,0.0,0.897209387092522
0.11,0.0,0.0003,1.0,0.2,1000.0,1000,0,0.0,1.197448911629509,0.0,0.7598159580382606
0.11,0.0,0.0003,1.0,0.5,10.0,1000,0,0.0,1.5249815384732872,0.0,1.1169662668098195
0.11,0.0,0.0003,1.0,0.5,100.0,1000,0,0.0,1.1735961586117474,0.0,0.7689736185788171
0.11,0.0,0.0003,1.0,0.5,1000.0,1000,0,0.0,1.1196941941910137,0.0,0.521699983262822
0.11,0.0,0.0003,1.0,1.0,10.0,1000,0,0.0,1.3034695432862249,0.0,0.9158099203007232
0.11,0.0,0.0003,1.0,1.0,100.0,997,3,0.5354126055880442,0.965833051588138,0.1449165956307755,0.4666547819545157
0.11,0.0,0.0003,1.0,1.0,1000.0,994,6,0.9512208781362007,0.884111837842965,0.003888501104214037,0.4157980375304882
0.11,0.0,0.0001,1e-05,-0.5,10.0,1000,0,0.0,0.0,0.0,0.0
0.11,0.0,0.0001,1e-05,-0.5,100.0,1000,0,0.0,0.0,0.0,0.0
0.11,0.0,0.0001,1e-05,-0.5,1000.0,1000,0,0.0,0.0,0.0,0.0
0.11,0.0,0.0001,1e-05,-0.2,10.0,1000,0,0.0,0.0,0.0,0.0
0.11,0.0,0.0001,1e-05,-0.2,100.0,1000,0,0.0,0.0,0.0,0.0
0.11,0.0,0.0001,1e-05,-0.2,1000.0,1000,0,0.0,0.0,0.0,0.0
0.11,0.0,0.0001,1e-05,-0.1,10.0,1000,0,0.0,0.0,0.0,0.0
0.11,0.0,0.0001,1e-05,-0.1,100.0,1000,0,0.0,0.0,0.0,0.0
0.11,0.0,0.0001,1e-05,-0.1,1000.0,1000,0,0.0,0.0,0.0,0.0
0.11,0.0,0.0001,1e-05,0.0,10.0,1000,0,0.0,0.0,0.0,0.0
0.11,0.0,0.0001,1e-05,0.0,100.0,1000,0,0.0,0.0,0.0,0.0
0.11,0.0,0.0001,1e-05,0.0,1000.0,1000,0,0.0,0.0,0.0,0.0
0.11,0.0,0.0001,1e-05,0.1,10.0,1000,0,0.0,0.0,0.0,0.0
0.11,0.0,0.0001,1e-05,0.1,100.0,1000,0,0.0,0.0,0.0,0.0
0.11,0.0,0.0001,1e-05,0.1,1000.0,1000,0,0.0,0.0,0.0,0.0
0.11,0.0,0.0001,1e-05,0.2,10.0,1000,0,0.0,0.0,0.0,0.0
0.11,0.0,0.0001,1e-05,0.2,100.0,1000,0,0.0,0.0,0.0,0.0
0.11,0.0,0.0001,1e-05,0.2,1000.0,1000,0,0.0,0.0,0.0,0.0
0.11,0.0,0.0001,1e-05,0.5,10.0,1000,0,0.0,0.0,0.0,0.0
0.11,0.0,0.0001,1e-05,0.5,100.0,1000,0,0.0,0.0,0.0,0.0
0.11,0.0,0.0001,1e-05,0.5,1000.0,1000,0,0.0,0.0,0.0,0.0
0.11,0.0,0.0001,1e-05,1.0,10.0,1000,0,0.0,0.0,0.0,0.0
0.11,0.0,0.0001,1e-05,1.0,100.0,1000,0,0.0,0.0,0.0,0.0
0.11,0.0,0.0001,1e-05,1.0,1000.0,1000,0,0.0,0.0,0.0,0.0
0.11,0.0,0.0001,0.001,-0.5,10.0,1000,0,0.0,0.0,0.0,0.0
0.11,0.0,0.0001,0.001,-0.5,100.0,1000,0,0.0,0.0,0.0,0.0
0.11,0.0,0.0001,0.001,-0.5,1000.0,1000,0,0.0,0.0,0.0,0.0
0.11,0.0,0.0001,0.001,-0.2,10.0,1000,0,0.0,0.0,0.0,0.0
0.11,0.0,0.0001,0.001,-0.2,100.0,1000,0,0.0,0.0,0.0,0.0
0.11,0.0,0.0001,0.001,-0.2,1000.0,1000,0,0.0,0.0,0.0,0.0
0.11,0.0,0.0001,0.001,-0.1,10.0,1000,0,0.0,0.0,0.0,0.0
0.11,0.0,0.0001,0.001,-0.1,100.0,1000,0,0.0,0.0,0.0,0.0
0.11,0.0,0.0001,0.001,-0.1,1000.0,1000,0,0.0,0.0,0.0,0.0
0.11,0.0,0.0001,0.001,0.0,10.0,1000,0,0.0,0.0,0.0,0.0
0.11,0.0,0.0001,0.001,0.0,100.0,1000,0,0.0,0.0,0.0,0.0
0.11,0.0,0.0001,0.001,0.0,1000.0,1000,0,0.0,0.0,0.0,0.0
0.11,0.0,0.0001,0.001,0.1,10.0,1000,0,0.0,0.0,0.0,0.0
0.11,0.0,0.0001,0.001,0.1,100.0,1000,0,0.0,0.0,0.0,0.0
0.11,0.0,0.0001,0.001,0.1,1000.0,1000,0,0.0,0.0,0.0,0.0
0.11,0.0,0.0001,0.001,0.2,10.0,1000,0,0.0,0.0,0.0,0.0
0.11,0.0,0.0001,0.001,0.2,100.0,1000,0,0.0,0.0,0.0,0.0
0.11,0.0,0.0001,0.001,0.2,1000.0,1000,0,0.0,0.0,0.0,0.0
0.11,0.0,0.0001,0.001,0.5,10.0,1000,0,0.0,0.0,0.0,0.0
0.11,0.0,0.0001,0.001,0.5,100.0,1000,0,0.0,0.0,0.0,0.0
0.11,0.0,0.0001,0.001,0.5,1000.0,1000,0,0.0,0.0,0.0,0.0
0.11,0.0,0.0001,0.001,1.0,10.0,1000,0,0.0,0.0,0.0,0.0
0.11,0.0,0.0001,0.001,1.0,100.0,1000,0,0.0,0.0,0.0,0.0
0.11,0.0,0.0001,0.001,1.0,1000.0,1000,0,0.0,0.0,0.0,0.0
0.11,0.0,0.0001,0.1,-0.5,10.0,1000,0,0.0,0.0,0.0,0.0
0.11,0.0,0.0001,0.1,-0.5,100.0,1000,0,0.0,0.0,0.0,0.0
0.11,0.0,0.0001,0.1,-0.5,1000.0,1000,0,0.0,0.0,0.0,0.0
0.11,0.0,0.0001,0.1,-0.2,10.0,1000,0,0.0,0.0,0.0,0.0
0.11,0.0,0.0001,0.1,-0.2,100.0,1000,0,0.0,0.0,0.0,0.0
0.11,0.0,0.0001,0.1,-0.2,1000.0,1000,0,0.0,0.0,0.0,0.0
0.11,0.0,0.0001,0.1,-0.1,10.0,1000,0,0.0,0.0,0.0,0.0
0.11,0.0,0.0001,0.1,-0.1,100.0,1000,0,0.0,0.0,0.0,0.0
0.11,0.0,0.0001,0.1,-0.1,1000.0,1000,0,0.0,0.0,0.0,0.0
0.11,0.0,0.0001,0.1,0.0,10.0,1000,0,0.0,0.0,0.0,0.0
0.11,0.0,0.0001,0.1,0.0,100.0,1000,0,0.0,15.483658880657671,0.0,0.0
0.11,0.0,0.0001,0.1,0.0,1000.0,1000,0,0.0,0.0,0.0,0.0
0.11,0.0,0.0001,0.1,0.1,10.0,1000,0,0.0,0.0,0.0,0.0
0.11,0.0,0.0001,0.1,0.1,100.0,1000,0,0.0,16.53689567394408,0.0,0.0
0.11,0.0,0.0001,0.1,0.1,1000.0,1000,0,0.0,0.0,0.0,0.0
0.11,0.0,0.0001,0.1,0.2,10.0,1000,0,0.0,0.0,0.0,0.0
0.11,0.0,0.0001,0.1,0.2,100.0,1000,0,0.0,51.883419040961265,0.0,76.61264787952717
0.11,0.0,0.0001,0.1,0.2,1000.0,1000,0,0.0,0.0,0.0,0.0
0.11,0.0,0.0001,0.1,0.5,10.0,1000,0,0.0,17.363762763267605,0.0,0.0
0.11,0.0,0.0001,0.1,0.5,100.0,1000,0,0.0,17.56715866076793,0.0,97.68261941119403
0.11,0.0,0.0001,0.1,0.5,1000.0,1000,0,0.0,22.701912213377334,0.0,59.726165128874335
0.11,0.0,0.0001,0.1,1.0,10.0,1000,0,0.0,38.622179282892745,0.0,71.47163068183852
0.11,0.0,0.0001,0.1,1.0,100.0,1000,0,0.0,25.039590824503346,0.0,260.11435970245265
0.11,0.0,0.0001,0.1,1.0,1000.0,1000,0,0.0,17.281516909734908,0.0,78.48361310023994
0.11,0.0,0.0001,1.0,-0.5,10.0,1000,0,0.0,0.0,0.0,0.0
0.11,0.0,0.0001,1.0,-0.5,100.0,1000,0,0.0,0.0,0.0,0.0
0.11,0.0,0.0001,1.0,-0.5,1000.0,1000,0,0.0,4.183996802817303,0.0,0.0
0.11,0.0,0.0001,1.0,-0.2,10.0,1000,0,0.0,6.1015401008212065,0.0,10.561851707938287
0.11,0.0,0.0001,1.0,-0.2,100.0,1000,0,0.0,4.62820856978444,0.0,8.946760316859653
0.11,0.0,0.0001,1.0,-0.2,1000.0,1000,0,0.0,2.9391392417875277,0.0,2.2276303248800575
0.11,0.0,0.0001,1.0,-0.1,10.0,1000,0,0.0,7.335309838382154,0.0,11.388120894923272
0.11,0.0,0.0001,1.0,-0.1,100.0,1000,0,0.0,4.166795664845767,0.0,3.919013512704608
0.11,0.0,0.0001,1.0,-0.1,1000.0,1000,0,0.0,4.453499346852561,0.0,7.9936957545625535
0.11,0.0,0.0001,1.0,0.0,10.0,1000,0,0.0,8.88131779386257,0.0,35.005891306849314
0.11,0.0,0.0001,1.0,0.0,100.0,1000,0,0.0,3.7368752952345887,0.0,3.9635835932011227
0.11,0.0,0.0001,1.0,0.0,1000.0,1000,0,0.0,4.557670170039497,0.0,9.704844231262491
0.11,0.0,0.0001,1.0,0.1,10.0,1000,0,0.0,8.369907185016489,0.0,50.652748366952245
0.11,0.0,0.0001,1.0,0.1,100.0,1000,0,0.0,4.073834556186336,0.0,7.340931873301908
0.11,0.0,0.0001,1.0,0.1,1000.0,1000,0,0.0,4.33484306645817,0.0,9.451296999271516
0.11,0.0,0.0001,1.0,0.2,10.0,1000,0,0.0,9.143125503583722,0.0,93.15451318687025
0.11,0.0,0.0001,1.0,0.2,100.0,1000,0,0.0,4.457133334490703,0.0,10.181039056993278
0.11,0.0,0.0001,1.0,0.2,1000.0,1000,0,0.0,3.4898577123250734,0.0,5.834924517117082
0.11,0.0,0.0001,1.0,0.5,10.0,1000,0,0.0,9.291997443364146,0.0,78.89709384849505
0.11,0.0,0.0001,1.0,0.5,100.0,999,1,0.8571428571428571,3.1771930426585997,0.0,3.2287194128032537
0.11,0.0,0.0001,1.0,0.5,1000.0,995,5,0.41077861163227014,3.118472290671067,0.12621330674542136,3.1116336103266726
0.11,0.0,0.0001,1.0,1.0,10.0,984,16,0.7566968790813591,9.716573198682495,0.08562749481374372,125.92812209414019
0.11,0.0,0.0001,1.0,1.0,100.0,906,94,0.8015440207614128,2.382197487511374,0.030230048471956508,2.02033831608151
0.11,0.0,0.0001,1.0,1.0,1000.0,901,99,0.734302364188014,2.0746207568542685,0.06785472458697628,1.2616026894636603
0.11,0.0,0.003,1e-05,-0.5,10.0,1000,0,0.0,0.47338084486888504,0.0,0.2366829616253304
0.11,0.0,0.003,1e-05,-0.5,100.0,1000,0,0.0,0.021056670487753563,0.0,0.0004333831729527801
0.11,0.0,0.003,1e-05,-0.5,1000.0,1000,0,0.0,0.00031827012350038456,0.0,9.723409980129677e-08
0.11,0.0,0.003,1e-05,-0.2,10.0,1000,0,0.0,0.4696688595115097,0.0,0.2361693351350322
0.11,0.0,0.003,1e-05,-0.2,100.0,1000,0,0.0,0.0220267227905905,0.0,0.0004926356701862382
0.11,0.0,0.003,1e-05,-0.2,1000.0,1000,0,0.0,0.00032098022270932023,0.0,9.751039617074327e-08
0.11,0.0,0.003,1e-05,-0.1,10.0,1000,0,0.0,0.47125550083031015,0.0,0.2122689805492805
0.11,0.0,0.003,1e-05,-0.1,100.0,1000,0,0.0,0.021151796465464258,0.0,0.0004289623458483093
0.11,0.0,0.003,1e-05,-0.1,1000.0,1000,0,0.0,0.00032771780147474003,0.0,9.816502231415709e-08
0.11,0.0,0.003,1e-05,0.0,10.0,1000,0,0.0,0.48396720965055695,0.0,0.22868440906255824
0.11,0.0,0.003,1e-05,0.0,100.0,1000,0,0.0,0.02054290381449701,0.0,0.00040009805167926074
0.11,0.0,0.003,1e-05,0.0,1000.0,1000,0,0.0,0.0003108924034280348,0.0,9.083796429703963e-08
0.11,0.0,0.003,1e-05,0.1,10.0,1000,0,0.0,0.4879622050566386,0.0,0.20985176156597
0.11,0.0,0.003,1e-05,0.1,100.0,1000,0,0.0,0.022925855540181155,0.0,0.0005818546080273039
0.11,0.0,0.003,1e-05,0.1,1000.0,1000,0,0.0,0.0003279553209530045,0.0,1.0769571749263469e-07
0.11,0.0,0.003,1e-05,0.2,10.0,1000,0,0.0,0.49362548795364153,0.0,0.2287140482563161
0.11,0.0,0.003,1e-05,0.2,100.0,1000,0,0.0,0.020504940131599925,0.0,0.0004160569507681854
0.11,0.0,0.003,1e-05,0.2,1000.0,1000,0,0.0,0.00030970376834271306,0.0,9.64485807529699e-08
0.11,0.0,0.003,1e-05,0.5,10.0,1000,0,0.0,0.46307367345629935,0.0,0.2202557412884084
0.11,0.0,0.003,1e-05,0.5,100.0,1000,0,0.0,0.02114885653249175,0.0,0.00045898434628404463
0.11,0.0,0.003,1e-05,0.5,1000.0,1000,0,0.0,0.0003204023412656463,0.0,9.569034269391324e-08
0.11,0.0,0.003,1e-05,1.0,10.0,1000,0,0.0,0.4792667066819952,0.0,0.22413372857620878
0.11,0.0,0.003,1e-05,1.0,100.0,1000,0,0.0,0.020491771926778347,0.0,0.000399531960389572
0.11,0.0,0.003,1e-05,1.0,1000.0,1000,0,0.0,0.0003231887817162868,0.0,1.0263041536463961e-07
0.11,0.0,0.003,0.001,-0.5,10.0,1000,0,0.0,0.5132597772431344,0.0,0.2681948994380763
0.11,0.0,0.003,0.001,-0.5,100.0,1000,0,0.0,0.02068311340726889,0.0,0.00045195292790455916
0.11,0.0,0.003,0.001,-0.5,1000.0,1000,0,0.0,0.00029886969895457933,0.0,7.996984533827379e-08
0.11,0.0,0.003,0.001,-0.2,10.0,1000,0,0.0,0.4702896490611112,0.0,0.24164391819735728
0.11,0.0,0.003,0.001,-0.2,100.0,1000,0,0.0,0.021612269324350883,0.0,0.0004378368294892384
0.11,0.0,0.003,0.001,-0.2,1000.0,1000,0,0.0,0.0003119021668233892,0.0,9.184507732750995e-08
0.11,0.0,0.003,0.001,-0.1,10.0,1000,0,0.0,0.48839112438277815,0.0,0.25567556408670944
0.11,0.0,0.003,0.001,-0.1,100.0,1000,0,0.0,0.021267077941944375,0.0,0.000437681839162372
0.11,0.0,0.003,0.001,-0.1,1000.0,1000,0,0.0,0.00032961355425521353,0.0,1.0690249587490803e-07
0.11,0.0,0.003,0.001,0.0,10.0,1000,0,0.0,0.4547404348835957,0.0,0.2044963059902542
0.11,0.0,0.003,0.001,0.0,100.0,1000,0,0.0,0.021076380141214462,0.0,0.00045682953813709913
0.11,0.0,0.003,0.001,0.0,1000.0,1000,0,0.0,0.0003185828599766976,0.0,1.0602704575097662e-07
0.11,0.0,0.003,0.001,0.1,10.0,1000,0,0.0,0.47567010682161803,0.0,0.20909115972783646
0.11,0.0,0.003,0.001,0.1,100.0,1000,0,0.0,0.021206657453236605,0.0,0.00043091918707499236
0.11,0.0,0.003,0.001,0.1,1000.0,1000,0,0.0,0.00032950419387748584,0.0,1.0453023964840112e-07
0.11,0.0,0.003,0.001,0.2,10.0,1000,0,0.0,0.4704678397063819,0.0,0.22801950396977122
0.11,0.0,0.003,0.001,0.2,100.0,1000,0,0.0,0.02127634242584267,0.0,0.0004320268995087714
0.11,0.0,0.003,0.001,0.2,1000.0,1000,0,0.0,0.0003098198731585133,0.0,8.93112437700269e-08
0.11,0.0,0.003,0.001,0.5,10.0,1000,0,0.0,0.4840877168209865,0.0,0.23152804785374562
0.11,0.0,0.003,0.001,0.5,100.0,1000,0,0.0,0.020572616669289265,0.0,0.0004326252473205612
0.11,0.0,0.003,0.001,0.5,1000.0,1000,0,0.0,0.00030536545530586494,0.0,8.944968795753669e-08
0.11,0.0,0.003,0.001,1.0,10.0,1000,0,0.0,0.46661988621733974,0.0,0.20025729425774394
0.11,0.0,0.003,0.001,1.0,100.0,1000,0,0.0,0.020466388837561827,0.0,0.00040738420270104047
0.11,0.0,0.003,0.001,1.0,1000.0,1000,0,0.0,0.00030724884827337573,0.0,8.534490220982445e-08
0.11,0.0,0.003,0.1,-0.5,10.0,1000,0,0.0,0.3147264462927248,0.0,0.09484168995156947
0.11,0.0,0.003,0.1,-0.5,100.0,1000,0,0.0,0.01774205599958156,0.0,0.00028981325262737126
0.11,0.0,0.003,0.1,-0.5,1000.0,1000,0,0.0,0.00030826078476996237,0.0,1.0001980390251051e-07
0.11,0.0,0.003,0.1,-0.2,10.0,1000,0,0.0,0.3163355334923516,0.0,0.10574979310050567
0.11,0.0,0.003,0.1,-0.2,100.0,1000,0,0.0,0.017022962818966675,0.0,0.00028434982100454195
0.11,0.0,0.003,0.1,-0.2,1000.0,1000,0,0.0,0.00031242660065018257,0.0,9.55881116942118e-08
0.11,0.0,0.003,0.1,-0.1,10.0,1000,0,0.0,0.3250847039444383,0.0,0.08975258678467618
0.11,0.0,0.003,0.1,-0.1,100.0,1000,0,0.0,0.01691919915720127,0.0,0.0002892720688218203
0.11,0.0,0.003,0.1,-0.1,1000.0,1000,0,0.0,0.000311709625096089,0.0,8.400272089607473e-08
0.11,0.0,0.003,0.1,0.0,10.0,1000,0,0.0,0.3374651136760008,0.0,0.11322587775171129
0.11,0.0,0.003,0.1,0.0,100.0,1000,0,0.0,0.018151256401438574,0.0,0.00032384740353356674
0.11,0.0,0.003,0.1,0.0,1000.0,1000,0,0.0,0.00028832450753313787,0.0,8.26164345439647e-08
0.11,0.0,0.003,0.1,0.1,10.0,1000,0,0.0,0.3263640312739211,0.0,0.10023370304286484
0.11,0.0,0.003,0.1,0.1,100.0,1000,0,0.0,0.018131130381357077,0.0,0.0003285253912823932
0.11,0.0,0.003,0.1,0.1,1000.0,1000,0,0.0,0.0003099825788203297,0.0,9.917847582297435e-08
0.11,0.0,0.003,0.1,0.2,10.0,1000,0,0.0,0.31317820759014736,0.0,0.10676827293396812
0.11,0.0,0.003,0.1,0.2,100.0,1000,0,0.0,0.018559807296186955,0.0,0.00029571603715040267
0.11,0.0,0.003,0.1,0.2,1000.0,1000,0,0.0,0.00031380505691964045,0.0,1.0672257811027349e-07
0.11,0.0,0.003,0.1,0.5,10.0,1000,0,0.0,0.334100512880876,0.0,0.11310295749201862
0.11,0.0,0.003,0.1,0.5,100.0,1000,0,0.0,0.01676666385615573,0.0,0.00028240319115447997
0.11,0.0,0.003,0.1,0.5,1000.0,1000,0,0.0,0.00029895806623932836,0.0,8.911505129023035e-08
0.11,0.0,0.003,0.1,1.0,10.0,1000,0,0.0,0.3322684186072694,0.0,0.11315089915825781
0.11,0.0,0.003,0.1,1.0,100.0,1000,0,0.0,0.017540365534367774,0.0,0.00027960641681994375
0.11,0.0,0.003,0.1,1.0,1000.0,1000,0,0.0,0.0002895788558326213,0.0,9.04884256515462e-08
0.11,0.0,0.003,1.0,-0.5,10.0,1000,0,0.0,0.08056542884845432,0.0,0.00673410810816147
0.11,0.0,0.003,1.0,-0.5,100.0,1000,0,0.0,0.006741512962043661,0.0,4.460974451714129e-05
0.11,0.0,0.003,1.0,-0.5,1000.0,1000,0,0.0,0.00023413205992783243,0.0,5.4954034970262895e-08
0.11,0.0,0.003,1.0,-0.2,10.0,1000,0,0.0,0.08355991164572821,0.0,0.006467930848286117
0.11,0.0,0.003,1.0,-0.2,100.0,1000,0,0.0,0.006823418177650055,0.0,4.407258965955511e-05
0.11,0.0,0.003,1.0,-0.2,1000.0,1000,0,0.0,0.0002312897703137606,0.0,4.873241589535416e-08
0.11,0.0,0.003,1.0,-0.1,10.0,1000,0,0.0,0.08460671890489425,0.0,0.00677649012924243
0.11,0.0,0.003,1.0,-0.1,100.0,1000,0,0.0,0.006656086029926415,0.0,4.6030357063136265e-05
0.11,0.0,0.003,1.0,-0.1,1000.0,1000,0,0.0,0.00023856261695307768,0.0,5.488826559654416e-08
0.11,0.0,0.003,1.0,0.0,10.0,1000,0,0.0,0.08218182784838031,0.0,0.006666188663901066
0.11,0.0,0.003,1.0,0.0,100.0,1000,0,0.0,0.006647902668186931,0.0,4.2443786594024975e-05
0.11,0.0,0.003,1.0,0.0,1000.0,1000,0,0.0,0.00023415785571867092,0.0,5.118821323637413e-08
0.11,0.0,0.003,1.0,0.1,10.0,1000,0,0.0,0.08093219523294921,0.0,0.006670361125493398
0.11,0.0,0.003,1.0,0.1,100.0,1000,0,0.0,0.007022994143160616,0.0,6.285486146535111e-05
0.11,0.0,0.003,1.0,0.1,1000.0,1000,0,0.0,0.00023324390203231088,0.0,5.416627200750528e-08
0.11,0.0,0.003,1.0,0.2,10.0,1000,0,0.0,0.08419989211243303,0.0,0.006712781165762296
0.11,0.0,0.003,1.0,0.2,100.0,1000,0,0.0,0.006833876027705345,0.0,4.401057143324297e-05
0.11,0.0,0.003,1.0,0.2,1000.0,1000,0,0.0,0.00023427074304930776,0.0,5.546730115838435e-08
0.11,0.0,0.003,1.0,0.5,10.0,1000,0,0.0,0.08496202113330058,0.0,0.006546689911402766
0.11,0.0,0.003,1.0,0.5,100.0,1000,0,0.0,0.006861248690749441,0.0,4.8523617982864476e-05
0.11,0.0,0.003,1.0,0.5,1000.0,1000,0,0.0,0.0002361984177630044,0.0,5.2975881999261876e-08
0.11,0.0,0.003,1.0,1.0,10.0,1000,0,0.0,0.08016382961123411,0.0,0.006718617668563498
0.11,0.0,0.003,1.0,1.0,100.0,1000,0,0.0,0.007247637634327449,0.0,5.4562903157280866e-05
0.11,0.0,0.003,1.0,1.0,1000.0,1000,0,0.0,0.00023464412615808986,0.0,5.19405489289494e-08
0.11,0.0,0.001,1e-05,-0.5,10.0,1000,0,0.0,0.5382519190620176,0.0,0.25928172814675143
0.11,0.0,0.001,1e-05,-0.5,100.0,1000,0,0.0,0.03659513438699165,0.0,0.0013129413954637026
0.11,0.0,0.001,1e-05,-0.5,1000.0,1000,0,0.0,0.0008874895266784662,0.0,8.178705406497418e-07
0.11,0.0,0.001,1e-05,-0.2,10.0,1000,0,0.0,0.535997579857786,0.0,0.29359418656058583
0.11,0.0,0.001,1e-05,-0.2,100.0,1000,0,0.0,0.03717583636455171,0.0,0.001333157288956212
0.11,0.0,0.001,1e-05,-0.2,1000.0,1000,0,0.0,0.0008670510234101755,0.0,7.249055371601383e-07
0.11,0.0,0.001,1e-05,-0.1,10.0,1000,0,0.0,0.5379890817402769,0.0,0.27685373135203917
0.11,0.0,0.001,1e-05,-0.1,100.0,1000,0,0.0,0.037356242781669324,0.0,0.0013818215580814806
0.11,0.0,0.001,1e-05,-0.1,1000.0,1000,0,0.0,0.00083308724193493,0.0,7.533847493384636e-07
0.11,0.0,0.001,1e-05,0.0,10.0,1000,0,0.0,0.5374004044451819,0.0,0.2783868026421336
0.11,0.0,0.001,1e-05,0.0,100.0,1000,0,0.0,0.03375967367573021,0.0,0.0013129210658775134
0.11,0.0,0.001,1e-05,0.0,1000.0,1000,0,0.0,0.000776219504818034,0.0,6.712264619193033e-07
0.11,0.0,0.001,1e-05,0.1,10.0,1000,0,0.0,0.5393855607013416,0.0,0.320721053791323
0.11,0.0,0.001,1e-05,0.1,100.0,1000,0,0.0,0.03709210702356556,0.0,0.0013961874177434738
0.11,0.0,0.001,1e-05,0.1,1000.0,1000,0,0.0,0.0008031529584067344,0.0,6.819228216733701e-07
0.11,0.0,0.001,1e-05,0.2,10.0,1000,0,0.0,0.5145788613499329,0.0,0.24453316403072356
0.11,0.0,0.001,1e-05,0.2,100.0,1000,0,0.0,0.03636439987525349,0.0,0.0013745270491577026
0.11,0.0,0.001,1e-05,0.2,1000.0,1000,0,0.0,0.0008576287888632839,0.0,7.454042089827532e-07
0.11,0.0,0.001,1e-05,0.5,10.0,1000,0,0.0,0.5335752123528186,0.0,0.29380644352048174
0.11,0.0,0.001,1e-05,0.5,100.0,1000,0,0.0,0.03541085880553179,0.0,0.001251645817724374
0.11,0.0,0.001,1e-05,0.5,1000.0,1000,0,0.0,0.0008409263442113261,0.0,7.161583627599546e-07
0.11,0.0,0.001,1e-05,1.0,10.0,1000,0,0.0,0.5484631397321323,0.0,0.2955233868597302
0.11,0.0,0.001,1e-05,1.0,100.0,1000,0,0.0,0.03661240294631184,0.0,0.0012718116475550299
0.11,0.0,0.001,1e-05,1.0,1000.0,1000,0,0.0,0.0008297828952190191,0.0,7.54205361387711e-07
0.11,0.0,0.001,0.001,-0.5,10.0,1000,0,0.0,0.5371029975498942,0.0,0.2676420664389964
0.11,0.0,0.001,0.001,-0.5,100.0,1000,0,0.0,0.03699133236457366,0.0,0.0013724688050662458
0.11,0.0,0.001,0.001,-0.5,1000.0,1000,0,0.0,0.000809016932725125,0.0,6.527611326071454e-07
0.11,0.0,0.001,0.001,-0.2,10.0,1000,0,0.0,0.5410796456350264,0.0,0.29585196432898314
0.11,0.0,0.001,0.001,-0.2,100.0,1000,0,0.0,0.03827728388850527,0.0,0.00150823718724301
0.11,0.0,0.001,0.001,-0.2,1000.0,1000,0,0.0,0.0008407981478915251,0.0,6.929530578189485e-07
0.11,0.0,0.001,0.001,-0.1,10.0,1000,0,0.0,0.5122030027969439,0.0,0.2903550810278931
0.11,0.0,0.001,0.001,-0.1,100.0,1000,0,0.0,0.03609662175289977,0.0,0.0011778712358226646
0.11,0.0,0.001,0.001,-0.1,1000.0,1000,0,0.0,0.0008338913256853835,0.0,6.685230061054354e-07
0.11,0.0,0.001,0.001,0.0,10.0,1000,0,0.0,0.5267009057204107,0.0,0.2770367551313793
0.11,0.0,0.001,0.001,0.0,100.0,1000,0,0.0,0.03610184802071848,0.0,0.0013879718955072534
0.11,0.0,0.001,0.001,0.0,1000.0,1000,0,0.0,0.000863563242026238,0.0,8.153606430067021e-07
0.11,0.0,0.001,0.001,0.1,10.0,1000,0,0.0,0.5365765859342878,0.0,0.3158857014619875
0.11,0.0,0.001,0.001,0.1,100.0,1000,0,0.0,0.03604232117786687,0.0,0.001189677269311535
0.11,0.0,0.001,0.001,0.1,1000.0,1000,0,0.0,0.0008312788841066806,0.0,6.482195501960042e-07
0.11,0.0,0.001,0.001,0.2,10.0,1000,0,0.0,0.54716801341875,0.0,0.31377123123845213
0.11,0.0,0.001,0.001,0.2,100.0,1000,0,0.0,0.03613912113728577,0.0,0.001232801670318266
0.11,0.0,0.001,0.001,0.2,1000.0,1000,0,0.0,0.0008289993948093323,0.0,6.524450722763298e-07
0.11,0.0,0.001,0.001,0.5,10.0,1000,0,0.0,0.5355189242179322,0.0,0.2704790858099122
0.11,0.0,0.001,0.001,0.5,100.0,1000,0,0.0,0.035063898662256544,0.0,0.0013145084741742281
0.11,0.0,0.001,0.001,0.5,1000.0,1000,0,0.0,0.0008776045100590026,0.0,8.417399015103769e-07
0.11,0.0,0.001,0.001,1.0,10.0,1000,0,0.0,0.508066465184252,0.0,0.273999380862318
0.11,0.0,0.001,0.001,1.0,100.0,1000,0,0.0,0.037238680883382745,0.0,0.0014269690034960588
0.11,0.0,0.001,0.001,1.0,1000.0,1000,0,0.0,0.0008261107617922328,0.0,6.671126487517046e-07
0.11,0.0,0.001,0.1,-0.5,10.0,1000,0,0.0,0.33836330995853015,0.0,0.11211259028325385
0.11,0.0,0.001,0.1,-0.5,100.0,1000,0,0.0,0.026766427319698416,0.0,0.0007826609650022574
0.11,0.0,0.001,0.1,-0.5,1000.0,1000,0,0.0,0.000804219979516103,0.0,6.295619216626653e-07
0.11,0.0,0.001,0.1,-0.2,10.0,1000,0,0.0,0.3455152516650487,0.0,0.123200051616184
0.11,0.0,0.001,0.1,-0.2,100.0,1000,0,0.0,0.02639478552373431,0.0,0.0006602761572698055
0.11,0.0,0.001,0.1,-0.2,1000.0,1000,0,0.0,0.0007640720625463267,0.0,5.284837603710763e-07
0.11,0.0,0.001,0.1,-0.1,10.0,1000,0,0.0,0.34107211684380984,0.0,0.12032789578109471
0.11,0.0,0.001,0.1,-0.1,100.0,1000,0,0.0,0.02695372117326945,0.0,0.0007036867054953866
0.11,0.0,0.001,0.1,-0.1,1000.0,1000,0,0.0,0.0007469704361619295,0.0,5.336026648977497e-07
0.11,0.0,0.001,0.1,0.0,10.0,1000,0,0.0,0.3627918864181397,0.0,0.1383320369481439
0.11,0.0,0.001,0.1,0.0,100.0,1000,0,0.0,0.026473083568197314,0.0,0.0007038491357844077
0.11,0.0,0.001,0.1,0.0,1000.0,1000,0,0.0,0.0008181066910081816,0.0,7.089202503770315e-07
0.11,0.0,0.001,0.1,0.1,10.0,1000,0,0.0,0.3479579094615694,0.0,0.121822158300735
0.11,0.0,0.001,0.1,0.1,100.0,1000,0,0.0,0.02651153619660733,0.0,0.0007055015510486836
0.11,0.0,0.001,0.1,0.1,1000.0,1000,0,0.0,0.0008032290231634189,0.0,6.242700368128099e-07
0.11,0.0,0.001,0.1,0.2,10.0,1000,0,0.0,0.3656095324507868,0.0,0.13624100385008617
0.11,0.0,0.001,0.1,0.2,100.0,1000,0,0.0,0.02759790022551419,0.0,0.0007853535525692818
0.11,0.0,0.001,0.1,0.2,1000.0,1000,0,0.0,0.0008335824528386752,0.0,6.068158941035218e-07
0.11,0.0,0.001,0.1,0.5,10.0,1000,0,0.0,0.3524653468132864,0.0,0.12855506742625117
0.11,0.0,0.001,0.1,0.5,100.0,1000,0,0.0,0.02738562440983392,0.0,0.0007573757590944558
0.11,0.0,0.001,0.1,0.5,1000.0,1000,0,0.0,0.0007787556953534495,0.0,5.805999471898104e-07
0.11,0.0,0.001,0.1,1.0,10.0,1000,0,0.0,0.3576323627779931,0.0,0.1276645160616462
0.11,0.0,0.001,0.1,1.0,100.0,1000,0,0.0,0.02729696343032306,0.0,0.0007717017758456005
0.11,0.0,0.001,0.1,1.0,1000.0,1000,0,0.0,0.0007752637019584305,0.0,5.557389598228842e-07
0.11,0.0,0.001,1.0,-0.5,10.0,1000,0,0.0,0.08175347914661563,0.0,0.006234935288015842
0.11,0.0,0.001,1.0,-0.5,100.0,1000,0,0.0,0.0075601127584464505,0.0,5.728929354506546e-05
0.11,0.0,0.001,1.0,-0.5,1000.0,1000,0,0.0,0.0004681302920396742,0.0,1.8943440880210828e-07
0.11,0.0,0.001,1.0,-0.2,10.0,1000,0,0.0,0.08169918614305817,0.0,0.006410755979774596
0.11,0.0,0.001,1.0,-0.2,100.0,1000,0,0.0,0.008480607118859024,0.0,7.514341334076111e-05
0.11,0.0,0.001,1.0,-0.2,1000.0,1000,0,0.0,0.0004298732842021972,0.0,1.8599649261021495e-07
0.11,0.0,0.001,1.0,-0.1,10.0,1000,0,0.0,0.07749965974353923,0.0,0.006387615395852532
0.11,0.0,0.001,1.0,-0.1,100.0,1000,0,0.0,0.008331881841344122,0.0,6.526174184549065e-05
0.11,0.0,0.001,1.0,-0.1,1000.0,1000,0,0.0,0.00044421636727465876,0.0,1.8082174641110655e-07
0.11,0.0,0.001,1.0,0.0,10.0,1000,0,0.0,0.08026131029644394,0.0,0.006441785394222386
0.11,0.0,0.001,1.0,0.0,100.0,1000,0,0.0,0.008013559242058276,0.0,5.932350832481539e-05
0.11,0.0,0.001,1.0,0.0,1000.0,1000,0,0.0,0.00045506489328661013,0.0,1.96864474729807e-07
0.11,0.0,0.001,1.0,0.1,10.0,1000,0,0.0,0.08323347379658708,0.0,0.00622673478907044
0.11,0.0,0.001,1.0,0.1,100.0,1000,0,0.0,0.008261343853513858,0.0,6.939880019500127e-05
0.11,0.0,0.001,1.0,0.1,1000.0,1000,0,0.0,0.0004501634730511678,0.0,2.0485804612705767e-07
0.11,0.0,0.001,1.0,0.2,10.0,1000,0,0.0,0.08277801964270327,0.0,0.006801681113686175
0.11,0.0,0.001,1.0,0.2,100.0,1000,0,0.0,0.007780712517670781,0.0,6.532386098571709e-05
0.11,0.0,0.001,1.0,0.2,1000.0,1000,0,0.0,0.0004481867993476183,0.0,2.115609146313965e-07
0.11,0.0,0.001,1.0,0.5,10.0,1000,0,0.0,0.08482020205594883,0.0,0.007220378097278367
0.11,0.0,0.001,1.0,0.5,100.0,1000,0,0.0,0.007919923843831328,0.0,5.831655745695258e-05
0.11,0.0,0.001,1.0,0.5,1000.0,1000,0,0.0,0.0004653940123192285,0.0,2.3272574012408183e-07
0.11,0.0,0.001,1.0,1.0,10.0,1000,0,0.0,0.08497385831182996,0.0,0.007146888423732315
0.11,0.0,0.001,1.0,1.0,100.0,1000,0,0.0,0.007502343384372299,0.0,5.8601885952464735e-05
0.11,0.0,0.001,1.0,1.0,1000.0,1000,0,0.0,0.0004135366256390268,0.0,1.6796936851609257e-07
0.11,1e-05,0.0003,1e-05,-0.5,10.0,1000,0,0.0,0.0,0.0,0.0
0.11,1e-05,0.0003,1e-05,-0.5,100.0,1000,0,0.0,0.0,0.0,0.0
0.11,1e-05,0.0003,1e-05,-0.5,1000.0,1000,0,0.0,0.0,0.0,0.0
0.11,1e-05,0.0003,1e-05,-0.2,10.0,1000,0,0.0,0.0,0.0,0.0
0.11,1e-05,0.0003,1e-05,-0.2,100.0,1000,0,0.0,0.0,0.0,0.0
0.11,1e-05,0.0003,1e-05,-0.2,1000.0,1000,0,0.0,0.0,0.0,0.0
0.11,1e-05,0.0003,1e-05,-0.1,10.0,1000,0,0.0,0.0,0.0,0.0
0.11,1e-05,0.0003,1e-05,-0.1,100.0,1000,0,0.0,0.0,0.0,0.0
0.11,1e-05,0.0003,1e-05,-0.1,1000.0,1000,0,0.0,0.0,0.0,0.0
0.11,1e-05,0.0003,1e-05,0.0,10.0,1000,0,0.0,0.0,0.0,0.0
0.11,1e-05,0.0003,1e-05,0.0,100.0,1000,0,0.0,0.0,0.0,0.0
0.11,1e-05,0.0003,1e-05,0.0,1000.0,1000,0,0.0,0.0,0.0,0.0
0.11,1e-05,0.0003,1e-05,0.1,10.0,1000,0,0.0,0.0,0.0,0.0
0.11,1e-05,0.0003,1e-05,0.1,100.0,1000,0,0.0,0.0,0.0,0.0
0.11,1e-05,0.0003,1e-05,0.1,1000.0,1000,0,0.0,0.0,0.0,0.0
0.11,1e-05,0.0003,1e-05,0.2,10.0,1000,0,0.0,0.0,0.0,0.0
0.11,1e-05,0.0003,1e-05,0.2,100.0,1000,0,0.0,0.0,0.0,0.0
0.11,1e-05,0.0003,1e-05,0.2,1000.0,1000,0,0.0,0.0,0.0,0.0
0.11,1e-05,0.0003,1e-05,0.5,10.0,1000,0,0.0,0.0,0.0,0.0
0.11,1e-05,0.0003,1e-05,0.5,100.0,1000,0,0.0,0.0,0.0,0.0
0.11,1e-05,0.0003,1e-05,0.5,1000.0,1000,0,0.0,0.0,0.0,0.0
0.11,1e-05,0.0003,1e-05,1.0,10.0,1000,0,0.0,0.0,0.0,0.0
0.11,1e-05,0.0003,1e-05,1.0,100.0,1000,0,0.0,0.0,0.0,0.0
0.11,1e-05,0.0003,1e-05,1.0,1000.0,1000,0,0.0,0.0,0.0,0.0
0.11,1e-05,0.0003,0.001,-0.5,10.0,1000,0,0.0,0.0,0.0,0.0
0.11,1e-05,0.0003,0.001,-0.5,100.0,1000,0,0.0,0.0,0.0,0.0
0.11,1e-05,0.0003,0.001,-0.5,1000.0,1000,0,0.0,0.0,0.0,0.0
0.11,1e-05,0.0003,0.001,-0.2,10.0,1000,0,0.0,0.0,0.0,0.0
0.11,1e-05,0.0003,0.001,-0.2,100.0,1000,0,0.0,0.0,0.0,0.0
0.11,1e-05,0.0003,0.001,-0.2,1000.0,1000,0,0.0,0.0,0.0,0.0
0.11,1e-05,0.0003,0.001,-0.1,10.0,1000,0,0.0,0.0,0.0,0.0
0.11,1e-05,0.0003,0.001,-0.1,100.0,1000,0,0.0,0.0,0.0,0.0
0.11,1e-05,0.0003,0.001,-0.1,1000.0,1000,0,0.0,0.0,0.0,0.0
0.11,1e-05,0.0003,0.001,0.0,10.0,1000,0,0.0,0.0,0.0,0.0
0.11,1e-05,0.0003,0.001,0.0,100.0,1000,0,0.0,0.0,0.0,0.0
0.11,1e-05,0.0003,0.001,0.0,1000.0,1000,0,0.0,0.0,0.0,0.0
0.11,1e-05,0.0003,0.001,0.1,10.0,1000,0,0.0,0.0,0.0,0.0
0.11,1e-05,0.0003,0.001,0.1,100.0,1000,0,0.0,0.0,0.0,0.0
0.11,1e-05,0.0003,0.001,0.1,1000.0,1000,0,0.0,0.0,0.0,0.0
0.11,1e-05,0.0003,0.001,0.2,10.0,1000,0,0.0,0.0,0.0,0.0
0.11,1e-05,0.0003,0.001,0.2,100.0,1000,0,0.0,0.0,0.0,0.0
0.11,1e-05,0.0003,0.001,0.2,1000.0,1000,0,0.0,0.0,0.0,0.0
0.11,1e-05,0.0003,0.001,0.5,10.0,1000,0,0.0,0.0,0.0,0.0
0.11,1e-05,0.0003,0.001,0.5,100.0,1000,0,0.0,0.0,0.0,0.0
0.11,1e-05,0.0003,0.001,0.5,1000.0,1000,0,0.0,0.0,0.0,0.0
0.11,1e-05,0.0003,0.001,1.0,10.0,1000,0,0.0,0.0,0.0,0.0
0.11,1e-05,0.0003,0.001,1.0,100.0,1000,0,0.0,0.0,0.0,0.0
0.11,1e-05,0.0003,0.001,1.0,1000.0,1000,0,0.0,0.0,0.0,0.0
0.11,1e-05,0.0003,0.1,-0.5,10.0,1000,0,0.0,14.081565288055046,0.0,122.07507755440236
0.11,1e-05,0.0003,0.1,-0.5,100.0,1000,0,0.0,10.460499581484443,0.0,27.810888818724226
0.11,1e-05,0.0003,0.1,-0.5,1000.0,1000,0,0.0,62.406774282083994,0.0,1516.690637074681
0.11,1e-05,0.0003,0.1,-0.2,10.0,1000,0,0.0,10.905587172121527,0.0,57.38249839426985
0.11,1e-05,0.0003,0.1,-0.2,100.0,1000,0,0.0,8.853663431920397,0.0,34.76722183891437
0.11,1e-05,0.0003,0.1,-0.2,1000.0,1000,0,0.0,7.211062610034791,0.0,29.59382849283959
0.11,1e-05,0.0003,0.1,-0.1,10.0,1000,0,0.0,11.76555442123939,0.0,58.783263702387075
0.11,1e-05,0.0003,0.1,-0.1,100.0,1000,0,0.0,10.625272167958713,0.0,54.516173856410184
0.11,1e-05,0.0003,0.1,-0.1,1000.0,1000,0,0.0,6.690844791335591,0.0,47.520554588782424
0.11,1e-05,0.0003,0.1,0.0,10.0,1000,0,0.0,9.966615137432953,0.0,59.174324421351756
0.11,1e-05,0.0003,0.1,0.0,100.0,1000,0,0.0,10.421544559564362,0.0,124.19511451396069
0.11,1e-05,0.0003,0.1,0.0,1000.0,1000,0,0.0,11.251148760887704,0.0,149.93107581561995
0.11,1e-05,0.0003,0.1,0.1,10.0,1000,0,0.0,9.16276672335428,0.0,32.41612950582992
0.11,1e-05,0.0003,0.1,0.1,100.0,1000,0,0.0,9.953115321794142,0.0,129.10185051007508
0.11,1e-05,0.0003,0.1,0.1,1000.0,1000,0,0.0,8.65286693338792,0.0,65.95813651379927
0.11,1e-05,0.0003,0.1,0.2,10.0,1000,0,0.0,10.513209967253518,0.0,75.97379372904062
0.11,1e-05,0.0003,0.1,0.2,100.0,1000,0,0.0,8.488854087495401,0.0,51.96573951659006
0.11,1e-05,0.0003,0.1,0.2,1000.0,1000,0,0.0,6.995308507929455,0.0,26.579463693724122
0.11,1e-05,0.0003,0.1,0.5,10.0,1000,0,0.0,9.317651119471568,0.0,64.0582276665849
0.11,1e-05,0.0003,0.1,0.5,100.0,1000,0,0.0,9.026185751333925,0.0,51.12512169082665
0.11,1e-05,0.0003,0.1,0.5,1000.0,1000,0,0.0,10.034304360884928,0.0,84.64647701454784
0.11,1e-05,0.0003,0.1,1.0,10.0,1000,0,0.0,10.300356187537092,0.0,53.747448714121745
0.11,1e-05,0.0003,0.1,1.0,100.0,1000,0,0.0,7.856692931179458,0.0,39.779228746040864
0.11,1e-05,0.0003,0.1,1.0,1000.0,1000,0,0.0,9.224609706809797,0.0,86.58274099306543
0.11,1e-05,0.0003,1.0,-0.5,10.0,1000,0,0.0,1.761000614820517,0.0,1.3885126594025916
0.11,1e-05,0.0003,1.0,-0.5,100.0,1000,0,0.0,3.140276354711367,0.0,103.73392116547632
0.11,1e-05,0.0003,1.0,-0.5,1000.0,1000,0,0.0,1.6851151826263187,0.0,4.478533034533765
0.11,1e-05,0.0003,1.0,-0.2,10.0,1000,0,0.0,1.6614027465503385,0.0,1.473033220291599
0.11,1e-05,0.0003,1.0,-0.2,100.0,1000,0,0.0,2.7790177330566013,0.0,34.67582770093256
0.11,1e-05,0.0003,1.0,-0.2,1000.0,1000,0,0.0,2.316828454121703,0.0,21.96545265237018
0.11,1e-05,0.0003,1.0,-0.1,10.0,1000,0,0.0,1.9109172598112314,0.0,1.6233485089762039
0.11,1e-05,0.0003,1.0,-0.1,100.0,1000,0,0.0,1.8017192553807095,0.0,12.482602683845876
0.11,1e-05,0.0003,1.0,-0.1,1000.0,1000,0,0.0,3.4441917255661614,0.0,110.17350994662262
0.11,1e-05,0.0003,1.0,0.0,10.0,1000,0,0.0,1.7313332324981807,0.0,1.3250836701655309
0.11,1e-05,0.0003,1.0,0.0,100.0,1000,0,0.0,1.652339938202758,0.0,9.255753447955092
0.11,1e-05,0.0003,1.0,0.0,1000.0,1000,0,0.0,2.401888356118559,0.0,54.34577997671318
0.11,1e-05,0.0003,1.0,0.1,10.0,1000,0,0.0,1.6423516048744418,0.0,1.4565197915428958
0.11,1e-05,0.0003,1.0,0.1,100.0,1000,0,0.0,2.1503030501619333,0.0,60.95260016091235
0.11,1e-05,0.0003,1.0,0.1,1000.0,1000,0,0.0,2.2319155163142024,0.0,38.88599907222517
0.11,1e-05,0.0003,1.0,0.2,10.0,1000,0,0.0,1.6460944685314085,0.0,1.9248712493469846
0.11,1e-05,0.0003,1.0,0.2,100.0,1000,0,0.0,2.057460607048009,0.0,56.27825249696545
0.11,1e-05,0.0003,1.0,0.2,1000.0,1000,0,0.0,3.3816985834180566,0.0,107.01835419423753
0.11,1e-05,0.0003,1.0,0.5,10.0,1000,0,0.0,1.557654623765186,0.0,1.6526387924760826
0.11,1e-05,0.0003,1.0,0.5,100.0,1000,0,0.0,1.3440860714808212,0.0,13.790610124886276
0.11,1e-05,0.0003,1.0,0.5,1000.0,1000,0,0.0,3.063905616405802,0.0,348.73447935354756
0.11,1e-05,0.0003,1.0,1.0,10.0,1000,0,0.0,1.309731871570958,0.0,1.4288843951935517
0.11,1e-05,0.0003,1.0,1.0,100.0,1000,0,0.0,1.2658027989562084,0.0,15.767204468980827
0.11,1e-05,0.0003,1.0,1.0,1000.0,998,2,0.7708333333333333,1.570181152716553,0.010850694444444448,20.418785264454264
0.11,1e-05,0.0001,1e-05,-0.5,10.0,1000,0,0.0,0.0,0.0,0.0
0.11,1e-05,0.0001,1e-05,-0.5,100.0,1000,0,0.0,0.0,0.0,0.0
0.11,1e-05,0.0001,1e-05,-0.5,1000.0,1000,0,0.0,0.0,0.0,0.0
0.11,1e-05,0.0001,1e-05,-0.2,10.0,1000,0,0.0,0.0,0.0,0.0
0.11,1e-05,0.0001,1e-05,-0.2,100.0,1000,0,0.0,0.0,0.0,0.0
0.11,1e-05,0.0001,1e-05,-0.2,1000.0,1000,0,0.0,0.0,0.0,0.0
0.11,1e-05,0.0001,1e-05,-0.1,10.0,1000,0,0.0,0.0,0.0,0.0
0.11,1e-05,0.0001,1e-05,-0.1,100.0,1000,0,0.0,0.0,0.0,0.0
0.11,1e-05,0.0001,1e-05,-0.1,1000.0,1000,0,0.0,0.0,0.0,0.0
0.11,1e-05,0.0001,1e-05,0.0,10.0,1000,0,0.0,0.0,0.0,0.0
0.11,1e-05,0.0001,1e-05,0.0,100.0,1000,0,0.0,0.0,0.0,0.0
0.11,1e-05,0.0001,1e-05,0.0,1000.0,1000,0,0.0,0.0,0.0,0.0
0.11,1e-05,0.0001,1e-05,0.1,10.0,1000,0,0.0,0.0,0.0,0.0
0.11,1e-05,0.0001,1e-05,0.1,100.0,1000,0,0.0,0.0,0.0,0.0
0.11,1e-05,0.0001,1e-05,0.1,1000.0,1000,0,0.0,0.0,0.0,0.0
0.11,1e-05,0.0001,1e-05,0.2,10.0,1000,0,0.0,0.0,0.0,0.0
0.11,1e-05,0.0001,1e-05,0.2,100.0,1000,0,0.0,0.0,0.0,0.0
0.11,1e-05,0.0001,1e-05,0.2,1000.0,1000,0,0.0,0.0,0.0,0.0
0.11,1e-05,0.0001,1e-05,0.5,10.0,1000,0,0.0,0.0,0.0,0.0
0.11,1e-05,0.0001,1e-05,0.5,100.0,1000,0,0.0,0.0,0.0,0.0
0.11,1e-05,0.0001,1e-05,0.5,1000.0,1000,0,0.0,0.0,0.0,0.0
0.11,1e-05,0.0001,1e-05,1.0,10.0,1000,0,0.0,0.0,0.0,0.0
0.11,1e-05,0.0001,1e-05,1.0,100.0,1000,0,0.0,0.0,0.0,0.0
0.11,1e-05,0.0001,1e-05,1.0,1000.0,1000,0,0.0,0.0,0.0,0.0
0.11,1e-05,0.0001,0.001,-0.5,10.0,1000,0,0.0,0.0,0.0,0.0
0.11,1e-05,0.0001,0.001,-0.5,100.0,1000,0,0.0,0.0,0.0,0.0
0.11,1e-05,0.0001,0.001,-0.5,1000.0,1000,0,0.0,0.0,0.0,0.0
0.11,1e-05,0.0001,0.001,-0.2,10.0,1000,0,0.0,0.0,0.0,0.0
0.11,1e-05,0.0001,0.001,-0.2,100.0,1000,0,0.0,0.0,0.0,0.0
0.11,1e-05,0.0001,0.001,-0.2,1000.0,1000,0,0.0,0.0,0.0,0.0
0.11,1e-05,0.0001,0.001,-0.1,10.0,1000,0,0.0,0.0,0.0,0.0
0.11,1e-05,0.0001,0.001,-0.1,100.0,1000,0,0.0,0.0,0.0,0.0
0.11,1e-05,0.0001,0.001,-0.1,1000.0,1000,0,0.0,0.0,0.0,0.0
0.11,1e-05,0.0001,0.001,0.0,10.0,1000,0,0.0,0.0,0.0,0.0
0.11,1e-05,0.0001,0.001,0.0,100.0,1000,0,0.0,0.0,0.0,0.0
0.11,1e-05,0.0001,0.001,0.0,1000.0,1000,0,0.0,0.0,0.0,0.0
0.11,1e-05,0.0001,0.001,0.1,10.0,1000,0,0.0,0.0,0.0,0.0
0.11,1e-05,0.0001,0.001,0.1,100.0,1000,0,0.0,0.0,0.0,0.0
0.11,1e-05,0.0001,0.001,0.1,1000.0,1000,0,0.0,0.0,0.0,0.0
0.11,1e-05,0.0001,0.001,0.2,10.0,1000,0,0.0,0.0,0.0,0.0
0.11,1e-05,0.0001,0.001,0.2,100.0,1000,0,0.0,0.0,0.0,0.0
0.11,1e-05,0.0001,0.001,0.2,1000.0,1000,0,0.0,0.0,0.0,0.0
0.11,1e-05,0.0001,0.001,0.5,10.0,1000,0,0.0,0.0,0.0,0.0
0.11,1e-05,0.0001,0.001,0.5,100.0,1000,0,0.0,0.0,0.0,0.0
0.11,1e-05,0.0001,0.001,0.5,1000.0,1000,0,0.0,0.0,0.0,0.0
0.11,1e-05,0.0001,0.001,1.0,10.0,1000,0,0.0,0.0,0.0,0.0
0.11,1e-05,0.0001,0.001,1.0,100.0,1000,0,0.0,0.0,0.0,0.0
0.11,1e-05,0.0001,0.001,1.0,1000.0,1000,0,0.0,0.0,0.0,0.0
0.11,1e-05,0.0001,0.1,-0.5,10.0,1000,0,0.0,0.0,0.0,0.0
0.11,1e-05,0.0001,0.1,-0.5,100.0,1000,0,0.0,0.0,0.0,0.0
0.11,1e-05,0.0001,0.1,-0.5,1000.0,1000,0,0.0,0.0,0.0,0.0
0.11,1e-05,0.0001,0.1,-0.2,10.0,1000,0,0.0,0.0,0.0,0.0
0.11,1e-05,0.0001,0.1,-0.2,100.0,1000,0,0.0,0.0,0.0,0.0
0.11,1e-05,0.0001,0.1,-0.2,1000.0,1000,0,0.0,0.0,0.0,0.0
0.11,1e-05,0.0001,0.1,-0.1,10.0,1000,0,0.0,0.0,0.0,0.0
0.11,1e-05,0.0001,0.1,-0.1,100.0,1000,0,0.0,0.0,0.0,0.0
0.11,1e-05,0.0001,0.1,-0.1,1000.0,1000,0,0.0,0.0,0.0,0.0
0.11,1e-05,0.0001,0.1,0.0,10.0,1000,0,0.0,0.0,0.0,0.0
0.11,1e-05,0.0001,0.1,0.0,100.0,1000,0,0.0,0.0,0.0,0.0
0.11,1e-05,0.0001,0.1,0.0,1000.0,1000,0,0.0,43.280390108482756,0.0,0.0
0.11,1e-05,0.0001,0.1,0.1,10.0,1000,0,0.0,22.84846612982245,0.0,0.0
0.11,1e-05,0.0001,0.1,0.1,100.0,1000,0,0.0,29.0046353818555,0.0,29.97174185166749
0.11,1e-05,0.0001,0.1,0.1,1000.0,1000,0,0.0,14.536185711171992,0.0,0.0
0.11,1e-05,0.0001,0.1,0.2,10.0,1000,0,0.0,0.0,0.0,0.0
0.11,1e-05,0.0001,0.1,0.2,100.0,1000,0,0.0,18.812505559716882,0.0,7.3358470772453135
0.11,1e-05,0.0001,0.1,0.2,1000.0,1000,0,0.0,11.93861181069381,0.0,0.0
0.11,1e-05,0.0001,0.1,0.5,10.0,1000,0,0.0,19.355028782342934,0.0,0.0
0.11,1e-05,0.0001,0.1,0.5,100.0,1000,0,0.0,21.293068530234844,0.0,106.61623337120801
0.11,1e-05,0.0001,0.1,0.5,1000.0,1000,0,0.0,36.13842215775908,0.0,748.0130450313023
0.11,1e-05,0.0001,0.1,1.0,10.0,1000,0,0.0,32.09831093834104,0.0,208.922981019616
0.11,1e-05,0.0001,0.1,1.0,100.0,1000,0,0.0,23.967326720510023,0.0,250.9154631394356
0.11,1e-05,0.0001,0.1,1.0,1000.0,1000,0,0.0,22.546561905393606,0.0,188.8891560452573
0.11,1e-05,0.0001,1.0,-0.5,10.0,1000,0,0.0,6.860479452431853,0.0,0.0
0.11,1e-05,0.0001,1.0,-0.5,100.0,1000,0,0.0,0.0,0.0,0.0
0.11,1e-05,0.0001,1.0,-0.5,1000.0,1000,0,0.0,1.79626583009077,0.0,0.0
0.11,1e-05,0.0001,1.0,-0.2,10.0,1000,0,0.0,5.032274814976588,0.0,1.2199562510048483
0.11,1e-05,0.0001,1.0,-0.2,100.0,1000,0,0.0,4.2683859591570465,0.0,6.443506762809232
0.11,1e-05,0.0001,1.0,-0.2,1000.0,1000,0,0.0,11.42929209421654,0.0,161.38739464183286
0.11,1e-05,0.0001,1.0,-0.1,10.0,1000,0,0.0,6.382874193673801,0.0,11.988276574215288
0.11,1e-05,0.0001,1.0,-0.1,100.0,1000,0,0.0,4.305102819804682,0.0,7.884859025262086
0.11,1e-05,0.0001,1.0,-0.1,1000.0,1000,0,0.0,4.574653340522372,0.0,6.680698326279542
0.11,1e-05,0.0001,1.0,0.0,10.0,1000,0,0.0,8.270325702904003,0.0,27.97209928080728
0.11,1e-05,0.0001,1.0,0.0,100.0,1000,0,0.0,5.386276462587262,0.0,39.34827907151961
0.11,1e-05,0.0001,1.0,0.0,1000.0,1000,0,0.0,6.430024076536489,0.0,73.34710242950965
0.11,1e-05,0.0001,1.0,0.1,10.0,1000,0,0.0,9.01427381386999,0.0,55.26212841157432
0.11,1e-05,0.0001,1.0,0.1,100.0,1000,0,0.0,4.370635970952595,0.0,17.501594232466594
0.11,1e-05,0.0001,1.0,0.1,1000.0,1000,0,0.0,12.573858577884156,0.0,519.8053020904305
0.11,1e-05,0.0001,1.0,0.2,10.0,1000,0,0.0,8.769579071415668,0.0,46.4490170436751
0.11,1e-05,0.0001,1.0,0.2,100.0,1000,0,0.0,4.509768740149333,0.0,10.707718013021124
0.11,1e-05,0.0001,1.0,0.2,1000.0,1000,0,0.0,6.819595607612694,0.0,100.74905412420493
0.11,1e-05,0.0001,1.0,0.5,10.0,1000,0,0.0,9.3177578981381,0.0,81.60280570482443
0.11,1e-05,0.0001,1.0,0.5,100.0,999,1,1.0,3.4876467530395394,0.0,9.633654167417072
0.11,1e-05,0.0001,1.0,0.5,1000.0,996,4,0.314785373608903,4.782329519185733,0.10410574232700859,83.11549756244496
0.11,1e-05,0.0001,1.0,1.0,10.0,983,17,0.7360476065020157,10.240014061961979,0.08061429871266806,144.4657577083778
0.11,1e-05,0.0001,1.0,1.0,100.0,913,87,0.7160610496134703,2.9475398789926297,0.07652589378259896,54.52779524262498
0.11,1e-05,0.0001,1.0,1.0,1000.0,891,109,0.7386163046869583,5.0788684633725225,0.05885092277008402,170.41206475535003
0.11,1e-05,0.003,1e-05,-0.5,10.0,1000,0,0.0,0.49546566547659193,0.0,0.3019945799451212
0.11,1e-05,0.003,1e-05,-0.5,100.0,1000,0,0.0,0.020276892920718725,0.0,0.00042079293740884696
0.11,1e-05,0.003,1e-05,-0.5,1000.0,1000,0,0.0,0.0002939673527080589,0.0,8.748283617652354e-08
0.11,1e-05,0.003,1e-05,-0.2,10.0,1000,0,0.0,0.4802516813774501,0.0,0.26671699242194374
0.11,1e-05,0.003,1e-05,-0.2,100.0,1000,0,0.0,0.019802096561564432,0.0,0.0004172332746688585
0.11,1e-05,0.003,1e-05,-0.2,1000.0,1000,0,0.0,0.0003259266143716708,0.0,1.1563373087834438e-07
0.11,1e-05,0.003,1e-05,-0.1,10.0,1000,0,0.0,0.4833102218035801,0.0,0.19797113384233678
0.11,1e-05,0.003,1e-05,-0.1,100.0,1000,0,0.0,0.020204556580055363,0.0,0.0003908584717564951
0.11,1e-05,0.003,1e-05,-0.1,1000.0,1000,0,0.0,0.00030786177337814504,0.0,9.963678880683763e-08
0.11,1e-05,0.003,1e-05,0.0,10.0,1000,0,0.0,0.4800572066700312,0.0,0.22532110231427172
0.11,1e-05,0.003,1e-05,0.0,100.0,1000,0,0.0,0.020400955248454547,0.0,0.00041581057873002643
0.11,1e-05,0.003,1e-05,0.0,1000.0,1000,0,0.0,0.0003054749171568897,0.0,8.635975471287306e-08
0.11,1e-05,0.003,1e-05,0.1,10.0,1000,0,0.0,0.5047996258575508,0.0,0.25640372106521153
0.11,1e-05,0.003,1e-05,0.1,100.0,1000,0,0.0,0.021437661276420942,0.0,0.000442676283237072
0.11,1e-05,0.003,1e-05,0.1,1000.0,1000,0,0.0,0.0003147343374055482,0.0,9.485501899794878e-08
0.11,1e-05,0.003,1e-05,0.2,10.0,1000,0,0.0,0.48477583843732747,0.0,0.21442281057238555
0.11,1e-05,0.003,1e-05,0.2,100.0,1000,0,0.0,0.02132749025773298,0.0,0.0004816331552604901
0.11,1e-05,0.003,1e-05,0.2,1000.0,1000,0,0.0,0.00856134898700537,0.0,0.06785012589409445
0.11,1e-05,0.003,1e-05,0.5,10.0,1000,0,0.0,0.47233886881478265,0.0,0.2105651059475791
0.11,1e-05,0.003,1e-05,0.5,100.0,1000,0,0.0,0.02107134057339016,0.0,0.0004738355426830123
0.11,1e-05,0.003,1e-05,0.5,1000.0,1000,0,0.0,0.0003187921842943743,0.0,9.991752937491247e-08
0.11,1e-05,0.003,1e-05,1.0,10.0,1000,0,0.0,0.5024039429813061,0.0,0.23925763640649753
0.11,1e-05,0.003,1e-05,1.0,100.0,1000,0,0.0,0.02116380328643671,0.0,0.0004424425698140225
0.11,1e-05,0.003,1e-05,1.0,1000.0,1000,0,0.0,0.00031193448363497423,0.0,1.009150199459226e-07
0.11,1e-05,0.003,0.001,-0.5,10.0,1000,0,0.0,0.4669462386517847,0.0,0.20704858645900412
0.11,1e-05,0.003,0.001,-0.5,100.0,1000,0,0.0,0.021359142293504954,0.0,0.00046713051222707224
0.11,1e-05,0.003,0.001,-0.5,1000.0,1000,0,0.0,0.00033092267396460964,0.0,1.0544791486455442e-07
0.11,1e-05,0.003,0.001,-0.2,10.0,1000,0,0.0,0.4882053472158248,0.0,0.24200762533020745
0.11,1e-05,0.003,0.001,-0.2,100.0,1000,0,0.0,0.0202158925477011,0.0,0.00039941597905191346
0.11,1e-05,0.003,0.001,-0.2,1000.0,1000,0,0.0,0.000314530889545484,0.0,9.419829121755932e-08
0.11,1e-05,0.003,0.001,-0.1,10.0,1000,0,0.0,0.4770788511238383,0.0,0.22009934094005518
0.11,1e-05,0.003,0.001,-0.1,100.0,1000,0,0.0,0.021374311524719535,0.0,0.0004914606328657882
0.11,1e-05,0.003,0.001,-0.1,1000.0,1000,0,0.0,0.00032093526118042955,0.0,9.847103105281464e-08
0.11,1e-05,0.003,0.001,0.0,10.0,1000,0,0.0,0.47728360415487225,0.0,0.23318871417633993
0.11,1e-05,0.003,0.001,0.0,100.0,1000,0,0.0,0.020690268458780643,0.0,0.00044203491369929597
0.11,1e-05,0.003,0.001,0.0,1000.0,1000,0,0.0,0.0003025830067658786,0.0,1.0074006470885773e-07
0.11,1e-05,0.003,0.001,0.1,10.0,1000,0,0.0,0.4925397663683999,0.0,0.2276720955310143
0.11,1e-05,0.003,0.001,0.1,100.0,1000,0,0.0,0.020940930628484462,0.0,0.0004166579690780052
0.11,1e-05,0.003,0.001,0.1,1000.0,1000,0,0.0,0.00029794484844085866,0.0,9.46514554265939e-08
0.11,1e-05,0.003,0.001,0.2,10.0,1000,0,0.0,0.48621496853738194,0.0,0.23224801889329555
0.11,1e-05,0.003,0.001,0.2,100.0,1000,0,0.0,0.021030526992081962,0.0,0.00043525358272539184
0.11,1e-05,0.003,0.001,0.2,1000.0,1000,0,0.0,0.0003112590721290913,0.0,1.0115638890690509e-07
0.11,1e-05,0.003,0.001,0.5,10.0,1000,0,0.0,0.49188250521514953,0.0,0.23590724499838678
0.11,1e-05,0.003,0.001,0.5,100.0,1000,0,0.0,0.02003919579570566,0.0,0.000400631879737811
0.11,1e-05,0.003,0.001,0.5,1000.0,1000,0,0.0,0.00031880533692487447,0.0,9.839539779383344e-08
0.11,1e-05,0.003,0.001,1.0,10.0,1000,0,0.0,0.48302874908407856,0.0,0.23175698927923558
0.11,1e-05,0.003,0.001,1.0,100.0,1000,0,0.0,0.02005854435117321,0.0,0.00040108257867400854
0.11,1e-05,0.003,0.001,1.0,1000.0,1000,0,0.0,0.0003151994459271221,0.0,1.0124513853102096e-07
0.11,1e-05,0.003,0.1,-0.5,10.0,1000,0,0.0,0.3087278875257136,0.0,0.09883640487195533
0.11,1e-05,0.003,0.1,-0.5,100.0,1000,0,0.0,0.017034186076605336,0.0,0.00027446232796137735
0.11,1e-05,0.003,0.1,-0.5,1000.0,1000,0,0.0,0.0002975715835815154,0.0,9.113277357365776e-08
0.11,1e-05,0.003,0.1,-0.2,10.0,1000,0,0.0,0.3142229200928106,0.0,0.11282883096811995
0.11,1e-05,0.003,0.1,-0.2,100.0,1000,0,0.0,0.018382380480243314,0.0,0.0003350408027338538
0.11,1e-05,0.003,0.1,-0.2,1000.0,1000,0,0.0,0.00029292638027494407,0.0,8.182653011212748e-08
0.11,1e-05,0.003,0.1,-0.1,10.0,1000,0,0.0,0.323945267326845,0.0,0.11903670963389386
0.11,1e-05,0.003,0.1,-0.1,100.0,1000,0,0.0,0.01743447712961331,0.0,0.0003049820779310742
0.11,1e-05,0.003,0.1,-0.1,1000.0,1000,0,0.0,0.00032021326338735356,0.0,1.1067660572230912e-07
0.11,1e-05,0.003,0.1,0.0,10.0,1000,0,0.0,0.324123213068406,0.0,0.10296238675931962
0.11,1e-05,0.003,0.1,0.0,100.0,1000,0,0.0,0.018473431915349607,0.0,0.0003413196288450957
0.11,1e-05,0.003,0.1,0.0,1000.0,1000,0,0.0,0.00031904098216632037,0.0,9.91185378180191e-08
0.11,1e-05,0.003,0.1,0.1,10.0,1000,0,0.0,0.36732895023364576,0.0,2.4855641298381506
0.11,1e-05,0.003,0.1,0.1,100.0,1000,0,0.0,0.017012378819993238,0.0,0.0003141907553416491
0.11,1e-05,0.003,0.1,0.1,1000.0,1000,0,0.0,0.00029800662651893126,0.0,8.940540957441459e-08
0.11,1e-05,0.003,0.1,0.2,10.0,1000,0,0.0,0.3272493144275115,0.0,0.11302324000130803
0.11,1e-05,0.003,0.1,0.2,100.0,1000,0,0.0,0.018126832314964536,0.0,0.00029535737809372424
0.11,1e-05,0.003,0.1,0.2,1000.0,1000,0,0.0,0.00030838132538511646,0.0,8.569988165029054e-08
0.11,1e-05,0.003,0.1,0.5,10.0,1000,0,0.0,0.3055665117897024,0.0,0.0906004433371681
0.11,1e-05,0.003,0.1,0.5,100.0,1000,0,0.0,0.017064798067453892,0.0,0.0002892485940158962
0.11,1e-05,0.003,0.1,0.5,1000.0,1000,0,0.0,0.0003008901633470388,0.0,9.268368370514967e-08
0.11,1e-05,0.003,0.1,1.0,10.0,1000,0,0.0,0.32765576789652817,0.0,0.10326510063733349
0.11,1e-05,0.003,0.1,1.0,100.0,1000,0,0.0,0.017873260349768345,0.0,0.0003142954785359111
0.11,1e-05,0.003,0.1,1.0,1000.0,1000,0,0.0,0.0003136479004282683,0.0,9.80237718458854e-08
0.11,1e-05,0.003,1.0,-0.5,10.0,1000,0,0.0,0.12641787668342064,0.0,1.8726779841545063
0.11,1e-05,0.003,1.0,-0.5,100.0,1000,0,0.0,0.007050514381019559,0.0,4.8431592937983215e-05
0.11,1e-05,0.003,1.0,-0.5,1000.0,1000,0,0.0,0.0002450063078600453,0.0,6.622706105510154e-08
0.11,1e-05,0.003,1.0,-0.2,10.0,1000,0,0.0,0.08160446444215354,0.0,0.006277520099555916
0.11,1e-05,0.003,1.0,-0.2,100.0,1000,0,0.0,0.006613123079980612,0.0,4.273574603110342e-05
0.11,1e-05,0.003,1.0,-0.2,1000.0,1000,0,0.0,0.0002484795404976221,0.0,7.019660046955205e-08
0.11,1e-05,0.003,1.0,-0.1,10.0,1000,0,0.0,0.08251457639120635,0.0,0.006867105753416152
0.11,1e-05,0.003,1.0,-0.1,100.0,1000,0,0.0,0.006583096138242919,0.0,4.87169982231425e-05
0.11,1e-05,0.003,1.0,-0.1,1000.0,1000,0,0.0,0.00024211935876719984,0.0,6.297621868476644e-08
0.11,1e-05,0.003,1.0,0.0,10.0,1000,0,0.0,0.08431136352864091,0.0,0.007156802583082383
0.11,1e-05,0.003,1.0,0.0,100.0,1000,0,0.0,0.006604508334183945,0.0,4.75321789984783e-05
0.11,1e-05,0.003,1.0,0.0,1000.0,1000,0,0.0,0.0002465037049546537,0.0,5.83516068213054e-08
0.11,1e-05,0.003,1.0,0.1,10.0,1000,0,0.0,0.08335232100257053,0.0,0.006541391328146223
0.11,1e-05,0.003,1.0,0.1,100.0,1000,0,0.0,0.006690854286769189,0.0,4.323210933612188e-05
0.11,1e-05,0.003,1.0,0.1,1000.0,1000,0,0.0,0.00024060265909819318,0.0,5.821419624817214e-08
0.11,1e-05,0.003,1.0,0.2,10.0,1000,0,0.0,0.08112149031836381,0.0,0.006493134232295028
0.11,1e-05,0.003,1.0,0.2,100.0,1000,0,0.0,0.0066231370974762825,0.0,4.059424289726131e-05
0.11,1e-05,0.003,1.0,0.2,1000.0,1000,0,0.0,0.002898303612007555,0.0,0.006970546952978558
0.11,1e-05,0.003,1.0,0.5,10.0,1000,0,0.0,0.08557174134108575,0.0,0.007366515580357725
0.11,1e-05,0.003,1.0,0.5,100.0,1000,0,0.0,0.006339225138335263,0.0,3.805665415010981e-05
0.11,1e-05,0.003,1.0,0.5,1000.0,1000,0,0.0,0.00023437509076212114,0.0,5.5000180127614646e-08
0.11,1e-05,0.003,1.0,1.0,10.0,1000,0,0.0,0.07979362102223463,0.0,0.006428408784602072
0.11,1e-05,0.003,1.0,1.0,100.0,1000,0,0.0,0.006969949302897611,0.0,4.8212051477254756e-05
0.11,1e-05,0.003,1.0,1.0,1000.0,1000,0,0.0,0.0002532232507427211,0.0,5.576216465576075e-08
0.11,1e-05,0.001,1e-05,-0.5,10.0,1000,0,0.0,0.5519936647235164,0.0,0.32155822107229615
0.11,1e-05,0.001,1e-05,-0.5,100.0,1000,0,0.0,0.035795781533716736,0.0,0.0012086083384771585
0.11,1e-05,0.001,1e-05,-0.5,1000.0,1000,0,0.0,0.0008339206053870887,0.0,7.896491925619998e-07
0.11,1e-05,0.001,1e-05,-0.2,10.0,1000,0,0.0,0.5491442195652027,0.0,0.30172787350905345
0.11,1e-05,0.001,1e-05,-0.2,100.0,1000,0,0.0,0.03805387127563161,0.0,0.0015217753365062555
0.11,1e-05,0.001,1e-05,-0.2,1000.0,1000,0,0.0,0.0008706981296188497,0.0,7.379822698693182e-07
0.11,1e-05,0.001,1e-05,-0.1,10.0,1000,0,0.0,0.5183125700966726,0.0,0.28513649387948264
0.11,1e-05,0.001,1e-05,-0.1,100.0,1000,0,0.0,0.03736710174701111,0.0,0.0013504570489178396
0.11,1e-05,0.001,1e-05,-0.1,1000.0,1000,0,0.0,0.0008946675970249568,0.0,7.936548761456333e-07
0.11,1e-05,0.001,1e-05,0.0,10.0,1000,0,0.0,0.5370460798574266,0.0,0.31091509405902884
0.11,1e-05,0.001,1e-05,0.0,100.0,1000,0,0.0,0.037772847780225736,0.0,0.0014506443470989404
0.11,1e-05,0.001,1e-05,0.0,1000.0,1000,0,0.0,0.0008305780605407884,0.0,7.187754419365132e-07
0.11,1e-05,0.001,1e-05,0.1,10.0,1000,0,0.0,0.5072639283271173,0.0,0.256578184592176
0.11,1e-05,0.001,1e-05,0.1,100.0,1000,0,0.0,0.03672214479860801,0.0,0.0013680997177207813
0.11,1e-05,0.001,1e-05,0.1,1000.0,1000,0,0.0,0.0008508618850470003,0.0,6.743297789883189e-07
0.11,1e-05,0.001,1e-05,0.2,10.0,1000,0,0.0,0.5588560416091668,0.0,0.30427036641517646
0.11,1e-05,0.001,1e-05,0.2,100.0,1000,0,0.0,0.03511937020282255,0.0,0.001211151797391391
0.11,1e-05,0.001,1e-05,0.2,1000.0,1000,0,0.0,0.0008473217451380162,0.0,7.000885106760011e-07
0.11,1e-05,0.001,1e-05,0.5,10.0,1000,0,0.0,0.582693587343625,0.0,0.3366125740394233
0.11,1e-05,0.001,1e-05,0.5,100.0,1000,0,0.0,0.0359742713420402,0.0,0.0013219992642216109
0.11,1e-05,0.001,1e-05,0.5,1000.0,1000,0,0.0,0.0008627104993222752,0.0,7.182544084430086e-07
0.11,1e-05,0.001,1e-05,1.0,10.0,1000,0,0.0,0.5113305518228519,0.0,0.23592561822721278
0.11,1e-05,0.001,1e-05,1.0,100.0,1000,0,0.0,0.03647884787893514,0.0,0.0013061186664947047
0.11,1e-05,0.001,1e-05,1.0,1000.0,1000,0,0.0,0.0008341805794380452,0.0,7.804186395075358e-07
0.11,1e-05,0.001,0.001,-0.5,10.0,1000,0,0.0,0.5213241662811832,0.0,0.2855395012075977
0.11,1e-05,0.001,0.001,-0.5,100.0,1000,0,0.0,0.037367581102946315,0.0,0.00150393405870735
0.11,1e-05,0.001,0.001,-0.5,1000.0,1000,0,0.0,0.0008290304964410894,0.0,6.841561189619162e-07
0.11,1e-05,0.001,0.001,-0.2,10.0,1000,0,0.0,0.5487291204878774,0.0,0.3327624579379854
0.11,1e-05,0.001,0.001,-0.2,100.0,1000,0,0.0,0.03574432190315758,0.0,0.0012167828250223825
0.11,1e-05,0.001,0.001,-0.2,1000.0,1000,0,0.0,0.0008460349490946201,0.0,7.255640995532097e-07
0.11,1e-05,0.001,0.001,-0.1,10.0,1000,0,0.0,0.5575134984362354,0.0,0.32289729956380503
0.11,1e-05,0.001,0.001,-0.1,100.0,1000,0,0.0,0.03641370300536122,0.0,0.0011458686069089168
0.11,1e-05,0.001,0.001,-0.1,1000.0,1000,0,0.0,0.0008709685705298235,0.0,6.77539378293625e-07
0.11,1e-05,0.001,0.001,0.0,10.0,1000,0,0.0,0.5481792905487827,0.0,0.35488481517173226
0.11,1e-05,0.001,0.001,0.0,100.0,1000,0,0.0,0.06178601026307551,0.0,0.6628707999444327
0.11,1e-05,0.001,0.001,0.0,1000.0,1000,0,0.0,0.0009055568296151897,0.0,8.712339518530341e-07
0.11,1e-05,0.001,0.001,0.1,10.0,1000,0,0.0,0.5076537328590964,0.0,0.2554979975082332
0.11,1e-05,0.001,0.001,0.1,100.0,1000,0,0.0,0.03708176969714865,0.0,0.0013597398088048484
0.11,1e-05,0.001,0.001,0.1,1000.0,1000,0,0.0,0.0042316167078792315,0.0,0.011408552952494952
0.11,1e-05,0.001,0.001,0.2,10.0,1000,0,0.0,0.49902569763878646,0.0,0.30506304263350764
0.11,1e-05,0.001,0.001,0.2,100.0,1000,0,0.0,0.03434725989604485,0.0,0.001183600998619743
0.11,1e-05,0.001,0.001,0.2,1000.0,1000,0,0.0,0.000836585351251369,0.0,6.819480326148619e-07
0.11,1e-05,0.001,0.001,0.5,10.0,1000,0,0.0,0.5337839947822699,0.0,0.2978570578490044
0.11,1e-05,0.001,0.001,0.5,100.0,1000,0,0.0,0.036235775187582454,0.0,0.0012748738566224038
0.11,1e-05,0.001,0.001,0.5,1000.0,1000,0,0.0,0.0008315642003511636,0.0,6.749272327736187e-07
0.11,1e-05,0.001,0.001,1.0,10.0,1000,0,0.0,0.522191367090339,0.0,0.2767245147939992
0.11,1e-05,0.001,0.001,1.0,100.0,1000,0,0.0,0.037294825536274064,0.0,0.0016075801511273508
0.11,1e-05,0.001,0.001,1.0,1000.0,1000,0,0.0,0.0008461898141912818,0.0,7.74836898673677e-07
0.11,1e-05,0.001,0.1,-0.5,10.0,1000,0,0.0,0.3790876188435638,0.0,1.7030587066101548
0.11,1e-05,0.001,0.1,-0.5,100.0,1000,0,0.0,0.026006716351873353,0.0,0.0006888967776495783
0.11,1e-05,0.001,0.1,-0.5,1000.0,1000,0,0.0,0.0007959276540915672,0.0,5.969904299395478e-07
0.11,1e-05,0.001,0.1,-0.2,10.0,1000,0,0.0,0.4604929692407209,0.0,11.175438597969887
0.11,1e-05,0.001,0.1,-0.2,100.0,1000,0,0.0,0.027779941928791352,0.0,0.0008579976935675312
0.11,1e-05,0.001,0.1,-0.2,1000.0,1000,0,0.0,0.0007936338948281696,0.0,6.195933745487936e-07
0.11,1e-05,0.001,0.1,-0.1,10.0,1000,0,0.0,0.4003649182517233,0.0,2.6810929849542413
0.11,1e-05,0.001,0.1,-0.1,100.0,1000,0,0.0,0.02859093297740074,0.0,0.0007682673625796141
0.11,1e-05,0.001,0.1,-0.1,1000.0,1000,0,0.0,0.000781215746728796,0.0,5.554775448954431e-07
0.11,1e-05,0.001,0.1,0.0,10.0,1000,0,0.0,0.3475756227564085,0.0,0.12768905875620323
0.11,1e-05,0.001,0.1,0.0,100.0,1000,0,0.0,0.02643721588680099,0.0,0.0006983773944323752
0.11,1e-05,0.001,0.1,0.0,1000.0,1000,0,0.0,0.0008152932252939686,0.0,6.748755391365311e-07
0.11,1e-05,0.001,0.1,0.1,10.0,1000,0,0.0,0.3228871743408113,0.0,0.10946727955723465
0.11,1e-05,0.001,0.1,0.1,100.0,1000,0,0.0,0.025926359926873397,0.0,0.0006078801058599077
0.11,1e-05,0.001,0.1,0.1,1000.0,1000,0,0.0,0.0008038863807034728,0.0,6.269207913861961e-07
0.11,1e-05,0.001,0.1,0.2,10.0,1000,0,0.0,0.3460090504227028,0.0,0.12735472411854903
0.11,1e-05,0.001,0.1,0.2,100.0,1000,0,0.0,0.02650518034096833,0.0,0.0006597755990092341
0.11,1e-05,0.001,0.1,0.2,1000.0,1000,0,0.0,0.0007804269032286766,0.0,6.151464832640041e-07
0.11,1e-05,0.001,0.1,0.5,10.0,1000,0,0.0,0.3389301590451447,0.0,0.12714328780585568
0.11,1e-05,0.001,0.1,0.5,100.0,1000,0,0.0,0.026417177448672745,0.0,0.0007795655164077879
0.11,1e-05,0.001,0.1,0.5,1000.0,1000,0,0.0,0.0007691723403948909,0.0,6.291035868798964e-07
0.11,1e-05,0.001,0.1,1.0,10.0,1000,0,0.0,0.3587193902041653,0.0,0.12446852926343666
0.11,1e-05,0.001,0.1,1.0,100.0,1000,0,0.0,0.027057492050463917,0.0,0.00072806610854991
0.11,1e-05,0.001,0.1,1.0,1000.0,1000,0,0.0,0.0007771745796895383,0.0,6.510697580831985e-07
0.11,1e-05,0.001,1.0,-0.5,10.0,1000,0,0.0,0.0818911625600882,0.0,0.0064250241210333245
0.11,1e-05,0.001,1.0,-0.5,100.0,1000,0,0.0,0.007992299718770053,0.0,6.180851938109671e-05
0.11,1e-05,0.001,1.0,-0.5,1000.0,1000,0,0.0,0.0004960887089662978,0.0,2.3855247160222067e-07
0.11,1e-05,0.001,1.0,-0.2,10.0,1000,0,0.0,0.0860505005406803,0.0,0.00785426128070965
0.11,1e-05,0.001,1.0,-0.2,100.0,1000,0,0.0,0.007665606749305525,0.0,6.243707167553854e-05
0.11,1e-05,0.001,1.0,-0.2,1000.0,1000,0,0.0,0.00045912425371193036,0.0,2.030114222412824e-07
0.11,1e-05,0.001,1.0,-0.1,10.0,1000,0,0.0,0.19027280486437323,0.0,10.537239846084402
0.11,1e-05,0.001,1.0,-0.1,100.0,1000,0,0.0,0.007692903898661238,0.0,5.307523000064821e-05
0.11,1e-05,0.001,1.0,-0.1,1000.0,1000,0,0.0,0.0004630487193967182,0.0,2.39354791299753e-07
0.11,1e-05,0.001,1.0,0.0,10.0,1000,0,0.0,0.08514878750262941,0.0,0.007249304960470603
0.11,1e-05,0.001,1.0,0.0,100.0,1000,0,0.0,0.007952947152992723,0.0,6.021616628637806e-05
0.11,1e-05,0.001,1.0,0.0,1000.0,1000,0,0.0,0.00044730429346430503,0.0,2.0520660216060722e-07
0.11,1e-05,0.001,1.0,0.1,10.0,1000,0,0.0,0.08997903207836853,0.0,0.007643180483514152
0.11,1e-05,0.001,1.0,0.1,100.0,1000,0,0.0,0.008368522200815546,0.0,7.144355462423597e-05
0.11,1e-05,0.001,1.0,0.1,1000.0,1000,0,0.0,0.0004795662626010363,0.0,2.0673825679898364e-07
0.11,1e-05,0.001,1.0,0.2,10.0,1000,0,0.0,0.08349935071289287,0.0,0.0064454018979977845
0.11,1e-05,0.001,1.0,0.2,100.0,1000,0,0.0,0.0074803075307101185,0.0,5.2457309449462687e-05
0.11,1e-05,0.001,1.0,0.2,1000.0,1000,0,0.0,0.00048518998868178896,0.0,2.6431264573179245e-07
0.11,1e-05,0.001,1.0,0.5,10.0,1000,0,0.0,0.08423453820582764,0.0,0.006711298863685248
0.11,1e-05,0.001,1.0,0.5,100.0,1000,0,0.0,0.008094988908309939,0.0,6.657970270689015e-05
0.11,1e-05,0.001,1.0,0.5,1000.0,1000,0,0.0,0.00043422195107065055,0.0,1.6611625715153677e-07
0.11,1e-05,0.001,1.0,1.0,10.0,1000,0,0.0,0.08974161487349448,0.0,0.008004597038419981
0.11,1e-05,0.001,1.0,1.0,100.0,1000,0,0.0,0.011510316327274199,0.0,0.010752440947857747
0.11,1e-05,0.001,1.0,1.0,1000.0,1000,0,0.0,0.0004875703020421461,0.0,2.4241037760559436e-07
0.11,0.0001,0.0003,1e-05,-0.5,10.0,1000,0,0.0,0.0,0.0,0.0
0.11,0.0001,0.0003,1e-05,-0.5,100.0,1000,0,0.0,0.0,0.0,0.0
0.11,0.0001,0.0003,1e-05,-0.5,1000.0,1000,0,0.0,0.0,0.0,0.0
0.11,0.0001,0.0003,1e-05,-0.2,10.0,1000,0,0.0,0.0,0.0,0.0
0.11,0.0001,0.0003,1e-05,-0.2,100.0,1000,0,0.0,0.0,0.0,0.0
0.11,0.0001,0.0003,1e-05,-0.2,1000.0,1000,0,0.0,0.0,0.0,0.0
0.11,0.0001,0.0003,1e-05,-0.1,10.0,1000,0,0.0,0.0,0.0,0.0
0.11,0.0001,0.0003,1e-05,-0.1,100.0,1000,0,0.0,0.0,0.0,0.0
0.11,0.0001,0.0003,1e-05,-0.1,1000.0,1000,0,0.0,16.516433829912,0.0,0.0
0.11,0.0001,0.0003,1e-05,0.0,10.0,1000,0,0.0,0.0,0.0,0.0
0.11,0.0001,0.0003,1e-05,0.0,100.0,1000,0,0.0,0.0,0.0,0.0
0.11,0.0001,0.0003,1e-05,0.0,1000.0,1000,0,0.0,6.1371939302300875,0.0,4.758537536542196
0.11,0.0001,0.0003,1e-05,0.1,10.0,1000,0,0.0,0.0,0.0,0.0
0.11,0.0001,0.0003,1e-05,0.1,100.0,1000,0,0.0,0.0,0.0,0.0
0.11,0.0001,0.0003,1e-05,0.1,1000.0,1000,0,0.0,5.616479023480474,0.0,0.0
0.11,0.0001,0.0003,1e-05,0.2,10.0,1000,0,0.0,0.0,0.0,0.0
0.11,0.0001,0.0003,1e-05,0.2,100.0,1000,0,0.0,0.0,0.0,0.0
0.11,0.0001,0.0003,1e-05,0.2,1000.0,1000,0,0.0,0.0,0.0,0.0
0.11,0.0001,0.0003,1e-05,0.5,10.0,1000,0,0.0,0.0,0.0,0.0
0.11,0.0001,0.0003,1e-05,0.5,100.0,1000,0,0.0,0.0,0.0,0.0
0.11,0.0001,0.0003,1e-05,0.5,1000.0,1000,0,0.0,0.0,0.0,0.0
0.11,0.0001,0.0003,1e-05,1.0,10.0,1000,0,0.0,0.0,0.0,0.0
0.11,0.0001,0.0003,1e-05,1.0,100.0,1000,0,0.0,0.0,0.0,0.0
0.11,0.0001,0.0003,1e-05,1.0,1000.0,1000,0,0.0,2.2616612933784976,0.0,0.0
0.11,0.0001,0.0003,0.001,-0.5,10.0,1000,0,0.0,0.0,0.0,0.0
0.11,0.0001,0.0003,0.001,-0.5,100.0,1000,0,0.0,0.0,0.0,0.0
0.11,0.0001,0.0003,0.001,-0.5,1000.0,1000,0,0.0,5.358844228087445,0.0,0.0
0.11,0.0001,0.0003,0.001,-0.2,10.0,1000,0,0.0,0.0,0.0,0.0
0.11,0.0001,0.0003,0.001,-0.2,100.0,1000,0,0.0,0.0,0.0,0.0
0.11,0.0001,0.0003,0.001,-0.2,1000.0,1000,0,0.0,0.0,0.0,0.0
0.11,0.0001,0.0003,0.001,-0.1,10.0,1000,0,0.0,0.0,0.0,0.0
0.11,0.0001,0.0003,0.001,-0.1,100.0,1000,0,0.0,0.0,0.0,0.0
0.11,0.0001,0.0003,0.001,-0.1,1000.0,1000,0,0.0,4.652097224307038,0.0,0.0
0.11,0.0001,0.0003,0.001,0.0,10.0,1000,0,0.0,0.0,0.0,0.0
0.11,0.0001,0.0003,0.001,0.0,100.0,1000,0,0.0,0.0,0.0,0.0
0.11,0.0001,0.0003,0.001,0.0,1000.0,1000,0,0.0,0.0,0.0,0.0
0.11,0.0001,0.0003,0.001,0.1,10.0,1000,0,0.0,0.0,0.0,0.0
0.11,0.0001,0.0003,0.001,0.1,100.0,1000,0,0.0,0.0,0.0,0.0
0.11,0.0001,0.0003,0.001,0.1,1000.0,1000,0,0.0,1.870838465544629,0.0,0.0
0.11,0.0001,0.0003,0.001,0.2,10.0,1000,0,0.0,0.0,0.0,0.0
0.11,0.0001,0.0003,0.001,0.2,100.0,1000,0,0.0,0.0,0.0,0.0
0.11,0.0001,0.0003,0.001,0.2,1000.0,1000,0,0.0,3.193163452881468,0.0,0.0
0.11,0.0001,0.0003,0.001,0.5,10.0,1000,0,0.0,0.0,0.0,0.0
0.11,0.0001,0.0003,0.001,0.5,100.0,1000,0,0.0,0.0,0.0,0.0
0.11,0.0001,0.0003,0.001,0.5,1000.0,1000,0,0.0,0.0,0.0,0.0
0.11,0.0001,0.0003,0.001,1.0,10.0,1000,0,0.0,0.0,0.0,0.0
0.11,0.0001,0.0003,0.001,1.0,100.0,1000,0,0.0,0.0,0.0,0.0
0.11,0.0001,0.0003,0.001,1.0,1000.0,1000,0,0.0,5.060904228106224,0.0,21.206172245960047
0.11,0.0001,0.0003,0.1,-0.5,10.0,1000,0,0.0,12.647462444821192,0.0,60.246276163730876
0.11,0.0001,0.0003,0.1,-0.5,100.0,1000,0,0.0,8.428917575902803,0.0,25.428086851266606
0.11,0.0001,0.0003,0.1,-0.5,1000.0,1000,0,0.0,22.133379137906086,0.0,1617.151824586236
0.11,0.0001,0.0003,0.1,-0.2,10.0,1000,0,0.0,9.631034228915336,0.0,42.32206166902441
0.11,0.0001,0.0003,0.1,-0.2,100.0,1000,0,0.0,15.733847142303572,0.0,231.081847546659
0.11,0.0001,0.0003,0.1,-0.2,1000.0,1000,0,0.0,16.54336004083762,0.0,196.1925710724753
0.11,0.0001,0.0003,0.1,-0.1,10.0,1000,0,0.0,10.759319483355918,0.0,62.78721170170221
0.11,0.0001,0.0003,0.1,-0.1,100.0,1000,0,0.0,12.25152445710735,0.0,296.0422775705408
0.11,0.0001,0.0003,0.1,-0.1,1000.0,1000,0,0.0,20.78187115203809,0.0,380.5706325527793
0.11,0.0001,0.0003,0.1,0.0,10.0,1000,0,0.0,10.593099345499605,0.0,134.82883874051632
0.11,0.0001,0.0003,0.1,0.0,100.0,1000,0,0.0,15.018123647918832,0.0,575.4988016572796
0.11,0.0001,0.0003,0.1,0.0,1000.0,1000,0,0.0,19.105506016419845,0.0,496.18899594288064
0.11,0.0001,0.0003,0.1,0.1,10.0,1000,0,0.0,11.241762383006504,0.0,97.26288287630265
0.11,0.0001,0.0003,0.1,0.1,100.0,1000,0,0.0,14.532937743632004,0.0,320.9172351296282
0.11,0.0001,0.0003,0.1,0.1,1000.0,1000,0,0.0,18.84231324505403,0.0,529.9434355542386
0.11,0.0001,0.0003,0.1,0.2,10.0,1000,0,0.0,10.239870352843571,0.0,124.92346150601081
0.11,0.0001,0.0003,0.1,0.2,100.0,1000,0,0.0,10.160703570801287,0.0,123.40953035737664
0.11,0.0001,0.0003,0.1,0.2,1000.0,1000,0,0.0,14.988445517632009,0.0,311.19993638151084
0.11,0.0001,0.0003,0.1,0.5,10.0,1000,0,0.0,9.465063662564468,0.0,78.76109177405168
0.11,0.0001,0.0003,0.1,0.5,100.0,1000,0,0.0,14.61215313912155,0.0,378.6413007606795
0.11,0.0001,0.0003,0.1,0.5,1000.0,1000,0,0.0,19.292294686450965,0.0,473.23647446840863
0.11,0.0001,0.0003,0.1,1.0,10.0,1000,0,0.0,10.81749926892573,0.0,71.01242030675273
0.11,0.0001,0.0003,0.1,1.0,100.0,1000,0,0.0,11.9449656215065,0.0,243.95627204568274
0.11,0.0001,0.0003,0.1,1.0,1000.0,1000,0,0.0,18.33053962627994,0.0,683.2823880120044
0.11,0.0001,0.0003,1.0,-0.5,10.0,1000,0,0.0,2.260665458509118,0.0,2.988842395251119
0.11,0.0001,0.0003,1.0,-0.5,100.0,1000,0,0.0,8.072158389756952,0.0,275.35674757884266
0.11,0.0001,0.0003,1.0,-0.5,1000.0,1000,0,0.0,11.576655862351402,0.0,447.35105023847956
0.11,0.0001,0.0003,1.0,-0.2,10.0,1000,0,0.0,4.169686545309942,0.0,116.98920604558354
0.11,0.0001,0.0003,1.0,-0.2,100.0,1000,0,0.0,7.175639127801628,0.0,339.90666207500954
0.11,0.0001,0.0003,1.0,-0.2,1000.0,1000,0,0.0,12.007205051545617,0.0,562.3926779961151
0.11,0.0001,0.0003,1.0,-0.1,10.0,1000,0,0.0,3.5092940813940907,0.0,187.84098411028634
0.11,0.0001,0.0003,1.0,-0.1,100.0,1000,0,0.0,5.6704457828585095,0.0,259.2166596469124
0.11,0.0001,0.0003,1.0,-0.1,1000.0,1000,0,0.0,12.191665680651887,0.0,687.6464860325426
0.11,0.0001,0.0003,1.0,0.0,10.0,1000,0,0.0,2.584220062586901,0.0,88.99099274786202
0.11,0.0001,0.0003,1.0,0.0,100.0,1000,0,0.0,5.940851702493827,0.0,252.0834603631403
0.11,0.0001,0.0003,1.0,0.0,1000.0,1000,0,0.0,11.632912716488944,0.0,520.6897227717322
0.11,0.0001,0.0003,1.0,0.1,10.0,1000,0,0.0,2.6378311862672086,0.0,48.23789002544529
0.11,0.0001,0.0003,1.0,0.1,100.0,1000,0,0.0,6.757213121913656,0.0,485.22903087656067
0.11,0.0001,0.0003,1.0,0.1,1000.0,1000,0,0.0,8.043778108243002,0.0,245.68062031424475
0.11,0.0001,0.0003,1.0,0.2,10.0,1000,0,0.0,2.446789662057998,0.0,32.64408819966693
0.11,0.0001,0.0003,1.0,0.2,100.0,1000,0,0.0,3.5275360650037433,0.0,70.10966594089716
0.11,0.0001,0.0003,1.0,0.2,1000.0,1000,0,0.0,9.734233911859983,0.0,393.7727726023456
0.11,0.0001,0.0003,1.0,0.5,10.0,1000,0,0.0,2.054686701634662,0.0,53.228559349972436
0.11,0.0001,0.0003,1.0,0.5,100.0,1000,0,0.0,5.700179548591284,0.0,357.1105895160549
0.11,0.0001,0.0003,1.0,0.5,1000.0,1000,0,0.0,8.142549215029756,0.0,338.1488233586212
0.11,0.0001,0.0003,1.0,1.0,10.0,998,2,0.8439201451905627,2.3717984528573233,0.0025823366853205344,96.80640864075572
0.11,0.0001,0.0003,1.0,1.0,100.0,991,9,0.7977959453321772,4.564440315435869,0.08824333042261641,399.4915560582903
0.11,0.0001,0.0003,1.0,1.0,1000.0,999,1,0.16666666666666666,6.150338822428493,0.0,223.5898134556733
0.11,0.0001,0.0001,1e-05,-0.5,10.0,1000,0,0.0,0.0,0.0,0.0
0.11,0.0001,0.0001,1e-05,-0.5,100.0,1000,0,0.0,0.0,0.0,0.0
0.11,0.0001,0.0001,1e-05,-0.5,1000.0,1000,0,0.0,0.0,0.0,0.0
0.11,0.0001,0.0001,1e-05,-0.2,10.0,1000,0,0.0,0.0,0.0,0.0
0.11,0.0001,0.0001,1e-05,-0.2,100.0,1000,0,0.0,0.0,0.0,0.0
0.11,0.0001,0.0001,1e-05,-0.2,1000.0,1000,0,0.0,0.0,0.0,0.0
0.11,0.0001,0.0001,1e-05,-0.1,10.0,1000,0,0.0,0.0,0.0,0.0
0.11,0.0001,0.0001,1e-05,-0.1,100.0,1000,0,0.0,0.0,0.0,0.0
0.11,0.0001,0.0001,1e-05,-0.1,1000.0,1000,0,0.0,0.0,0.0,0.0
0.11,0.0001,0.0001,1e-05,0.0,10.0,1000,0,0.0,0.0,0.0,0.0
0.11,0.0001,0.0001,1e-05,0.0,100.0,1000,0,0.0,0.0,0.0,0.0
0.11,0.0001,0.0001,1e-05,0.0,1000.0,1000,0,0.0,0.0,0.0,0.0
0.11,0.0001,0.0001,1e-05,0.1,10.0,1000,0,0.0,0.0,0.0,0.0
0.11,0.0001,0.0001,1e-05,0.1,100.0,1000,0,0.0,0.0,0.0,0.0
0.11,0.0001,0.0001,1e-05,0.1,1000.0,1000,0,0.0,0.0,0.0,0.0
0.11,0.0001,0.0001,1e-05,0.2,10.0,1000,0,0.0,0.0,0.0,0.0
0.11,0.0001,0.0001,1e-05,0.2,100.0,1000,0,0.0,0.0,0.0,0.0
0.11,0.0001,0.0001,1e-05,0.2,1000.0,1000,0,0.0,0.0,0.0,0.0
0.11,0.0001,0.0001,1e-05,0.5,10.0,1000,0,0.0,0.0,0.0,0.0
0.11,0.0001,0.0001,1e-05,0.5,100.0,1000,0,0.0,0.0,0.0,0.0
0.11,0.0001,0.0001,1e-05,0.5,1000.0,1000,0,0.0,0.0,0.0,0.0
0.11,0.0001,0.0001,1e-05,1.0,10.0,1000,0,0.0,0.0,0.0,0.0
0.11,0.0001,0.0001,1e-05,1.0,100.0,1000,0,0.0,0.0,0.0,0.0
0.11,0.0001,0.0001,1e-05,1.0,1000.0,1000,0,0.0,0.0,0.0,0.0
0.11,0.0001,0.0001,0.001,-0.5,10.0,1000,0,0.0,0.0,0.0,0.0
0.11,0.0001,0.0001,0.001,-0.5,100.0,1000,0,0.0,0.0,0.0,0.0
0.11,0.0001,0.0001,0.001,-0.5,1000.0,1000,0,0.0,0.0,0.0,0.0
0.11,0.0001,0.0001,0.001,-0.2,10.0,1000,0,0.0,0.0,0.0,0.0
0.11,0.0001,0.0001,0.001,-0.2,100.0,1000,0,0.0,0.0,0.0,0.0
0.11,0.0001,0.0001,0.001,-0.2,1000.0,1000,0,0.0,0.0,0.0,0.0
0.11,0.0001,0.0001,0.001,-0.1,10.0,1000,0,0.0,0.0,0.0,0.0
0.11,0.0001,0.0001,0.001,-0.1,100.0,1000,0,0.0,0.0,0.0,0.0
0.11,0.0001,0.0001,0.001,-0.1,1000.0,1000,0,0.0,0.0,0.0,0.0
0.11,0.0001,0.0001,0.001,0.0,10.0,1000,0,0.0,0.0,0.0,0.0
0.11,0.0001,0.0001,0.001,0.0,100.0,1000,0,0.0,0.0,0.0,0.0
0.11,0.0001,0.0001,0.001,0.0,1000.0,1000,0,0.0,0.0,0.0,0.0
0.11,0.0001,0.0001,0.001,0.1,10.0,1000,0,0.0,0.0,0.0,0.0
0.11,0.0001,0.0001,0.001,0.1,100.0,1000,0,0.0,0.0,0.0,0.0
0.11,0.0001,0.0001,0.001,0.1,1000.0,1000,0,0.0,0.0,0.0,0.0
0.11,0.0001,0.0001,0.001,0.2,10.0,1000,0,0.0,0.0,0.0,0.0
0.11,0.0001,0.0001,0.001,0.2,100.0,1000,0,0.0,0.0,0.0,0.0
0.11,0.0001,0.0001,0.001,0.2,1000.0,1000,0,0.0,0.0,0.0,0.0
0.11,0.0001,0.0001,0.001,0.5,10.0,1000,0,0.0,0.0,0.0,0.0
0.11,0.0001,0.0001,0.001,0.5,100.0,1000,0,0.0,0.0,0.0,0.0
0.11,0.0001,0.0001,0.001,0.5,1000.0,1000,0,0.0,0.0,0.0,0.0
0.11,0.0001,0.0001,0.001,1.0,10.0,1000,0,0.0,0.0,0.0,0.0
0.11,0.0001,0.0001,0.001,1.0,100.0,1000,0,0.0,0.0,0.0,0.0
0.11,0.0001,0.0001,0.001,1.0,1000.0,1000,0,0.0,0.0,0.0,0.0
0.11,0.0001,0.0001,0.1,-0.5,10.0,1000,0,0.0,0.0,0.0,0.0
0.11,0.0001,0.0001,0.1,-0.5,100.0,1000,0,0.0,0.0,0.0,0.0
0.11,0.0001,0.0001,0.1,-0.5,1000.0,1000,0,0.0,0.0,0.0,0.0
0.11,0.0001,0.0001,0.1,-0.2,10.0,1000,0,0.0,0.0,0.0,0.0
0.11,0.0001,0.0001,0.1,-0.2,100.0,1000,0,0.0,0.0,0.0,0.0
0.11,0.0001,0.0001,0.1,-0.2,1000.0,1000,0,0.0,31.294668529262758,0.0,0.0
0.11,0.0001,0.0001,0.1,-0.1,10.0,1000,0,0.0,0.0,0.0,0.0
0.11,0.0001,0.0001,0.1,-0.1,100.0,1000,0,0.0,6.013102071078551,0.0,0.0
0.11,0.0001,0.0001,0.1,-0.1,1000.0,1000,0,0.0,19.115425757722495,0.0,0.0
0.11,0.0001,0.0001,0.1,0.0,10.0,1000,0,0.0,0.0,0.0,0.0
0.11,0.0001,0.0001,0.1,0.0,100.0,1000,0,0.0,0.0,0.0,0.0
0.11,0.0001,0.0001,0.1,0.0,1000.0,1000,0,0.0,0.0,0.0,0.0
0.11,0.0001,0.0001,0.1,0.1,10.0,1000,0,0.0,0.0,0.0,0.0
0.11,0.0001,0.0001,0.1,0.1,100.0,1000,0,0.0,9.78104131960966,0.0,17.98813425888256
0.11,0.0001,0.0001,0.1,0.1,1000.0,1000,0,0.0,29.134746558837286,0.0,155.69372637630175
0.11,0.0001,0.0001,0.1,0.2,10.0,1000,0,0.0,0.0,0.0,0.0
0.11,0.0001,0.0001,0.1,0.2,100.0,1000,0,0.0,16.026918067020105,0.0,0.0
0.11,0.0001,0.0001,0.1,0.2,1000.0,1000,0,0.0,36.801241161504755,0.0,1125.7012233177052
0.11,0.0001,0.0001,0.1,0.5,10.0,1000,0,0.0,0.0,0.0,0.0
0.11,0.0001,0.0001,0.1,0.5,100.0,1000,0,0.0,22.416319284250523,0.0,183.18850538594438
0.11,0.0001,0.0001,0.1,0.5,1000.0,1000,0,0.0,27.73307421681522,0.0,279.21930533493344
0.11,0.0001,0.0001,0.1,1.0,10.0,1000,0,0.0,23.92668446111413,0.0,29.35226038674004
0.11,0.0001,0.0001,0.1,1.0,100.0,1000,0,0.0,25.029581870523824,0.0,281.13818897445697
0.11,0.0001,0.0001,0.1,1.0,1000.0,1000,0,0.0,32.23862637594485,0.0,567.0869451680704
0.11,0.0001,0.0001,1.0,-0.5,10.0,1000,0,0.0,0.0,0.0,0.0
0.11,0.0001,0.0001,1.0,-0.5,100.0,1000,0,0.0,0.0,0.0,0.0
0.11,0.0001,0.0001,1.0,-0.5,1000.0,1000,0,0.0,0.0,0.0,0.0
0.11,0.0001,0.0001,1.0,-0.2,10.0,1000,0,0.0,6.923826034264298,0.0,22.245722349170943
0.11,0.0001,0.0001,1.0,-0.2,100.0,1000,0,0.0,4.81109679344767,0.0,8.197225027155717
0.11,0.0001,0.0001,1.0,-0.2,1000.0,1000,0,0.0,13.129221486175044,0.0,319.38340190573643
0.11,0.0001,0.0001,1.0,-0.1,10.0,1000,0,0.0,6.297430866018386,0.0,16.527983105260386
0.11,0.0001,0.0001,1.0,-0.1,100.0,1000,0,0.0,9.17902672692283,0.0,192.69232741920837
0.11,0.0001,0.0001,1.0,-0.1,1000.0,1000,0,0.0,19.57412267179556,0.0,757.6693916666088
0.11,0.0001,0.0001,1.0,0.0,10.0,1000,0,0.0,8.198969636076637,0.0,42.484705299064444
0.11,0.0001,0.0001,1.0,0.0,100.0,1000,0,0.0,12.575337777939712,0.0,421.2969689763455
0.11,0.0001,0.0001,1.0,0.0,1000.0,1000,0,0.0,17.96751768194904,0.0,481.01243214910886
0.11,0.0001,0.0001,1.0,0.1,10.0,1000,0,0.0,8.45905781596413,0.0,36.395834537145184
0.11,0.0001,0.0001,1.0,0.1,100.0,1000,0,0.0,10.260242633481752,0.0,268.18398347304003
0.11,0.0001,0.0001,1.0,0.1,1000.0,1000,0,0.0,19.450209156149565,0.0,812.3652513600946
0.11,0.0001,0.0001,1.0,0.2,10.0,1000,0,0.0,11.42842385891837,0.0,101.56587348011502
0.11,0.0001,0.0001,1.0,0.2,100.0,1000,0,0.0,9.918746778510762,0.0,374.1041654905775
0.11,0.0001,0.0001,1.0,0.2,1000.0,1000,0,0.0,20.11090325126742,0.0,648.5060579302638
0.11,0.0001,0.0001,1.0,0.5,10.0,1000,0,0.0,10.16572417257359,0.0,148.4026610721236
0.11,0.0001,0.0001,1.0,0.5,100.0,997,3,0.2868217054263566,9.377777326077403,0.1645333814073673,379.3090899996052
0.11,0.0001,0.0001,1.0,0.5,1000.0,998,2,0.0,13.134252733367534,0.0,359.54577111742316
0.11,0.0001,0.0001,1.0,1.0,10.0,986,14,0.6611866987386747,12.142060278447659,0.12397977677981883,293.87063288787834
0.11,0.0001,0.0001,1.0,1.0,100.0,896,104,0.7073759019494253,5.74682606324465,0.06851287368365713,157.91411318664402
0.11,0.0001,0.0001,1.0,1.0,1000.0,817,183,0.7488715503233584,9.904665074096597,0.05658385081531755,377.0539736714188
0.11,0.0001,0.003,1e-05,-0.5,10.0,1000,0,0.0,0.5423449187077807,0.0,2.064454969344613
0.11,0.0001,0.003,1e-05,-0.5,100.0,1000,0,0.0,0.021844019129301624,0.0,0.0007463152933697019
0.11,0.0001,0.003,1e-05,-0.5,1000.0,1000,0,0.0,0.00030862482672146095,0.0,1.0218159352013912e-07
0.11,0.0001,0.003,1e-05,-0.2,10.0,1000,0,0.0,0.5373298290733352,0.0,0.8046692394134819
0.11,0.0001,0.003,1e-05,-0.2,100.0,1000,0,0.0,0.03426974362578643,0.0,0.1642461598136158
0.11,0.0001,0.003,1e-05,-0.2,1000.0,1000,0,0.0,0.0003212458422495338,0.0,1.1266541865403255e-07
0.11,0.0001,0.003,1e-05,-0.1,10.0,1000,0,0.0,0.4659487817198479,0.0,0.23711827925245715
0.11,0.0001,0.003,1e-05,-0.1,100.0,1000,0,0.0,0.019979351217430625,0.0,0.0004386753805010624
0.11,0.0001,0.003,1e-05,-0.1,1000.0,1000,0,0.0,0.00032492670456795044,0.0,1.0317883473836061e-07
0.11,0.0001,0.003,1e-05,0.0,10.0,1000,0,0.0,0.5790051824961482,0.0,6.405279720619455
0.11,0.0001,0.003,1e-05,0.0,100.0,1000,0,0.0,0.05308929105598685,0.0,1.0633390115614458
0.11,0.0001,0.003,1e-05,0.0,1000.0,1000,0,0.0,0.0003247659127352558,0.0,1.0232230893355225e-07
0.11,0.0001,0.003,1e-05,0.1,10.0,1000,0,0.0,0.5710490789238669,0.0,4.234173050420693
0.11,0.0001,0.003,1e-05,0.1,100.0,1000,0,0.0,0.022478561656051072,0.0,0.0005191019108335031
0.11,0.0001,0.003,1e-05,0.1,1000.0,1000,0,0.0,0.00031185452788976226,0.0,9.781977543291767e-08
0.11,0.0001,0.003,1e-05,0.2,10.0,1000,0,0.0,0.4806328487983467,0.0,0.22859060159220804
0.11,0.0001,0.003,1e-05,0.2,100.0,1000,0,0.0,0.024108300214630684,0.0,0.004024598682533735
0.11,0.0001,0.003,1e-05,0.2,1000.0,1000,0,0.0,0.00033306557518833664,0.0,1.0457187815647364e-07
0.11,0.0001,0.003,1e-05,0.5,10.0,1000,0,0.0,0.4486269188046243,0.0,0.19212823862426237
0.11,0.0001,0.003,1e-05,0.5,100.0,1000,0,0.0,0.022166958499263194,0.0,0.0005151855373593442
0.11,0.0001,0.003,1e-05,0.5,1000.0,1000,0,0.0,0.00029998260272069916,0.0,9.77180099294166e-08
0.11,0.0001,0.003,1e-05,1.0,10.0,1000,0,0.0,0.4485303940725332,0.0,0.21300441127372804
0.11,0.0001,0.003,1e-05,1.0,100.0,1000,0,0.0,0.021384079343889226,0.0,0.00044203240177864966
0.11,0.0001,0.003,1e-05,1.0,1000.0,1000,0,0.0,0.0003152704605958811,0.0,1.0415617985970789e-07
0.11,0.0001,0.003,0.001,-0.5,10.0,1000,0,0.0,0.49162282691791515,0.0,0.761116988781465
0.11,0.0001,0.003,0.001,-0.5,100.0,1000,0,0.0,0.021204981443657032,0.0,0.0004133026061016222
0.11,0.0001,0.003,0.001,-0.5,1000.0,1000,0,0.0,0.00030376824417853286,0.0,1.0132473305048044e-07
0.11,0.0001,0.003,0.001,-0.2,10.0,1000,0,0.0,0.5002626298887577,0.0,0.8126507889758604
0.11,0.0001,0.003,0.001,-0.2,100.0,1000,0,0.0,0.030463980391797107,0.0,0.06959118651367484
0.11,0.0001,0.003,0.001,-0.2,1000.0,1000,0,0.0,0.03524358158106621,0.0,1.2153666911290533
0.11,0.0001,0.003,0.001,-0.1,10.0,1000,0,0.0,0.5412475668933137,0.0,5.188055052358385
0.11,0.0001,0.003,0.001,-0.1,100.0,1000,0,0.0,0.021190039554610417,0.0,0.0004658291224159186
0.11,0.0001,0.003,0.001,-0.1,1000.0,1000,0,0.0,0.00031230936770099707,0.0,1.006851867463543e-07
0.11,0.0001,0.003,0.001,0.0,10.0,1000,0,0.0,0.505388180260333,0.0,0.4207253362440794
0.11,0.0001,0.003,0.001,0.0,100.0,1000,0,0.0,0.021463312813316728,0.0,0.0004652952497733547
0.11,0.0001,0.003,0.001,0.0,1000.0,1000,0,0.0,0.000315991606419513,0.0,1.088509264541388e-07
0.11,0.0001,0.003,0.001,0.1,10.0,1000,0,0.0,0.5318857332984558,0.0,4.182220344623331
0.11,0.0001,0.003,0.001,0.1,100.0,1000,0,0.0,0.10828222400253543,0.0,7.362893919702666
0.11,0.0001,0.003,0.001,0.1,1000.0,1000,0,0.0,0.0003180638402936898,0.0,9.959403548842684e-08
0.11,0.0001,0.003,0.001,0.2,10.0,1000,0,0.0,0.5088854345716711,0.0,0.24795368319564767
0.11,0.0001,0.003,0.001,0.2,100.0,1000,0,0.0,0.024455348966950157,0.0,0.01816473319785157
0.11,0.0001,0.003,0.001,0.2,1000.0,1000,0,0.0,0.0003057518547501863,0.0,1.0766753164882114e-07
0.11,0.0001,0.003,0.001,0.5,10.0,1000,0,0.0,0.5710923586709375,0.0,4.262490730676955
0.11,0.0001,0.003,0.001,0.5,100.0,1000,0,0.0,0.021914470685754407,0.0,0.0005049161412427813
0.11,0.0001,0.003,0.001,0.5,1000.0,1000,0,0.0,0.00032048773662621033,0.0,9.971338862129277e-08
0.11,0.0001,0.003,0.001,1.0,10.0,1000,0,0.0,0.49440509262791504,0.0,0.2606830528453003
0.11,0.0001,0.003,0.001,1.0,100.0,1000,0,0.0,0.021053615440802906,0.0,0.0004232012031437923
0.11,0.0001,0.003,0.001,1.0,1000.0,1000,0,0.0,0.00028877551378369003,0.0,8.294315054013979e-08
0.11,0.0001,0.003,0.1,-0.5,10.0,1000,0,0.0,0.3973649502391063,0.0,1.6642918321924713
0.11,0.0001,0.003,0.1,-0.5,100.0,1000,0,0.0,0.01724576142618124,0.0,0.0002802305778377399
0.11,0.0001,0.003,0.1,-0.5,1000.0,1000,0,0.0,0.00031200734343723866,0.0,9.806366966968879e-08
0.11,0.0001,0.003,0.1,-0.2,10.0,1000,0,0.0,0.3757293381418658,0.0,1.1998924556227533
0.11,0.0001,0.003,0.1,-0.2,100.0,1000,0,0.0,0.017302740808997824,0.0,0.0002989226799370035
0.11,0.0001,0.003,0.1,-0.2,1000.0,1000,0,0.0,0.00030679291626103976,0.0,8.821928413768645e-08
0.11,0.0001,0.003,0.1,-0.1,10.0,1000,0,0.0,0.34253004470417275,0.0,0.2157382776727392
0.11,0.0001,0.003,0.1,-0.1,100.0,1000,0,0.0,0.016848378085504843,0.0,0.00030278719594000413
0.11,0.0001,0.003,0.1,-0.1,1000.0,1000,0,0.0,0.0015469668791295952,0.0,0.0015499167486500314
0.11,0.0001,0.003,0.1,0.0,10.0,1000,0,0.0,0.3178544205567326,0.0,0.10383052222488912
0.11,0.0001,0.003,0.1,0.0,100.0,1000,0,0.0,0.018108588917996094,0.0,0.000348295867880046
0.11,0.0001,0.003,0.1,0.0,1000.0,1000,0,0.0,0.00039203833966181727,0.0,1.2164804275761336e-05
0.11,0.0001,0.003,0.1,0.1,10.0,1000,0,0.0,0.38015034911763307,0.0,0.5688585188283708
0.11,0.0001,0.003,0.1,0.1,100.0,1000,0,0.0,0.018500595328198168,0.0,0.0006821080227154024
0.11,0.0001,0.003,0.1,0.1,1000.0,1000,0,0.0,0.00031147522966368664,0.0,1.0004944000006539e-07
0.11,0.0001,0.003,0.1,0.2,10.0,1000,0,0.0,0.3310132931158182,0.0,0.15181444647938405
0.11,0.0001,0.003,0.1,0.2,100.0,1000,0,0.0,0.016966999797579926,0.0,0.0003002750531189305
0.11,0.0001,0.003,0.1,0.2,1000.0,1000,0,0.0,0.00031910824949964444,0.0,1.0160104900148502e-07
0.11,0.0001,0.003,0.1,0.5,10.0,1000,0,0.0,0.40119414384001084,0.0,2.58265957564951
0.11,0.0001,0.003,0.1,0.5,100.0,1000,0,0.0,0.03908643979400764,0.0,0.46578804597080886
0.11,0.0001,0.003,0.1,0.5,1000.0,1000,0,0.0,0.0003018814710141533,0.0,8.92833905152211e-08
0.11,0.0001,0.003,0.1,1.0,10.0,1000,0,0.0,0.4908387908494695,0.0,11.97652056626299
0.11,0.0001,0.003,0.1,1.0,100.0,1000,0,0.0,0.01699751481318662,0.0,0.00025969420999551375
0.11,0.0001,0.003,0.1,1.0,1000.0,1000,0,0.0,0.00031030368429198576,0.0,9.971340259387504e-08
0.11,0.0001,0.003,1.0,-0.5,10.0,1000,0,0.0,0.08215682091990553,0.0,0.006855466508655679
0.11,0.0001,0.003,1.0,-0.5,100.0,1000,0,0.0,0.008920485937809683,0.0,0.004006898427757927
0.11,0.0001,0.003,1.0,-0.5,1000.0,1000,0,0.0,0.00025577015549651307,0.0,6.127469203477124e-08
0.11,0.0001,0.003,1.0,-0.2,10.0,1000,0,0.0,0.09849071341853485,0.0,0.3571250336395575
0.11,0.0001,0.003,1.0,-0.2,100.0,1000,0,0.0,0.006730395486754897,0.0,4.339182130003858e-05
0.11,0.0001,0.003,1.0,-0.2,1000.0,1000,0,0.0,0.00024612287792638083,0.0,6.602345537596402e-08
0.11,0.0001,0.003,1.0,-0.1,10.0,1000,0,0.0,0.36282080516987303,0.0,31.292658208352304
0.11,0.0001,0.003,1.0,-0.1,100.0,1000,0,0.0,0.007949068757963848,0.0,0.001156638753009845
0.11,0.0001,0.003,1.0,-0.1,1000.0,1000,0,0.0,0.00023701478432046753,0.0,5.638945155716061e-08
0.11,0.0001,0.003,1.0,0.0,10.0,1000,0,0.0,0.1477697904527611,0.0,2.798539279136412
0.11,0.0001,0.003,1.0,0.0,100.0,1000,0,0.0,0.0066982432041069245,0.0,4.46340362799199e-05
0.11,0.0001,0.003,1.0,0.0,1000.0,1000,0,0.0,0.0002475409415374292,0.0,6.468826776968262e-08
0.11,0.0001,0.003,1.0,0.1,10.0,1000,0,0.0,0.12301190443569225,0.0,1.2575898709077968
0.11,0.0001,0.003,1.0,0.1,100.0,1000,0,0.0,0.0067473760414421555,0.0,4.7744093600870336e-05
0.11,0.0001,0.003,1.0,0.1,1000.0,1000,0,0.0,0.0002322378924042747,0.0,5.548390319119569e-08
0.11,0.0001,0.003,1.0,0.2,10.0,1000,0,0.0,0.12994461158294066,0.0,1.1909010713793609
0.11,0.0001,0.003,1.0,0.2,100.0,1000,0,0.0,0.006924467755909103,0.0,5.266144374976325e-05
0.11,0.0001,0.003,1.0,0.2,1000.0,1000,0,0.0,0.004900154615647877,0.0,0.02170475274327364
0.11,0.0001,0.003,1.0,0.5,10.0,1000,0,0.0,0.12221760958528824,0.0,1.4715330816343677
0.11,0.0001,0.003,1.0,0.5,100.0,1000,0,0.0,0.006821698076838721,0.0,4.396744660296688e-05
0.11,0.0001,0.003,1.0,0.5,1000.0,1000,0,0.0,0.00023571222737189568,0.0,4.8611562515202944e-08
0.11,0.0001,0.003,1.0,1.0,10.0,1000,0,0.0,0.1302950969658027,0.0,1.8049673986256203
0.11,0.0001,0.003,1.0,1.0,100.0,1000,0,0.0,0.006879469566904051,0.0,4.4479007231009755e-05
0.11,0.0001,0.003,1.0,1.0,1000.0,1000,0,0.0,0.0002384749943195373,0.0,5.277004195968015e-08
0.11,0.0001,0.001,1e-05,-0.5,10.0,1000,0,0.0,0.5382009389579571,0.0,0.6512865529650768
0.11,0.0001,0.001,1e-05,-0.5,100.0,1000,0,0.0,0.16274880179260423,0.0,8.820404240883478
0.11,0.0001,0.001,1e-05,-0.5,1000.0,1000,0,0.0,0.000920671271931046,0.0,3.0640856452709327e-06
0.11,0.0001,0.001,1e-05,-0.2,10.0,1000,0,0.0,0.829398212214837,0.0,86.73034876368202
0.11,0.0001,0.001,1e-05,-0.2,100.0,1000,0,0.0,0.039155142060831,0.0,0.008696241703559149
0.11,0.0001,0.001,1e-05,-0.2,1000.0,1000,0,0.0,0.0010225503423098555,0.0,2.7056299164038716e-05
0.11,0.0001,0.001,1e-05,-0.1,10.0,1000,0,0.0,0.5975655690279011,0.0,2.1029281306345333
0.11,0.0001,0.001,1e-05,-0.1,100.0,1000,0,0.0,0.03706969794371496,0.0,0.0012764765310748964
0.11,0.0001,0.001,1e-05,-0.1,1000.0,1000,0,0.0,0.0008711793324672883,0.0,7.848323390203735e-07
0.11,0.0001,0.001,1e-05,0.0,10.0,1000,0,0.0,0.6533814677784927,0.0,10.794201018700539
0.11,0.0001,0.001,1e-05,0.0,100.0,1000,0,0.0,0.09225967070636062,0.0,3.060007892500578
0.11,0.0001,0.001,1e-05,0.0,1000.0,1000,0,0.0,0.0008822029439777272,0.0,7.172242429906412e-07
0.11,0.0001,0.001,1e-05,0.1,10.0,1000,0,0.0,0.6198874078726095,0.0,4.671010835848286
0.11,0.0001,0.001,1e-05,0.1,100.0,1000,0,0.0,0.03690491981077855,0.0,0.0012965074819525772
0.11,0.0001,0.001,1e-05,0.1,1000.0,1000,0,0.0,0.0008719782097544227,0.0,7.341788500799612e-07
0.11,0.0001,0.001,1e-05,0.2,10.0,1000,0,0.0,0.6570583309629777,0.0,7.052569276211018
0.11,0.0001,0.001,1e-05,0.2,100.0,1000,0,0.0,0.03606769799189715,0.0,0.0019319620399539624
0.11,0.0001,0.001,1e-05,0.2,1000.0,1000,0,0.0,0.0008422422351372248,0.0,7.918189865885722e-07
0.11,0.0001,0.001,1e-05,0.5,10.0,1000,0,0.0,0.5562431647083858,0.0,1.522283129552903
0.11,0.0001,0.001,1e-05,0.5,100.0,1000,0,0.0,0.06320577096745178,0.0,0.29396444620006607
0.11,0.0001,0.001,1e-05,0.5,1000.0,1000,0,0.0,0.0008664167056634181,0.0,7.021261984875369e-07
0.11,0.0001,0.001,1e-05,1.0,10.0,1000,0,0.0,0.7447391237466735,0.0,17.393333719586966
0.11,0.0001,0.001,1e-05,1.0,100.0,1000,0,0.0,0.07317257871582239,0.0,1.302379261555737
0.11,0.0001,0.001,1e-05,1.0,1000.0,1000,0,0.0,0.0008577517743333273,0.0,7.724053130825215e-07
0.11,0.0001,0.001,0.001,-0.5,10.0,1000,0,0.0,0.7189551492724656,0.0,18.702403464371482
0.11,0.0001,0.001,0.001,-0.5,100.0,1000,0,0.0,0.03723594430561902,0.0,0.0014411976315065462
0.11,0.0001,0.001,0.001,-0.5,1000.0,1000,0,0.0,0.0008413073575677428,0.0,6.735279205990148e-07
0.11,0.0001,0.001,0.001,-0.2,10.0,1000,0,0.0,0.530259490826364,0.0,0.43457420634998817
0.11,0.0001,0.001,0.001,-0.2,100.0,1000,0,0.0,0.14279464537280742,0.0,11.138488584659209
0.11,0.0001,0.001,0.001,-0.2,1000.0,1000,0,0.0,0.0008620166499109342,0.0,6.940238758713358e-07
0.11,0.0001,0.001,0.001,-0.1,10.0,1000,0,0.0,0.5813019042936358,0.0,4.617625743925858
0.11,0.0001,0.001,0.001,-0.1,100.0,1000,0,0.0,0.03684430881777725,0.0,0.0015454988674054992
0.11,0.0001,0.001,0.001,-0.1,1000.0,1000,0,0.0,0.0008613208716087401,0.0,7.320848533489152e-07
0.11,0.0001,0.001,0.001,0.0,10.0,1000,0,0.0,0.5864621832435296,0.0,1.4330838109595414
0.11,0.0001,0.001,0.001,0.0,100.0,1000,0,0.0,0.045999078182131205,0.0,0.1141201861310049
0.11,0.0001,0.001,0.001,0.0,1000.0,1000,0,0.0,0.0013426544561458917,0.0,0.0002201719342151625
0.11,0.0001,0.001,0.001,0.1,10.0,1000,0,0.0,0.65677989640338,0.0,7.163490466110857
0.11,0.0001,0.001,0.001,0.1,100.0,1000,0,0.0,0.19430978908338456,0.0,13.889704103732152
0.11,0.0001,0.001,0.001,0.1,1000.0,1000,0,0.0,0.01645834154639096,0.0,0.2422021749967987
0.11,0.0001,0.001,0.001,0.2,10.0,1000,0,0.0,0.8197546954314759,0.0,71.64078855245359
0.11,0.0001,0.001,0.001,0.2,100.0,1000,0,0.0,0.037324769849194014,0.0,0.001393762817506128
0.11,0.0001,0.001,0.001,0.2,1000.0,1000,0,0.0,0.04114938346321484,0.0,1.140545487733645
0.11,0.0001,0.001,0.001,0.5,10.0,1000,0,0.0,0.5274237818157342,0.0,0.286206650975252
0.11,0.0001,0.001,0.001,0.5,100.0,1000,0,0.0,0.21204236014998534,0.0,15.702033810186864
0.11,0.0001,0.001,0.001,0.5,1000.0,1000,0,0.0,0.0008641705565420696,0.0,6.96171287896188e-07
0.11,0.0001,0.001,0.001,1.0,10.0,1000,0,0.0,0.5304916153648532,0.0,0.30120393122689354
0.11,0.0001,0.001,0.001,1.0,100.0,1000,0,0.0,0.0388473125460793,0.0,0.0015710862764980532
0.11,0.0001,0.001,0.001,1.0,1000.0,1000,0,0.0,0.0008511046358407401,0.0,7.416353254011126e-07
0.11,0.0001,0.001,0.1,-0.5,10.0,1000,0,0.0,0.4125189925041337,0.0,2.7754918339904227
0.11,0.0001,0.001,0.1,-0.5,100.0,1000,0,0.0,0.054031241877850474,0.0,0.732519341231692
0.11,0.0001,0.001,0.1,-0.5,1000.0,1000,0,0.0,0.0007531144938113961,0.0,5.657043903361842e-07
0.11,0.0001,0.001,0.1,-0.2,10.0,1000,0,0.0,0.46027920278909745,0.0,4.700146084791438
0.11,0.0001,0.001,0.1,-0.2,100.0,1000,0,0.0,0.1518216362340541,0.0,8.081601010735941
0.11,0.0001,0.001,0.1,-0.2,1000.0,1000,0,0.0,0.0007568389164933191,0.0,5.53203175255011e-07
0.11,0.0001,0.001,0.1,-0.1,10.0,1000,0,0.0,0.339347943495451,0.0,0.1148993027083443
0.11,0.0001,0.001,0.1,-0.1,100.0,1000,0,0.0,0.04959032944912299,0.0,0.3901964903956381
0.11,0.0001,0.001,0.1,-0.1,1000.0,1000,0,0.0,0.0007821546227779044,0.0,5.78433374098634e-07
0.11,0.0001,0.001,0.1,0.0,10.0,1000,0,0.0,0.5072333613615814,0.0,10.786391271440909
0.11,0.0001,0.001,0.1,0.0,100.0,1000,0,0.0,0.09711104037819908,0.0,2.435471331784988
0.11,0.0001,0.001,0.1,0.0,1000.0,1000,0,0.0,0.001357151696990631,0.0,0.0003604305016055378
0.11,0.0001,0.001,0.1,0.1,10.0,1000,0,0.0,0.35623706116766135,0.0,0.31777885907113745
0.11,0.0001,0.001,0.1,0.1,100.0,1000,0,0.0,0.11832315501890925,0.0,4.336583689978059
0.11,0.0001,0.001,0.1,0.1,1000.0,1000,0,0.0,0.0023020254578744147,0.0,0.002264790333208877
0.11,0.0001,0.001,0.1,0.2,10.0,1000,0,0.0,0.4157602329221905,0.0,1.9857939364670818
0.11,0.0001,0.001,0.1,0.2,100.0,1000,0,0.0,0.0670966629966479,0.0,0.8644539856288072
0.11,0.0001,0.001,0.1,0.2,1000.0,1000,0,0.0,0.0007922110906808124,0.0,6.231143305197936e-07
0.11,0.0001,0.001,0.1,0.5,10.0,1000,0,0.0,0.3614786773166402,0.0,0.13748354995337647
0.11,0.0001,0.001,0.1,0.5,100.0,1000,0,0.0,0.059239891734613366,0.0,0.510795034855984
0.11,0.0001,0.001,0.1,0.5,1000.0,1000,0,0.0,0.000734969210162043,0.0,5.416027366675494e-07
0.11,0.0001,0.001,0.1,1.0,10.0,1000,0,0.0,0.4590026508654659,0.0,3.5365918358948316
0.11,0.0001,0.001,0.1,1.0,100.0,1000,0,0.0,0.04677037000598035,0.0,0.4297176952663358
0.11,0.0001,0.001,0.1,1.0,1000.0,1000,0,0.0,0.0032657594513475384,0.0,0.006175672294841111
0.11,0.0001,0.001,1.0,-0.5,10.0,1000,0,0.0,0.17889633801334595,0.0,4.201873869504584
0.11,0.0001,0.001,1.0,-0.5,100.0,1000,0,0.0,0.00735093794555118,0.0,5.6483674978585775e-05
0.11,0.0001,0.001,1.0,-0.5,1000.0,1000,0,0.0,0.00045055477760184027,0.0,1.8319509191365162e-07
0.11,0.0001,0.001,1.0,-0.2,10.0,1000,0,0.0,0.26148696870337507,0.0,14.232235033285555
0.11,0.0001,0.001,1.0,-0.2,100.0,1000,0,0.0,0.008175854054416657,0.0,6.960904226548646e-05
0.11,0.0001,0.001,1.0,-0.2,1000.0,1000,0,0.0,0.000454600326134989,0.0,2.0178925062103033e-07
0.11,0.0001,0.001,1.0,-0.1,10.0,1000,0,0.0,0.1961714290974055,0.0,6.3047571505002145
0.11,0.0001,0.001,1.0,-0.1,100.0,1000,0,0.0,0.15816831476669438,0.0,14.45480169055378
0.11,0.0001,0.001,1.0,-0.1,1000.0,1000,0,0.0,0.00047072236544734456,0.0,2.2811004558205785e-07
0.11,0.0001,0.001,1.0,0.0,10.0,1000,0,0.0,0.12933283989771355,0.0,0.8564551902302358
0.11,0.0001,0.001,1.0,0.0,100.0,1000,0,0.0,0.04115575422187627,0.0,0.7541236782416129
0.11,0.0001,0.001,1.0,0.0,1000.0,1000,0,0.0,0.000450686745916441,0.0,2.0277065938407562e-07
0.11,0.0001,0.001,1.0,0.1,10.0,1000,0,0.0,0.12903131188644837,0.0,2.242829921602894
0.11,0.0001,0.001,1.0,0.1,100.0,1000,0,0.0,0.09932733942880738,0.0,5.27217381896078
0.11,0.0001,0.001,1.0,0.1,1000.0,1000,0,0.0,0.0004517754903870482,0.0,2.141957529365749e-07
0.11,0.0001,0.001,1.0,0.2,10.0,1000,0,0.0,0.30232876727243335,0.0,13.698345671336224
0.11,0.0001,0.001,1.0,0.2,100.0,1000,0,0.0,0.044390559442734304,0.0,0.40260239429754674
0.11,0.0001,0.001,1.0,0.2,1000.0,1000,0,0.0,0.00043853256476040304,0.0,1.8771032716575842e-07
0.11,0.0001,0.001,1.0,0.5,10.0,1000,0,0.0,0.10596718433312131,0.0,0.3803230630342952
0.11,0.0001,0.001,1.0,0.5,100.0,1000,0,0.0,0.007626780035005045,0.0,5.303856557283541e-05
0.11,0.0001,0.001,1.0,0.5,1000.0,1000,0,0.0,0.0004619555118156218,0.0,2.222752789756936e-07
0.11,0.0001,0.001,1.0,1.0,10.0,1000,0,0.0,0.17585592844617645,0.0,2.717754213885812
0.11,0.0001,0.001,1.0,1.0,100.0,1000,0,0.0,0.007863870982618162,0.0,5.852650220236139e-05
0.11,0.0001,0.001,1.0,1.0,1000.0,1000,0,0.0,0.0004650580935634157,0.0,2.1799692242796287e-07
0.11,0.001,0.0003,1e-05,-0.5,10.0,1000,0,0.0,0.0,0.0,0.0
0.11,0.001,0.0003,1e-05,-0.5,100.0,1000,0,0.0,11.322366724625768,0.0,74.45158007968105
0.11,0.001,0.0003,1e-05,-0.5,1000.0,1000,0,0.0,6.506648692260091,0.0,54.97751162480931
0.11,0.001,0.0003,1e-05,-0.2,10.0,1000,0,0.0,0.0,0.0,0.0
0.11,0.001,0.0003,1e-05,-0.2,100.0,1000,0,0.0,12.126647135980772,0.0,52.239696552699655
0.11,0.001,0.0003,1e-05,-0.2,1000.0,1000,0,0.0,6.700079027854918,0.0,52.55172317423651
0.11,0.001,0.0003,1e-05,-0.1,10.0,1000,0,0.0,3.704233112804136,0.0,0.0
0.11,0.001,0.0003,1e-05,-0.1,100.0,1000,0,0.0,13.427547134745474,0.0,406.53009547450625
0.11,0.001,0.0003,1e-05,-0.1,1000.0,1000,0,0.0,6.644467565064608,0.0,59.011982447623545
0.11,0.001,0.0003,1e-05,0.0,10.0,1000,0,0.0,0.0,0.0,0.0
0.11,0.001,0.0003,1e-05,0.0,100.0,1000,0,0.0,14.177432751713452,0.0,98.26816119293383
0.11,0.001,0.0003,1e-05,0.0,1000.0,1000,0,0.0,6.227387316729514,0.0,40.398680789651806
0.11,0.001,0.0003,1e-05,0.1,10.0,1000,0,0.0,0.0,0.0,0.0
0.11,0.001,0.0003,1e-05,0.1,100.0,1000,0,0.0,13.420390106325318,0.0,84.35001050135563
0.11,0.001,0.0003,1e-05,0.1,1000.0,1000,0,0.0,6.838217458561164,0.0,54.573971090962665
0.11,0.001,0.0003,1e-05,0.2,10.0,1000,0,0.0,0.0,0.0,0.0
0.11,0.001,0.0003,1e-05,0.2,100.0,1000,0,0.0,11.816977818815456,0.0,41.288510093961825
0.11,0.001,0.0003,1e-05,0.2,1000.0,1000,0,0.0,5.996900801585587,0.0,40.036352821609604
0.11,0.001,0.0003,1e-05,0.5,10.0,1000,0,0.0,0.0,0.0,0.0
0.11,0.001,0.0003,1e-05,0.5,100.0,1000,0,0.0,11.663795583579027,0.0,59.60694362878194
0.11,0.001,0.0003,1e-05,0.5,1000.0,1000,0,0.0,6.260982491141864,0.0,59.95498730924295
0.11,0.001,0.0003,1e-05,1.0,10.0,1000,0,0.0,0.0,0.0,0.0
0.11,0.001,0.0003,1e-05,1.0,100.0,1000,0,0.0,9.05026684823595,0.0,29.596026946700174
0.11,0.001,0.0003,1e-05,1.0,1000.0,1000,0,0.0,6.38669871325911,0.0,48.098480833917286
0.11,0.001,0.0003,0.001,-0.5,10.0,1000,0,0.0,0.0,0.0,0.0
0.11,0.001,0.0003,0.001,-0.5,100.0,1000,0,0.0,15.0294046811736,0.0,112.56047167210016
0.11,0.001,0.0003,0.001,-0.5,1000.0,1000,0,0.0,6.398171623359245,0.0,54.889537865206215
0.11,0.001,0.0003,0.001,-0.2,10.0,1000,0,0.0,0.0,0.0,0.0
0.11,0.001,0.0003,0.001,-0.2,100.0,1000,0,0.0,8.36663985105519,0.0,18.92020357863236
0.11,0.001,0.0003,0.001,-0.2,1000.0,1000,0,0.0,7.075754214646668,0.0,70.09708921166164
0.11,0.001,0.0003,0.001,-0.1,10.0,1000,0,0.0,0.0,0.0,0.0
0.11,0.001,0.0003,0.001,-0.1,100.0,1000,0,0.0,14.555678492128278,0.0,167.86593882144194
0.11,0.001,0.0003,0.001,-0.1,1000.0,1000,0,0.0,6.505297597806314,0.0,44.05348252097498
0.11,0.001,0.0003,0.001,0.0,10.0,1000,0,0.0,40.75491199730862,0.0,0.0
0.11,0.001,0.0003,0.001,0.0,100.0,1000,0,0.0,14.393835964921134,0.0,94.05801621949317
0.11,0.001,0.0003,0.001,0.0,1000.0,1000,0,0.0,6.93848281720258,0.0,70.9777962422167
0.11,0.001,0.0003,0.001,0.1,10.0,1000,0,0.0,0.0,0.0,0.0
0.11,0.001,0.0003,0.001,0.1,100.0,1000,0,0.0,12.140369016209162,0.0,70.64694772151036
0.11,0.001,0.0003,0.001,0.1,1000.0,1000,0,0.0,6.448144451858335,0.0,41.74804793244032
0.11,0.001,0.0003,0.001,0.2,10.0,1000,0,0.0,0.0,0.0,0.0
0.11,0.001,0.0003,0.001,0.2,100.0,1000,0,0.0,8.962537972721128,0.0,19.934788956906253
0.11,0.001,0.0003,0.001,0.2,1000.0,1000,0,0.0,6.552179187865662,0.0,89.04138385091743
0.11,0.001,0.0003,0.001,0.5,10.0,1000,0,0.0,21.050885719757783,0.0,0.0
0.11,0.001,0.0003,0.001,0.5,100.0,1000,0,0.0,12.986473360900584,0.0,93.50970030403641
0.11,0.001,0.0003,0.001,0.5,1000.0,1000,0,0.0,6.254530338037181,0.0,51.592529123991724
0.11,0.001,0.0003,0.001,1.0,10.0,1000,0,0.0,0.0,0.0,0.0
0.11,0.001,0.0003,0.001,1.0,100.0,1000,0,0.0,15.8230398095149,0.0,210.53251051884914
0.11,0.001,0.0003,0.001,1.0,1000.0,1000,0,0.0,6.241672851089206,0.0,49.60995267995366
0.11,0.001,0.0003,0.1,-0.5,10.0,1000,0,0.0,13.527315177408791,0.0,159.14531271110144
0.11,0.001,0.0003,0.1,-0.5,100.0,1000,0,0.0,15.18966793560752,0.0,349.8723250728915
0.11,0.001,0.0003,0.1,-0.5,1000.0,1000,0,0.0,8.040355349598338,0.0,100.1240156585932
0.11,0.001,0.0003,0.1,-0.2,10.0,1000,0,0.0,15.4667326051097,0.0,404.99839971561073
0.11,0.001,0.0003,0.1,-0.2,100.0,1000,0,0.0,25.035213127912893,0.0,818.6740356729392
0.11,0.001,0.0003,0.1,-0.2,1000.0,1000,0,0.0,10.275725033580303,0.0,252.03975140556474
0.11,0.001,0.0003,0.1,-0.1,10.0,1000,0,0.0,10.43114676183772,0.0,67.7776975889648
0.11,0.001,0.0003,0.1,-0.1,100.0,1000,0,0.0,22.347526245463584,0.0,663.4022039121138
0.11,0.001,0.0003,0.1,-0.1,1000.0,1000,0,0.0,10.099777415366393,0.0,223.7897061833353
0.11,0.001,0.0003,0.1,0.0,10.0,1000,0,0.0,18.012205780105532,0.0,465.3049868065712
0.11,0.001,0.0003,0.1,0.0,100.0,1000,0,0.0,20.57291664213258,0.0,502.4215583570428
0.11,0.001,0.0003,0.1,0.0,1000.0,1000,0,0.0,11.09758814150327,0.0,268.5428708288861
0.11,0.001,0.0003,0.1,0.1,10.0,1000,0,0.0,14.61445329149894,0.0,268.4799690681872
0.11,0.001,0.0003,0.1,0.1,100.0,1000,0,0.0,22.006732392745498,0.0,537.707289086333
0.11,0.001,0.0003,0.1,0.1,1000.0,1000,0,0.0,11.101221907344398,0.0,327.9495538209677
0.11,0.001,0.0003,0.1,0.2,10.0,1000,0,0.0,17.911908067076755,0.0,377.0805860161257
0.11,0.001,0.0003,0.1,0.2,100.0,1000,0,0.0,22.576067654355686,0.0,823.7512445954258
0.11,0.001,0.0003,0.1,0.2,1000.0,1000,0,0.0,11.042485953990463,0.0,276.42899639268416
0.11,0.001,0.0003,0.1,0.5,10.0,1000,0,0.0,13.226862959751902,0.0,245.57633241768505
0.11,0.001,0.0003,0.1,0.5,100.0,1000,0,0.0,21.60046612063728,0.0,599.05699805956
0.11,0.001,0.0003,0.1,0.5,1000.0,1000,0,0.0,11.59917247593291,0.0,330.17337807221605
0.11,0.001,0.0003,0.1,1.0,10.0,1000,0,0.0,14.850544020339765,0.0,406.1834294306921
0.11,0.001,0.0003,0.1,1.0,100.0,1000,0,0.0,17.399405358009627,0.0,358.65979881319413
0.11,0.001,0.0003,0.1,1.0,1000.0,1000,0,0.0,10.181222454131966,0.0,246.57241650619912
0.11,0.001,0.0003,1.0,-0.5,10.0,1000,0,0.0,7.209569501669766,0.0,278.91696038294214
0.11,0.001,0.0003,1.0,-0.5,100.0,1000,0,0.0,20.634568452591274,0.0,722.5034198391644
0.11,0.001,0.0003,1.0,-0.5,1000.0,1000,0,0.0,12.284370314225582,0.0,468.81381090592447
0.11,0.001,0.0003,1.0,-0.2,10.0,1000,0,0.0,9.78995688078869,0.0,534.364135845072
0.11,0.001,0.0003,1.0,-0.2,100.0,1000,0,0.0,17.86327888420875,0.0,718.7868798150877
0.11,0.001,0.0003,1.0,-0.2,1000.0,1000,0,0.0,10.958702349528073,0.0,556.43132146409
0.11,0.001,0.0003,1.0,-0.1,10.0,1000,0,0.0,8.623017968803786,0.0,526.0175548868576
0.11,0.001,0.0003,1.0,-0.1,100.0,1000,0,0.0,16.949131917414668,0.0,678.8518476450458
0.11,0.001,0.0003,1.0,-0.1,1000.0,1000,0,0.0,9.70175127075832,0.0,258.36398289879577
0.11,0.001,0.0003,1.0,0.0,10.0,1000,0,0.0,8.746574413849876,0.0,581.9992353922678
0.11,0.001,0.0003,1.0,0.0,100.0,1000,0,0.0,14.95439980702479,0.0,626.8031407432638
0.11,0.001,0.0003,1.0,0.0,1000.0,1000,0,0.0,8.36149986816073,0.0,208.53466722228669
0.11,0.001,0.0003,1.0,0.1,10.0,1000,0,0.0,7.393038895932241,0.0,369.54757203805474
0.11,0.001,0.0003,1.0,0.1,100.0,1000,0,0.0,14.528363015034532,0.0,570.069503382333
0.11,0.001,0.0003,1.0,0.1,1000.0,1000,0,0.0,8.684184794667617,0.0,249.4802443339419
0.11,0.001,0.0003,1.0,0.2,10.0,1000,0,0.0,5.811963189867305,0.0,159.45586887433333
0.11,0.001,0.0003,1.0,0.2,100.0,1000,0,0.0,15.257388208879105,0.0,587.3784527973093
0.11,0.001,0.0003,1.0,0.2,1000.0,1000,0,0.0,7.551256191650401,0.0,231.64124575846773
0.11,0.001,0.0003,1.0,0.5,10.0,1000,0,0.0,6.923535873327779,0.0,310.0360620845823
0.11,0.001,0.0003,1.0,0.5,100.0,1000,0,0.0,13.43532593361949,0.0,646.8100432234339
0.11,0.001,0.0003,1.0,0.5,1000.0,1000,0,0.0,5.238908119128309,0.0,160.38183708375757
0.11,0.001,0.0003,1.0,1.0,10.0,1000,0,0.0,4.961080455697141,0.0,178.26009527884935
0.11,0.001,0.0003,1.0,1.0,100.0,992,8,0.6122602887308769,9.630076251275504,0.13297195255872393,305.4325337413734
0.11,0.001,0.0003,1.0,1.0,1000.0,989,11,0.7004724740018857,3.408391530541877,0.12126253004771055,55.326740395183435
0.11,0.001,0.0001,1e-05,-0.5,10.0,1000,0,0.0,0.0,0.0,0.0
0.11,0.001,0.0001,1e-05,-0.5,100.0,1000,0,0.0,0.0,0.0,0.0
0.11,0.001,0.0001,1e-05,-0.5,1000.0,1000,0,0.0,10.225906399693839,0.0,32.13406737622193
0.11,0.001,0.0001,1e-05,-0.2,10.0,1000,0,0.0,0.0,0.0,0.0
0.11,0.001,0.0001,1e-05,-0.2,100.0,1000,0,0.0,0.0,0.0,0.0
0.11,0.001,0.0001,1e-05,-0.2,1000.0,1000,0,0.0,12.220512701182306,0.0,40.654472423135466
0.11,0.001,0.0001,1e-05,-0.1,10.0,1000,0,0.0,0.0,0.0,0.0
0.11,0.001,0.0001,1e-05,-0.1,100.0,1000,0,0.0,0.0,0.0,0.0
0.11,0.001,0.0001,1e-05,-0.1,1000.0,1000,0,0.0,10.363675360815074,0.0,27.18849737218003
0.11,0.001,0.0001,1e-05,0.0,10.0,1000,0,0.0,0.0,0.0,0.0
0.11,0.001,0.0001,1e-05,0.0,100.0,1000,0,0.0,0.0,0.0,0.0
0.11,0.001,0.0001,1e-05,0.0,1000.0,1000,0,0.0,10.881676880653743,0.0,16.10866006338284
0.11,0.001,0.0001,1e-05,0.1,10.0,1000,0,0.0,0.0,0.0,0.0
0.11,0.001,0.0001,1e-05,0.1,100.0,1000,0,0.0,0.0,0.0,0.0
0.11,0.001,0.0001,1e-05,0.1,1000.0,1000,0,0.0,7.098190986073778,0.0,14.606397228005255
0.11,0.001,0.0001,1e-05,0.2,10.0,1000,0,0.0,0.0,0.0,0.0
0.11,0.001,0.0001,1e-05,0.2,100.0,1000,0,0.0,0.0,0.0,0.0
0.11,0.001,0.0001,1e-05,0.2,1000.0,1000,0,0.0,10.991890742892569,0.0,54.29332774941155
0.11,0.001,0.0001,1e-05,0.5,10.0,1000,0,0.0,0.0,0.0,0.0
0.11,0.001,0.0001,1e-05,0.5,100.0,1000,0,0.0,0.0,0.0,0.0
0.11,0.001,0.0001,1e-05,0.5,1000.0,1000,0,0.0,9.491223322794628,0.0,38.70931534024658
0.11,0.001,0.0001,1e-05,1.0,10.0,1000,0,0.0,0.0,0.0,0.0
0.11,0.001,0.0001,1e-05,1.0,100.0,1000,0,0.0,0.0,0.0,0.0
0.11,0.001,0.0001,1e-05,1.0,1000.0,1000,0,0.0,6.983655173413471,0.0,13.660268682793008
0.11,0.001,0.0001,0.001,-0.5,10.0,1000,0,0.0,0.0,0.0,0.0
0.11,0.001,0.0001,0.001,-0.5,100.0,1000,0,0.0,0.0,0.0,0.0
0.11,0.001,0.0001,0.001,-0.5,1000.0,1000,0,0.0,10.065086474753741,0.0,22.192027250676386
0.11,0.001,0.0001,0.001,-0.2,10.0,1000,0,0.0,0.0,0.0,0.0
0.11,0.001,0.0001,0.001,-0.2,100.0,1000,0,0.0,0.0,0.0,0.0
0.11,0.001,0.0001,0.001,-0.2,1000.0,1000,0,0.0,8.346356479408135,0.0,10.563552247023393
0.11,0.001,0.0001,0.001,-0.1,10.0,1000,0,0.0,0.0,0.0,0.0
0.11,0.001,0.0001,0.001,-0.1,100.0,1000,0,0.0,0.0,0.0,0.0
0.11,0.001,0.0001,0.001,-0.1,1000.0,1000,0,0.0,9.408815236877661,0.0,23.0058454483679
0.11,0.001,0.0001,0.001,0.0,10.0,1000,0,0.0,0.0,0.0,0.0
0.11,0.001,0.0001,0.001,0.0,100.0,1000,0,0.0,0.0,0.0,0.0
0.11,0.001,0.0001,0.001,0.0,1000.0,1000,0,0.0,10.947714402084296,0.0,29.94251254283855
0.11,0.001,0.0001,0.001,0.1,10.0,1000,0,0.0,0.0,0.0,0.0
0.11,0.001,0.0001,0.001,0.1,100.0,1000,0,0.0,0.0,0.0,0.0
0.11,0.001,0.0001,0.001,0.1,1000.0,1000,0,0.0,14.183663597819434,0.0,33.21207407188854
0.11,0.001,0.0001,0.001,0.2,10.0,1000,0,0.0,0.0,0.0,0.0
0.11,0.001,0.0001,0.001,0.2,100.0,1000,0,0.0,0.0,0.0,0.0
0.11,0.001,0.0001,0.001,0.2,1000.0,1000,0,0.0,13.702090226415065,0.0,48.999300038274335
0.11,0.001,0.0001,0.001,0.5,10.0,1000,0,0.0,0.0,0.0,0.0
0.11,0.001,0.0001,0.001,0.5,100.0,1000,0,0.0,0.0,0.0,0.0
0.11,0.001,0.0001,0.001,0.5,1000.0,1000,0,0.0,8.095962596757856,0.0,6.227820053008125
0.11,0.001,0.0001,0.001,1.0,10.0,1000,0,0.0,0.0,0.0,0.0
0.11,0.001,0.0001,0.001,1.0,100.0,1000,0,0.0,0.0,0.0,0.0
0.11,0.001,0.0001,0.001,1.0,1000.0,1000,0,0.0,12.899020622590697,0.0,28.6684894859314
0.11,0.001,0.0001,0.1,-0.5,10.0,1000,0,0.0,0.0,0.0,0.0
0.11,0.001,0.0001,0.1,-0.5,100.0,1000,0,0.0,0.0,0.0,0.0
0.11,0.001,0.0001,0.1,-0.5,1000.0,1000,0,0.0,10.687137679507156,0.0,36.50375506893608
0.11,0.001,0.0001,0.1,-0.2,10.0,1000,0,0.0,0.0,0.0,0.0
0.11,0.001,0.0001,0.1,-0.2,100.0,1000,0,0.0,25.974379930453605,0.0,0.0
0.11,0.001,0.0001,0.1,-0.2,1000.0,1000,0,0.0,13.652138583335791,0.0,116.03017203403964
0.11,0.001,0.0001,0.1,-0.1,10.0,1000,0,0.0,0.0,0.0,0.0
0.11,0.001,0.0001,0.1,-0.1,100.0,1000,0,0.0,13.050991900296902,0.0,26.294008738165683
0.11,0.001,0.0001,0.1,-0.1,1000.0,1000,0,0.0,13.62703932283778,0.0,121.60574594852369
0.11,0.001,0.0001,0.1,0.0,10.0,1000,0,0.0,26.449133841092543,0.0,0.0
0.11,0.001,0.0001,0.1,0.0,100.0,1000,0,0.0,40.3513192490107,0.0,624.7031829024633
0.11,0.001,0.0001,0.1,0.0,1000.0,1000,0,0.0,19.449081279663464,0.0,219.92210460439506
0.11,0.001,0.0001,0.1,0.1,10.0,1000,0,0.0,0.0,0.0,0.0
0.11,0.001,0.0001,0.1,0.1,100.0,1000,0,0.0,20.66469230161249,0.0,189.2698748133868
0.11,0.001,0.0001,0.1,0.1,1000.0,1000,0,0.0,17.139536841308363,0.0,206.80427968962007
0.11,0.001,0.0001,0.1,0.2,10.0,1000,0,0.0,0.0,0.0,0.0
0.11,0.001,0.0001,0.1,0.2,100.0,1000,0,0.0,22.926500992860593,0.0,266.192757318893
0.11,0.001,0.0001,0.1,0.2,1000.0,1000,0,0.0,18.637695707159086,0.0,233.678598161668
0.11,0.001,0.0001,0.1,0.5,10.0,1000,0,0.0,64.0793907215445,0.0,1082.2508200794125
0.11,0.001,0.0001,0.1,0.5,100.0,1000,0,0.0,29.532040161135573,0.0,344.38901549753695
0.11,0.001,0.0001,0.1,0.5,1000.0,1000,0,0.0,21.45337208982183,0.0,394.1625455025469
0.11,0.001,0.0001,0.1,1.0,10.0,1000,0,0.0,34.14219868291123,0.0,24.058571860292634
0.11,0.001,0.0001,0.1,1.0,100.0,1000,0,0.0,28.86143534452736,0.0,497.20613453498385
0.11,0.001,0.0001,0.1,1.0,1000.0,1000,0,0.0,21.440804897207098,0.0,403.75709499146575
0.11,0.001,0.0001,1.0,-0.5,10.0,1000,0,0.0,3.8805850274031752,0.0,0.0
0.11,0.001,0.0001,1.0,-0.5,100.0,1000,0,0.0,16.75000612013631,0.0,67.06030730146054
0.11,0.001,0.0001,1.0,-0.5,1000.0,1000,0,0.0,14.249629425202608,0.0,295.1182548194099
0.11,0.001,0.0001,1.0,-0.2,10.0,1000,0,0.0,10.742084679173425,0.0,73.61251190073885
0.11,0.001,0.0001,1.0,-0.2,100.0,1000,0,0.0,23.277951249607398,0.0,609.2231857884269
0.11,0.001,0.0001,1.0,-0.2,1000.0,1000,0,0.0,19.054912524205214,0.0,544.8553917538512
0.11,0.001,0.0001,1.0,-0.1,10.0,1000,0,0.0,14.477770421392856,0.0,257.17678646188205
0.11,0.001,0.0001,1.0,-0.1,100.0,1000,0,0.0,23.519912723098614,0.0,673.8336699148931
0.11,0.001,0.0001,1.0,-0.1,1000.0,1000,0,0.0,18.620256512579104,0.0,541.3735306018161
0.11,0.001,0.0001,1.0,0.0,10.0,1000,0,0.0,18.45002215034159,0.0,514.7045039549178
0.11,0.001,0.0001,1.0,0.0,100.0,1000,0,0.0,27.801181922359884,0.0,1078.7022214766223
0.11,0.001,0.0001,1.0,0.0,1000.0,1000,0,0.0,17.74666404461235,0.0,433.00504093939117
0.11,0.001,0.0001,1.0,0.1,10.0,1000,0,0.0,12.49787786852184,0.0,175.01677049366862
0.11,0.001,0.0001,1.0,0.1,100.0,1000,0,0.0,25.391045244880896,0.0,752.8254428437285
0.11,0.001,0.0001,1.0,0.1,1000.0,1000,0,0.0,16.070508224739594,0.0,368.9929862317777
0.11,0.001,0.0001,1.0,0.2,10.0,1000,0,0.0,13.497859212786935,0.0,209.3160311282649
0.11,0.001,0.0001,1.0,0.2,100.0,1000,0,0.0,21.905598685403902,0.0,691.405274322842
0.11,0.001,0.0001,1.0,0.2,1000.0,1000,0,0.0,14.050418772292305,0.0,417.9974568646208
0.11,0.001,0.0001,1.0,0.5,10.0,1000,0,0.0,17.340794306320884,0.0,458.58257665856354
0.11,0.001,0.0001,1.0,0.5,100.0,998,2,0.5625,17.87233746253628,0.19140625,632.0688164198727
0.11,0.001,0.0001,1.0,0.5,1000.0,989,11,0.27527641698764693,7.649681495829894,0.13671890703165357,131.2080505969159
0.11,0.001,0.0001,1.0,1.0,10.0,984,16,0.736767343861272,14.881310796270183,0.08638728973345189,429.28260838831136
0.11,0.001,0.0001,1.0,1.0,100.0,827,173,0.7901735399702182,10.94792099829467,0.029872023151727337,321.5364009322022
0.11,0.001,0.0001,1.0,1.0,1000.0,746,254,0.7553217936215075,3.703487966495355,0.05799006375610088,13.91278250412918
0.11,0.001,0.003,1e-05,-0.5,10.0,1000,0,0.0,0.6056610505861991,0.0,3.0301803700678787
0.11,0.001,0.003,1e-05,-0.5,100.0,1000,0,0.0,0.08910708032306973,0.0,1.4529725287470185
0.11,0.001,0.003,1e-05,-0.5,1000.0,1000,0,0.0,0.0003098967534791521,0.0,9.410732400590081e-08
0.11,0.001,0.003,1e-05,-0.2,10.0,1000,0,0.0,0.8199237168960194,0.0,8.815069819246192
0.11,0.001,0.003,1e-05,-0.2,100.0,1000,0,0.0,0.12050540918209715,0.0,3.2131921534885346
0.11,0.001,0.003,1e-05,-0.2,1000.0,1000,0,0.0,0.0027907127502742675,0.0,0.004991644915364178
0.11,0.001,0.003,1e-05,-0.1,10.0,1000,0,0.0,1.1058752186158676,0.0,31.19066284911634
0.11,0.001,0.003,1e-05,-0.1,100.0,1000,0,0.0,0.02506145985309511,0.0,0.007567363914871672
0.11,0.001,0.003,1e-05,-0.1,1000.0,1000,0,0.0,0.00743773565147374,0.0,0.05070039860885412
0.11,0.001,0.003,1e-05,0.0,10.0,1000,0,0.0,0.7788646176416714,0.0,15.566620491711605
0.11,0.001,0.003,1e-05,0.0,100.0,1000,0,0.0,0.05096371820366324,0.0,0.49774401747202285
0.11,0.001,0.003,1e-05,0.0,1000.0,1000,0,0.0,0.0023580507725242178,0.0,0.004141709968051613
0.11,0.001,0.003,1e-05,0.1,10.0,1000,0,0.0,0.6593519075917853,0.0,5.414593016715406
0.11,0.001,0.003,1e-05,0.1,100.0,1000,0,0.0,0.055791910070072205,0.0,0.48739459605778673
0.11,0.001,0.003,1e-05,0.1,1000.0,1000,0,0.0,0.00032939153453905007,0.0,9.776752712102545e-08
0.11,0.001,0.003,1e-05,0.2,10.0,1000,0,0.0,0.6123930574045656,0.0,12.554062528587897
0.11,0.001,0.003,1e-05,0.2,100.0,1000,0,0.0,0.023315117169236645,0.0,0.008016816461511086
0.11,0.001,0.003,1e-05,0.2,1000.0,1000,0,0.0,0.00030070452488055243,0.0,9.535071153500946e-08
0.11,0.001,0.003,1e-05,0.5,10.0,1000,0,0.0,0.8038415641178508,0.0,15.567077233903495
0.11,0.001,0.003,1e-05,0.5,100.0,1000,0,0.0,0.11240054527349673,0.0,5.388524195475101
0.11,0.001,0.003,1e-05,0.5,1000.0,1000,0,0.0,0.00030707665801728686,0.0,8.263883232143148e-08
0.11,0.001,0.003,1e-05,1.0,10.0,1000,0,0.0,0.8249531452582498,0.0,16.77724325834391
0.11,0.001,0.003,1e-05,1.0,100.0,1000,0,0.0,0.035614780397700545,0.0,0.09166978921719542
0.11,0.001,0.003,1e-05,1.0,1000.0,1000,0,0.0,0.0003132205023654363,0.0,9.609908820499664e-08
0.11,0.001,0.003,0.001,-0.5,10.0,1000,0,0.0,0.7206441118829942,0.0,9.369157219052326
0.11,0.001,0.003,0.001,-0.5,100.0,1000,0,0.0,0.04802051981481707,0.0,0.33191637936754176
0.11,0.001,0.003,0.001,-0.5,1000.0,1000,0,0.0,0.000311830634392388,0.0,1.0416308301810176e-07
0.11,0.001,0.003,0.001,-0.2,10.0,1000,0,0.0,0.796234409538666,0.0,9.750652407835824
0.11,0.001,0.003,0.001,-0.2,100.0,1000,0,0.0,0.022280705520748626,0.0,0.007470694176793364
0.11,0.001,0.003,0.001,-0.2,1000.0,1000,0,0.0,0.0003053412239707934,0.0,9.535881326779965e-08
0.11,0.001,0.003,0.001,-0.1,10.0,1000,0,0.0,0.858132642678167,0.0,21.07625156175687
0.11,0.001,0.003,0.001,-0.1,100.0,1000,0,0.0,0.060749794533675044,0.0,0.863225415023092
0.11,0.001,0.003,0.001,-0.1,1000.0,1000,0,0.0,0.0003072302962105008,0.0,8.966524586878768e-08
0.11,0.001,0.003,0.001,0.0,10.0,1000,0,0.0,1.0530572780889764,0.0,30.434233529300396
0.11,0.001,0.003,0.001,0.0,100.0,1000,0,0.0,0.095686429210022,0.0,1.9075064408449083
0.11,0.001,0.003,0.001,0.0,1000.0,1000,0,0.0,0.0007380761550341623,0.0,0.00017419157723316835
0.11,0.001,0.003,0.001,0.1,10.0,1000,0,0.0,0.8024216622694479,0.0,20.62463509626486
0.11,0.001,0.003,0.001,0.1,100.0,1000,0,0.0,0.030534936721025176,0.0,0.04758792088074069
0.11,0.001,0.003,0.001,0.1,1000.0,1000,0,0.0,0.0008382049322912814,0.0,0.000293211511941787
0.11,0.001,0.003,0.001,0.2,10.0,1000,0,0.0,0.708721235005872,0.0,6.188468643358126
0.11,0.001,0.003,0.001,0.2,100.0,1000,0,0.0,0.05314642590458711,0.0,0.5851148572022538
0.11,0.001,0.003,0.001,0.2,1000.0,1000,0,0.0,0.00031938918767534385,0.0,9.550875069552109e-08
0.11,0.001,0.003,0.001,0.5,10.0,1000,0,0.0,0.6934902643243339,0.0,8.872022852364529
0.11,0.001,0.003,0.001,0.5,100.0,1000,0,0.0,0.07176357061398815,0.0,1.5173078290440694
0.11,0.001,0.003,0.001,0.5,1000.0,1000,0,0.0,0.0003135232448770452,0.0,1.0029983119371551e-07
0.11,0.001,0.003,0.001,1.0,10.0,1000,0,0.0,0.7593944129735708,0.0,11.946040692567827
0.11,0.001,0.003,0.001,1.0,100.0,1000,0,0.0,0.032366136663286756,0.0,0.06461547592063072
0.11,0.001,0.003,0.001,1.0,1000.0,1000,0,0.0,0.001003319816771952,0.0,0.0004803182097635169
0.11,0.001,0.003,0.1,-0.5,10.0,1000,0,0.0,0.5661369241574553,0.0,10.789887211333976
0.11,0.001,0.003,0.1,-0.5,100.0,1000,0,0.0,0.02102364350874033,0.0,0.0059266112645025735
0.11,0.001,0.003,0.1,-0.5,1000.0,1000,0,0.0,0.00030110247194587613,0.0,9.124477410477019e-08
0.11,0.001,0.003,0.1,-0.2,10.0,1000,0,0.0,0.7230788680306207,0.0,21.47061016970226
0.11,0.001,0.003,0.1,-0.2,100.0,1000,0,0.0,0.023688260933365343,0.0,0.036247297161218085
0.11,0.001,0.003,0.1,-0.2,1000.0,1000,0,0.0,0.0003208136318881108,0.0,1.0529654861751692e-07
0.11,0.001,0.003,0.1,-0.1,10.0,1000,0,0.0,0.5800704785986743,0.0,11.53484596882197
0.11,0.001,0.003,0.1,-0.1,100.0,1000,0,0.0,0.04363181309527078,0.0,0.31314694410209815
0.11,0.001,0.003,0.1,-0.1,1000.0,1000,0,0.0,0.0101939439799528,0.0,0.09765243105704091
0.11,0.001,0.003,0.1,0.0,10.0,1000,0,0.0,0.5052812809065658,0.0,10.93141467062178
0.11,0.001,0.003,0.1,0.0,100.0,1000,0,0.0,0.09141339546649224,0.0,1.766705558720144
0.11,0.001,0.003,0.1,0.0,1000.0,1000,0,0.0,0.001048359750855301,0.0,0.0005681536239387704
0.11,0.001,0.003,0.1,0.1,10.0,1000,0,0.0,0.7017843015059546,0.0,19.32609898826996
0.11,0.001,0.003,0.1,0.1,100.0,1000,0,0.0,0.03773309502141962,0.0,0.39842550276246264
0.11,0.001,0.003,0.1,0.1,1000.0,1000,0,0.0,0.0252408466237158,0.0,0.608842907153649
0.11,0.001,0.003,0.1,0.2,10.0,1000,0,0.0,0.5917333282722651,0.0,11.16455730182958
0.11,0.001,0.003,0.1,0.2,100.0,1000,0,0.0,0.067165096765217,0.0,0.6665278330786366
0.11,0.001,0.003,0.1,0.2,1000.0,1000,0,0.0,0.0003202928979191481,0.0,9.921176317119543e-08
0.11,0.001,0.003,0.1,0.5,10.0,1000,0,0.0,0.8652552663501321,0.0,22.58236158238257
0.11,0.001,0.003,0.1,0.5,100.0,1000,0,0.0,0.04508650551886073,0.0,0.48363461176317923
0.11,0.001,0.003,0.1,0.5,1000.0,1000,0,0.0,0.009250579953674811,0.0,0.04413726558725895
0.11,0.001,0.003,0.1,1.0,10.0,1000,0,0.0,1.0218677480995995,0.0,41.86211876288781
0.11,0.001,0.003,0.1,1.0,100.0,1000,0,0.0,0.025950143047401796,0.0,0.0292147947115599
0.11,0.001,0.003,0.1,1.0,1000.0,1000,0,0.0,0.0022394225692850865,0.0,0.0036750040203007424
0.11,0.001,0.003,1.0,-0.5,10.0,1000,0,0.0,0.6963143462169111,0.0,28.703918300876072
0.11,0.001,0.003,1.0,-0.5,100.0,1000,0,0.0,0.06766869934723022,0.0,1.4465029345572409
0.11,0.001,0.003,1.0,-0.5,1000.0,1000,0,0.0,0.0024156060776164808,0.0,0.002494815652031941
0.11,0.001,0.003,1.0,-0.2,10.0,1000,0,0.0,0.4451493987650159,0.0,17.236370586794287
0.11,0.001,0.003,1.0,-0.2,100.0,1000,0,0.0,0.024262611741369237,0.0,0.08287745568805219
0.11,0.001,0.003,1.0,-0.2,1000.0,1000,0,0.0,0.00023275489867077332,0.0,5.954606691988011e-08
0.11,0.001,0.003,1.0,-0.1,10.0,1000,0,0.0,0.4345973980810205,0.0,20.190555595674297
0.11,0.001,0.003,1.0,-0.1,100.0,1000,0,0.0,0.08708358249200676,0.0,1.5341076432484455
0.11,0.001,0.003,1.0,-0.1,1000.0,1000,0,0.0,0.00024158688099307728,0.0,5.877476832926915e-08
0.11,0.001,0.003,1.0,0.0,10.0,1000,0,0.0,0.3769675135608294,0.0,15.708390449800042
0.11,0.001,0.003,1.0,0.0,100.0,1000,0,0.0,0.01433394672095473,0.0,0.05585984309772405
0.11,0.001,0.003,1.0,0.0,1000.0,1000,0,0.0,0.0002250771094414193,0.0,5.097261123365741e-08
0.11,0.001,0.003,1.0,0.1,10.0,1000,0,0.0,0.6253240090526042,0.0,30.412431760213412
0.11,0.001,0.003,1.0,0.1,100.0,1000,0,0.0,0.12235621029060831,0.0,6.153219006411765
0.11,0.001,0.003,1.0,0.1,1000.0,1000,0,0.0,0.00024281108398533182,0.0,5.5019335583712713e-08
0.11,0.001,0.003,1.0,0.2,10.0,1000,0,0.0,0.35122440555890977,0.0,12.319427251611813
0.11,0.001,0.003,1.0,0.2,100.0,1000,0,0.0,0.06109528816486997,0.0,1.159721653339752
0.11,0.001,0.003,1.0,0.2,1000.0,1000,0,0.0,0.00047366345353738097,0.0,5.0196200235631426e-05
0.11,0.001,0.003,1.0,0.5,10.0,1000,0,0.0,0.32979976334733263,0.0,10.981104865995345
0.11,0.001,0.003,1.0,0.5,100.0,1000,0,0.0,0.03695381922604598,0.0,0.41047230088241077
0.11,0.001,0.003,1.0,0.5,1000.0,1000,0,0.0,0.004395555419569309,0.0,0.01739721121279075
0.11,0.001,0.003,1.0,1.0,10.0,1000,0,0.0,0.4342156563662669,0.0,18.404206092649783
0.11,0.001,0.003,1.0,1.0,100.0,1000,0,0.0,0.01659127759849658,0.0,0.06626659715555941
0.11,0.001,0.003,1.0,1.0,1000.0,1000,0,0.0,0.00036939464261552866,0.0,1.5096532964712166e-05
0.11,0.001,0.001,1e-05,-0.5,10.0,1000,0,0.0,0.9162031288623488,0.0,33.25349842193
0.11,0.001,0.001,1e-05,-0.5,100.0,1000,0,0.0,0.04664878881585178,0.0,0.09165108789452107
0.11,0.001,0.001,1e-05,-0.5,1000.0,1000,0,0.0,0.006261282557363134,0.0,0.024747427558470363
0.11,0.001,0.001,1e-05,-0.2,10.0,1000,0,0.0,0.8681789134894867,0.0,14.060391599037354
0.11,0.001,0.001,1e-05,-0.2,100.0,1000,0,0.0,0.206281309118989,0.0,5.151078654906586
0.11,0.001,0.001,1e-05,-0.2,1000.0,1000,0,0.0,0.02367661467343288,0.0,0.4170620491702688
0.11,0.001,0.001,1e-05,-0.1,10.0,1000,0,0.0,1.1399874346294825,0.0,35.10599088961568
0.11,0.001,0.001,1e-05,-0.1,100.0,1000,0,0.0,0.11835583040225342,0.0,2.1278392237350974
0.11,0.001,0.001,1e-05,-0.1,1000.0,1000,0,0.0,0.0008701638048074664,0.0,7.273772822100507e-07
0.11,0.001,0.001,1e-05,0.0,10.0,1000,0,0.0,0.8387977001658253,0.0,16.245832482318647
0.11,0.001,0.001,1e-05,0.0,100.0,1000,0,0.0,0.07640329886176377,0.0,0.5762806555210982
0.11,0.001,0.001,1e-05,0.0,1000.0,1000,0,0.0,0.001587208539618014,0.0,0.0005601561341591637
0.11,0.001,0.001,1e-05,0.1,10.0,1000,0,0.0,1.3356927698967023,0.0,65.55261242686574
0.11,0.001,0.001,1e-05,0.1,100.0,1000,0,0.0,0.09035283159800184,0.0,1.4199768947356028
0.11,0.001,0.001,1e-05,0.1,1000.0,1000,0,0.0,0.001872054346216922,0.0,0.0005576909278782439
0.11,0.001,0.001,1e-05,0.2,10.0,1000,0,0.0,0.6479786472528684,0.0,2.5562614124410397
0.11,0.001,0.001,1e-05,0.2,100.0,1000,0,0.0,0.04500150032962408,0.0,0.04688487990332094
0.11,0.001,0.001,1e-05,0.2,1000.0,1000,0,0.0,0.0016576171064506225,0.0,0.0005025792880199916
0.11,0.001,0.001,1e-05,0.5,10.0,1000,0,0.0,0.8562641171927834,0.0,13.491948967205191
0.11,0.001,0.001,1e-05,0.5,100.0,1000,0,0.0,0.11724792286650436,0.0,1.9976859855790734
0.11,0.001,0.001,1e-05,0.5,1000.0,1000,0,0.0,0.0031495104388622125,0.0,0.0053527049916673565
0.11,0.001,0.001,1e-05,1.0,10.0,1000,0,0.0,0.9049860920640411,0.0,22.794578283808306
0.11,0.001,0.001,1e-05,1.0,100.0,1000,0,0.0,0.1035107902289851,0.0,1.6643857081729712
0.11,0.001,0.001,1e-05,1.0,1000.0,1000,0,0.0,0.001304302010959248,0.0,0.00021304769639644147
0.11,0.001,0.001,0.001,-0.5,10.0,1000,0,0.0,0.7668027727617818,0.0,15.671242562726098
0.11,0.001,0.001,0.001,-0.5,100.0,1000,0,0.0,0.1382042466071999,0.0,4.506644194806745
0.11,0.001,0.001,0.001,-0.5,1000.0,1000,0,0.0,0.0012987517350875391,0.0,0.00017622998895128905
0.11,0.001,0.001,0.001,-0.2,10.0,1000,0,0.0,0.9564736525906522,0.0,19.659252138714756
0.11,0.001,0.001,0.001,-0.2,100.0,1000,0,0.0,0.10003099730287977,0.0,1.2388335069992185
0.11,0.001,0.001,0.001,-0.2,1000.0,1000,0,0.0,0.0008299779253406758,0.0,7.11860870913421e-07
0.11,0.001,0.001,0.001,-0.1,10.0,1000,0,0.0,0.7829917629581121,0.0,4.837168223556661
0.11,0.001,0.001,0.001,-0.1,100.0,1000,0,0.0,0.11515556408272133,0.0,2.34143998444316
0.11,0.001,0.001,0.001,-0.1,1000.0,1000,0,0.0,0.0008833276735964825,0.0,8.352539443883127e-07
0.11,0.001,0.001,0.001,0.0,10.0,1000,0,0.0,1.3422394349941342,0.0,74.70559124919721
0.11,0.001,0.001,0.001,0.0,100.0,1000,0,0.0,0.07288443071783199,0.0,0.9463762162015508
0.11,0.001,0.001,0.001,0.0,1000.0,1000,0,0.0,0.006436030558805445,0.0,0.031136626521499972
0.11,0.001,0.001,0.001,0.1,10.0,1000,0,0.0,0.7815315934975053,0.0,15.532550896187015
0.11,0.001,0.001,0.001,0.1,100.0,1000,0,0.0,0.22806041016463066,0.0,12.158759793142275
0.11,0.001,0.001,0.001,0.1,1000.0,1000,0,0.0,0.0038734689187881082,0.0,0.009189914822390233
0.11,0.001,0.001,0.001,0.2,10.0,1000,0,0.0,1.0090932688023968,0.0,21.51839826157105
0.11,0.001,0.001,0.001,0.2,100.0,1000,0,0.0,0.08800412375133047,0.0,0.9065892034089355
0.11,0.001,0.001,0.001,0.2,1000.0,1000,0,0.0,0.002773941755583925,0.0,0.003603916928866042
0.11,0.001,0.001,0.001,0.5,10.0,1000,0,0.0,0.8384124351307868,0.0,11.142345764460131
0.11,0.001,0.001,0.001,0.5,100.0,1000,0,0.0,0.0773032994989182,0.0,0.3240574761263044
0.11,0.001,0.001,0.001,0.5,1000.0,1000,0,0.0,0.0013738991280837839,0.0,0.00032781609466845995
0.11,0.001,0.001,0.001,1.0,10.0,1000,0,0.0,0.9047929411968904,0.0,14.75276347947082
0.11,0.001,0.001,0.001,1.0,100.0,1000,0,0.0,0.16631831204190883,0.0,4.056416381219035
0.11,0.001,0.001,0.001,1.0,1000.0,1000,0,0.0,0.0008116775180884532,0.0,6.908513375258912e-07
0.11,0.001,0.001,0.1,-0.5,10.0,1000,0,0.0,0.8498255059077763,0.0,28.38901839357053
0.11,0.001,0.001,0.1,-0.5,100.0,1000,0,0.0,0.0687710568932217,0.0,0.3558162322069354
0.11,0.001,0.001,0.1,-0.5,1000.0,1000,0,0.0,0.0023252812134137643,0.0,0.002296406979962822
0.11,0.001,0.001,0.1,-0.2,10.0,1000,0,0.0,0.8788533180412583,0.0,22.574548450192268
0.11,0.001,0.001,0.1,-0.2,100.0,1000,0,0.0,0.2567610911842992,0.0,37.4807532136853
0.11,0.001,0.001,0.1,-0.2,1000.0,1000,0,0.0,0.0008152429848200147,0.0,6.606731599502603e-07
0.11,0.001,0.001,0.1,-0.1,10.0,1000,0,0.0,0.6651255141729936,0.0,14.983490671950854
0.11,0.001,0.001,0.1,-0.1,100.0,1000,0,0.0,0.10986754429508526,0.0,1.806684141306236
0.11,0.001,0.001,0.1,-0.1,1000.0,1000,0,0.0,0.0033820896879143366,0.0,0.006778311936145323
0.11,0.001,0.001,0.1,0.0,10.0,1000,0,0.0,0.887031703921701,0.0,45.405797135947545
0.11,0.001,0.001,0.1,0.0,100.0,1000,0,0.0,0.11811961970923679,0.0,3.347327937504706
0.11,0.001,0.001,0.1,0.0,1000.0,1000,0,0.0,0.004015965741490819,0.0,0.0050547929475104475
0.11,0.001,0.001,0.1,0.1,10.0,1000,0,0.0,0.8314329023851441,0.0,20.627369221761544
0.11,0.001,0.001,0.1,0.1,100.0,1000,0,0.0,0.135843369972986,0.0,10.881396281768787
0.11,0.001,0.001,0.1,0.1,1000.0,1000,0,0.0,0.0007742369217637688,0.0,6.086495414030513e-07
0.11,0.001,0.001,0.1,0.2,10.0,1000,0,0.0,0.7985440192709964,0.0,18.665085700761622
0.11,0.001,0.001,0.1,0.2,100.0,1000,0,0.0,0.09451642862098407,0.0,1.0875358532748358
0.11,0.001,0.001,0.1,0.2,1000.0,1000,0,0.0,0.000796100775261885,0.0,6.414764782527319e-07
0.11,0.001,0.001,0.1,0.5,10.0,1000,0,0.0,1.029603583857876,0.0,46.64192994472236
0.11,0.001,0.001,0.1,0.5,100.0,1000,0,0.0,0.08102340551807721,0.0,0.7953847491600954
0.11,0.001,0.001,0.1,0.5,1000.0,1000,0,0.0,0.0009534805029102183,0.0,2.3737833755958744e-05
0.11,0.001,0.001,0.1,1.0,10.0,1000,0,0.0,0.8991722740110224,0.0,32.55912113361585
0.11,0.001,0.001,0.1,1.0,100.0,1000,0,0.0,0.11627328754259231,0.0,1.652364886578796
0.11,0.001,0.001,0.1,1.0,1000.0,1000,0,0.0,0.0033756844972349363,0.0,0.0033771641395508455
0.11,0.001,0.001,1.0,-0.5,10.0,1000,0,0.0,0.6375266924221525,0.0,22.76203732228202
0.11,0.001,0.001,1.0,-0.5,100.0,1000,0,0.0,0.046955983417090376,0.0,0.6573306734559915
0.11,0.001,0.001,1.0,-0.5,1000.0,1000,0,0.0,0.0007849039954214117,0.0,5.045055667207916e-05
0.11,0.001,0.001,1.0,-0.2,10.0,1000,0,0.0,0.9794865149915483,0.0,47.32935301942143
0.11,0.001,0.001,1.0,-0.2,100.0,1000,0,0.0,0.0333415261540174,0.0,0.2232149919615513
0.11,0.001,0.001,1.0,-0.2,1000.0,1000,0,0.0,0.0005216659281719307,0.0,1.9360834866002952e-06
0.11,0.001,0.001,1.0,-0.1,10.0,1000,0,0.0,0.800265469389451,0.0,56.860450954493956
0.11,0.001,0.001,1.0,-0.1,100.0,1000,0,0.0,0.09914796424613521,0.0,2.484301351940018
0.11,0.001,0.001,1.0,-0.1,1000.0,1000,0,0.0,0.001780286156952545,0.0,0.0010661691441389886
0.11,0.001,0.001,1.0,0.0,10.0,1000,0,0.0,0.8232136932533018,0.0,49.90777930552306
0.11,0.001,0.001,1.0,0.0,100.0,1000,0,0.0,0.11647230484497793,0.0,3.9881678532785805
0.11,0.001,0.001,1.0,0.0,1000.0,1000,0,0.0,0.003297934390080027,0.0,0.004240325291269034
0.11,0.001,0.001,1.0,0.1,10.0,1000,0,0.0,0.3918707433221747,0.0,13.171820941545787
0.11,0.001,0.001,1.0,0.1,100.0,1000,0,0.0,0.16412805139263525,0.0,7.825483044616761
0.11,0.001,0.001,1.0,0.1,1000.0,1000,0,0.0,0.00044991621305009576,0.0,2.089838235543201e-07
0.11,0.001,0.001,1.0,0.2,10.0,1000,0,0.0,0.7726674114802624,0.0,51.88753684334971
0.11,0.001,0.001,1.0,0.2,100.0,1000,0,0.0,0.013747066160515208,0.0,0.03755344735556681
0.11,0.001,0.001,1.0,0.2,1000.0,1000,0,0.0,0.0043364876966573915,0.0,0.015136257172110548
0.11,0.001,0.001,1.0,0.5,10.0,1000,0,0.0,0.576049904813724,0.0,18.871152683728422
0.11,0.001,0.001,1.0,0.5,100.0,1000,0,0.0,0.06074187481624117,0.0,1.6511012574361534
0.11,0.001,0.001,1.0,0.5,1000.0,1000,0,0.0,0.00044819748590008065,0.0,1.7199909168560643e-07
0.11,0.001,0.001,1.0,1.0,10.0,1000,0,0.0,0.7076896139488683,0.0,20.420664632529295
0.11,0.001,0.001,1.0,1.0,100.0,1000,0,0.0,0.07843321902050485,0.0,2.0996355557826574
0.11,0.001,0.001,1.0,1.0,1000.0,1000,0,0.0,0.0007315915092390754,0.0,7.930967576496377e-05
0.11,0.1,0.0003,1e-05,-0.5,10.0,1000,0,0.0,8.01885204369606,0.0,151.85492179368043
0.11,0.1,0.0003,1e-05,-0.5,100.0,1000,0,0.0,0.3369683861865614,0.0,0.04203342968447251
0.11,0.1,0.0003,1e-05,-0.5,1000.0,1000,0,0.0,0.030290057096400674,0.0,0.0003510118106002168
0.11,0.1,0.0003,1e-05,-0.2,10.0,1000,0,0.0,8.65137286944458,0.0,132.15859877028657
0.11,0.1,0.0003,1e-05,-0.2,100.0,1000,0,0.0,0.3211588059152166,0.0,0.03839614283789794
0.11,0.1,0.0003,1e-05,-0.2,1000.0,1000,0,0.0,0.03048379982850621,0.0,0.00031700778417312103
0.11,0.1,0.0003,1e-05,-0.1,10.0,1000,0,0.0,7.385628506489963,0.0,101.16286636494759
0.11,0.1,0.0003,1e-05,-0.1,100.0,1000,0,0.0,0.32712628518200715,0.0,0.03725813888030097
0.11,0.1,0.0003,1e-05,-0.1,1000.0,1000,0,0.0,0.03090878816737019,0.0,0.0003186597136190694
0.11,0.1,0.0003,1e-05,0.0,10.0,1000,0,0.0,8.225717493767647,0.0,135.64247416587713
0.11,0.1,0.0003,1e-05,0.0,100.0,1000,0,0.0,0.32782320825827205,0.0,0.042364763370333076
0.11,0.1,0.0003,1e-05,0.0,1000.0,1000,0,0.0,0.029918205188172294,0.0,0.0002979105361591752
0.11,0.1,0.0003,1e-05,0.1,10.0,1000,0,0.0,7.5842533507744125,0.0,107.36170860794444
0.11,0.1,0.0003,1e-05,0.1,100.0,1000,0,0.0,0.32339597289275474,0.0,0.035477258349876604
0.11,0.1,0.0003,1e-05,0.1,1000.0,1000,0,0.0,0.031295536399067396,0.0,0.00032222411421350375
0.11,0.1,0.0003,1e-05,0.2,10.0,1000,0,0.0,7.457580001430667,0.0,79.5686548037157
0.11,0.1,0.0003,1e-05,0.2,100.0,1000,0,0.0,0.3255970617554874,0.0,0.03829237726424922
0.11,0.1,0.0003,1e-05,0.2,1000.0,1000,0,0.0,0.029962026973660783,0.0,0.00031051037481526
0.11,0.1,0.0003,1e-05,0.5,10.0,1000,0,0.0,8.019387589240695,0.0,127.23728702352379
0.11,0.1,0.0003,1e-05,0.5,100.0,1000,0,0.0,0.3263817356638056,0.0,0.04240763009544413
0.11,0.1,0.0003,1e-05,0.5,1000.0,1000,0,0.0,0.030668330540452197,0.0,0.0003601092824033556
0.11,0.1,0.0003,1e-05,1.0,10.0,1000,0,0.0,8.011961631620245,0.0,121.49400769752333
0.11,0.1,0.0003,1e-05,1.0,100.0,1000,0,0.0,0.3278746941374791,0.0,0.03777145457278205
0.11,0.1,0.0003,1e-05,1.0,1000.0,1000,0,0.0,0.030720642108446557,0.0,0.00031737409386229976
0.11,0.1,0.0003,0.001,-0.5,10.0,1000,0,0.0,8.376050194080973,0.0,113.3738118768629
0.11,0.1,0.0003,0.001,-0.5,100.0,1000,0,0.0,0.31782657458317604,0.0,0.036166489729701067
0.11,0.1,0.0003,0.001,-0.5,1000.0,1000,0,0.0,0.029607401760222748,0.0,0.00030373566319835823
0.11,0.1,0.0003,0.001,-0.2,10.0,1000,0,0.0,7.333105987721615,0.0,119.55756549938246
0.11,0.1,0.0003,0.001,-0.2,100.0,1000,0,0.0,0.32267615148843726,0.0,0.040832479551414405
0.11,0.1,0.0003,0.001,-0.2,1000.0,1000,0,0.0,0.030782841810896168,0.0,0.0003527833432004651
0.11,0.1,0.0003,0.001,-0.1,10.0,1000,0,0.0,7.668955010571762,0.0,95.33023282070303
0.11,0.1,0.0003,0.001,-0.1,100.0,1000,0,0.0,0.3310102281903717,0.0,0.04280662230382974
0.11,0.1,0.0003,0.001,-0.1,1000.0,1000,0,0.0,0.031347646187450666,0.0,0.00032759740334646235
0.11,0.1,0.0003,0.001,0.0,10.0,1000,0,0.0,8.091650190991738,0.0,135.45816835870747
0.11,0.1,0.0003,0.001,0.0,100.0,1000,0,0.0,0.33377921790856874,0.0,0.04325143398887409
0.11,0.1,0.0003,0.001,0.0,1000.0,1000,0,0.0,0.03017768744677181,0.0,0.0002906538597882151
0.11,0.1,0.0003,0.001,0.1,10.0,1000,0,0.0,7.400079587838208,0.0,92.62527931484576
0.11,0.1,0.0003,0.001,0.1,100.0,1000,0,0.0,0.3190256995872451,0.0,0.03759393002894538
0.11,0.1,0.0003,0.001,0.1,1000.0,1000,0,0.0,0.02975283024944469,0.0,0.0003022437266435071
0.11,0.1,0.0003,0.001,0.2,10.0,1000,0,0.0,8.641754902951135,0.0,164.84014182322593
0.11,0.1,0.0003,0.001,0.2,100.0,1000,0,0.0,0.3246803068079123,0.0,0.03936665885431691
0.11,0.1,0.0003,0.001,0.2,1000.0,1000,0,0.0,0.030268892705070154,0.0,0.00031173537677611595
0.11,0.1,0.0003,0.001,0.5,10.0,1000,0,0.0,7.505616178408396,0.0,85.17434576643839
0.11,0.1,0.0003,0.001,0.5,100.0,1000,0,0.0,0.3239013418423373,0.0,0.039057055523166545
0.11,0.1,0.0003,0.001,0.5,1000.0,1000,0,0.0,0.030967846545178253,0.0,0.0003264776279455651
0.11,0.1,0.0003,0.001,1.0,10.0,1000,0,0.0,8.804572017871642,0.0,163.83997115557665
0.11,0.1,0.0003,0.001,1.0,100.0,1000,0,0.0,0.32481515935029104,0.0,0.0401952857075424
0.11,0.1,0.0003,0.001,1.0,1000.0,1000,0,0.0,0.0316244267185307,0.0,0.00034489338649830307
0.11,0.1,0.0003,0.1,-0.5,10.0,1000,0,0.0,7.977646867132416,0.0,107.88268846542896
0.11,0.1,0.0003,0.1,-0.5,100.0,1000,0,0.0,0.329688994406393,0.0,0.04225653353412438
0.11,0.1,0.0003,0.1,-0.5,1000.0,1000,0,0.0,0.03080827937267345,0.0,0.000328987534458221
0.11,0.1,0.0003,0.1,-0.2,10.0,1000,0,0.0,7.399211828374345,0.0,95.8865274635175
0.11,0.1,0.0003,0.1,-0.2,100.0,1000,0,0.0,0.3265761284733472,0.0,0.041608872029612796
0.11,0.1,0.0003,0.1,-0.2,1000.0,1000,0,0.0,0.030983121524203343,0.0,0.00033172104251060484
0.11,0.1,0.0003,0.1,-0.1,10.0,1000,0,0.0,7.6528615765660275,0.0,101.46029813016146
0.11,0.1,0.0003,0.1,-0.1,100.0,1000,0,0.0,0.32652794860196416,0.0,0.04353157636055726
0.11,0.1,0.0003,0.1,-0.1,1000.0,1000,0,0.0,0.02961207237448549,0.0,0.00030340649387218424
0.11,0.1,0.0003,0.1,0.0,10.0,1000,0,0.0,7.516431880118061,0.0,106.11245921141575
0.11,0.1,0.0003,0.1,0.0,100.0,1000,0,0.0,0.3262091081823271,0.0,0.03880592602004551
0.11,0.1,0.0003,0.1,0.0,1000.0,1000,0,0.0,0.030747381466227387,0.0,0.0003302968559335608
0.11,0.1,0.0003,0.1,0.1,10.0,1000,0,0.0,6.993141334834677,0.0,77.24174530093482
0.11,0.1,0.0003,0.1,0.1,100.0,1000,0,0.0,0.31766610290140795,0.0,0.03843073597486697
0.11,0.1,0.0003,0.1,0.1,1000.0,1000,0,0.0,0.030984530352718385,0.0,0.0003740331578888063
0.11,0.1,0.0003,0.1,0.2,10.0,1000,0,0.0,7.026016643335488,0.0,97.92772221906188
0.11,0.1,0.0003,0.1,0.2,100.0,1000,0,0.0,0.3285284000031358,0.0,0.04167215091719873
0.11,0.1,0.0003,0.1,0.2,1000.0,1000,0,0.0,0.030349799280847727,0.0,0.00029166594219142696
0.11,0.1,0.0003,0.1,0.5,10.0,1000,0,0.0,6.474215531423713,0.0,65.18117754325833
0.11,0.1,0.0003,0.1,0.5,100.0,1000,0,0.0,0.3212367748253167,0.0,0.04074262961350345
0.11,0.1,0.0003,0.1,0.5,1000.0,1000,0,0.0,0.030018512152059137,0.0,0.0003330597692040237
0.11,0.1,0.0003,0.1,1.0,10.0,1000,0,0.0,6.471108279452504,0.0,74.3515772924267
0.11,0.1,0.0003,0.1,1.0,100.0,999,1,0.0,0.32112889810477585,0.0,0.043549875460714094
0.11,0.1,0.0003,0.1,1.0,1000.0,1000,0,0.0,0.030009231377144018,0.0,0.0003154852841581247
0.11,0.1,0.0003,1.0,-0.5,10.0,1000,0,0.0,10.526950405846176,0.0,200.70105479004005
0.11,0.1,0.0003,1.0,-0.5,100.0,1000,0,0.0,0.3533983778557085,0.0,0.0654601245248822
0.11,0.1,0.0003,1.0,-0.5,1000.0,1000,0,0.0,0.03063005716358356,0.0,0.00034308058683431893
0.11,0.1,0.0003,1.0,-0.2,10.0,1000,0,0.0,6.604595897248582,0.0,79.5331841543923
0.11,0.1,0.0003,1.0,-0.2,100.0,1000,0,0.0,0.34395857815313785,0.0,0.06217458823362747
0.11,0.1,0.0003,1.0,-0.2,1000.0,1000,0,0.0,0.03243500601826097,0.0,0.0003967226997244033
0.11,0.1,0.0003,1.0,-0.1,10.0,1000,0,0.0,5.35809397151637,0.0,53.75605312800276
0.11,0.1,0.0003,1.0,-0.1,100.0,1000,0,0.0,0.3400590910089374,0.0,0.05152583781262141
0.11,0.1,0.0003,1.0,-0.1,1000.0,1000,0,0.0,0.030720305293581995,0.0,0.0002968512538985163
0.11,0.1,0.0003,1.0,0.0,10.0,1000,0,0.0,4.74839201799154,0.0,44.32494400002564
0.11,0.1,0.0003,1.0,0.0,100.0,1000,0,0.0,0.3227350462061691,0.0,0.054425477163781225
0.11,0.1,0.0003,1.0,0.0,1000.0,1000,0,0.0,0.03061851757991831,0.0,0.00032220412528797935
0.11,0.1,0.0003,1.0,0.1,10.0,1000,0,0.0,4.121548951002562,0.0,24.298853582346386
0.11,0.1,0.0003,1.0,0.1,100.0,1000,0,0.0,0.3119368972606614,0.0,0.05461436934073728
0.11,0.1,0.0003,1.0,0.1,1000.0,1000,0,0.0,0.03098101746458555,0.0,0.0003590535366496552
0.11,0.1,0.0003,1.0,0.2,10.0,1000,0,0.0,3.9793118630113966,0.0,27.28396734388551
0.11,0.1,0.0003,1.0,0.2,100.0,1000,0,0.0,0.3150239465448706,0.0,0.04625591142583458
0.11,0.1,0.0003,1.0,0.2,1000.0,1000,0,0.0,0.029853537171891504,0.0,0.0003428579946945078
0.11,0.1,0.0003,1.0,0.5,10.0,1000,0,0.0,3.423984150949285,0.0,19.193378721857037
0.11,0.1,0.0003,1.0,0.5,100.0,1000,0,0.0,0.2916280262153311,0.0,0.04113359821897409
0.11,0.1,0.0003,1.0,0.5,1000.0,1000,0,0.0,0.0312902701102812,0.0,0.00037091656323883426
0.11,0.1,0.0003,1.0,1.0,10.0,1000,0,0.0,2.4421066716824926,0.0,11.581089927994212
0.11,0.1,0.0003,1.0,1.0,100.0,997,3,0.7296296296296297,0.26687987063408747,0.007105624142661179,0.03648890779807279
0.11,0.1,0.0003,1.0,1.0,1000.0,998,2,0.5964912280701754,0.030350227056379235,0.0049245921822099106,0.0003419554552776608
0.11,0.1,0.0001,1e-05,-0.5,10.0,1000,0,0.0,59.37445020198318,0.0,2411.5720048652015
0.11,0.1,0.0001,1e-05,-0.5,100.0,1000,0,0.0,1.0996906030569902,0.0,0.19987130415007803
0.11,0.1,0.0001,1e-05,-0.5,1000.0,1000,0,0.0,0.09333863420255054,0.0,0.001073033487737797
0.11,0.1,0.0001,1e-05,-0.2,10.0,1000,0,0.0,50.64459834392418,0.0,1718.780208135328
0.11,0.1,0.0001,1e-05,-0.2,100.0,1000,0,0.0,1.1079050030686985,0.0,0.1967520247938218
0.11,0.1,0.0001,1e-05,-0.2,1000.0,1000,0,0.0,0.09177855581041476,0.0,0.0010815406206874363
0.11,0.1,0.0001,1e-05,-0.1,10.0,1000,0,0.0,50.17529447597284,0.0,2256.878115260487
0.11,0.1,0.0001,1e-05,-0.1,100.0,1000,0,0.0,1.0920183419001783,0.0,0.18238544919035524
0.11,0.1,0.0001,1e-05,-0.1,1000.0,1000,0,0.0,0.0929534831215907,0.0,0.0009619146894618938
0.11,0.1,0.0001,1e-05,0.0,10.0,1000,0,0.0,58.35282482207977,0.0,3306.7135167896163
0.11,0.1,0.0001,1e-05,0.0,100.0,1000,0,0.0,1.094670898085708,0.0,0.17992256670954665
0.11,0.1,0.0001,1e-05,0.0,1000.0,1000,0,0.0,0.09059045019340752,0.0,0.000969440995095797
0.11,0.1,0.0001,1e-05,0.1,10.0,1000,0,0.0,56.89191178540462,0.0,2606.6654262798143
0.11,0.1,0.0001,1e-05,0.1,100.0,1000,0,0.0,1.095055320179159,0.0,0.19829319215646835
0.11,0.1,0.0001,1e-05,0.1,1000.0,1000,0,0.0,0.0925492774865604,0.0,0.0009972267644750305
0.11,0.1,0.0001,1e-05,0.2,10.0,1000,0,0.0,62.154731740949785,0.0,4078.4217534768122
0.11,0.1,0.0001,1e-05,0.2,100.0,1000,0,0.0,1.1055118196504954,0.0,0.17183976619601843
0.11,0.1,0.0001,1e-05,0.2,1000.0,1000,0,0.0,0.09220524257242466,0.0,0.0010285259937293954
0.11,0.1,0.0001,1e-05,0.5,10.0,1000,0,0.0,54.01621116858174,0.0,2069.371725173422
0.11,0.1,0.0001,1e-05,0.5,100.0,1000,0,0.0,1.1088080808642662,0.0,0.17561191245121874
0.11,0.1,0.0001,1e-05,0.5,1000.0,1000,0,0.0,0.09178585904731462,0.0,0.0010203786179803429
0.11,0.1,0.0001,1e-05,1.0,10.0,1000,0,0.0,55.14971567522561,0.0,2591.7778080650937
0.11,0.1,0.0001,1e-05,1.0,100.0,1000,0,0.0,1.078074584263342,0.0,0.16975524296003527
0.11,0.1,0.0001,1e-05,1.0,1000.0,1000,0,0.0,0.09156965850599427,0.0,0.0009630911166575076
0.11,0.1,0.0001,0.001,-0.5,10.0,1000,0,0.0,55.994486217398624,0.0,2034.1055819668109
0.11,0.1,0.0001,0.001,-0.5,100.0,1000,0,0.0,1.097972042083054,0.0,0.18354845167686284
0.11,0.1,0.0001,0.001,-0.5,1000.0,1000,0,0.0,0.09236348552677881,0.0,0.0009566478551707951
0.11,0.1,0.0001,0.001,-0.2,10.0,1000,0,0.0,44.67730081222768,0.0,1279.509883506662
0.11,0.1,0.0001,0.001,-0.2,100.0,1000,0,0.0,1.1035225022899802,0.0,0.21406430041508775
0.11,0.1,0.0001,0.001,-0.2,1000.0,1000,0,0.0,0.09340572929304755,0.0,0.0009362919626654125
0.11,0.1,0.0001,0.001,-0.1,10.0,1000,0,0.0,58.07382894328891,0.0,2983.07244064536
0.11,0.1,0.0001,0.001,-0.1,100.0,1000,0,0.0,1.09396752802366,0.0,0.17832338955722904
0.11,0.1,0.0001,0.001,-0.1,1000.0,1000,0,0.0,0.09284083822116775,0.0,0.0010158668218211977
0.11,0.1,0.0001,0.001,0.0,10.0,1000,0,0.0,55.54574489294926,0.0,2802.977355017841
0.11,0.1,0.0001,0.001,0.0,100.0,1000,0,0.0,1.0874580109475183,0.0,0.19183756234908977
0.11,0.1,0.0001,0.001,0.0,1000.0,1000,0,0.0,0.09188251298972139,0.0,0.0010351883199353452
0.11,0.1,0.0001,0.001,0.1,10.0,1000,0,0.0,65.54945699823817,0.0,3176.583693162866
0.11,0.1,0.0001,0.001,0.1,100.0,1000,0,0.0,1.0791900977797675,0.0,0.18624719405511633
0.11,0.1,0.0001,0.001,0.1,1000.0,1000,0,0.0,0.09304999773844987,0.0,0.0010476241680332284
0.11,0.1,0.0001,0.001,0.2,10.0,1000,0,0.0,53.43975371143862,0.0,2303.4118765926646
0.11,0.1,0.0001,0.001,0.2,100.0,1000,0,0.0,1.0878401360340768,0.0,0.17704505269174997
0.11,0.1,0.0001,0.001,0.2,1000.0,1000,0,0.0,0.09197582725057808,0.0,0.0009750257651775934
0.11,0.1,0.0001,0.001,0.5,10.0,1000,0,0.0,56.43955656743693,0.0,2708.1964226221294
0.11,0.1,0.0001,0.001,0.5,100.0,1000,0,0.0,1.115154031272147,0.0,0.1942094737036172
0.11,0.1,0.0001,0.001,0.5,1000.0,1000,0,0.0,0.0936501052200219,0.0,0.0011250937644607748
0.11,0.1,0.0001,0.001,1.0,10.0,1000,0,0.0,52.893497171014836,0.0,2747.2824444973826
0.11,0.1,0.0001,0.001,1.0,100.0,1000,0,0.0,1.1025518999332737,0.0,0.18263706231378074
0.11,0.1,0.0001,0.001,1.0,1000.0,1000,0,0.0,0.09430528601638821,0.0,0.0010735270221456576
0.11,0.1,0.0001,0.1,-0.5,10.0,1000,0,0.0,58.57653377910314,0.0,4715.901929705938
0.11,0.1,0.0001,0.1,-0.5,100.0,1000,0,0.0,1.1313219140879747,0.0,0.22055977327407636
0.11,0.1,0.0001,0.1,-0.5,1000.0,1000,0,0.0,0.09301067820165537,0.0,0.0010688659262545084
0.11,0.1,0.0001,0.1,-0.2,10.0,1000,0,0.0,47.898113358285705,0.0,1358.0277365749373
0.11,0.1,0.0001,0.1,-0.2,100.0,1000,0,0.0,1.1208045705755012,0.0,0.21326331327211917
0.11,0.1,0.0001,0.1,-0.2,1000.0,1000,0,0.0,0.09037710545874063,0.0,0.0009449101320608841
0.11,0.1,0.0001,0.1,-0.1,10.0,1000,0,0.0,49.41576004445304,0.0,2055.126733559068
0.11,0.1,0.0001,0.1,-0.1,100.0,1000,0,0.0,1.1089330544630758,0.0,0.19165185472547652
0.11,0.1,0.0001,0.1,-0.1,1000.0,1000,0,0.0,0.09137364378168508,0.0,0.001023375568958546
0.11,0.1,0.0001,0.1,0.0,10.0,1000,0,0.0,55.050660611461446,0.0,2760.2750120607657
0.11,0.1,0.0001,0.1,0.0,100.0,1000,0,0.0,1.091435867642461,0.0,0.2093507569146641
0.11,0.1,0.0001,0.1,0.0,1000.0,1000,0,0.0,0.0918659428638465,0.0,0.001146771673328931
0.11,0.1,0.0001,0.1,0.1,10.0,1000,0,0.0,54.67717241421735,0.0,3024.238662106756
0.11,0.1,0.0001,0.1,0.1,100.0,1000,0,0.0,1.1075037265851713,0.0,0.2023482602917646
0.11,0.1,0.0001,0.1,0.1,1000.0,1000,0,0.0,0.09079469463254833,0.0,0.0009893214867249948
0.11,0.1,0.0001,0.1,0.2,10.0,1000,0,0.0,46.127107092480514,0.0,1573.9049810332308
0.11,0.1,0.0001,0.1,0.2,100.0,1000,0,0.0,1.0711432085635748,0.0,0.20570371739402624
0.11,0.1,0.0001,0.1,0.2,1000.0,1000,0,0.0,0.09164640001604352,0.0,0.000946279258049047
0.11,0.1,0.0001,0.1,0.5,10.0,1000,0,0.0,48.67736808235003,0.0,2117.8633698105036
0.11,0.1,0.0001,0.1,0.5,100.0,1000,0,0.0,1.0780468139947061,0.0,0.18382029139103315
0.11,0.1,0.0001,0.1,0.5,1000.0,1000,0,0.0,0.09279048649112022,0.0,0.0009339134708458523
0.11,0.1,0.0001,0.1,1.0,10.0,1000,0,0.0,40.96894082174725,0.0,1595.6896034562878
0.11,0.1,0.0001,0.1,1.0,100.0,1000,0,0.0,1.0078148535586378,0.0,0.15094053236495517
0.11,0.1,0.0001,0.1,1.0,1000.0,1000,0,0.0,0.09117098213622925,0.0,0.0010198470268112257
0.11,0.1,0.0001,1.0,-0.5,10.0,1000,0,0.0,44.40156845403316,0.0,1686.6362771718389
0.11,0.1,0.0001,1.0,-0.5,100.0,1000,0,0.0,1.5155476889415673,0.0,1.0008817899044105
0.11,0.1,0.0001,1.0,-0.5,1000.0,1000,0,0.0,0.09649204318181523,0.0,0.0012512067811350177
0.11,0.1,0.0001,1.0,-0.2,10.0,1000,0,0.0,38.615594267521715,0.0,1638.8165330351067
0.11,0.1,0.0001,1.0,-0.2,100.0,1000,0,0.0,1.2226880048869984,0.0,0.42212739653321874
0.11,0.1,0.0001,1.0,-0.2,1000.0,1000,0,0.0,0.09355782839979107,0.0,0.0011952924660564351
0.11,0.1,0.0001,1.0,-0.1,10.0,1000,0,0.0,33.70451705221643,0.0,1194.0496597895785
0.11,0.1,0.0001,1.0,-0.1,100.0,1000,0,0.0,1.1661417075706133,0.0,0.424432348298566
0.11,0.1,0.0001,1.0,-0.1,1000.0,1000,0,0.0,0.09637227151812394,0.0,0.0011879933834973225
0.11,0.1,0.0001,1.0,0.0,10.0,1000,0,0.0,29.63265889860872,0.0,920.2143635136325
0.11,0.1,0.0001,1.0,0.0,100.0,1000,0,0.0,1.097726179388171,0.0,0.3265981568218692
0.11,0.1,0.0001,1.0,0.0,1000.0,1000,0,0.0,0.0928144214586012,0.0,0.0009909056502257422
0.11,0.1,0.0001,1.0,0.1,10.0,1000,0,0.0,26.00887785143141,0.0,759.2002992062324
0.11,0.1,0.0001,1.0,0.1,100.0,1000,0,0.0,1.0060826947477493,0.0,0.24359056688079447
0.11,0.1,0.0001,1.0,0.1,1000.0,1000,0,0.0,0.09357654891615096,0.0,0.0011187719783153415
0.11,0.1,0.0001,1.0,0.2,10.0,1000,0,0.0,24.371024060513,0.0,797.3844098977492
0.11,0.1,0.0001,1.0,0.2,100.0,1000,0,0.0,0.9593352484081106,0.0,0.23305001193968192
0.11,0.1,0.0001,1.0,0.2,1000.0,1000,0,0.0,0.09044478792914074,0.0,0.0010226327510584326
0.11,0.1,0.0001,1.0,0.5,10.0,1000,0,0.0,21.281993416265607,0.0,606.4160664875909
0.11,0.1,0.0001,1.0,0.5,100.0,995,5,0.5642292490118577,0.8918819708328796,0.11294427346154445,0.17945831465971818
0.11,0.1,0.0001,1.0,0.5,1000.0,994,6,0.27797022106092656,0.08948596366274232,0.04778137310382777,0.0010492661975630877
0.11,0.1,0.0001,1.0,1.0,10.0,988,12,0.7154615505413121,16.336165807006356,0.05238248630979415,463.92896601813914
0.11,0.1,0.0001,1.0,1.0,100.0,942,58,0.7042804456182574,0.7101658594144108,0.05336727522302622,0.0967389412464612
0.11,0.1,0.0001,1.0,1.0,1000.0,918,82,0.6911348127975284,0.08951656176652305,0.05375526439721176,0.0009296350814573655
0.11,0.1,0.003,1e-05,-0.5,10.0,1000,0,0.0,0.39159231592543225,0.0,0.3245393077076168
0.11,0.1,0.003,1e-05,-0.5,100.0,1000,0,0.0,0.01820721895096175,0.0,0.0004383446400237227
0.11,0.1,0.003,1e-05,-0.5,1000.0,1000,0,0.0,0.00030789145531506297,0.0,4.6164304499449125e-07
0.11,0.1,0.003,1e-05,-0.2,10.0,1000,0,0.0,0.39978276133702056,0.0,0.27158439099160553
0.11,0.1,0.003,1e-05,-0.2,100.0,1000,0,0.0,0.018807020202081564,0.0,0.0004120441778294994
0.11,0.1,0.003,1e-05,-0.2,1000.0,1000,0,0.0,0.00034446094634705193,0.0,8.867309005309414e-07
0.11,0.1,0.003,1e-05,-0.1,10.0,1000,0,0.0,0.42445857940825166,0.0,0.36036236218005513
0.11,0.1,0.003,1e-05,-0.1,100.0,1000,0,0.0,0.01791417915043543,0.0,0.0003421414356474738
0.11,0.1,0.003,1e-05,-0.1,1000.0,1000,0,0.0,0.0002980761005943762,0.0,8.594920842639257e-08
0.11,0.1,0.003,1e-05,0.0,10.0,1000,0,0.0,0.4167571527886188,0.0,0.31465616887140135
0.11,0.1,0.003,1e-05,0.0,100.0,1000,0,0.0,0.018280467113943412,0.0,0.00039692414767426447
0.11,0.1,0.003,1e-05,0.0,1000.0,1000,0,0.0,0.0003100377372816978,0.0,2.1368756187808602e-07
0.11,0.1,0.003,1e-05,0.1,10.0,1000,0,0.0,0.38760828444157414,0.0,0.2646804576400682
0.11,0.1,0.003,1e-05,0.1,100.0,1000,0,0.0,0.01816343013356869,0.0,0.00046766930817133576
0.11,0.1,0.003,1e-05,0.1,1000.0,1000,0,0.0,0.00033675708396971435,0.0,3.4800201866358515e-07
0.11,0.1,0.003,1e-05,0.2,10.0,1000,0,0.0,0.3801650662683215,0.0,0.24891965873955163
0.11,0.1,0.003,1e-05,0.2,100.0,1000,0,0.0,0.018676014000849627,0.0,0.0004169662494115071
0.11,0.1,0.003,1e-05,0.2,1000.0,1000,0,0.0,0.00030565002916445506,0.0,8.928261048909888e-08
0.11,0.1,0.003,1e-05,0.5,10.0,1000,0,0.0,0.4066957179644077,0.0,0.29100906104648994
0.11,0.1,0.003,1e-05,0.5,100.0,1000,0,0.0,0.017772251881620085,0.0,0.00037718465488484186
0.11,0.1,0.003,1e-05,0.5,1000.0,1000,0,0.0,0.0003122805649345074,0.0,1.0351321807782417e-07
0.11,0.1,0.003,1e-05,1.0,10.0,1000,0,0.0,0.39581723796041474,0.0,0.23926305994763147
0.11,0.1,0.003,1e-05,1.0,100.0,1000,0,0.0,0.01841473006920207,0.0,0.0003529522347503181
0.11,0.1,0.003,1e-05,1.0,1000.0,1000,0,0.0,0.00029809130322787115,0.0,9.057472970241047e-08
0.11,0.1,0.003,0.001,-0.5,10.0,1000,0,0.0,0.4125630009802832,0.0,0.2725760134701503
0.11,0.1,0.003,0.001,-0.5,100.0,1000,0,0.0,0.01815330412893209,0.0,0.00050803780427297
0.11,0.1,0.003,0.001,-0.5,1000.0,1000,0,0.0,0.00032793184031180164,0.0,5.617737194428731e-07
0.11,0.1,0.003,0.001,-0.2,10.0,1000,0,0.0,0.41033586888171375,0.0,0.2617244893433202
0.11,0.1,0.003,0.001,-0.2,100.0,1000,0,0.0,0.01891930664938587,0.0,0.0004438219124954219
0.11,0.1,0.003,0.001,-0.2,1000.0,1000,0,0.0,0.00032625481157448193,0.0,2.67012240981218e-07
0.11,0.1,0.003,0.001,-0.1,10.0,1000,0,0.0,0.39122036840011276,0.0,0.2509762132429746
0.11,0.1,0.003,0.001,-0.1,100.0,1000,0,0.0,0.017517239226764913,0.0,0.00029574261382956686
0.11,0.1,0.003,0.001,-0.1,1000.0,1000,0,0.0,0.00031731379040639637,0.0,4.533247032315909e-07
0.11,0.1,0.003,0.001,0.0,10.0,1000,0,0.0,0.4413677324319264,0.0,0.5963893378834032
0.11,0.1,0.003,0.001,0.0,100.0,1000,0,0.0,0.017394368376056006,0.0,0.0003770940995740712
0.11,0.1,0.003,0.001,0.0,1000.0,1000,0,0.0,0.00033149972539479536,0.0,7.597472921180329e-07
0.11,0.1,0.003,0.001,0.1,10.0,1000,0,0.0,0.4287469843457596,0.0,0.3619966057705068
0.11,0.1,0.003,0.001,0.1,100.0,1000,0,0.0,0.017903023145944396,0.0,0.0003493893211111777
0.11,0.1,0.003,0.001,0.1,1000.0,1000,0,0.0,0.00030077420902565856,0.0,8.423104151295901e-08
0.11,0.1,0.003,0.001,0.2,10.0,1000,0,0.0,0.42623903253211903,0.0,0.4253587756579151
0.11,0.1,0.003,0.001,0.2,100.0,1000,0,0.0,0.017405572601007325,0.0,0.00033917963004167893
0.11,0.1,0.003,0.001,0.2,1000.0,1000,0,0.0,0.0003489916603572482,0.0,1.17699184405892e-06
0.11,0.1,0.003,0.001,0.5,10.0,1000,0,0.0,0.3998611889159613,0.0,0.333148277143141
0.11,0.1,0.003,0.001,0.5,100.0,1000,0,0.0,0.019617797485149253,0.0,0.0004406139860228051
0.11,0.1,0.003,0.001,0.5,1000.0,1000,0,0.0,0.0003100467438359877,0.0,1.6838255654079577e-07
0.11,0.1,0.003,0.001,1.0,10.0,1000,0,0.0,0.4032852438845012,0.0,0.28715450818602356
0.11,0.1,0.003,0.001,1.0,100.0,1000,0,0.0,0.018242207995333274,0.0,0.00038397526586449686
0.11,0.1,0.003,0.001,1.0,1000.0,1000,0,0.0,0.0003424199560183637,0.0,3.921274057844132e-07
0.11,0.1,0.003,0.1,-0.5,10.0,1000,0,0.0,0.35475544529582925,0.0,0.3393784423834317
0.11,0.1,0.003,0.1,-0.5,100.0,1000,0,0.0,0.01656312360979502,0.0,0.0007521161630419806
0.11,0.1,0.003,0.1,-0.5,1000.0,1000,0,0.0,0.00029244495808825207,0.0,9.776993748965677e-08
0.11,0.1,0.003,0.1,-0.2,10.0,1000,0,0.0,0.32719911317516753,0.0,0.2550591505426147
0.11,0.1,0.003,0.1,-0.2,100.0,1000,0,0.0,0.015490764268100076,0.0,0.00026410221090634886
0.11,0.1,0.003,0.1,-0.2,1000.0,1000,0,0.0,0.0002856609180024028,0.0,1.0071923426385279e-07
0.11,0.1,0.003,0.1,-0.1,10.0,1000,0,0.0,0.3207558417466364,0.0,0.2780936676148109
0.11,0.1,0.003,0.1,-0.1,100.0,1000,0,0.0,0.015493634863364346,0.0,0.0003295336695671037
0.11,0.1,0.003,0.1,-0.1,1000.0,1000,0,0.0,0.00028581759461347034,0.0,7.860688346657035e-08
0.11,0.1,0.003,0.1,0.0,10.0,1000,0,0.0,0.3361133263813083,0.0,0.2761663077671677
0.11,0.1,0.003,0.1,0.0,100.0,1000,0,0.0,0.016483547100793153,0.0,0.0005510685158368037
0.11,0.1,0.003,0.1,0.0,1000.0,1000,0,0.0,0.0002921954621005395,0.0,7.949450408710603e-08
0.11,0.1,0.003,0.1,0.1,10.0,1000,0,0.0,0.32558251932193527,0.0,0.2559298003404697
0.11,0.1,0.003,0.1,0.1,100.0,1000,0,0.0,0.016000440900388747,0.0,0.0003236727042734019
0.11,0.1,0.003,0.1,0.1,1000.0,1000,0,0.0,0.00032608811771745003,0.0,2.3867433861541107e-07
0.11,0.1,0.003,0.1,0.2,10.0,1000,0,0.0,0.3421939918977838,0.0,0.30535053597844813
0.11,0.1,0.003,0.1,0.2,100.0,1000,0,0.0,0.01567444909543346,0.0,0.001079981072170653
0.11,0.1,0.003,0.1,0.2,1000.0,1000,0,0.0,0.00031540020389635235,0.0,1.0652785684966372e-07
0.11,0.1,0.003,0.1,0.5,10.0,1000,0,0.0,0.32276583351285093,0.0,0.24057754153168107
0.11,0.1,0.003,0.1,0.5,100.0,1000,0,0.0,0.017125589839892895,0.0,0.0005030022130692546
0.11,0.1,0.003,0.1,0.5,1000.0,1000,0,0.0,0.00030321991712013496,0.0,4.556416021783604e-07
0.11,0.1,0.003,0.1,1.0,10.0,1000,0,0.0,0.35075740747784295,0.0,0.46477543406755706
0.11,0.1,0.003,0.1,1.0,100.0,1000,0,0.0,0.01602880630816812,0.0,0.0005704176590318179
0.11,0.1,0.003,0.1,1.0,1000.0,1000,0,0.0,0.00029908010203700354,0.0,8.3420765737063e-08
0.11,0.1,0.003,1.0,-0.5,10.0,1000,0,0.0,0.16788148152303395,0.0,0.2862724693060458
0.11,0.1,0.003,1.0,-0.5,100.0,1000,0,0.0,0.007934519433957258,0.0,0.00032959230554456846
0.11,0.1,0.003,1.0,-0.5,1000.0,1000,0,0.0,0.00026883781181167486,0.0,8.323112092456773e-07
0.11,0.1,0.003,1.0,-0.2,10.0,1000,0,0.0,0.16825586883548022,0.0,0.15598546626756274
0.11,0.1,0.003,1.0,-0.2,100.0,1000,0,0.0,0.0076772953562858955,0.0,0.00026498219764347253
0.11,0.1,0.003,1.0,-0.2,1000.0,1000,0,0.0,0.00021920247565361276,0.0,4.71040611451501e-08
0.11,0.1,0.003,1.0,-0.1,10.0,1000,0,0.0,0.16154376114836347,0.0,0.18438964302764332
0.11,0.1,0.003,1.0,-0.1,100.0,1000,0,0.0,0.007415569542191695,0.0,0.00043178634135966685
0.11,0.1,0.003,1.0,-0.1,1000.0,1000,0,0.0,0.00029176135533027646,0.0,3.1256369871026416e-06
0.11,0.1,0.003,1.0,0.0,10.0,1000,0,0.0,0.1610367965767775,0.0,0.23177887452527624
0.11,0.1,0.003,1.0,0.0,100.0,1000,0,0.0,0.0069987965851113785,0.0,0.00012875608439230754
0.11,0.1,0.003,1.0,0.0,1000.0,1000,0,0.0,0.00024022317889713863,0.0,6.508075724810959e-08
0.11,0.1,0.003,1.0,0.1,10.0,1000,0,0.0,0.15415387375096057,0.0,0.1941846967759537
0.11,0.1,0.003,1.0,0.1,100.0,1000,0,0.0,0.007150861307604648,0.0,0.0001364186517034461
0.11,0.1,0.003,1.0,0.1,1000.0,1000,0,0.0,0.00028534273965039747,0.0,9.261813348603748e-07
0.11,0.1,0.003,1.0,0.2,10.0,1000,0,0.0,0.1623090437754488,0.0,0.19094979528779854
0.11,0.1,0.003,1.0,0.2,100.0,1000,0,0.0,0.007682480300934004,0.0,0.00029403714188116673
0.11,0.1,0.003,1.0,0.2,1000.0,1000,0,0.0,0.00023817851907666506,0.0,5.810820139458801e-08
0.11,0.1,0.003,1.0,0.5,10.0,1000,0,0.0,0.18791365224278514,0.0,0.24869778971152656
0.11,0.1,0.003,1.0,0.5,100.0,1000,0,0.0,0.006542704693150299,0.0,6.340531236771307e-05
0.11,0.1,0.003,1.0,0.5,1000.0,1000,0,0.0,0.00028372543757838105,0.0,2.681320602971426e-06
0.11,0.1,0.003,1.0,1.0,10.0,1000,0,0.0,0.16336079078242222,0.0,0.19211403737769478
0.11,0.1,0.003,1.0,1.0,100.0,1000,0,0.0,0.006772369803957446,0.0,8.739715583028675e-05
0.11,0.1,0.003,1.0,1.0,1000.0,1000,0,0.0,0.0002525296287476219,0.0,4.286804755651556e-07
0.11,0.1,0.001,1e-05,-0.5,10.0,1000,0,0.0,0.39447890276384867,0.0,0.294076438308455
0.11,0.1,0.001,1e-05,-0.5,100.0,1000,0,0.0,0.0278846849637657,0.0,0.0010075199477853644
0.11,0.1,0.001,1e-05,-0.5,1000.0,1000,0,0.0,0.0007838421373265245,0.0,6.692324693522661e-07
0.11,0.1,0.001,1e-05,-0.2,10.0,1000,0,0.0,0.44870167921654275,0.0,0.35090751577277446
0.11,0.1,0.001,1e-05,-0.2,100.0,1000,0,0.0,0.02797140278609301,0.0,0.0009416949008671762
0.11,0.1,0.001,1e-05,-0.2,1000.0,1000,0,0.0,0.0008514186940336837,0.0,1.604832373660541e-06
0.11,0.1,0.001,1e-05,-0.1,10.0,1000,0,0.0,0.4455573795988213,0.0,0.43133184044514783
0.11,0.1,0.001,1e-05,-0.1,100.0,1000,0,0.0,0.028176124423589292,0.0,0.0010590378614555376
0.11,0.1,0.001,1e-05,-0.1,1000.0,1000,0,0.0,0.000797532319811854,0.0,6.737873954473094e-07
0.11,0.1,0.001,1e-05,0.0,10.0,1000,0,0.0,0.4310218032334371,0.0,0.2882998388707236
0.11,0.1,0.001,1e-05,0.0,100.0,1000,0,0.0,0.02758354169857547,0.0,0.001060325132140511
0.11,0.1,0.001,1e-05,0.0,1000.0,1000,0,0.0,0.0007844318601613578,0.0,6.040233933680751e-07
0.11,0.1,0.001,1e-05,0.1,10.0,1000,0,0.0,0.43933804161363904,0.0,0.461418862609883
0.11,0.1,0.001,1e-05,0.1,100.0,1000,0,0.0,0.02544712576442578,0.0,0.000733422170170716
0.11,0.1,0.001,1e-05,0.1,1000.0,1000,0,0.0,0.0007435983645427797,0.0,5.704209883233697e-07
0.11,0.1,0.001,1e-05,0.2,10.0,1000,0,0.0,0.4126497005301062,0.0,0.2502397768079997
0.11,0.1,0.001,1e-05,0.2,100.0,1000,0,0.0,0.02777849760826818,0.0,0.0008403137679141246
0.11,0.1,0.001,1e-05,0.2,1000.0,1000,0,0.0,0.0007573126990403778,0.0,5.749672667948154e-07
0.11,0.1,0.001,1e-05,0.5,10.0,1000,0,0.0,0.4426735569085711,0.0,0.3814147172844341
0.11,0.1,0.001,1e-05,0.5,100.0,1000,0,0.0,0.027939376459157443,0.0,0.0008897281641952008
0.11,0.1,0.001,1e-05,0.5,1000.0,1000,0,0.0,0.0008123304028014841,0.0,1.453766026716762e-06
0.11,0.1,0.001,1e-05,1.0,10.0,1000,0,0.0,0.43310437960659476,0.0,0.31152984880652995
0.11,0.1,0.001,1e-05,1.0,100.0,1000,0,0.0,0.027173579819727667,0.0,0.0007188292931815002
0.11,0.1,0.001,1e-05,1.0,1000.0,1000,0,0.0,0.0007598616785498149,0.0,5.916200988386878e-07
0.11,0.1,0.001,0.001,-0.5,10.0,1000,0,0.0,0.439502085062913,0.0,0.38385257112904775
0.11,0.1,0.001,0.001,-0.5,100.0,1000,0,0.0,0.029822176261817032,0.0,0.0012344364120137287
0.11,0.1,0.001,0.001,-0.5,1000.0,1000,0,0.0,0.0007684844298500329,0.0,5.875922187012241e-07
0.11,0.1,0.001,0.001,-0.2,10.0,1000,0,0.0,0.4441972434184538,0.0,0.48772720370968453
0.11,0.1,0.001,0.001,-0.2,100.0,1000,0,0.0,0.026533069482914326,0.0,0.0008523444859779292
0.11,0.1,0.001,0.001,-0.2,1000.0,1000,0,0.0,0.0008241025758436787,0.0,7.07773194524589e-07
0.11,0.1,0.001,0.001,-0.1,10.0,1000,0,0.0,0.4458295409600152,0.0,0.42177524941057765
0.11,0.1,0.001,0.001,-0.1,100.0,1000,0,0.0,0.02762148714413469,0.0,0.0009983129473402207
0.11,0.1,0.001,0.001,-0.1,1000.0,1000,0,0.0,0.0007280203850186346,0.0,5.544551733127193e-07
0.11,0.1,0.001,0.001,0.0,10.0,1000,0,0.0,0.42025715561451626,0.0,0.26702855822378313
0.11,0.1,0.001,0.001,0.0,100.0,1000,0,0.0,0.027292091462305483,0.0,0.0009791818028467229
0.11,0.1,0.001,0.001,0.0,1000.0,1000,0,0.0,0.0007697261884656568,0.0,5.703093068241011e-07
0.11,0.1,0.001,0.001,0.1,10.0,1000,0,0.0,0.4251048281820599,0.0,0.27763379031816976
0.11,0.1,0.001,0.001,0.1,100.0,1000,0,0.0,0.02555131762211092,0.0,0.0007145925698299283
0.11,0.1,0.001,0.001,0.1,1000.0,1000,0,0.0,0.0007598760522633172,0.0,7.775925030067046e-07
0.11,0.1,0.001,0.001,0.2,10.0,1000,0,0.0,0.4317937633498913,0.0,0.29943338045779233
0.11,0.1,0.001,0.001,0.2,100.0,1000,0,0.0,0.027858582843966452,0.0,0.0010181176053416577
0.11,0.1,0.001,0.001,0.2,1000.0,1000,0,0.0,0.0007564614216959278,0.0,5.559733970007585e-07
0.11,0.1,0.001,0.001,0.5,10.0,1000,0,0.0,0.41627817999180594,0.0,0.27500298621981356
0.11,0.1,0.001,0.001,0.5,100.0,1000,0,0.0,0.026589959429939584,0.0,0.000727991689805715
0.11,0.1,0.001,0.001,0.5,1000.0,1000,0,0.0,0.000768077385003912,0.0,6.120534853817697e-07
0.11,0.1,0.001,0.001,1.0,10.0,1000,0,0.0,0.3961225428120348,0.0,0.23520911813367137
0.11,0.1,0.001,0.001,1.0,100.0,1000,0,0.0,0.02679960208333228,0.0,0.0008823242392049474
0.11,0.1,0.001,0.001,1.0,1000.0,1000,0,0.0,0.000742837493318249,0.0,5.635723522091995e-07
0.11,0.1,0.001,0.1,-0.5,10.0,1000,0,0.0,0.3435629350091924,0.0,0.25454510068608704
0.11,0.1,0.001,0.1,-0.5,100.0,1000,0,0.0,0.021186134419801973,0.0,0.0004461906985866705
0.11,0.1,0.001,0.1,-0.5,1000.0,1000,0,0.0,0.0007231808571148701,0.0,7.111498272003298e-07
0.11,0.1,0.001,0.1,-0.2,10.0,1000,0,0.0,0.34265822988980105,0.0,0.3250060835805315
0.11,0.1,0.001,0.1,-0.2,100.0,1000,0,0.0,0.020879043066013715,0.0,0.0004826921482650127
0.11,0.1,0.001,0.1,-0.2,1000.0,1000,0,0.0,0.0007450458309419507,0.0,1.2267417474082891e-06
0.11,0.1,0.001,0.1,-0.1,10.0,1000,0,0.0,0.337566789441281,0.0,0.23761026716239048
0.11,0.1,0.001,0.1,-0.1,100.0,1000,0,0.0,0.02192172691821751,0.0,0.0005206827240986437
0.11,0.1,0.001,0.1,-0.1,1000.0,1000,0,0.0,0.0007388627126802344,0.0,5.064662881669529e-07
0.11,0.1,0.001,0.1,0.0,10.0,1000,0,0.0,0.31123041902030346,0.0,0.1511460351216064
0.11,0.1,0.001,0.1,0.0,100.0,1000,0,0.0,0.021886691496492177,0.0,0.0005153386630104732
0.11,0.1,0.001,0.1,0.0,1000.0,1000,0,0.0,0.0007473559975371075,0.0,5.335511311993985e-07
0.11,0.1,0.001,0.1,0.1,10.0,1000,0,0.0,0.32384233116008354,0.0,0.18272374230177632
0.11,0.1,0.001,0.1,0.1,100.0,1000,0,0.0,0.021331898518040234,0.0,0.0005393593213266747
0.11,0.1,0.001,0.1,0.1,1000.0,1000,0,0.0,0.0006952391199420787,0.0,4.6789969719367727e-07
0.11,0.1,0.001,0.1,0.2,10.0,1000,0,0.0,0.3385897500182089,0.0,0.26408006704846393
0.11,0.1,0.001,0.1,0.2,100.0,1000,0,0.0,0.021897474200163115,0.0,0.0007307408595098067
0.11,0.1,0.001,0.1,0.2,1000.0,1000,0,0.0,0.0007088183756972407,0.0,4.914718455327958e-07
0.11,0.1,0.001,0.1,0.5,10.0,1000,0,0.0,0.3298358510109455,0.0,0.24195189183341115
0.11,0.1,0.001,0.1,0.5,100.0,1000,0,0.0,0.0213584071364863,0.0,0.00046699938019268214
0.11,0.1,0.001,0.1,0.5,1000.0,1000,0,0.0,0.0007236499755237759,0.0,5.570691800128367e-07
0.11,0.1,0.001,0.1,1.0,10.0,1000,0,0.0,0.3476867828384083,0.0,0.2584595282933687
0.11,0.1,0.001,0.1,1.0,100.0,1000,0,0.0,0.021131673713039895,0.0,0.0004909061182259254
0.11,0.1,0.001,0.1,1.0,1000.0,1000,0,0.0,0.0007780175629535229,0.0,2.8889093815067925e-06
0.11,0.1,0.001,1.0,-0.5,10.0,1000,0,0.0,0.1813045078473626,0.0,0.2181459130547468
0.11,0.1,0.001,1.0,-0.5,100.0,1000,0,0.0,0.007955150022637712,0.0,0.0001914934031979098
0.11,0.1,0.001,1.0,-0.5,1000.0,1000,0,0.0,0.0004055129167152899,0.0,3.2472380438335376e-07
0.11,0.1,0.001,1.0,-0.2,10.0,1000,0,0.0,0.16528796427574288,0.0,0.17047260333591485
0.11,0.1,0.001,1.0,-0.2,100.0,1000,0,0.0,0.009648150063241627,0.0,0.0008877398733205332
0.11,0.1,0.001,1.0,-0.2,1000.0,1000,0,0.0,0.0004352421864166042,0.0,2.1202911060090524e-07
0.11,0.1,0.001,1.0,-0.1,10.0,1000,0,0.0,0.1757883254632763,0.0,0.21127554242699495
0.11,0.1,0.001,1.0,-0.1,100.0,1000,0,0.0,0.007680586126063956,0.0,7.114975685910374e-05
0.11,0.1,0.001,1.0,-0.1,1000.0,1000,0,0.0,0.000464716405441226,0.0,5.354760157043677e-07
0.11,0.1,0.001,1.0,0.0,10.0,1000,0,0.0,0.13383138893663307,0.0,0.08989516427755595
0.11,0.1,0.001,1.0,0.0,100.0,1000,0,0.0,0.007735160645694411,0.0,0.0001126758272632677
0.11,0.1,0.001,1.0,0.0,1000.0,1000,0,0.0,0.0004457895219323783,0.0,2.1098063198913642e-07
0.11,0.1,0.001,1.0,0.1,10.0,1000,0,0.0,0.15787522417862562,0.0,0.19359017725437305
0.11,0.1,0.001,1.0,0.1,100.0,1000,0,0.0,0.007999563698772213,0.0,0.0001593262458437513
0.11,0.1,0.001,1.0,0.1,1000.0,1000,0,0.0,0.00042510537772527847,0.0,1.639229394173911e-07
0.11,0.1,0.001,1.0,0.2,10.0,1000,0,0.0,0.1796146114598011,0.0,0.3203998223646122
0.11,0.1,0.001,1.0,0.2,100.0,1000,0,0.0,0.008361744105819975,0.0,0.00014474991583924158
0.11,0.1,0.001,1.0,0.2,1000.0,1000,0,0.0,0.00044486109981940785,0.0,3.495350800694335e-07
0.11,0.1,0.001,1.0,0.5,10.0,1000,0,0.0,0.1624176966853569,0.0,0.1920617864556741
0.11,0.1,0.001,1.0,0.5,100.0,1000,0,0.0,0.00801071409270579,0.0,0.00024295814473805147
0.11,0.1,0.001,1.0,0.5,1000.0,1000,0,0.0,0.00045172427113067534,0.0,2.3938705751873186e-07
0.11,0.1,0.001,1.0,1.0,10.0,1000,0,0.0,0.15839488946821303,0.0,0.1513973946270075
0.11,0.1,0.001,1.0,1.0,100.0,1000,0,0.0,0.00749930409163311,0.0,9.622303108208404e-05
0.11,0.1,0.001,1.0,1.0,1000.0,1000,0,0.0,0.0004562890398920304,0.0,2.9251865475244453e-07
0.12,0.0,0.0003,1e-05,-0.5,10.0,1000,0,0.0,0.0,0.0,0.0
0.12,0.0,0.0003,1e-05,-0.5,100.0,1000,0,0.0,0.0,0.0,0.0
0.12,0.0,0.0003,1e-05,-0.5,1000.0,1000,0,0.0,0.0,0.0,0.0
0.12,0.0,0.0003,1e-05,-0.2,10.0,1000,0,0.0,0.0,0.0,0.0
0.12,0.0,0.0003,1e-05,-0.2,100.0,1000,0,0.0,0.0,0.0,0.0
0.12,0.0,0.0003,1e-05,-0.2,1000.0,1000,0,0.0,0.0,0.0,0.0
0.12,0.0,0.0003,1e-05,-0.1,10.0,1000,0,0.0,0.0,0.0,0.0
0.12,0.0,0.0003,1e-05,-0.1,100.0,1000,0,0.0,0.0,0.0,0.0
0.12,0.0,0.0003,1e-05,-0.1,1000.0,1000,0,0.0,0.0,0.0,0.0
0.12,0.0,0.0003,1e-05,0.0,10.0,1000,0,0.0,0.0,0.0,0.0
0.12,0.0,0.0003,1e-05,0.0,100.0,1000,0,0.0,0.0,0.0,0.0
0.12,0.0,0.0003,1e-05,0.0,1000.0,1000,0,0.0,0.0,0.0,0.0
0.12,0.0,0.0003,1e-05,0.1,10.0,1000,0,0.0,0.0,0.0,0.0
0.12,0.0,0.0003,1e-05,0.1,100.0,1000,0,0.0,0.0,0.0,0.0
0.12,0.0,0.0003,1e-05,0.1,1000.0,1000,0,0.0,0.0,0.0,0.0
0.12,0.0,0.0003,1e-05,0.2,10.0,1000,0,0.0,0.0,0.0,0.0
0.12,0.0,0.0003,1e-05,0.2,100.0,1000,0,0.0,0.0,0.0,0.0
0.12,0.0,0.0003,1e-05,0.2,1000.0,1000,0,0.0,0.0,0.0,0.0
0.12,0.0,0.0003,1e-05,0.5,10.0,1000,0,0.0,0.0,0.0,0.0
0.12,0.0,0.0003,1e-05,0.5,100.0,1000,0,0.0,0.0,0.0,0.0
0.12,0.0,0.0003,1e-05,0.5,1000.0,1000,0,0.0,0.0,0.0,0.0
0.12,0.0,0.0003,1e-05,1.0,10.0,1000,0,0.0,0.0,0.0,0.0
0.12,0.0,0.0003,1e-05,1.0,100.0,1000,0,0.0,0.0,0.0,0.0
0.12,0.0,0.0003,1e-05,1.0,1000.0,1000,0,0.0,0.0,0.0,0.0
0.12,0.0,0.0003,0.001,-0.5,10.0,1000,0,0.0,0.0,0.0,0.0
0.12,0.0,0.0003,0.001,-0.5,100.0,1000,0,0.0,0.0,0.0,0.0
0.12,0.0,0.0003,0.001,-0.5,1000.0,1000,0,0.0,0.0,0.0,0.0
0.12,0.0,0.0003,0.001,-0.2,10.0,1000,0,0.0,0.0,0.0,0.0
0.12,0.0,0.0003,0.001,-0.2,100.0,1000,0,0.0,0.0,0.0,0.0
0.12,0.0,0.0003,0.001,-0.2,1000.0,1000,0,0.0,0.0,0.0,0.0
0.12,0.0,0.0003,0.001,-0.1,10.0,1000,0,0.0,0.0,0.0,0.0
0.12,0.0,0.0003,0.001,-0.1,100.0,1000,0,0.0,0.0,0.0,0.0
0.12,0.0,0.0003,0.001,-0.1,1000.0,1000,0,0.0,0.0,0.0,0.0
0.12,0.0,0.0003,0.001,0.0,10.0,1000,0,0.0,0.0,0.0,0.0
0.12,0.0,0.0003,0.001,0.0,100.0,1000,0,0.0,0.0,0.0,0.0
0.12,0.0,0.0003,0.001,0.0,1000.0,1000,0,0.0,0.0,0.0,0.0
0.12,0.0,0.0003,0.001,0.1,10.0,1000,0,0.0,0.0,0.0,0.0
0.12,0.0,0.0003,0.001,0.1,100.0,1000,0,0.0,0.0,0.0,0.0
0.12,0.0,0.0003,0.001,0.1,1000.0,1000,0,0.0,0.0,0.0,0.0
0.12,0.0,0.0003,0.001,0.2,10.0,1000,0,0.0,0.0,0.0,0.0
0.12,0.0,0.0003,0.001,0.2,100.0,1000,0,0.0,0.0,0.0,0.0
0.12,0.0,0.0003,0.001,0.2,1000.0,1000,0,0.0,0.0,0.0,0.0
0.12,0.0,0.0003,0.001,0.5,10.0,1000,0,0.0,0.0,0.0,0.0
0.12,0.0,0.0003,0.001,0.5,100.0,1000,0,0.0,0.0,0.0,0.0
0.12,0.0,0.0003,0.001,0.5,1000.0,1000,0,0.0,0.0,0.0,0.0
0.12,0.0,0.0003,0.001,1.0,10.0,1000,0,0.0,0.0,0.0,0.0
0.12,0.0,0.0003,0.001,1.0,100.0,1000,0,0.0,0.0,0.0,0.0
0.12,0.0,0.0003,0.001,1.0,1000.0,1000,0,0.0,0.0,0.0,0.0
0.12,0.0,0.0003,0.1,-0.5,10.0,1000,0,0.0,0.0,0.0,0.0
0.12,0.0,0.0003,0.1,-0.5,100.0,1000,0,0.0,0.0,0.0,0.0
0.12,0.0,0.0003,0.1,-0.5,1000.0,1000,0,0.0,0.0,0.0,0.0
0.12,0.0,0.0003,0.1,-0.2,10.0,1000,0,0.0,8.952342066713399,0.0,0.0
0.12,0.0,0.0003,0.1,-0.2,100.0,1000,0,0.0,0.0,0.0,0.0
0.12,0.0,0.0003,0.1,-0.2,1000.0,1000,0,0.0,8.743482205929483,0.0,0.0
0.12,0.0,0.0003,0.1,-0.1,10.0,1000,0,0.0,0.0,0.0,0.0
0.12,0.0,0.0003,0.1,-0.1,100.0,1000,0,0.0,17.61708348754191,0.0,220.93352955043406
0.12,0.0,0.0003,0.1,-0.1,1000.0,1000,0,0.0,0.0,0.0,0.0
0.12,0.0,0.0003,0.1,0.0,10.0,1000,0,0.0,8.446560655381072,0.0,0.0
0.12,0.0,0.0003,0.1,0.0,100.0,1000,0,0.0,12.447603175469036,0.0,42.93330035446146
0.12,0.0,0.0003,0.1,0.0,1000.0,1000,0,0.0,0.0,0.0,0.0
0.12,0.0,0.0003,0.1,0.1,10.0,1000,0,0.0,10.818535463331136,0.0,11.338786205871966
0.12,0.0,0.0003,0.1,0.1,100.0,1000,0,0.0,15.866503002763444,0.0,52.467878483713235
0.12,0.0,0.0003,0.1,0.1,1000.0,1000,0,0.0,0.0,0.0,0.0
0.12,0.0,0.0003,0.1,0.2,10.0,1000,0,0.0,26.437008514586786,0.0,11.006542144633645
0.12,0.0,0.0003,0.1,0.2,100.0,1000,0,0.0,14.927931343071352,0.0,85.85481029901784
0.12,0.0,0.0003,0.1,0.2,1000.0,1000,0,0.0,9.293833875360672,0.0,15.419963018096121
0.12,0.0,0.0003,0.1,0.5,10.0,1000,0,0.0,23.655146301264967,0.0,80.3778737045716
0.12,0.0,0.0003,0.1,0.5,100.0,1000,0,0.0,14.494976108236843,0.0,60.15009654675711
0.12,0.0,0.0003,0.1,0.5,1000.0,1000,0,0.0,16.108131137503342,0.0,75.09996444697983
0.12,0.0,0.0003,0.1,1.0,10.0,1000,0,0.0,18.43300526081821,0.0,156.14035389946977
0.12,0.0,0.0003,0.1,1.0,100.0,1000,0,0.0,15.129654493957686,0.0,84.47297174530975
0.12,0.0,0.0003,0.1,1.0,1000.0,1000,0,0.0,17.34225986189419,0.0,109.671572740558
0.12,0.0,0.0003,1.0,-0.5,10.0,1000,0,0.0,2.7218468809442418,0.0,2.2640490180219697
0.12,0.0,0.0003,1.0,-0.5,100.0,1000,0,0.0,2.173860992742179,0.0,2.391686295539825
0.12,0.0,0.0003,1.0,-0.5,1000.0,1000,0,0.0,3.3244895365671248,0.0,0.0
0.12,0.0,0.0003,1.0,-0.2,10.0,1000,0,0.0,3.6786727041214093,0.0,6.005329572808845
0.12,0.0,0.0003,1.0,-0.2,100.0,1000,0,0.0,3.3522090011890824,0.0,5.441595069910499
0.12,0.0,0.0003,1.0,-0.2,1000.0,1000,0,0.0,2.4132713407671047,0.0,2.1604416236132518
0.12,0.0,0.0003,1.0,-0.1,10.0,1000,0,0.0,3.5778292652671366,0.0,6.377368713532428
0.12,0.0,0.0003,1.0,-0.1,100.0,1000,0,0.0,3.0326313994335607,0.0,4.24455785528815
0.12,0.0,0.0003,1.0,-0.1,1000.0,1000,0,0.0,3.036129956428749,0.0,4.140430958510156
0.12,0.0,0.0003,1.0,0.0,10.0,1000,0,0.0,3.3852475076094026,0.0,5.276552132138965
0.12,0.0,0.0003,1.0,0.0,100.0,1000,0,0.0,2.6987541111905924,0.0,2.3541144122010578
0.12,0.0,0.0003,1.0,0.0,1000.0,1000,0,0.0,2.424609674218648,0.0,1.9554020311589857
0.12,0.0,0.0003,1.0,0.1,10.0,1000,0,0.0,4.357996317795607,0.0,11.245703976859714
0.12,0.0,0.0003,1.0,0.1,100.0,1000,0,0.0,2.852768718644503,0.0,2.989495839117953
0.12,0.0,0.0003,1.0,0.1,1000.0,1000,0,0.0,2.6107113256720025,0.0,2.686606946700606
0.12,0.0,0.0003,1.0,0.2,10.0,1000,0,0.0,4.053237927188666,0.0,7.401442464427157
0.12,0.0,0.0003,1.0,0.2,100.0,1000,0,0.0,2.6117184057679266,0.0,2.796575014642533
0.12,0.0,0.0003,1.0,0.2,1000.0,1000,0,0.0,2.714934324782903,0.0,3.0515639447117353
0.12,0.0,0.0003,1.0,0.5,10.0,1000,0,0.0,4.417506192860691,0.0,13.78074571153052
0.12,0.0,0.0003,1.0,0.5,100.0,999,1,0.5714285714285714,2.2383699492211475,0.0,2.0051718529051294
0.12,0.0,0.0003,1.0,0.5,1000.0,999,1,0.0,2.105353296036354,0.0,1.6876947920224985
0.12,0.0,0.0003,1.0,1.0,10.0,965,35,0.7322805583669688,3.799314472835935,0.043457144119209125,14.402305917181637
0.12,0.0,0.0003,1.0,1.0,100.0,901,99,0.77673370651221,1.656959487454631,0.03164566742905953,1.025528230443651
0.12,0.0,0.0003,1.0,1.0,1000.0,931,69,0.7516262395040847,1.7792932625967843,0.04451862767079844,1.4393831069673166
0.12,0.0,0.0001,1e-05,-0.5,10.0,1000,0,0.0,0.0,0.0,0.0
0.12,0.0,0.0001,1e-05,-0.5,100.0,1000,0,0.0,0.0,0.0,0.0
0.12,0.0,0.0001,1e-05,-0.5,1000.0,1000,0,0.0,0.0,0.0,0.0
0.12,0.0,0.0001,1e-05,-0.2,10.0,1000,0,0.0,0.0,0.0,0.0
0.12,0.0,0.0001,1e-05,-0.2,100.0,1000,0,0.0,0.0,0.0,0.0
0.12,0.0,0.0001,1e-05,-0.2,1000.0,1000,0,0.0,0.0,0.0,0.0
0.12,0.0,0.0001,1e-05,-0.1,10.0,1000,0,0.0,0.0,0.0,0.0
0.12,0.0,0.0001,1e-05,-0.1,100.0,1000,0,0.0,0.0,0.0,0.0
0.12,0.0,0.0001,1e-05,-0.1,1000.0,1000,0,0.0,0.0,0.0,0.0
0.12,0.0,0.0001,1e-05,0.0,10.0,1000,0,0.0,0.0,0.0,0.0
0.12,0.0,0.0001,1e-05,0.0,100.0,1000,0,0.0,0.0,0.0,0.0
0.12,0.0,0.0001,1e-05,0.0,1000.0,1000,0,0.0,0.0,0.0,0.0
0.12,0.0,0.0001,1e-05,0.1,10.0,1000,0,0.0,0.0,0.0,0.0
0.12,0.0,0.0001,1e-05,0.1,100.0,1000,0,0.0,0.0,0.0,0.0
0.12,0.0,0.0001,1e-05,0.1,1000.0,1000,0,0.0,0.0,0.0,0.0
0.12,0.0,0.0001,1e-05,0.2,10.0,1000,0,0.0,0.0,0.0,0.0
0.12,0.0,0.0001,1e-05,0.2,100.0,1000,0,0.0,0.0,0.0,0.0
0.12,0.0,0.0001,1e-05,0.2,1000.0,1000,0,0.0,0.0,0.0,0.0
0.12,0.0,0.0001,1e-05,0.5,10.0,1000,0,0.0,0.0,0.0,0.0
0.12,0.0,0.0001,1e-05,0.5,100.0,1000,0,0.0,0.0,0.0,0.0
0.12,0.0,0.0001,1e-05,0.5,1000.0,1000,0,0.0,0.0,0.0,0.0
0.12,0.0,0.0001,1e-05,1.0,10.0,1000,0,0.0,0.0,0.0,0.0
0.12,0.0,0.0001,1e-05,1.0,100.0,1000,0,0.0,0.0,0.0,0.0
0.12,0.0,0.0001,1e-05,1.0,1000.0,1000,0,0.0,0.0,0.0,0.0
0.12,0.0,0.0001,0.001,-0.5,10.0,1000,0,0.0,0.0,0.0,0.0
0.12,0.0,0.0001,0.001,-0.5,100.0,1000,0,0.0,0.0,0.0,0.0
0.12,0.0,0.0001,0.001,-0.5,1000.0,1000,0,0.0,0.0,0.0,0.0
0.12,0.0,0.0001,0.001,-0.2,10.0,1000,0,0.0,0.0,0.0,0.0
0.12,0.0,0.0001,0.001,-0.2,100.0,1000,0,0.0,0.0,0.0,0.0
0.12,0.0,0.0001,0.001,-0.2,1000.0,1000,0,0.0,0.0,0.0,0.0
0.12,0.0,0.0001,0.001,-0.1,10.0,1000,0,0.0,0.0,0.0,0.0
0.12,0.0,0.0001,0.001,-0.1,100.0,1000,0,0.0,0.0,0.0,0.0
0.12,0.0,0.0001,0.001,-0.1,1000.0,1000,0,0.0,0.0,0.0,0.0
0.12,0.0,0.0001,0.001,0.0,10.0,1000,0,0.0,0.0,0.0,0.0
0.12,0.0,0.0001,0.001,0.0,100.0,1000,0,0.0,0.0,0.0,0.0
0.12,0.0,0.0001,0.001,0.0,1000.0,1000,0,0.0,0.0,0.0,0.0
0.12,0.0,0.0001,0.001,0.1,10.0,1000,0,0.0,0.0,0.0,0.0
0.12,0.0,0.0001,0.001,0.1,100.0,1000,0,0.0,0.0,0.0,0.0
0.12,0.0,0.0001,0.001,0.1,1000.0,1000,0,0.0,0.0,0.0,0.0
0.12,0.0,0.0001,0.001,0.2,10.0,1000,0,0.0,0.0,0.0,0.0
0.12,0.0,0.0001,0.001,0.2,100.0,1000,0,0.0,0.0,0.0,0.0
0.12,0.0,0.0001,0.001,0.2,1000.0,1000,0,0.0,0.0,0.0,0.0
0.12,0.0,0.0001,0.001,0.5,10.0,1000,0,0.0,0.0,0.0,0.0
0.12,0.0,0.0001,0.001,0.5,100.0,1000,0,0.0,0.0,0.0,0.0
0.12,0.0,0.0001,0.001,0.5,1000.0,1000,0,0.0,0.0,0.0,0.0
0.12,0.0,0.0001,0.001,1.0,10.0,1000,0,0.0,0.0,0.0,0.0
0.12,0.0,0.0001,0.001,1.0,100.0,1000,0,0.0,0.0,0.0,0.0
0.12,0.0,0.0001,0.001,1.0,1000.0,1000,0,0.0,0.0,0.0,0.0
0.12,0.0,0.0001,0.1,-0.5,10.0,1000,0,0.0,0.0,0.0,0.0
0.12,0.0,0.0001,0.1,-0.5,100.0,1000,0,0.0,0.0,0.0,0.0
0.12,0.0,0.0001,0.1,-0.5,1000.0,1000,0,0.0,0.0,0.0,0.0
0.12,0.0,0.0001,0.1,-0.2,10.0,1000,0,0.0,0.0,0.0,0.0
0.12,0.0,0.0001,0.1,-0.2,100.0,1000,0,0.0,0.0,0.0,0.0
0.12,0.0,0.0001,0.1,-0.2,1000.0,1000,0,0.0,0.0,0.0,0.0
0.12,0.0,0.0001,0.1,-0.1,10.0,1000,0,0.0,0.0,0.0,0.0
0.12,0.0,0.0001,0.1,-0.1,100.0,1000,0,0.0,0.0,0.0,0.0
0.12,0.0,0.0001,0.1,-0.1,1000.0,1000,0,0.0,0.0,0.0,0.0
0.12,0.0,0.0001,0.1,0.0,10.0,1000,0,0.0,0.0,0.0,0.0
0.12,0.0,0.0001,0.1,0.0,100.0,1000,0,0.0,0.0,0.0,0.0
0.12,0.0,0.0001,0.1,0.0,1000.0,1000,0,0.0,0.0,0.0,0.0
0.12,0.0,0.0001,0.1,0.1,10.0,1000,0,0.0,0.0,0.0,0.0
0.12,0.0,0.0001,0.1,0.1,100.0,1000,0,0.0,0.0,0.0,0.0
0.12,0.0,0.0001,0.1,0.1,1000.0,1000,0,0.0,0.0,0.0,0.0
0.12,0.0,0.0001,0.1,0.2,10.0,1000,0,0.0,0.0,0.0,0.0
0.12,0.0,0.0001,0.1,0.2,100.0,1000,0,0.0,0.0,0.0,0.0
0.12,0.0,0.0001,0.1,0.2,1000.0,1000,0,0.0,0.0,0.0,0.0
0.12,0.0,0.0001,0.1,0.5,10.0,1000,0,0.0,0.0,0.0,0.0
0.12,0.0,0.0001,0.1,0.5,100.0,1000,0,0.0,0.0,0.0,0.0
0.12,0.0,0.0001,0.1,0.5,1000.0,1000,0,0.0,0.0,0.0,0.0
0.12,0.0,0.0001,0.1,1.0,10.0,1000,0,0.0,0.0,0.0,0.0
0.12,0.0,0.0001,0.1,1.0,100.0,1000,0,0.0,14.768887088078271,0.0,0.0
0.12,0.0,0.0001,0.1,1.0,1000.0,1000,0,0.0,31.44823429107114,0.0,461.3105012748743
0.12,0.0,0.0001,1.0,-0.5,10.0,1000,0,0.0,0.0,0.0,0.0
0.12,0.0,0.0001,1.0,-0.5,100.0,1000,0,0.0,0.0,0.0,0.0
0.12,0.0,0.0001,1.0,-0.5,1000.0,1000,0,0.0,0.0,0.0,0.0
0.12,0.0,0.0001,1.0,-0.2,10.0,1000,0,0.0,0.0,0.0,0.0
0.12,0.0,0.0001,1.0,-0.2,100.0,1000,0,0.0,3.477695377676661,0.0,0.0
0.12,0.0,0.0001,1.0,-0.2,1000.0,1000,0,0.0,0.0,0.0,0.0
0.12,0.0,0.0001,1.0,-0.1,10.0,1000,0,0.0,0.0,0.0,0.0
0.12,0.0,0.0001,1.0,-0.1,100.0,1000,0,0.0,7.529754853767251,0.0,7.472255887542556
0.12,0.0,0.0001,1.0,-0.1,1000.0,1000,0,0.0,7.28205518234093,0.0,2.5453843599265427
0.12,0.0,0.0001,1.0,0.0,10.0,1000,0,0.0,0.0,0.0,0.0
0.12,0.0,0.0001,1.0,0.0,100.0,1000,0,0.0,9.78115713800511,0.0,38.80850816630497
0.12,0.0,0.0001,1.0,0.0,1000.0,1000,0,0.0,9.489623389424777,0.0,23.455681028599006
0.12,0.0,0.0001,1.0,0.1,10.0,1000,0,0.0,18.67247350338055,0.0,92.08376582526486
0.12,0.0,0.0001,1.0,0.1,100.0,1000,0,0.0,8.453660334113144,0.0,21.71822849946213
0.12,0.0,0.0001,1.0,0.1,1000.0,1000,0,0.0,7.329851427545645,0.0,14.933224914106377
0.12,0.0,0.0001,1.0,0.2,10.0,1000,0,0.0,42.38923821872114,0.0,745.9115454333587
0.12,0.0,0.0001,1.0,0.2,100.0,1000,0,0.0,9.180304945791194,0.0,46.054961690251005
0.12,0.0,0.0001,1.0,0.2,1000.0,1000,0,0.0,8.879225972987118,0.0,22.220059930451455
0.12,0.0,0.0001,1.0,0.5,10.0,991,9,0.5643109878959152,41.440771595031826,0.09728844748816895,573.704211282076
0.12,0.0,0.0001,1.0,0.5,100.0,905,95,0.6197771855832539,5.660260858687828,0.06406679273576932,9.157326429847013
0.12,0.0,0.0001,1.0,0.5,1000.0,893,107,0.6186701517945458,5.782913719308319,0.05824077986439924,7.707374178905851
0.12,0.0,0.0001,1.0,1.0,10.0,848,152,0.7953407437196188,50.26055607672995,0.008256649092322014,1130.4427939281934
0.12,0.0,0.0001,1.0,1.0,100.0,592,408,0.801272306724479,3.4699770180802463,0.004519780477214634,2.4256991709069475
0.12,0.0,0.0001,1.0,1.0,1000.0,604,396,0.8002150466253868,3.0894537043900354,0.004426120516121378,1.8573716394419395
0.12,0.0,0.003,1e-05,-0.5,10.0,1000,0,0.0,0.45980965140716784,0.0,0.20263269642699092
0.12,0.0,0.003,1e-05,-0.5,100.0,1000,0,0.0,0.021168195452674014,0.0,0.0004183278057698784
0.12,0.0,0.003,1e-05,-0.5,1000.0,1000,0,0.0,0.00033172505331591706,0.0,9.394845791370528e-08
0.12,0.0,0.003,1e-05,-0.2,10.0,1000,0,0.0,0.46571251550044235,0.0,0.20679482764123458
0.12,0.0,0.003,1e-05,-0.2,100.0,1000,0,0.0,0.02059801945259756,0.0,0.00043401000618712083
0.12,0.0,0.003,1e-05,-0.2,1000.0,1000,0,0.0,0.00032703514669167285,0.0,1.0943632462249313e-07
0.12,0.0,0.003,1e-05,-0.1,10.0,1000,0,0.0,0.48424178082001623,0.0,0.2770096569700571
0.12,0.0,0.003,1e-05,-0.1,100.0,1000,0,0.0,0.021136513147705156,0.0,0.00045769667433253686
0.12,0.0,0.003,1e-05,-0.1,1000.0,1000,0,0.0,0.00032090962630538144,0.0,1.050757771408455e-07
0.12,0.0,0.003,1e-05,0.0,10.0,1000,0,0.0,0.4658496505350405,0.0,0.20767588314538335
0.12,0.0,0.003,1e-05,0.0,100.0,1000,0,0.0,0.02076601192212196,0.0,0.00046223247523434637
0.12,0.0,0.003,1e-05,0.0,1000.0,1000,0,0.0,0.0003017059681826676,0.0,8.929915406472545e-08
0.12,0.0,0.003,1e-05,0.1,10.0,1000,0,0.0,0.47836038252023083,0.0,0.20770735575086963
0.12,0.0,0.003,1e-05,0.1,100.0,1000,0,0.0,0.021596538043212668,0.0,0.0004932320253667119
0.12,0.0,0.003,1e-05,0.1,1000.0,1000,0,0.0,0.00030958532771074,0.0,9.876005103244869e-08
0.12,0.0,0.003,1e-05,0.2,10.0,1000,0,0.0,0.48733223010383353,0.0,0.27235884359790896
0.12,0.0,0.003,1e-05,0.2,100.0,1000,0,0.0,0.02117104836117641,0.0,0.00044499428338698124
0.12,0.0,0.003,1e-05,0.2,1000.0,1000,0,0.0,0.0003241016376565105,0.0,1.0908599081154111e-07
0.12,0.0,0.003,1e-05,0.5,10.0,1000,0,0.0,0.4874685520072503,0.0,0.2690330051273199
0.12,0.0,0.003,1e-05,0.5,100.0,1000,0,0.0,0.02135942035603395,0.0,0.0004369685122867025
0.12,0.0,0.003,1e-05,0.5,1000.0,1000,0,0.0,0.000316811375917811,0.0,1.005720218519685e-07
0.12,0.0,0.003,1e-05,1.0,10.0,1000,0,0.0,0.4659549497315443,0.0,0.20201994395110048
0.12,0.0,0.003,1e-05,1.0,100.0,1000,0,0.0,0.020514193166009623,0.0,0.0004199739862702045
0.12,0.0,0.003,1e-05,1.0,1000.0,1000,0,0.0,0.00031703239452756494,0.0,1.0995667771303138e-07
0.12,0.0,0.003,0.001,-0.5,10.0,1000,0,0.0,0.4695954875957816,0.0,0.19087988469849573
0.12,0.0,0.003,0.001,-0.5,100.0,1000,0,0.0,0.021841315315234068,0.0,0.00048558230684726507
0.12,0.0,0.003,0.001,-0.5,1000.0,1000,0,0.0,0.00031768989924040416,0.0,1.0938033651354676e-07
0.12,0.0,0.003,0.001,-0.2,10.0,1000,0,0.0,0.45354500922975477,0.0,0.19450462721605874
0.12,0.0,0.003,0.001,-0.2,100.0,1000,0,0.0,0.022409051945068145,0.0,0.0004808536368122468
0.12,0.0,0.003,0.001,-0.2,1000.0,1000,0,0.0,0.00030266476438317136,0.0,8.609952697570379e-08
0.12,0.0,0.003,0.001,-0.1,10.0,1000,0,0.0,0.4948998840641788,0.0,0.22279219010073426
0.12,0.0,0.003,0.001,-0.1,100.0,1000,0,0.0,0.020306830504980083,0.0,0.00044777392346962
0.12,0.0,0.003,0.001,-0.1,1000.0,1000,0,0.0,0.0003087537922716254,0.0,9.854919474110299e-08
0.12,0.0,0.003,0.001,0.0,10.0,1000,0,0.0,0.4405693916248325,0.0,0.18166187002939382
0.12,0.0,0.003,0.001,0.0,100.0,1000,0,0.0,0.02012830520723038,0.0,0.00039832304089445694
0.12,0.0,0.003,0.001,0.0,1000.0,1000,0,0.0,0.0003108086308670867,0.0,8.802470222400514e-08
0.12,0.0,0.003,0.001,0.1,10.0,1000,0,0.0,0.46772038034247737,0.0,0.21062053262674021
0.12,0.0,0.003,0.001,0.1,100.0,1000,0,0.0,0.019625337347218434,0.0,0.00040306781729064733
0.12,0.0,0.003,0.001,0.1,1000.0,1000,0,0.0,0.0002999861041180669,0.0,8.61161775400557e-08
0.12,0.0,0.003,0.001,0.2,10.0,1000,0,0.0,0.4434949099645514,0.0,0.17228884599580196
0.12,0.0,0.003,0.001,0.2,100.0,1000,0,0.0,0.022172608626005556,0.0,0.0004706689448933456
0.12,0.0,0.003,0.001,0.2,1000.0,1000,0,0.0,0.00033671322841724474,0.0,1.1815230466292913e-07
0.12,0.0,0.003,0.001,0.5,10.0,1000,0,0.0,0.48442877570374976,0.0,0.21336019840320847
0.12,0.0,0.003,0.001,0.5,100.0,1000,0,0.0,0.021743214312509074,0.0,0.0005024060554623534
0.12,0.0,0.003,0.001,0.5,1000.0,1000,0,0.0,0.0003084487537515053,0.0,8.97094046555331e-08
0.12,0.0,0.003,0.001,1.0,10.0,1000,0,0.0,0.47064444233394526,0.0,0.22869398222356543
0.12,0.0,0.003,0.001,1.0,100.0,1000,0,0.0,0.02127289958187305,0.0,0.0004257264839448029
0.12,0.0,0.003,0.001,1.0,1000.0,1000,0,0.0,0.0003099659556011545,0.0,9.236017551419687e-08
0.12,0.0,0.003,0.1,-0.5,10.0,1000,0,0.0,0.3399174219239656,0.0,0.12796634055055994
0.12,0.0,0.003,0.1,-0.5,100.0,1000,0,0.0,0.017176230261518613,0.0,0.0002993461410920728
0.12,0.0,0.003,0.1,-0.5,1000.0,1000,0,0.0,0.0002940886245287243,0.0,8.057087169816009e-08
0.12,0.0,0.003,0.1,-0.2,10.0,1000,0,0.0,0.30690872595743446,0.0,0.09260225286019719
0.12,0.0,0.003,0.1,-0.2,100.0,1000,0,0.0,0.017088191652519364,0.0,0.00029524346709797894
0.12,0.0,0.003,0.1,-0.2,1000.0,1000,0,0.0,0.0003118325761467038,0.0,9.099719774580748e-08
0.12,0.0,0.003,0.1,-0.1,10.0,1000,0,0.0,0.32557011123946167,0.0,0.1122348019958414
0.12,0.0,0.003,0.1,-0.1,100.0,1000,0,0.0,0.01692561356654352,0.0,0.0002758363149182799
0.12,0.0,0.003,0.1,-0.1,1000.0,1000,0,0.0,0.0003143665302639156,0.0,9.849371019610172e-08
0.12,0.0,0.003,0.1,0.0,10.0,1000,0,0.0,0.32461073333576146,0.0,0.11516136268854205
0.12,0.0,0.003,0.1,0.0,100.0,1000,0,0.0,0.01657681596267393,0.0,0.0002961720918438421
0.12,0.0,0.003,0.1,0.0,1000.0,1000,0,0.0,0.0002926229163427621,0.0,8.179880011336652e-08
0.12,0.0,0.003,0.1,0.1,10.0,1000,0,0.0,0.32652463173341867,0.0,0.10296957150077476
0.12,0.0,0.003,0.1,0.1,100.0,1000,0,0.0,0.01729553118919491,0.0,0.00028170959664017547
0.12,0.0,0.003,0.1,0.1,1000.0,1000,0,0.0,0.00029093705537556547,0.0,8.002730747438471e-08
0.12,0.0,0.003,0.1,0.2,10.0,1000,0,0.0,0.3077710559006284,0.0,0.09249159853070325
0.12,0.0,0.003,0.1,0.2,100.0,1000,0,0.0,0.01685970216174246,0.0,0.00025395153525339844
0.12,0.0,0.003,0.1,0.2,1000.0,1000,0,0.0,0.0003055461545207532,0.0,8.026005316441758e-08
0.12,0.0,0.003,0.1,0.5,10.0,1000,0,0.0,0.326056919335625,0.0,0.1003056390497113
0.12,0.0,0.003,0.1,0.5,100.0,1000,0,0.0,0.017866546202503244,0.0,0.00036475291276426064
0.12,0.0,0.003,0.1,0.5,1000.0,1000,0,0.0,0.0003108286641118597,0.0,1.1218822209404518e-07
0.12,0.0,0.003,0.1,1.0,10.0,1000,0,0.0,0.3358560706073715,0.0,0.11803753499944511
0.12,0.0,0.003,0.1,1.0,100.0,1000,0,0.0,0.016818363078047408,0.0,0.0002878385854058962
0.12,0.0,0.003,0.1,1.0,1000.0,1000,0,0.0,0.0003011518315007047,0.0,8.99935380073374e-08
0.12,0.0,0.003,1.0,-0.5,10.0,1000,0,0.0,0.0861520680302529,0.0,0.007112067851767359
0.12,0.0,0.003,1.0,-0.5,100.0,1000,0,0.0,0.006955398606929384,0.0,5.117253384324605e-05
0.12,0.0,0.003,1.0,-0.5,1000.0,1000,0,0.0,0.00023465738694310295,0.0,5.547189050057126e-08
0.12,0.0,0.003,1.0,-0.2,10.0,1000,0,0.0,0.08422433845670406,0.0,0.007129686887732218
0.12,0.0,0.003,1.0,-0.2,100.0,1000,0,0.0,0.006808568658432311,0.0,4.825053376400364e-05
0.12,0.0,0.003,1.0,-0.2,1000.0,1000,0,0.0,0.000241822983153604,0.0,6.022918716878731e-08
0.12,0.0,0.003,1.0,-0.1,10.0,1000,0,0.0,0.08700679759443092,0.0,0.0075691271914608066
0.12,0.0,0.003,1.0,-0.1,100.0,1000,0,0.0,0.007040493428990416,0.0,5.2694332368963603e-05
0.12,0.0,0.003,1.0,-0.1,1000.0,1000,0,0.0,0.0002386896678337259,0.0,6.038150059903957e-08
0.12,0.0,0.003,1.0,0.0,10.0,1000,0,0.0,0.08095404325636188,0.0,0.006226509216454612
0.12,0.0,0.003,1.0,0.0,100.0,1000,0,0.0,0.006735676689419298,0.0,4.7224721108801775e-05
0.12,0.0,0.003,1.0,0.0,1000.0,1000,0,0.0,0.0002448564007970975,0.0,6.148599549807306e-08
0.12,0.0,0.003,1.0,0.1,10.0,1000,0,0.0,0.08136718093702587,0.0,0.006639933749198075
0.12,0.0,0.003,1.0,0.1,100.0,1000,0,0.0,0.006787664331439714,0.0,4.702268066567956e-05
0.12,0.0,0.003,1.0,0.1,1000.0,1000,0,0.0,0.00026252321956676,0.0,7.045934284253999e-08
0.12,0.0,0.003,1.0,0.2,10.0,1000,0,0.0,0.08460221902699011,0.0,0.008447080071922856
0.12,0.0,0.003,1.0,0.2,100.0,1000,0,0.0,0.006900948255084302,0.0,4.6335837232253736e-05
0.12,0.0,0.003,1.0,0.2,1000.0,1000,0,0.0,0.00025589198244449843,0.0,7.088528636851973e-08
0.12,0.0,0.003,1.0,0.5,10.0,1000,0,0.0,0.0805484006544337,0.0,0.00672860272563364
0.12,0.0,0.003,1.0,0.5,100.0,1000,0,0.0,0.006997513636941089,0.0,4.5264238489652925e-05
0.12,0.0,0.003,1.0,0.5,1000.0,1000,0,0.0,0.0002439933355377948,0.0,5.976290993640888e-08
0.12,0.0,0.003,1.0,1.0,10.0,1000,0,0.0,0.0829892337704818,0.0,0.006180761330626948
0.12,0.0,0.003,1.0,1.0,100.0,1000,0,0.0,0.006771770278817457,0.0,4.680523216079184e-05
0.12,0.0,0.003,1.0,1.0,1000.0,1000,0,0.0,0.00024487711306414155,0.0,5.7312312116366946e-08
0.12,0.0,0.001,1e-05,-0.5,10.0,1000,0,0.0,0.0,0.0,0.0
0.12,0.0,0.001,1e-05,-0.5,100.0,1000,0,0.0,0.0,0.0,0.0
0.12,0.0,0.001,1e-05,-0.5,1000.0,1000,0,0.0,0.0,0.0,0.0
0.12,0.0,0.001,1e-05,-0.2,10.0,1000,0,0.0,0.16363834117367787,0.0,0.0
0.12,0.0,0.001,1e-05,-0.2,100.0,1000,0,0.0,0.0,0.0,0.0
0.12,0.0,0.001,1e-05,-0.2,1000.0,1000,0,0.0,0.0,0.0,0.0
0.12,0.0,0.001,1e-05,-0.1,10.0,1000,0,0.0,0.0,0.0,0.0
0.12,0.0,0.001,1e-05,-0.1,100.0,1000,0,0.0,0.0,0.0,0.0
0.12,0.0,0.001,1e-05,-0.1,1000.0,1000,0,0.0,0.0,0.0,0.0
0.12,0.0,0.001,1e-05,0.0,10.0,1000,0,0.0,0.0,0.0,0.0
0.12,0.0,0.001,1e-05,0.0,100.0,1000,0,0.0,0.0,0.0,0.0
0.12,0.0,0.001,1e-05,0.0,1000.0,1000,0,0.0,0.0,0.0,0.0
0.12,0.0,0.001,1e-05,0.1,10.0,1000,0,0.0,0.0,0.0,0.0
0.12,0.0,0.001,1e-05,0.1,100.0,1000,0,0.0,0.0,0.0,0.0
0.12,0.0,0.001,1e-05,0.1,1000.0,1000,0,0.0,0.0,0.0,0.0
0.12,0.0,0.001,1e-05,0.2,10.0,1000,0,0.0,0.0,0.0,0.0
0.12,0.0,0.001,1e-05,0.2,100.0,1000,0,0.0,0.0,0.0,0.0
0.12,0.0,0.001,1e-05,0.2,1000.0,1000,0,0.0,0.0,0.0,0.0
0.12,0.0,0.001,1e-05,0.5,10.0,1000,0,0.0,3.0447217176137036,0.0,0.0
0.12,0.0,0.001,1e-05,0.5,100.0,1000,0,0.0,0.0,0.0,0.0
0.12,0.0,0.001,1e-05,0.5,1000.0,1000,0,0.0,0.0,0.0,0.0
0.12,0.0,0.001,1e-05,1.0,10.0,1000,0,0.0,19.18045018029305,0.0,0.0
0.12,0.0,0.001,1e-05,1.0,100.0,1000,0,0.0,0.0,0.0,0.0
0.12,0.0,0.001,1e-05,1.0,1000.0,1000,0,0.0,0.0,0.0,0.0
0.12,0.0,0.001,0.001,-0.5,10.0,1000,0,0.0,7.67801160319889,0.0,130.00013524247086
0.12,0.0,0.001,0.001,-0.5,100.0,1000,0,0.0,26.79112060627623,0.0,199.623367000007
0.12,0.0,0.001,0.001,-0.5,1000.0,1000,0,0.0,4.843783028973471,0.0,1.428659563129394
0.12,0.0,0.001,0.001,-0.2,10.0,1000,0,0.0,11.956827855119455,0.0,88.50203290366554
0.12,0.0,0.001,0.001,-0.2,100.0,1000,0,0.0,4.138684791858085,0.0,7.199212042135602
0.12,0.0,0.001,0.001,-0.2,1000.0,1000,0,0.0,2.1965737805793504,0.0,0.0
0.12,0.0,0.001,0.001,-0.1,10.0,1000,0,0.0,8.195926811754253,0.0,70.84000028475236
0.12,0.0,0.001,0.001,-0.1,100.0,1000,0,0.0,3.1096926573620602,0.0,3.704747185274815
0.12,0.0,0.001,0.001,-0.1,1000.0,1000,0,0.0,1.1847104806057172,0.0,0.0693735948524935
0.12,0.0,0.001,0.001,0.0,10.0,1000,0,0.0,5.446330365654894,0.0,30.67302935436311
0.12,0.0,0.001,0.001,0.0,100.0,1000,0,0.0,8.43109900152448,0.0,52.7809097236037
0.12,0.0,0.001,0.001,0.0,1000.0,1000,0,0.0,4.4296268424117775,0.0,12.080921654752702
0.12,0.0,0.001,0.001,0.1,10.0,1000,0,0.0,7.936060046826557,0.0,48.41397405554617
0.12,0.0,0.001,0.001,0.1,100.0,1000,0,0.0,7.2855835788951255,0.0,24.275344706347322
0.12,0.0,0.001,0.001,0.1,1000.0,1000,0,0.0,0.0,0.0,0.0
0.12,0.0,0.001,0.001,0.2,10.0,1000,0,0.0,8.084773399340616,0.0,42.15327217174802
0.12,0.0,0.001,0.001,0.2,100.0,1000,0,0.0,6.2478615111755005,0.0,35.78048858584734
0.12,0.0,0.001,0.001,0.2,1000.0,1000,0,0.0,0.7819970781539292,0.0,0.30754205062386014
0.12,0.0,0.001,0.001,0.5,10.0,1000,0,0.0,10.105299396933113,0.0,32.61670478284421
0.12,0.0,0.001,0.001,0.5,100.0,1000,0,0.0,4.653238042745521,0.0,26.3630189573725
0.12,0.0,0.001,0.001,0.5,1000.0,1000,0,0.0,2.814817814837434,0.0,9.94992472131304
0.12,0.0,0.001,0.001,1.0,10.0,1000,0,0.0,4.616985031684093,0.0,8.822097048194482
0.12,0.0,0.001,0.001,1.0,100.0,1000,0,0.0,6.28323216398551,0.0,30.301165864876644
0.12,0.0,0.001,0.001,1.0,1000.0,1000,0,0.0,1.9660328757555938,0.0,1.2474096079580907
0.12,0.0,0.001,0.1,-0.5,10.0,1000,0,0.0,4.198023463528212,0.0,20.082063915439242
0.12,0.0,0.001,0.1,-0.5,100.0,1000,0,0.0,3.1746689495213394,0.0,9.979464180502669
0.12,0.0,0.001,0.1,-0.5,1000.0,1000,0,0.0,1.8845921417517524,0.0,6.124372728212411
0.12,0.0,0.001,0.1,-0.2,10.0,1000,0,0.0,3.6798925539307956,0.0,13.010428081786555
0.12,0.0,0.001,0.1,-0.2,100.0,1000,0,0.0,2.9280353120963034,0.0,9.524833310009223
0.12,0.0,0.001,0.1,-0.2,1000.0,1000,0,0.0,1.621673836991877,0.0,4.58953344682528
0.12,0.0,0.001,0.1,-0.1,10.0,1000,0,0.0,3.2705592793798597,0.0,9.495389557912375
0.12,0.0,0.001,0.1,-0.1,100.0,1000,0,0.0,2.6989890193604618,0.0,6.880113197519863
0.12,0.0,0.001,0.1,-0.1,1000.0,1000,0,0.0,2.0211745597032973,0.0,5.1213482151375835
0.12,0.0,0.001,0.1,0.0,10.0,1000,0,0.0,3.295856833814397,0.0,10.666061835330213
0.12,0.0,0.001,0.1,0.0,100.0,1000,0,0.0,2.5330435600958423,0.0,7.385878690041935
0.12,0.0,0.001,0.1,0.0,1000.0,1000,0,0.0,1.5677790593297911,0.0,3.685273723364568
0.12,0.0,0.001,0.1,0.1,10.0,1000,0,0.0,3.740139368958971,0.0,14.64866696625895
0.12,0.0,0.001,0.1,0.1,100.0,1000,0,0.0,2.6324737296719163,0.0,6.269337447140634
0.12,0.0,0.001,0.1,0.1,1000.0,1000,0,0.0,1.8622133103987717,0.0,5.049883127471901
0.12,0.0,0.001,0.1,0.2,10.0,1000,0,0.0,3.2384463700986457,0.0,9.907405953386986
0.12,0.0,0.001,0.1,0.2,100.0,1000,0,0.0,2.467018297706771,0.0,9.016863964501374
0.12,0.0,0.001,0.1,0.2,1000.0,1000,0,0.0,1.550789484517147,0.0,3.9054950620324203
0.12,0.0,0.001,0.1,0.5,10.0,1000,0,0.0,3.21938618870717,0.0,11.659067168443352
0.12,0.0,0.001,0.1,0.5,100.0,1000,0,0.0,2.3460034823281943,0.0,6.810459214490819
0.12,0.0,0.001,0.1,0.5,1000.0,1000,0,0.0,1.5711829141322413,0.0,4.6976908782176094
0.12,0.0,0.001,0.1,1.0,10.0,1000,0,0.0,2.962235117318967,0.0,8.94072156451116
0.12,0.0,0.001,0.1,1.0,100.0,1000,0,0.0,2.2618438444318545,0.0,4.754704533522778
0.12,0.0,0.001,0.1,1.0,1000.0,1000,0,0.0,1.4319826682480872,0.0,3.8515436647402694
0.12,0.0,0.001,1.0,-0.5,10.0,1000,0,0.0,0.595009352656586,0.0,0.3912556344413103
0.12,0.0,0.001,1.0,-0.5,100.0,1000,0,0.0,0.6030971825196617,0.0,0.3637647422664266
0.12,0.0,0.001,1.0,-0.5,1000.0,1000,0,0.0,0.45656685857748663,0.0,0.19471649228094698
0.12,0.0,0.001,1.0,-0.2,10.0,1000,0,0.0,0.5863092690831492,0.0,0.3283523748289339
0.12,0.0,0.001,1.0,-0.2,100.0,1000,0,0.0,0.4817830851237676,0.0,0.23894676469330406
0.12,0.0,0.001,1.0,-0.2,1000.0,1000,0,0.0,0.3683291209342789,0.0,0.17193864679033694
0.12,0.0,0.001,1.0,-0.1,10.0,1000,0,0.0,0.586009010935416,0.0,0.304821933944567
0.12,0.0,0.001,1.0,-0.1,100.0,1000,0,0.0,0.4926633772773529,0.0,0.2379328373242039
0.12,0.0,0.001,1.0,-0.1,1000.0,1000,0,0.0,0.43184387916789274,0.0,0.20436348152240152
0.12,0.0,0.001,1.0,0.0,10.0,1000,0,0.0,0.543972842779205,0.0,0.36824934781065743
0.12,0.0,0.001,1.0,0.0,100.0,1000,0,0.0,0.4481270480312365,0.0,0.20743249667339397
0.12,0.0,0.001,1.0,0.0,1000.0,1000,0,0.0,0.3684136889959153,0.0,0.11835136564531781
0.12,0.0,0.001,1.0,0.1,10.0,1000,0,0.0,0.513454778474771,0.0,0.25655496263688876
0.12,0.0,0.001,1.0,0.1,100.0,1000,0,0.0,0.4130187211398236,0.0,0.18262862610295327
0.12,0.0,0.001,1.0,0.1,1000.0,1000,0,0.0,0.37048565142157625,0.0,0.16412654821885694
0.12,0.0,0.001,1.0,0.2,10.0,1000,0,0.0,0.4864646776427524,0.0,0.2441437384874912
0.12,0.0,0.001,1.0,0.2,100.0,1000,0,0.0,0.41259061808711756,0.0,0.1678632051265128
0.12,0.0,0.001,1.0,0.2,1000.0,1000,0,0.0,0.34111976962224916,0.0,0.1179690551287486
0.12,0.0,0.001,1.0,0.5,10.0,1000,0,0.0,0.45579052962038497,0.0,0.18779637796869086
0.12,0.0,0.001,1.0,0.5,100.0,1000,0,0.0,0.3711739491482675,0.0,0.12528056454432868
0.12,0.0,0.001,1.0,0.5,1000.0,1000,0,0.0,0.29497839923843616,0.0,0.10966333412943324
0.12,0.0,0.001,1.0,1.0,10.0,1000,0,0.0,0.3909870534719182,0.0,0.1584607908311674
0.12,0.0,0.001,1.0,1.0,100.0,1000,0,0.0,0.3236423865246986,0.0,0.10386710603651389
0.12,0.0,0.001,1.0,1.0,1000.0,1000,0,0.0,0.2573871308911254,0.0,0.06510154439642298
0.12,1e-05,0.0003,1e-05,-0.5,10.0,1000,0,0.0,0.0,0.0,0.0
0.12,1e-05,0.0003,1e-05,-0.5,100.0,1000,0,0.0,0.0,0.0,0.0
0.12,1e-05,0.0003,1e-05,-0.5,1000.0,1000,0,0.0,0.0,0.0,0.0
0.12,1e-05,0.0003,1e-05,-0.2,10.0,1000,0,0.0,0.0,0.0,0.0
0.12,1e-05,0.0003,1e-05,-0.2,100.0,1000,0,0.0,0.0,0.0,0.0
0.12,1e-05,0.0003,1e-05,-0.2,1000.0,1000,0,0.0,0.0,0.0,0.0
0.12,1e-05,0.0003,1e-05,-0.1,10.0,1000,0,0.0,0.0,0.0,0.0
0.12,1e-05,0.0003,1e-05,-0.1,100.0,1000,0,0.0,0.0,0.0,0.0
0.12,1e-05,0.0003,1e-05,-0.1,1000.0,1000,0,0.0,0.0,0.0,0.0
0.12,1e-05,0.0003,1e-05,0.0,10.0,1000,0,0.0,0.0,0.0,0.0
0.12,1e-05,0.0003,1e-05,0.0,100.0,1000,0,0.0,0.0,0.0,0.0
0.12,1e-05,0.0003,1e-05,0.0,1000.0,1000,0,0.0,0.0,0.0,0.0
0.12,1e-05,0.0003,1e-05,0.1,10.0,1000,0,0.0,0.0,0.0,0.0
0.12,1e-05,0.0003,1e-05,0.1,100.0,1000,0,0.0,0.0,0.0,0.0
0.12,1e-05,0.0003,1e-05,0.1,1000.0,1000,0,0.0,0.0,0.0,0.0
0.12,1e-05,0.0003,1e-05,0.2,10.0,1000,0,0.0,0.0,0.0,0.0
0.12,1e-05,0.0003,1e-05,0.2,100.0,1000,0,0.0,0.0,0.0,0.0
0.12,1e-05,0.0003,1e-05,0.2,1000.0,1000,0,0.0,0.0,0.0,0.0
0.12,1e-05,0.0003,1e-05,0.5,10.0,1000,0,0.0,0.0,0.0,0.0
0.12,1e-05,0.0003,1e-05,0.5,100.0,1000,0,0.0,0.0,0.0,0.0
0.12,1e-05,0.0003,1e-05,0.5,1000.0,1000,0,0.0,0.0,0.0,0.0
0.12,1e-05,0.0003,1e-05,1.0,10.0,1000,0,0.0,0.0,0.0,0.0
0.12,1e-05,0.0003,1e-05,1.0,100.0,1000,0,0.0,0.0,0.0,0.0
0.12,1e-05,0.0003,1e-05,1.0,1000.0,1000,0,0.0,0.0,0.0,0.0
0.12,1e-05,0.0003,0.001,-0.5,10.0,1000,0,0.0,0.0,0.0,0.0
0.12,1e-05,0.0003,0.001,-0.5,100.0,1000,0,0.0,0.0,0.0,0.0
0.12,1e-05,0.0003,0.001,-0.5,1000.0,1000,0,0.0,0.0,0.0,0.0
0.12,1e-05,0.0003,0.001,-0.2,10.0,1000,0,0.0,0.0,0.0,0.0
0.12,1e-05,0.0003,0.001,-0.2,100.0,1000,0,0.0,0.0,0.0,0.0
0.12,1e-05,0.0003,0.001,-0.2,1000.0,1000,0,0.0,0.0,0.0,0.0
0.12,1e-05,0.0003,0.001,-0.1,10.0,1000,0,0.0,0.0,0.0,0.0
0.12,1e-05,0.0003,0.001,-0.1,100.0,1000,0,0.0,0.0,0.0,0.0
0.12,1e-05,0.0003,0.001,-0.1,1000.0,1000,0,0.0,0.0,0.0,0.0
0.12,1e-05,0.0003,0.001,0.0,10.0,1000,0,0.0,0.0,0.0,0.0
0.12,1e-05,0.0003,0.001,0.0,100.0,1000,0,0.0,0.0,0.0,0.0
0.12,1e-05,0.0003,0.001,0.0,1000.0,1000,0,0.0,0.0,0.0,0.0
0.12,1e-05,0.0003,0.001,0.1,10.0,1000,0,0.0,0.0,0.0,0.0
0.12,1e-05,0.0003,0.001,0.1,100.0,1000,0,0.0,0.0,0.0,0.0
0.12,1e-05,0.0003,0.001,0.1,1000.0,1000,0,0.0,0.0,0.0,0.0
0.12,1e-05,0.0003,0.001,0.2,10.0,1000,0,0.0,0.0,0.0,0.0
0.12,1e-05,0.0003,0.001,0.2,100.0,1000,0,0.0,0.0,0.0,0.0
0.12,1e-05,0.0003,0.001,0.2,1000.0,1000,0,0.0,0.0,0.0,0.0
0.12,1e-05,0.0003,0.001,0.5,10.0,1000,0,0.0,0.0,0.0,0.0
0.12,1e-05,0.0003,0.001,0.5,100.0,1000,0,0.0,0.0,0.0,0.0
0.12,1e-05,0.0003,0.001,0.5,1000.0,1000,0,0.0,0.0,0.0,0.0
0.12,1e-05,0.0003,0.001,1.0,10.0,1000,0,0.0,0.0,0.0,0.0
0.12,1e-05,0.0003,0.001,1.0,100.0,1000,0,0.0,0.0,0.0,0.0
0.12,1e-05,0.0003,0.001,1.0,1000.0,1000,0,0.0,0.0,0.0,0.0
0.12,1e-05,0.0003,0.1,-0.5,10.0,1000,0,0.0,0.0,0.0,0.0
0.12,1e-05,0.0003,0.1,-0.5,100.0,1000,0,0.0,0.0,0.0,0.0
0.12,1e-05,0.0003,0.1,-0.5,1000.0,1000,0,0.0,0.0,0.0,0.0
0.12,1e-05,0.0003,0.1,-0.2,10.0,1000,0,0.0,3.400213716150724,0.0,0.0
0.12,1e-05,0.0003,0.1,-0.2,100.0,1000,0,0.0,0.0,0.0,0.0
0.12,1e-05,0.0003,0.1,-0.2,1000.0,1000,0,0.0,0.0,0.0,0.0
0.12,1e-05,0.0003,0.1,-0.1,10.0,1000,0,0.0,23.983952261427415,0.0,0.0
0.12,1e-05,0.0003,0.1,-0.1,100.0,1000,0,0.0,13.664224728858045,0.0,26.963647224997093
0.12,1e-05,0.0003,0.1,-0.1,1000.0,1000,0,0.0,11.32069705801152,0.0,0.0
0.12,1e-05,0.0003,0.1,0.0,10.0,1000,0,0.0,9.216344704498546,0.0,0.0
0.12,1e-05,0.0003,0.1,0.0,100.0,1000,0,0.0,21.04754430840953,0.0,337.5556287456095
0.12,1e-05,0.0003,0.1,0.0,1000.0,1000,0,0.0,0.0,0.0,0.0
0.12,1e-05,0.0003,0.1,0.1,10.0,1000,0,0.0,19.170869005182663,0.0,10.538076750449871
0.12,1e-05,0.0003,0.1,0.1,100.0,1000,0,0.0,11.192223380341064,0.0,22.020309197117086
0.12,1e-05,0.0003,0.1,0.1,1000.0,1000,0,0.0,9.152147228846903,0.0,6.923039382805326
0.12,1e-05,0.0003,0.1,0.2,10.0,1000,0,0.0,34.41405865310677,0.0,0.5913710979577222
0.12,1e-05,0.0003,0.1,0.2,100.0,1000,0,0.0,14.13056250938384,0.0,67.7645129943385
0.12,1e-05,0.0003,0.1,0.2,1000.0,1000,0,0.0,48.7856934282681,0.0,965.4197332397165
0.12,1e-05,0.0003,0.1,0.5,10.0,1000,0,0.0,19.605235730636327,0.0,204.4711473297966
0.12,1e-05,0.0003,0.1,0.5,100.0,1000,0,0.0,11.724159464623206,0.0,26.47592110286007
0.12,1e-05,0.0003,0.1,0.5,1000.0,1000,0,0.0,7.395449556068218,0.0,20.158542762760938
0.12,1e-05,0.0003,0.1,1.0,10.0,1000,0,0.0,24.168756207061026,0.0,173.00981197238715
0.12,1e-05,0.0003,0.1,1.0,100.0,1000,0,0.0,14.880236459636782,0.0,82.91413990599631
0.12,1e-05,0.0003,0.1,1.0,1000.0,1000,0,0.0,21.198603744083055,0.0,750.0264777904205
0.12,1e-05,0.0003,1.0,-0.5,10.0,1000,0,0.0,5.476230154238998,0.0,2.3515279279516763
0.12,1e-05,0.0003,1.0,-0.5,100.0,1000,0,0.0,2.9308165138033138,0.0,1.9865900634592288
0.12,1e-05,0.0003,1.0,-0.5,1000.0,1000,0,0.0,4.1227456488373795,0.0,2.7594332508806767
0.12,1e-05,0.0003,1.0,-0.2,10.0,1000,0,0.0,3.629091571218265,0.0,2.991660776085413
0.12,1e-05,0.0003,1.0,-0.2,100.0,1000,0,0.0,4.794172250054234,0.0,78.85663955358886
0.12,1e-05,0.0003,1.0,-0.2,1000.0,1000,0,0.0,3.4081085414512393,0.0,18.331168875396397
0.12,1e-05,0.0003,1.0,-0.1,10.0,1000,0,0.0,3.9758903478869003,0.0,8.59108586962842
0.12,1e-05,0.0003,1.0,-0.1,100.0,1000,0,0.0,2.887918812850347,0.0,3.7762823638176672
0.12,1e-05,0.0003,1.0,-0.1,1000.0,1000,0,0.0,3.687904272911859,0.0,23.19737321647958
0.12,1e-05,0.0003,1.0,0.0,10.0,1000,0,0.0,4.405568346312411,0.0,11.152541688535269
0.12,1e-05,0.0003,1.0,0.0,100.0,1000,0,0.0,3.7829236885975304,0.0,35.80646853275124
0.12,1e-05,0.0003,1.0,0.0,1000.0,1000,0,0.0,5.87936300849745,0.0,197.0561313709414
0.12,1e-05,0.0003,1.0,0.1,10.0,1000,0,0.0,4.69004675853054,0.0,17.428796993925058
0.12,1e-05,0.0003,1.0,0.1,100.0,1000,0,0.0,3.0757673537207357,0.0,15.64385811686447
0.12,1e-05,0.0003,1.0,0.1,1000.0,1000,0,0.0,7.125718542717999,0.0,335.0851122122127
0.12,1e-05,0.0003,1.0,0.2,10.0,1000,0,0.0,3.9864295128279714,0.0,6.3020918365227026
0.12,1e-05,0.0003,1.0,0.2,100.0,1000,0,0.0,2.5258860583115084,0.0,2.9824036632995297
0.12,1e-05,0.0003,1.0,0.2,1000.0,1000,0,0.0,3.6209072624942498,0.0,23.114128159609066
0.12,1e-05,0.0003,1.0,0.5,10.0,1000,0,0.0,4.044598783353158,0.0,14.705500738620454
0.12,1e-05,0.0003,1.0,0.5,100.0,999,1,0.6842105263157895,2.839021070816354,0.0,26.109193747656008
0.12,1e-05,0.0003,1.0,0.5,1000.0,1000,0,0.0,5.6499041579311555,0.0,165.8310003684016
0.12,1e-05,0.0003,1.0,1.0,10.0,964,36,0.8052619154559885,3.5991750439940544,0.014395611028432247,13.09257526337051
0.12,1e-05,0.0003,1.0,1.0,100.0,895,105,0.7425452274457097,2.5021630464135507,0.05590638161800595,36.378404076062054
0.12,1e-05,0.0003,1.0,1.0,1000.0,904,96,0.7556119225250383,2.4813517922499972,0.06138687685557089,23.387244381926656
0.12,1e-05,0.0001,1e-05,-0.5,10.0,1000,0,0.0,0.0,0.0,0.0
0.12,1e-05,0.0001,1e-05,-0.5,100.0,1000,0,0.0,0.0,0.0,0.0
0.12,1e-05,0.0001,1e-05,-0.5,1000.0,1000,0,0.0,0.0,0.0,0.0
0.12,1e-05,0.0001,1e-05,-0.2,10.0,1000,0,0.0,0.0,0.0,0.0
0.12,1e-05,0.0001,1e-05,-0.2,100.0,1000,0,0.0,0.0,0.0,0.0
0.12,1e-05,0.0001,1e-05,-0.2,1000.0,1000,0,0.0,0.0,0.0,0.0
0.12,1e-05,0.0001,1e-05,-0.1,10.0,1000,0,0.0,0.0,0.0,0.0
0.12,1e-05,0.0001,1e-05,-0.1,100.0,1000,0,0.0,0.0,0.0,0.0
0.12,1e-05,0.0001,1e-05,-0.1,1000.0,1000,0,0.0,0.0,0.0,0.0
0.12,1e-05,0.0001,1e-05,0.0,10.0,1000,0,0.0,0.0,0.0,0.0
0.12,1e-05,0.0001,1e-05,0.0,100.0,1000,0,0.0,0.0,0.0,0.0
0.12,1e-05,0.0001,1e-05,0.0,1000.0,1000,0,0.0,0.0,0.0,0.0
0.12,1e-05,0.0001,1e-05,0.1,10.0,1000,0,0.0,0.0,0.0,0.0
0.12,1e-05,0.0001,1e-05,0.1,100.0,1000,0,0.0,0.0,0.0,0.0
0.12,1e-05,0.0001,1e-05,0.1,1000.0,1000,0,0.0,0.0,0.0,0.0
0.12,1e-05,0.0001,1e-05,0.2,10.0,1000,0,0.0,0.0,0.0,0.0
0.12,1e-05,0.0001,1e-05,0.2,100.0,1000,0,0.0,0.0,0.0,0.0
0.12,1e-05,0.0001,1e-05,0.2,1000.0,1000,0,0.0,0.0,0.0,0.0
0.12,1e-05,0.0001,1e-05,0.5,10.0,1000,0,0.0,0.0,0.0,0.0
0.12,1e-05,0.0001,1e-05,0.5,100.0,1000,0,0.0,0.0,0.0,0.0
0.12,1e-05,0.0001,1e-05,0.5,1000.0,1000,0,0.0,0.0,0.0,0.0
0.12,1e-05,0.0001,1e-05,1.0,10.0,1000,0,0.0,0.0,0.0,0.0
0.12,1e-05,0.0001,1e-05,1.0,100.0,1000,0,0.0,0.0,0.0,0.0
0.12,1e-05,0.0001,1e-05,1.0,1000.0,1000,0,0.0,0.0,0.0,0.0
0.12,1e-05,0.0001,0.001,-0.5,10.0,1000,0,0.0,0.0,0.0,0.0
0.12,1e-05,0.0001,0.001,-0.5,100.0,1000,0,0.0,0.0,0.0,0.0
0.12,1e-05,0.0001,0.001,-0.5,1000.0,1000,0,0.0,0.0,0.0,0.0
0.12,1e-05,0.0001,0.001,-0.2,10.0,1000,0,0.0,0.0,0.0,0.0
0.12,1e-05,0.0001,0.001,-0.2,100.0,1000,0,0.0,0.0,0.0,0.0
0.12,1e-05,0.0001,0.001,-0.2,1000.0,1000,0,0.0,0.0,0.0,0.0
0.12,1e-05,0.0001,0.001,-0.1,10.0,1000,0,0.0,0.0,0.0,0.0
0.12,1e-05,0.0001,0.001,-0.1,100.0,1000,0,0.0,0.0,0.0,0.0
0.12,1e-05,0.0001,0.001,-0.1,1000.0,1000,0,0.0,0.0,0.0,0.0
0.12,1e-05,0.0001,0.001,0.0,10.0,1000,0,0.0,0.0,0.0,0.0
0.12,1e-05,0.0001,0.001,0.0,100.0,1000,0,0.0,0.0,0.0,0.0
0.12,1e-05,0.0001,0.001,0.0,1000.0,1000,0,0.0,0.0,0.0,0.0
0.12,1e-05,0.0001,0.001,0.1,10.0,1000,0,0.0,0.0,0.0,0.0
0.12,1e-05,0.0001,0.001,0.1,100.0,1000,0,0.0,0.0,0.0,0.0
0.12,1e-05,0.0001,0.001,0.1,1000.0,1000,0,0.0,0.0,0.0,0.0
0.12,1e-05,0.0001,0.001,0.2,10.0,1000,0,0.0,0.0,0.0,0.0
0.12,1e-05,0.0001,0.001,0.2,100.0,1000,0,0.0,0.0,0.0,0.0
0.12,1e-05,0.0001,0.001,0.2,1000.0,1000,0,0.0,0.0,0.0,0.0
0.12,1e-05,0.0001,0.001,0.5,10.0,1000,0,0.0,0.0,0.0,0.0
0.12,1e-05,0.0001,0.001,0.5,100.0,1000,0,0.0,0.0,0.0,0.0
0.12,1e-05,0.0001,0.001,0.5,1000.0,1000,0,0.0,0.0,0.0,0.0
0.12,1e-05,0.0001,0.001,1.0,10.0,1000,0,0.0,0.0,0.0,0.0
0.12,1e-05,0.0001,0.001,1.0,100.0,1000,0,0.0,0.0,0.0,0.0
0.12,1e-05,0.0001,0.001,1.0,1000.0,1000,0,0.0,0.0,0.0,0.0
0.12,1e-05,0.0001,0.1,-0.5,10.0,1000,0,0.0,0.0,0.0,0.0
0.12,1e-05,0.0001,0.1,-0.5,100.0,1000,0,0.0,0.0,0.0,0.0
0.12,1e-05,0.0001,0.1,-0.5,1000.0,1000,0,0.0,0.0,0.0,0.0
0.12,1e-05,0.0001,0.1,-0.2,10.0,1000,0,0.0,0.0,0.0,0.0
0.12,1e-05,0.0001,0.1,-0.2,100.0,1000,0,0.0,0.0,0.0,0.0
0.12,1e-05,0.0001,0.1,-0.2,1000.0,1000,0,0.0,0.0,0.0,0.0
0.12,1e-05,0.0001,0.1,-0.1,10.0,1000,0,0.0,0.0,0.0,0.0
0.12,1e-05,0.0001,0.1,-0.1,100.0,1000,0,0.0,0.0,0.0,0.0
0.12,1e-05,0.0001,0.1,-0.1,1000.0,1000,0,0.0,0.0,0.0,0.0
0.12,1e-05,0.0001,0.1,0.0,10.0,1000,0,0.0,0.0,0.0,0.0
0.12,1e-05,0.0001,0.1,0.0,100.0,1000,0,0.0,0.0,0.0,0.0
0.12,1e-05,0.0001,0.1,0.0,1000.0,1000,0,0.0,0.0,0.0,0.0
0.12,1e-05,0.0001,0.1,0.1,10.0,1000,0,0.0,0.0,0.0,0.0
0.12,1e-05,0.0001,0.1,0.1,100.0,1000,0,0.0,0.0,0.0,0.0
0.12,1e-05,0.0001,0.1,0.1,1000.0,1000,0,0.0,0.0,0.0,0.0
0.12,1e-05,0.0001,0.1,0.2,10.0,1000,0,0.0,0.0,0.0,0.0
0.12,1e-05,0.0001,0.1,0.2,100.0,1000,0,0.0,0.0,0.0,0.0
0.12,1e-05,0.0001,0.1,0.2,1000.0,1000,0,0.0,0.0,0.0,0.0
0.12,1e-05,0.0001,0.1,0.5,10.0,1000,0,0.0,0.0,0.0,0.0
0.12,1e-05,0.0001,0.1,0.5,100.0,1000,0,0.0,0.0,0.0,0.0
0.12,1e-05,0.0001,0.1,0.5,1000.0,1000,0,0.0,0.0,0.0,0.0
0.12,1e-05,0.0001,0.1,1.0,10.0,1000,0,0.0,0.0,0.0,0.0
0.12,1e-05,0.0001,0.1,1.0,100.0,1000,0,0.0,27.187903055883456,0.0,360.5932866449417
0.12,1e-05,0.0001,0.1,1.0,1000.0,1000,0,0.0,22.008981997233004,0.0,0.0
0.12,1e-05,0.0001,1.0,-0.5,10.0,1000,0,0.0,0.0,0.0,0.0
0.12,1e-05,0.0001,1.0,-0.5,100.0,1000,0,0.0,0.0,0.0,0.0
0.12,1e-05,0.0001,1.0,-0.5,1000.0,1000,0,0.0,0.0,0.0,0.0
0.12,1e-05,0.0001,1.0,-0.2,10.0,1000,0,0.0,0.0,0.0,0.0
0.12,1e-05,0.0001,1.0,-0.2,100.0,1000,0,0.0,7.102204168950304,0.0,0.0
0.12,1e-05,0.0001,1.0,-0.2,1000.0,1000,0,0.0,0.0,0.0,0.0
0.12,1e-05,0.0001,1.0,-0.1,10.0,1000,0,0.0,0.0,0.0,0.0
0.12,1e-05,0.0001,1.0,-0.1,100.0,1000,0,0.0,0.0,0.0,0.0
0.12,1e-05,0.0001,1.0,-0.1,1000.0,1000,0,0.0,32.174132100321444,0.0,1161.449427533899
0.12,1e-05,0.0001,1.0,0.0,10.0,1000,0,0.0,0.0,0.0,0.0
0.12,1e-05,0.0001,1.0,0.0,100.0,1000,0,0.0,10.21041955458942,0.0,55.956933976587266
0.12,1e-05,0.0001,1.0,0.0,1000.0,1000,0,0.0,8.031912686085505,0.0,11.261284792388512
0.12,1e-05,0.0001,1.0,0.1,10.0,1000,0,0.0,30.20328751821146,0.0,83.88182010883347
0.12,1e-05,0.0001,1.0,0.1,100.0,1000,0,0.0,9.605927557481824,0.0,30.74178589993636
0.12,1e-05,0.0001,1.0,0.1,1000.0,1000,0,0.0,11.991824534123609,0.0,115.35231137075131
0.12,1e-05,0.0001,1.0,0.2,10.0,1000,0,0.0,34.98608817415018,0.0,205.68456938769046
0.12,1e-05,0.0001,1.0,0.2,100.0,1000,0,0.0,9.712258734579885,0.0,24.110600921189054
0.12,1e-05,0.0001,1.0,0.2,1000.0,1000,0,0.0,12.77229179981113,0.0,201.31703027252263
0.12,1e-05,0.0001,1.0,0.5,10.0,988,12,0.6625539717571812,37.4669978419545,0.04519295532385729,385.8279949256826
0.12,1e-05,0.0001,1.0,0.5,100.0,921,79,0.6326949532043495,7.298595228847122,0.05709165211923982,134.91426018504055
0.12,1e-05,0.0001,1.0,0.5,1000.0,890,110,0.6075448171973266,8.136510618281084,0.061246115397557976,95.7462617928316
0.12,1e-05,0.0001,1.0,1.0,10.0,846,154,0.7997322367018165,46.71760232965845,0.003857046708754693,1281.2223822399267
0.12,1e-05,0.0001,1.0,1.0,100.0,576,424,0.800836989890633,4.022269088577994,0.005791479086466045,26.98069207485801
0.12,1e-05,0.0001,1.0,1.0,1000.0,581,419,0.7943702633021753,5.863715849740648,0.005033063919124752,133.32635959784795
0.12,1e-05,0.003,1e-05,-0.5,10.0,1000,0,0.0,0.5087498913423492,0.0,0.270168982411749
0.12,1e-05,0.003,1e-05,-0.5,100.0,1000,0,0.0,0.02082979043181013,0.0,0.0003894932264067131
0.12,1e-05,0.003,1e-05,-0.5,1000.0,1000,0,0.0,0.0003259976298619109,0.0,1.0720326047757364e-07
0.12,1e-05,0.003,1e-05,-0.2,10.0,1000,0,0.0,0.48483597919428956,0.0,0.21749479224199073
0.12,1e-05,0.003,1e-05,-0.2,100.0,1000,0,0.0,0.01984671108168354,0.0,0.00035769569975916375
0.12,1e-05,0.003,1e-05,-0.2,1000.0,1000,0,0.0,0.0003152014034120331,0.0,9.096808768510301e-08
0.12,1e-05,0.003,1e-05,-0.1,10.0,1000,0,0.0,0.466679486584666,0.0,0.2334065421021738
0.12,1e-05,0.003,1e-05,-0.1,100.0,1000,0,0.0,0.021836464734103552,0.0,0.0004857380076738631
0.12,1e-05,0.003,1e-05,-0.1,1000.0,1000,0,0.0,0.0003057744762042447,0.0,9.459819195197542e-08
0.12,1e-05,0.003,1e-05,0.0,10.0,1000,0,0.0,0.4719486463784125,0.0,0.20673478774655543
0.12,1e-05,0.003,1e-05,0.0,100.0,1000,0,0.0,0.02150437609105671,0.0,0.0004400009043270854
0.12,1e-05,0.003,1e-05,0.0,1000.0,1000,0,0.0,0.00030491511494226063,0.0,9.838381160445881e-08
0.12,1e-05,0.003,1e-05,0.1,10.0,1000,0,0.0,0.4776220343118994,0.0,0.23625906071738717
0.12,1e-05,0.003,1e-05,0.1,100.0,1000,0,0.0,0.021681367724219112,0.0,0.0004878843833406141
0.12,1e-05,0.003,1e-05,0.1,1000.0,1000,0,0.0,0.00032299553206708247,0.0,1.0127444540626483e-07
0.12,1e-05,0.003,1e-05,0.2,10.0,1000,0,0.0,0.4908549644222005,0.0,0.23468374046763382
0.12,1e-05,0.003,1e-05,0.2,100.0,1000,0,0.0,0.020874695831541026,0.0,0.0003840753246110286
0.12,1e-05,0.003,1e-05,0.2,1000.0,1000,0,0.0,0.000307151790541,0.0,1.0343206080420772e-07
0.12,1e-05,0.003,1e-05,0.5,10.0,1000,0,0.0,0.49709968955693845,0.0,0.23651934898630372
0.12,1e-05,0.003,1e-05,0.5,100.0,1000,0,0.0,0.0221213686182287,0.0,0.00041806255056898507
0.12,1e-05,0.003,1e-05,0.5,1000.0,1000,0,0.0,0.00032093311435458545,0.0,9.750204047700498e-08
0.12,1e-05,0.003,1e-05,1.0,10.0,1000,0,0.0,0.4742146845704764,0.0,0.22213781288903606
0.12,1e-05,0.003,1e-05,1.0,100.0,1000,0,0.0,0.021895697165295394,0.0,0.0005169216462268197
0.12,1e-05,0.003,1e-05,1.0,1000.0,1000,0,0.0,0.00031285312856161674,0.0,1.0340137076081269e-07
0.12,1e-05,0.003,0.001,-0.5,10.0,1000,0,0.0,0.505677981005757,0.0,0.42204472849403385
0.12,1e-05,0.003,0.001,-0.5,100.0,1000,0,0.0,0.021102490240229466,0.0,0.0005059999393619467
0.12,1e-05,0.003,0.001,-0.5,1000.0,1000,0,0.0,0.0003169886022296902,0.0,1.1170034879480421e-07
0.12,1e-05,0.003,0.001,-0.2,10.0,1000,0,0.0,0.4849104392698884,0.0,0.2391250128970859
0.12,1e-05,0.003,0.001,-0.2,100.0,1000,0,0.0,0.02173129947377042,0.0,0.0004586268434517228
0.12,1e-05,0.003,0.001,-0.2,1000.0,1000,0,0.0,0.0003254078629803679,0.0,1.2120976267254913e-07
0.12,1e-05,0.003,0.001,-0.1,10.0,1000,0,0.0,0.46719698226337286,0.0,0.22484573887763598
0.12,1e-05,0.003,0.001,-0.1,100.0,1000,0,0.0,0.019470995026103267,0.0,0.0003956533343753522
0.12,1e-05,0.003,0.001,-0.1,1000.0,1000,0,0.0,0.0002961791010385886,0.0,8.614366119456054e-08
0.12,1e-05,0.003,0.001,0.0,10.0,1000,0,0.0,0.48010453159305316,0.0,0.22792005851724734
0.12,1e-05,0.003,0.001,0.0,100.0,1000,0,0.0,0.02133712370001239,0.0,0.0004038508941873773
0.12,1e-05,0.003,0.001,0.0,1000.0,1000,0,0.0,0.0003264930634844565,0.0,1.0514433982387577e-07
0.12,1e-05,0.003,0.001,0.1,10.0,1000,0,0.0,0.4804838389665145,0.0,0.2722719077097303
0.12,1e-05,0.003,0.001,0.1,100.0,1000,0,0.0,0.021408414603955515,0.0,0.0005238692334595085
0.12,1e-05,0.003,0.001,0.1,1000.0,1000,0,0.0,0.000295195078039775,0.0,9.002547072724398e-08
0.12,1e-05,0.003,0.001,0.2,10.0,1000,0,0.0,0.48181283082202775,0.0,0.23000458527776155
0.12,1e-05,0.003,0.001,0.2,100.0,1000,0,0.0,0.022152488048322917,0.0,0.000507785272364269
0.12,1e-05,0.003,0.001,0.2,1000.0,1000,0,0.0,0.0003109039229892008,0.0,8.76397400215483e-08
0.12,1e-05,0.003,0.001,0.5,10.0,1000,0,0.0,0.4642500444625578,0.0,0.21026696796886177
0.12,1e-05,0.003,0.001,0.5,100.0,1000,0,0.0,0.02175716446272192,0.0,0.0004836823785909957
0.12,1e-05,0.003,0.001,0.5,1000.0,1000,0,0.0,0.0003304675944453553,0.0,1.023309930563594e-07
0.12,1e-05,0.003,0.001,1.0,10.0,1000,0,0.0,0.4787839097206713,0.0,0.4716139885133949
0.12,1e-05,0.003,0.001,1.0,100.0,1000,0,0.0,0.0199139035857193,0.0,0.00037364763391952306
0.12,1e-05,0.003,0.001,1.0,1000.0,1000,0,0.0,0.0003120580303873089,0.0,1.0388661177469047e-07
0.12,1e-05,0.003,0.1,-0.5,10.0,1000,0,0.0,0.315526416684148,0.0,0.10697006931543274
0.12,1e-05,0.003,0.1,-0.5,100.0,1000,0,0.0,0.01748906633624998,0.0,0.00028464774508754235
0.12,1e-05,0.003,0.1,-0.5,1000.0,1000,0,0.0,0.00032559456875658676,0.0,1.063969412478252e-07
0.12,1e-05,0.003,0.1,-0.2,10.0,1000,0,0.0,0.3389520251425018,0.0,0.11463104836999893
0.12,1e-05,0.003,0.1,-0.2,100.0,1000,0,0.0,0.017977384680282132,0.0,0.0003250180879718554
0.12,1e-05,0.003,0.1,-0.2,1000.0,1000,0,0.0,0.00030450188063027627,0.0,8.774193753736996e-08
0.12,1e-05,0.003,0.1,-0.1,10.0,1000,0,0.0,0.39634002147965486,0.0,2.412936498184282
0.12,1e-05,0.003,0.1,-0.1,100.0,1000,0,0.0,0.017102458062351188,0.0,0.00032558741851945646
0.12,1e-05,0.003,0.1,-0.1,1000.0,1000,0,0.0,0.00029898446637337294,0.0,8.422361091685736e-08
0.12,1e-05,0.003,0.1,0.0,10.0,1000,0,0.0,0.3120105394507037,0.0,0.10428978981554513
0.12,1e-05,0.003,0.1,0.0,100.0,1000,0,0.0,0.01753802455438402,0.0,0.0002803731956851371
0.12,1e-05,0.003,0.1,0.0,1000.0,1000,0,0.0,0.0003162157769202073,0.0,9.65496559172384e-08
0.12,1e-05,0.003,0.1,0.1,10.0,1000,0,0.0,0.31738009869276823,0.0,0.10092808537724758
0.12,1e-05,0.003,0.1,0.1,100.0,1000,0,0.0,0.017136197252576982,0.0,0.00029543579409914986
0.12,1e-05,0.003,0.1,0.1,1000.0,1000,0,0.0,0.0003118033343588952,0.0,9.520228023374651e-08
0.12,1e-05,0.003,0.1,0.2,10.0,1000,0,0.0,0.31749631725579897,0.0,0.10038419643058247
0.12,1e-05,0.003,0.1,0.2,100.0,1000,0,0.0,0.016806996595142617,0.0,0.00032236795819561855
0.12,1e-05,0.003,0.1,0.2,1000.0,1000,0,0.0,0.00029533802714562534,0.0,8.39722237384901e-08
0.12,1e-05,0.003,0.1,0.5,10.0,1000,0,0.0,0.36005429047528437,0.0,0.9158299612634138
0.12,1e-05,0.003,0.1,0.5,100.0,1000,0,0.0,0.01694956939259908,0.0,0.00030157297333523013
0.12,1e-05,0.003,0.1,0.5,1000.0,1000,0,0.0,0.00030280724466821054,0.0,8.388321866964446e-08
0.12,1e-05,0.003,0.1,1.0,10.0,1000,0,0.0,0.31986617711722787,0.0,0.10124260763134013
0.12,1e-05,0.003,0.1,1.0,100.0,1000,0,0.0,0.01748147826896001,0.0,0.0002839147846051374
0.12,1e-05,0.003,0.1,1.0,1000.0,1000,0,0.0,0.00030293183007591685,0.0,8.462397764920145e-08
0.12,1e-05,0.003,1.0,-0.5,10.0,1000,0,0.0,0.08210020756340398,0.0,0.0069092353710388296
0.12,1e-05,0.003,1.0,-0.5,100.0,1000,0,0.0,0.006861248781830451,0.0,4.887749009016767e-05
0.12,1e-05,0.003,1.0,-0.5,1000.0,1000,0,0.0,0.0002530766053910868,0.0,6.470877176262511e-08
0.12,1e-05,0.003,1.0,-0.2,10.0,1000,0,0.0,0.07932981003861649,0.0,0.006262266773713258
0.12,1e-05,0.003,1.0,-0.2,100.0,1000,0,0.0,0.00717974524918835,0.0,5.570935270155741e-05
0.12,1e-05,0.003,1.0,-0.2,1000.0,1000,0,0.0,0.00024424790009775925,0.0,6.362716547649101e-08
0.12,1e-05,0.003,1.0,-0.1,10.0,1000,0,0.0,0.07911143844038998,0.0,0.005970691506544877
0.12,1e-05,0.003,1.0,-0.1,100.0,1000,0,0.0,0.007069021485441915,0.0,4.235618003888814e-05
0.12,1e-05,0.003,1.0,-0.1,1000.0,1000,0,0.0,0.00023752674870675849,0.0,5.6077219373985944e-08
0.12,1e-05,0.003,1.0,0.0,10.0,1000,0,0.0,0.08043127218786231,0.0,0.0069528324106720015
0.12,1e-05,0.003,1.0,0.0,100.0,1000,0,0.0,0.006758777069983294,0.0,4.6722413953615334e-05
0.12,1e-05,0.003,1.0,0.0,1000.0,1000,0,0.0,0.00023252455012717354,0.0,5.1826479029310266e-08
0.12,1e-05,0.003,1.0,0.1,10.0,1000,0,0.0,0.08606375208773213,0.0,0.007662159136795578
0.12,1e-05,0.003,1.0,0.1,100.0,1000,0,0.0,0.008027796442561451,0.0,0.0015100009248566462
0.12,1e-05,0.003,1.0,0.1,1000.0,1000,0,0.0,0.00023992289632863948,0.0,6.070285765686638e-08
0.12,1e-05,0.003,1.0,0.2,10.0,1000,0,0.0,0.08556414041462801,0.0,0.007516244192521964
0.12,1e-05,0.003,1.0,0.2,100.0,1000,0,0.0,0.00636075191638418,0.0,4.331522977953114e-05
0.12,1e-05,0.003,1.0,0.2,1000.0,1000,0,0.0,0.00024226704578430352,0.0,5.4664361529786066e-08
0.12,1e-05,0.003,1.0,0.5,10.0,1000,0,0.0,0.08015177969884106,0.0,0.006584244676391739
0.12,1e-05,0.003,1.0,0.5,100.0,1000,0,0.0,0.006633644165561204,0.0,4.74833591692599e-05
0.12,1e-05,0.003,1.0,0.5,1000.0,1000,0,0.0,0.00023617102504703123,0.0,5.7817429110069975e-08
0.12,1e-05,0.003,1.0,1.0,10.0,1000,0,0.0,0.08024920566644962,0.0,0.006546195296471657
0.12,1e-05,0.003,1.0,1.0,100.0,1000,0,0.0,0.0068859277628769925,0.0,4.2910458019581755e-05
0.12,1e-05,0.003,1.0,1.0,1000.0,1000,0,0.0,0.00023690909721024148,0.0,5.737937436166287e-08
0.12,1e-05,0.001,1e-05,-0.5,10.0,1000,0,0.0,0.0,0.0,0.0
0.12,1e-05,0.001,1e-05,-0.5,100.0,1000,0,0.0,5.07672596857215,0.0,11.258526610502274
0.12,1e-05,0.001,1e-05,-0.5,1000.0,1000,0,0.0,1.3867505208854856,0.0,2.183229405470158
0.12,1e-05,0.001,1e-05,-0.2,10.0,1000,0,0.0,0.0,0.0,0.0
0.12,1e-05,0.001,1e-05,-0.2,100.0,1000,0,0.0,3.7664786250971827,0.0,25.2542373301355
0.12,1e-05,0.001,1e-05,-0.2,1000.0,1000,0,0.0,1.631532338443804,0.0,5.332299451638215
0.12,1e-05,0.001,1e-05,-0.1,10.0,1000,0,0.0,0.0,0.0,0.0
0.12,1e-05,0.001,1e-05,-0.1,100.0,1000,0,0.0,11.326676022474139,0.0,76.84476291297929
0.12,1e-05,0.001,1e-05,-0.1,1000.0,1000,0,0.0,1.0890340224109576,0.0,1.0707776752440377
0.12,1e-05,0.001,1e-05,0.0,10.0,1000,0,0.0,12.707867941647645,0.0,0.0
0.12,1e-05,0.001,1e-05,0.0,100.0,1000,0,0.0,3.9041163360682813,0.0,4.469143700762163
0.12,1e-05,0.001,1e-05,0.0,1000.0,1000,0,0.0,1.472337114978086,0.0,4.469550260341594
0.12,1e-05,0.001,1e-05,0.1,10.0,1000,0,0.0,6.017187917352875,0.0,13.38584398579463
0.12,1e-05,0.001,1e-05,0.1,100.0,1000,0,0.0,10.952194468367944,0.0,94.30320977259281
0.12,1e-05,0.001,1e-05,0.1,1000.0,1000,0,0.0,0.6896958826434767,0.0,0.11817463745403758
0.12,1e-05,0.001,1e-05,0.2,10.0,1000,0,0.0,5.571359782472607,0.0,0.0
0.12,1e-05,0.001,1e-05,0.2,100.0,1000,0,0.0,3.7930629520912538,0.0,5.7038937039808735
0.12,1e-05,0.001,1e-05,0.2,1000.0,1000,0,0.0,0.898293380867236,0.0,0.20713710816900616
0.12,1e-05,0.001,1e-05,0.5,10.0,1000,0,0.0,3.9584588763380064,0.0,0.0
0.12,1e-05,0.001,1e-05,0.5,100.0,1000,0,0.0,2.4166847907566087,0.0,0.9022508624701439
0.12,1e-05,0.001,1e-05,0.5,1000.0,1000,0,0.0,2.146875690257944,0.0,4.60384164034255
0.12,1e-05,0.001,1e-05,1.0,10.0,1000,0,0.0,2.51253728320375,0.0,0.0
0.12,1e-05,0.001,1e-05,1.0,100.0,1000,0,0.0,0.6545886947181428,0.0,0.021572736089648093
0.12,1e-05,0.001,1e-05,1.0,1000.0,1000,0,0.0,3.483761127362772,0.0,26.12494297827396
0.12,1e-05,0.001,0.001,-0.5,10.0,1000,0,0.0,1.250919103015692,0.0,0.7850265712866109
0.12,1e-05,0.001,0.001,-0.5,100.0,1000,0,0.0,18.00201222044034,0.0,940.0632516646124
0.12,1e-05,0.001,0.001,-0.5,1000.0,1000,0,0.0,0.8173106528249412,0.0,1.4318089148754827
0.12,1e-05,0.001,0.001,-0.2,10.0,1000,0,0.0,12.029916056370702,0.0,119.87969697416055
0.12,1e-05,0.001,0.001,-0.2,100.0,1000,0,0.0,6.462958662697687,0.0,32.112621399786704
0.12,1e-05,0.001,0.001,-0.2,1000.0,1000,0,0.0,1.9030129676572132,0.0,2.988281838227973
0.12,1e-05,0.001,0.001,-0.1,10.0,1000,0,0.0,5.025354914544115,0.0,26.569624022121683
0.12,1e-05,0.001,0.001,-0.1,100.0,1000,0,0.0,3.1219112143480277,0.0,6.778895566103215
0.12,1e-05,0.001,0.001,-0.1,1000.0,1000,0,0.0,2.4762964441239204,0.0,9.187909161467157
0.12,1e-05,0.001,0.001,0.0,10.0,1000,0,0.0,7.397206474552301,0.0,56.01411441271311
0.12,1e-05,0.001,0.001,0.0,100.0,1000,0,0.0,8.050982645426679,0.0,117.8820903924678
0.12,1e-05,0.001,0.001,0.0,1000.0,1000,0,0.0,1.872241596430228,0.0,4.645333529153326
0.12,1e-05,0.001,0.001,0.1,10.0,1000,0,0.0,5.629873529024329,0.0,12.202812741638295
0.12,1e-05,0.001,0.001,0.1,100.0,1000,0,0.0,8.067999854727574,0.0,50.27264848623493
0.12,1e-05,0.001,0.001,0.1,1000.0,1000,0,0.0,1.1943773969219185,0.0,3.1425823505321233
0.12,1e-05,0.001,0.001,0.2,10.0,1000,0,0.0,11.274639691592446,0.0,170.1876298022893
0.12,1e-05,0.001,0.001,0.2,100.0,1000,0,0.0,7.253312260416858,0.0,26.826540629720473
0.12,1e-05,0.001,0.001,0.2,1000.0,1000,0,0.0,2.159572836906345,0.0,7.326619226529386
0.12,1e-05,0.001,0.001,0.5,10.0,1000,0,0.0,6.1338198813910445,0.0,22.059200542632972
0.12,1e-05,0.001,0.001,0.5,100.0,1000,0,0.0,1.959315404564277,0.0,5.58419682056335
0.12,1e-05,0.001,0.001,0.5,1000.0,1000,0,0.0,13.548442987462494,0.0,1408.4733777502827
0.12,1e-05,0.001,0.001,1.0,10.0,1000,0,0.0,7.121767758058655,0.0,14.696630437608333
0.12,1e-05,0.001,0.001,1.0,100.0,1000,0,0.0,9.01425232778583,0.0,71.21978035541298
0.12,1e-05,0.001,0.001,1.0,1000.0,1000,0,0.0,4.903595206684912,0.0,58.802352092994525
0.12,1e-05,0.001,0.1,-0.5,10.0,1000,0,0.0,3.801120591508314,0.0,15.627027789320184
0.12,1e-05,0.001,0.1,-0.5,100.0,1000,0,0.0,3.1680720075829925,0.0,9.489187913098823
0.12,1e-05,0.001,0.1,-0.5,1000.0,1000,0,0.0,3.8368601687891912,0.0,67.36863614326013
0.12,1e-05,0.001,0.1,-0.2,10.0,1000,0,0.0,3.8397743833903597,0.0,15.282256093187767
0.12,1e-05,0.001,0.1,-0.2,100.0,1000,0,0.0,3.654588273596506,0.0,28.12888138691486
0.12,1e-05,0.001,0.1,-0.2,1000.0,1000,0,0.0,3.4430049183598124,0.0,95.48310189091761
0.12,1e-05,0.001,0.1,-0.1,10.0,1000,0,0.0,3.4572324603344424,0.0,10.949379849481595
0.12,1e-05,0.001,0.1,-0.1,100.0,1000,0,0.0,2.903386290570436,0.0,12.693026836196836
0.12,1e-05,0.001,0.1,-0.1,1000.0,1000,0,0.0,2.6869418131753573,0.0,42.707392757073485
0.12,1e-05,0.001,0.1,0.0,10.0,1000,0,0.0,4.384954357349823,0.0,33.80732341584808
0.12,1e-05,0.001,0.1,0.0,100.0,1000,0,0.0,2.6833320848974616,0.0,8.938291039009062
0.12,1e-05,0.001,0.1,0.0,1000.0,1000,0,0.0,4.2851501385998505,0.0,187.56844251543868
0.12,1e-05,0.001,0.1,0.1,10.0,1000,0,0.0,3.608606622951265,0.0,17.077686604385494
0.12,1e-05,0.001,0.1,0.1,100.0,1000,0,0.0,2.8243915912851687,0.0,11.451199882343825
0.12,1e-05,0.001,0.1,0.1,1000.0,1000,0,0.0,3.0766420110704864,0.0,100.95677696882701
0.12,1e-05,0.001,0.1,0.2,10.0,1000,0,0.0,3.47925275682292,0.0,11.304657512213668
0.12,1e-05,0.001,0.1,0.2,100.0,1000,0,0.0,2.615879681406829,0.0,8.629628482412997
0.12,1e-05,0.001,0.1,0.2,1000.0,1000,0,0.0,2.411583196641225,0.0,38.566016679078565
0.12,1e-05,0.001,0.1,0.5,10.0,1000,0,0.0,3.2921519115664672,0.0,11.425219997891563
0.12,1e-05,0.001,0.1,0.5,100.0,1000,0,0.0,2.6752883216235044,0.0,19.48432915013967
0.12,1e-05,0.001,0.1,0.5,1000.0,1000,0,0.0,2.7737330716020776,0.0,104.14036219522853
0.12,1e-05,0.001,0.1,1.0,10.0,1000,0,0.0,2.8354969053981427,0.0,7.474145371306132
0.12,1e-05,0.001,0.1,1.0,100.0,1000,0,0.0,2.39353574547928,0.0,31.107457252158486
0.12,1e-05,0.001,0.1,1.0,1000.0,1000,0,0.0,1.859527268057528,0.0,24.163073238096317
0.12,1e-05,0.001,1.0,-0.5,10.0,1000,0,0.0,0.7527744371228627,0.0,1.1873097239264134
0.12,1e-05,0.001,1.0,-0.5,100.0,1000,0,0.0,0.6475384967361161,0.0,1.3065168474305822
0.12,1e-05,0.001,1.0,-0.5,1000.0,1000,0,0.0,0.5333135143620639,0.0,1.7491780758640498
0.12,1e-05,0.001,1.0,-0.2,10.0,1000,0,0.0,0.714064430398751,0.0,4.614276903198767
0.12,1e-05,0.001,1.0,-0.2,100.0,1000,0,0.0,1.018412218742506,0.0,25.563459627507722
0.12,1e-05,0.001,1.0,-0.2,1000.0,1000,0,0.0,1.3780386562839422,0.0,42.58606523294263
0.12,1e-05,0.001,1.0,-0.1,10.0,1000,0,0.0,0.5650135300601884,0.0,0.34025273819576207
0.12,1e-05,0.001,1.0,-0.1,100.0,1000,0,0.0,0.9330170609943644,0.0,28.02656620780964
0.12,1e-05,0.001,1.0,-0.1,1000.0,1000,0,0.0,0.5572567275883284,0.0,3.442473294087991
0.12,1e-05,0.001,1.0,0.0,10.0,1000,0,0.0,0.6618193394308902,0.0,10.351609241174149
0.12,1e-05,0.001,1.0,0.0,100.0,1000,0,0.0,0.6277026986638324,0.0,4.272688357788816
0.12,1e-05,0.001,1.0,0.0,1000.0,1000,0,0.0,0.9227218741650779,0.0,21.81235974731302
0.12,1e-05,0.001,1.0,0.1,10.0,1000,0,0.0,0.5008674819135844,0.0,0.2672542441035186
0.12,1e-05,0.001,1.0,0.1,100.0,1000,0,0.0,0.7735254134103077,0.0,23.916799716321613
0.12,1e-05,0.001,1.0,0.1,1000.0,1000,0,0.0,0.6855299431105082,0.0,8.21006395929645
0.12,1e-05,0.001,1.0,0.2,10.0,1000,0,0.0,0.49315991200557224,0.0,0.25750949003680706
0.12,1e-05,0.001,1.0,0.2,100.0,1000,0,0.0,0.7029502705159424,0.0,12.847616699813697
0.12,1e-05,0.001,1.0,0.2,1000.0,1000,0,0.0,0.5530440741325189,0.0,3.4299853334226067
0.12,1e-05,0.001,1.0,0.5,10.0,1000,0,0.0,0.7813873477362345,0.0,26.44169837436166
0.12,1e-05,0.001,1.0,0.5,100.0,1000,0,0.0,0.5005712094123559,0.0,3.0746779030283635
0.12,1e-05,0.001,1.0,0.5,1000.0,1000,0,0.0,0.531685584127281,0.0,5.445810118868971
0.12,1e-05,0.001,1.0,1.0,10.0,1000,0,0.0,0.374210215723667,0.0,0.1436772428325972
0.12,1e-05,0.001,1.0,1.0,100.0,1000,0,0.0,0.39918525235887453,0.0,1.0759140295497145
0.12,1e-05,0.001,1.0,1.0,1000.0,1000,0,0.0,0.645977741308236,0.0,13.120750403692485
0.12,0.0001,0.0003,1e-05,-0.5,10.0,1000,0,0.0,0.0,0.0,0.0
0.12,0.0001,0.0003,1e-05,-0.5,100.0,1000,0,0.0,0.0,0.0,0.0
0.12,0.0001,0.0003,1e-05,-0.5,1000.0,1000,0,0.0,0.0,0.0,0.0
0.12,0.0001,0.0003,1e-05,-0.2,10.0,1000,0,0.0,0.0,0.0,0.0
0.12,0.0001,0.0003,1e-05,-0.2,100.0,1000,0,0.0,0.0,0.0,0.0
0.12,0.0001,0.0003,1e-05,-0.2,1000.0,1000,0,0.0,0.0,0.0,0.0
0.12,0.0001,0.0003,1e-05,-0.1,10.0,1000,0,0.0,0.0,0.0,0.0
0.12,0.0001,0.0003,1e-05,-0.1,100.0,1000,0,0.0,0.0,0.0,0.0
0.12,0.0001,0.0003,1e-05,-0.1,1000.0,1000,0,0.0,0.0,0.0,0.0
0.12,0.0001,0.0003,1e-05,0.0,10.0,1000,0,0.0,0.0,0.0,0.0
0.12,0.0001,0.0003,1e-05,0.0,100.0,1000,0,0.0,0.0,0.0,0.0
0.12,0.0001,0.0003,1e-05,0.0,1000.0,1000,0,0.0,0.0,0.0,0.0
0.12,0.0001,0.0003,1e-05,0.1,10.0,1000,0,0.0,0.0,0.0,0.0
0.12,0.0001,0.0003,1e-05,0.1,100.0,1000,0,0.0,0.0,0.0,0.0
0.12,0.0001,0.0003,1e-05,0.1,1000.0,1000,0,0.0,0.0,0.0,0.0
0.12,0.0001,0.0003,1e-05,0.2,10.0,1000,0,0.0,0.0,0.0,0.0
0.12,0.0001,0.0003,1e-05,0.2,100.0,1000,0,0.0,0.0,0.0,0.0
0.12,0.0001,0.0003,1e-05,0.2,1000.0,1000,0,0.0,0.0,0.0,0.0
0.12,0.0001,0.0003,1e-05,0.5,10.0,1000,0,0.0,0.0,0.0,0.0
0.12,0.0001,0.0003,1e-05,0.5,100.0,1000,0,0.0,0.0,0.0,0.0
0.12,0.0001,0.0003,1e-05,0.5,1000.0,1000,0,0.0,0.0,0.0,0.0
0.12,0.0001,0.0003,1e-05,1.0,10.0,1000,0,0.0,0.0,0.0,0.0
0.12,0.0001,0.0003,1e-05,1.0,100.0,1000,0,0.0,0.0,0.0,0.0
0.12,0.0001,0.0003,1e-05,1.0,1000.0,1000,0,0.0,0.0,0.0,0.0
0.12,0.0001,0.0003,0.001,-0.5,10.0,1000,0,0.0,0.0,0.0,0.0
0.12,0.0001,0.0003,0.001,-0.5,100.0,1000,0,0.0,0.0,0.0,0.0
0.12,0.0001,0.0003,0.001,-0.5,1000.0,1000,0,0.0,0.0,0.0,0.0
0.12,0.0001,0.0003,0.001,-0.2,10.0,1000,0,0.0,0.0,0.0,0.0
0.12,0.0001,0.0003,0.001,-0.2,100.0,1000,0,0.0,0.0,0.0,0.0
0.12,0.0001,0.0003,0.001,-0.2,1000.0,1000,0,0.0,0.0,0.0,0.0
0.12,0.0001,0.0003,0.001,-0.1,10.0,1000,0,0.0,0.0,0.0,0.0
0.12,0.0001,0.0003,0.001,-0.1,100.0,1000,0,0.0,0.0,0.0,0.0
0.12,0.0001,0.0003,0.001,-0.1,1000.0,1000,0,0.0,0.0,0.0,0.0
0.12,0.0001,0.0003,0.001,0.0,10.0,1000,0,0.0,0.0,0.0,0.0
0.12,0.0001,0.0003,0.001,0.0,100.0,1000,0,0.0,0.0,0.0,0.0
0.12,0.0001,0.0003,0.001,0.0,1000.0,1000,0,0.0,0.0,0.0,0.0
0.12,0.0001,0.0003,0.001,0.1,10.0,1000,0,0.0,0.0,0.0,0.0
0.12,0.0001,0.0003,0.001,0.1,100.0,1000,0,0.0,0.0,0.0,0.0
0.12,0.0001,0.0003,0.001,0.1,1000.0,1000,0,0.0,0.0,0.0,0.0
0.12,0.0001,0.0003,0.001,0.2,10.0,1000,0,0.0,0.0,0.0,0.0
0.12,0.0001,0.0003,0.001,0.2,100.0,1000,0,0.0,0.0,0.0,0.0
0.12,0.0001,0.0003,0.001,0.2,1000.0,1000,0,0.0,0.0,0.0,0.0
0.12,0.0001,0.0003,0.001,0.5,10.0,1000,0,0.0,0.0,0.0,0.0
0.12,0.0001,0.0003,0.001,0.5,100.0,1000,0,0.0,0.0,0.0,0.0
0.12,0.0001,0.0003,0.001,0.5,1000.0,1000,0,0.0,0.0,0.0,0.0
0.12,0.0001,0.0003,0.001,1.0,10.0,1000,0,0.0,0.0,0.0,0.0
0.12,0.0001,0.0003,0.001,1.0,100.0,1000,0,0.0,0.0,0.0,0.0
0.12,0.0001,0.0003,0.001,1.0,1000.0,1000,0,0.0,0.0,0.0,0.0
0.12,0.0001,0.0003,0.1,-0.5,10.0,1000,0,0.0,0.0,0.0,0.0
0.12,0.0001,0.0003,0.1,-0.5,100.0,1000,0,0.0,0.0,0.0,0.0
0.12,0.0001,0.0003,0.1,-0.5,1000.0,1000,0,0.0,0.0,0.0,0.0
0.12,0.0001,0.0003,0.1,-0.2,10.0,1000,0,0.0,14.02719718466513,0.0,45.859011671607234
0.12,0.0001,0.0003,0.1,-0.2,100.0,1000,0,0.0,20.2127704149455,0.0,80.20565485378701
0.12,0.0001,0.0003,0.1,-0.2,1000.0,1000,0,0.0,0.0,0.0,0.0
0.12,0.0001,0.0003,0.1,-0.1,10.0,1000,0,0.0,18.142262965827086,0.0,0.0
0.12,0.0001,0.0003,0.1,-0.1,100.0,1000,0,0.0,8.353049166578154,0.0,25.33894192278348
0.12,0.0001,0.0003,0.1,-0.1,1000.0,1000,0,0.0,25.98364643992381,0.0,144.75772417781212
0.12,0.0001,0.0003,0.1,0.0,10.0,1000,0,0.0,0.0,0.0,0.0
0.12,0.0001,0.0003,0.1,0.0,100.0,1000,0,0.0,22.094321223610905,0.0,908.2976521173006
0.12,0.0001,0.0003,0.1,0.0,1000.0,1000,0,0.0,27.911805197643133,0.0,721.6831685411381
0.12,0.0001,0.0003,0.1,0.1,10.0,1000,0,0.0,13.921551317685886,0.0,8.09929509786497
0.12,0.0001,0.0003,0.1,0.1,100.0,1000,0,0.0,14.06778442265497,0.0,113.06357329301028
0.12,0.0001,0.0003,0.1,0.1,1000.0,1000,0,0.0,25.715713579926433,0.0,221.73354157120528
0.12,0.0001,0.0003,0.1,0.2,10.0,1000,0,0.0,13.62641186219859,0.0,0.0
0.12,0.0001,0.0003,0.1,0.2,100.0,1000,0,0.0,19.29714440390446,0.0,159.65482422066512
0.12,0.0001,0.0003,0.1,0.2,1000.0,1000,0,0.0,27.492779827187377,0.0,706.3418252660178
0.12,0.0001,0.0003,0.1,0.5,10.0,1000,0,0.0,14.349774147821243,0.0,24.864316751094773
0.12,0.0001,0.0003,0.1,0.5,100.0,1000,0,0.0,17.204279063714896,0.0,153.46612395608753
0.12,0.0001,0.0003,0.1,0.5,1000.0,1000,0,0.0,25.640166164480675,0.0,738.4072093112976
0.12,0.0001,0.0003,0.1,1.0,10.0,1000,0,0.0,23.088133468746204,0.0,171.9061873118588
0.12,0.0001,0.0003,0.1,1.0,100.0,1000,0,0.0,17.076151220812996,0.0,141.29472574625285
0.12,0.0001,0.0003,0.1,1.0,1000.0,1000,0,0.0,27.704947006187172,0.0,433.61702774654646
0.12,0.0001,0.0003,1.0,-0.5,10.0,1000,0,0.0,3.9139028458069447,0.0,3.2306332033294693
0.12,0.0001,0.0003,1.0,-0.5,100.0,1000,0,0.0,1.9476156153727948,0.0,0.9111055196339873
0.12,0.0001,0.0003,1.0,-0.5,1000.0,1000,0,0.0,7.758707724041292,0.0,48.16668055870747
0.12,0.0001,0.0003,1.0,-0.2,10.0,1000,0,0.0,4.8429334334701055,0.0,7.16599340760573
0.12,0.0001,0.0003,1.0,-0.2,100.0,1000,0,0.0,10.582953583628782,0.0,647.0456889178719
0.12,0.0001,0.0003,1.0,-0.2,1000.0,1000,0,0.0,11.49545254037585,0.0,170.28548064068255
0.12,0.0001,0.0003,1.0,-0.1,10.0,1000,0,0.0,4.341476453959252,0.0,6.647354148940443
0.12,0.0001,0.0003,1.0,-0.1,100.0,1000,0,0.0,9.934102231160084,0.0,432.889578395007
0.12,0.0001,0.0003,1.0,-0.1,1000.0,1000,0,0.0,12.885067425907067,0.0,397.05177657430323
0.12,0.0001,0.0003,1.0,0.0,10.0,1000,0,0.0,3.8675544561707835,0.0,5.646367469079194
0.12,0.0001,0.0003,1.0,0.0,100.0,1000,0,0.0,9.158897686692073,0.0,535.2472413438122
0.12,0.0001,0.0003,1.0,0.0,1000.0,1000,0,0.0,13.409337211998164,0.0,412.0994399881024
0.12,0.0001,0.0003,1.0,0.1,10.0,1000,0,0.0,5.691803977750962,0.0,41.530809206080505
0.12,0.0001,0.0003,1.0,0.1,100.0,1000,0,0.0,6.6238312798486465,0.0,114.09525516142133
0.12,0.0001,0.0003,1.0,0.1,1000.0,1000,0,0.0,11.5533506952337,0.0,297.7457196812997
0.12,0.0001,0.0003,1.0,0.2,10.0,1000,0,0.0,5.460952016167675,0.0,113.55194045417474
0.12,0.0001,0.0003,1.0,0.2,100.0,1000,0,0.0,7.9043762621855755,0.0,230.67976990866774
0.12,0.0001,0.0003,1.0,0.2,1000.0,1000,0,0.0,13.994173495285782,0.0,822.7390732484548
0.12,0.0001,0.0003,1.0,0.5,10.0,1000,0,0.0,4.217035168561322,0.0,40.875456751447736
0.12,0.0001,0.0003,1.0,0.5,100.0,1000,0,0.0,6.471717985783403,0.0,175.17113919977436
0.12,0.0001,0.0003,1.0,0.5,1000.0,1000,0,0.0,11.341793727997667,0.0,535.1599104453156
0.12,0.0001,0.0003,1.0,1.0,10.0,966,34,0.81299192968004,3.5534091412760573,0.02202763346225218,27.978572752113724
0.12,0.0001,0.0003,1.0,1.0,100.0,882,118,0.7298236228550504,5.589722421196987,0.06266014448081436,220.51677986214133
0.12,0.0001,0.0003,1.0,1.0,1000.0,870,130,0.7941177186484404,7.92642113916735,0.03156022779272257,244.2898937830111
0.12,0.0001,0.0001,1e-05,-0.5,10.0,1000,0,0.0,0.0,0.0,0.0
0.12,0.0001,0.0001,1e-05,-0.5,100.0,1000,0,0.0,0.0,0.0,0.0
0.12,0.0001,0.0001,1e-05,-0.5,1000.0,1000,0,0.0,0.0,0.0,0.0
0.12,0.0001,0.0001,1e-05,-0.2,10.0,1000,0,0.0,0.0,0.0,0.0
0.12,0.0001,0.0001,1e-05,-0.2,100.0,1000,0,0.0,0.0,0.0,0.0
0.12,0.0001,0.0001,1e-05,-0.2,1000.0,1000,0,0.0,0.0,0.0,0.0
0.12,0.0001,0.0001,1e-05,-0.1,10.0,1000,0,0.0,0.0,0.0,0.0
0.12,0.0001,0.0001,1e-05,-0.1,100.0,1000,0,0.0,0.0,0.0,0.0
0.12,0.0001,0.0001,1e-05,-0.1,1000.0,1000,0,0.0,0.0,0.0,0.0
0.12,0.0001,0.0001,1e-05,0.0,10.0,1000,0,0.0,0.0,0.0,0.0
0.12,0.0001,0.0001,1e-05,0.0,100.0,1000,0,0.0,0.0,0.0,0.0
0.12,0.0001,0.0001,1e-05,0.0,1000.0,1000,0,0.0,0.0,0.0,0.0
0.12,0.0001,0.0001,1e-05,0.1,10.0,1000,0,0.0,0.0,0.0,0.0
0.12,0.0001,0.0001,1e-05,0.1,100.0,1000,0,0.0,0.0,0.0,0.0
0.12,0.0001,0.0001,1e-05,0.1,1000.0,1000,0,0.0,0.0,0.0,0.0
0.12,0.0001,0.0001,1e-05,0.2,10.0,1000,0,0.0,0.0,0.0,0.0
0.12,0.0001,0.0001,1e-05,0.2,100.0,1000,0,0.0,0.0,0.0,0.0
0.12,0.0001,0.0001,1e-05,0.2,1000.0,1000,0,0.0,0.0,0.0,0.0
0.12,0.0001,0.0001,1e-05,0.5,10.0,1000,0,0.0,0.0,0.0,0.0
0.12,0.0001,0.0001,1e-05,0.5,100.0,1000,0,0.0,0.0,0.0,0.0
0.12,0.0001,0.0001,1e-05,0.5,1000.0,1000,0,0.0,0.0,0.0,0.0
0.12,0.0001,0.0001,1e-05,1.0,10.0,1000,0,0.0,0.0,0.0,0.0
0.12,0.0001,0.0001,1e-05,1.0,100.0,1000,0,0.0,0.0,0.0,0.0
0.12,0.0001,0.0001,1e-05,1.0,1000.0,1000,0,0.0,0.0,0.0,0.0
0.12,0.0001,0.0001,0.001,-0.5,10.0,1000,0,0.0,0.0,0.0,0.0
0.12,0.0001,0.0001,0.001,-0.5,100.0,1000,0,0.0,0.0,0.0,0.0
0.12,0.0001,0.0001,0.001,-0.5,1000.0,1000,0,0.0,0.0,0.0,0.0
0.12,0.0001,0.0001,0.001,-0.2,10.0,1000,0,0.0,0.0,0.0,0.0
0.12,0.0001,0.0001,0.001,-0.2,100.0,1000,0,0.0,0.0,0.0,0.0
0.12,0.0001,0.0001,0.001,-0.2,1000.0,1000,0,0.0,0.0,0.0,0.0
0.12,0.0001,0.0001,0.001,-0.1,10.0,1000,0,0.0,0.0,0.0,0.0
0.12,0.0001,0.0001,0.001,-0.1,100.0,1000,0,0.0,0.0,0.0,0.0
0.12,0.0001,0.0001,0.001,-0.1,1000.0,1000,0,0.0,0.0,0.0,0.0
0.12,0.0001,0.0001,0.001,0.0,10.0,1000,0,0.0,0.0,0.0,0.0
0.12,0.0001,0.0001,0.001,0.0,100.0,1000,0,0.0,0.0,0.0,0.0
0.12,0.0001,0.0001,0.001,0.0,1000.0,1000,0,0.0,0.0,0.0,0.0
0.12,0.0001,0.0001,0.001,0.1,10.0,1000,0,0.0,0.0,0.0,0.0
0.12,0.0001,0.0001,0.001,0.1,100.0,1000,0,0.0,0.0,0.0,0.0
0.12,0.0001,0.0001,0.001,0.1,1000.0,1000,0,0.0,0.0,0.0,0.0
0.12,0.0001,0.0001,0.001,0.2,10.0,1000,0,0.0,0.0,0.0,0.0
0.12,0.0001,0.0001,0.001,0.2,100.0,1000,0,0.0,0.0,0.0,0.0
0.12,0.0001,0.0001,0.001,0.2,1000.0,1000,0,0.0,0.0,0.0,0.0
0.12,0.0001,0.0001,0.001,0.5,10.0,1000,0,0.0,0.0,0.0,0.0
0.12,0.0001,0.0001,0.001,0.5,100.0,1000,0,0.0,0.0,0.0,0.0
0.12,0.0001,0.0001,0.001,0.5,1000.0,1000,0,0.0,0.0,0.0,0.0
0.12,0.0001,0.0001,0.001,1.0,10.0,1000,0,0.0,0.0,0.0,0.0
0.12,0.0001,0.0001,0.001,1.0,100.0,1000,0,0.0,0.0,0.0,0.0
0.12,0.0001,0.0001,0.001,1.0,1000.0,1000,0,0.0,0.0,0.0,0.0
0.12,0.0001,0.0001,0.1,-0.5,10.0,1000,0,0.0,0.0,0.0,0.0
0.12,0.0001,0.0001,0.1,-0.5,100.0,1000,0,0.0,0.0,0.0,0.0
0.12,0.0001,0.0001,0.1,-0.5,1000.0,1000,0,0.0,0.0,0.0,0.0
0.12,0.0001,0.0001,0.1,-0.2,10.0,1000,0,0.0,0.0,0.0,0.0
0.12,0.0001,0.0001,0.1,-0.2,100.0,1000,0,0.0,0.0,0.0,0.0
0.12,0.0001,0.0001,0.1,-0.2,1000.0,1000,0,0.0,0.0,0.0,0.0
0.12,0.0001,0.0001,0.1,-0.1,10.0,1000,0,0.0,0.0,0.0,0.0
0.12,0.0001,0.0001,0.1,-0.1,100.0,1000,0,0.0,0.0,0.0,0.0
0.12,0.0001,0.0001,0.1,-0.1,1000.0,1000,0,0.0,0.0,0.0,0.0
0.12,0.0001,0.0001,0.1,0.0,10.0,1000,0,0.0,0.0,0.0,0.0
0.12,0.0001,0.0001,0.1,0.0,100.0,1000,0,0.0,0.0,0.0,0.0
0.12,0.0001,0.0001,0.1,0.0,1000.0,1000,0,0.0,0.0,0.0,0.0
0.12,0.0001,0.0001,0.1,0.1,10.0,1000,0,0.0,0.0,0.0,0.0
0.12,0.0001,0.0001,0.1,0.1,100.0,1000,0,0.0,0.0,0.0,0.0
0.12,0.0001,0.0001,0.1,0.1,1000.0,1000,0,0.0,0.0,0.0,0.0
0.12,0.0001,0.0001,0.1,0.2,10.0,1000,0,0.0,0.0,0.0,0.0
0.12,0.0001,0.0001,0.1,0.2,100.0,1000,0,0.0,0.0,0.0,0.0
0.12,0.0001,0.0001,0.1,0.2,1000.0,1000,0,0.0,0.0,0.0,0.0
0.12,0.0001,0.0001,0.1,0.5,10.0,1000,0,0.0,0.0,0.0,0.0
0.12,0.0001,0.0001,0.1,0.5,100.0,1000,0,0.0,0.0,0.0,0.0
0.12,0.0001,0.0001,0.1,0.5,1000.0,1000,0,0.0,0.0,0.0,0.0
0.12,0.0001,0.0001,0.1,1.0,10.0,1000,0,0.0,0.0,0.0,0.0
0.12,0.0001,0.0001,0.1,1.0,100.0,1000,0,0.0,33.49824560897653,0.0,47.9276369061933
0.12,0.0001,0.0001,0.1,1.0,1000.0,1000,0,0.0,47.769398363956014,0.0,155.91146194483045
0.12,0.0001,0.0001,1.0,-0.5,10.0,1000,0,0.0,0.0,0.0,0.0
0.12,0.0001,0.0001,1.0,-0.5,100.0,1000,0,0.0,0.0,0.0,0.0
0.12,0.0001,0.0001,1.0,-0.5,1000.0,1000,0,0.0,0.0,0.0,0.0
0.12,0.0001,0.0001,1.0,-0.2,10.0,1000,0,0.0,0.0,0.0,0.0
0.12,0.0001,0.0001,1.0,-0.2,100.0,1000,0,0.0,0.0,0.0,0.0
0.12,0.0001,0.0001,1.0,-0.2,1000.0,1000,0,0.0,0.0,0.0,0.0
0.12,0.0001,0.0001,1.0,-0.1,10.0,1000,0,0.0,0.0,0.0,0.0
0.12,0.0001,0.0001,1.0,-0.1,100.0,1000,0,0.0,12.219448180667216,0.0,164.70587493341512
0.12,0.0001,0.0001,1.0,-0.1,1000.0,1000,0,0.0,20.811909314320882,0.0,320.3745024037639
0.12,0.0001,0.0001,1.0,0.0,10.0,1000,0,0.0,0.0,0.0,0.0
0.12,0.0001,0.0001,1.0,0.0,100.0,1000,0,0.0,9.894444112318258,0.0,67.1965014427017
0.12,0.0001,0.0001,1.0,0.0,1000.0,1000,0,0.0,14.698090579843264,0.0,117.71265008460229
0.12,0.0001,0.0001,1.0,0.1,10.0,1000,0,0.0,24.13684931153552,0.0,21.244735533914803
0.12,0.0001,0.0001,1.0,0.1,100.0,1000,0,0.0,11.687705125693947,0.0,84.14294744759243
0.12,0.0001,0.0001,1.0,0.1,1000.0,1000,0,0.0,20.63522941288325,0.0,484.99444020087316
0.12,0.0001,0.0001,1.0,0.2,10.0,1000,0,0.0,27.476313438743635,0.0,88.89507811345484
0.12,0.0001,0.0001,1.0,0.2,100.0,1000,0,0.0,13.55842404814428,0.0,185.3907401372444
0.12,0.0001,0.0001,1.0,0.2,1000.0,1000,0,0.0,23.038375086579762,0.0,448.57056875059214
0.12,0.0001,0.0001,1.0,0.5,10.0,990,10,0.6356056257227812,42.46077661722793,0.05484517588607322,715.971666713152
0.12,0.0001,0.0001,1.0,0.5,100.0,882,118,0.6221084771996533,12.006317192268046,0.06326780289139343,332.60763582123525
0.12,0.0001,0.0001,1.0,0.5,1000.0,796,204,0.6276122119715011,16.880057094812944,0.05435438582536402,530.1617123576629
0.12,0.0001,0.0001,1.0,1.0,10.0,862,138,0.7919378533715594,51.075769857361706,0.00903531343360452,1638.3740994431876
0.12,0.0001,0.0001,1.0,1.0,100.0,550,450,0.7918367671648388,6.976389072549687,0.005606344604100689,222.02690008756565
0.12,0.0001,0.0001,1.0,1.0,1000.0,308,692,0.7937754920708264,11.346293590801425,0.008084201940704713,271.54945983836257
0.12,0.0001,0.003,1e-05,-0.5,10.0,1000,0,0.0,0.4861265045710511,0.0,0.23319743650586472
0.12,0.0001,0.003,1e-05,-0.5,100.0,1000,0,0.0,0.022480064431844787,0.0,0.0020541729573057416
0.12,0.0001,0.003,1e-05,-0.5,1000.0,1000,0,0.0,0.0003117956017760141,0.0,1.0068778474495545e-07
0.12,0.0001,0.003,1e-05,-0.2,10.0,1000,0,0.0,0.5030930660249935,0.0,0.2621529439792711
0.12,0.0001,0.003,1e-05,-0.2,100.0,1000,0,0.0,0.08431060042799707,0.0,4.083757612015017
0.12,0.0001,0.003,1e-05,-0.2,1000.0,1000,0,0.0,0.000316987103574377,0.0,1.0236532883447117e-07
0.12,0.0001,0.003,1e-05,-0.1,10.0,1000,0,0.0,0.6308876381570795,0.0,9.39813501280426
0.12,0.0001,0.003,1e-05,-0.1,100.0,1000,0,0.0,0.04041729085595537,0.0,0.35167688317566126
0.12,0.0001,0.003,1e-05,-0.1,1000.0,1000,0,0.0,0.00032087213449288654,0.0,1.0713860027610575e-07
0.12,0.0001,0.003,1e-05,0.0,10.0,1000,0,0.0,0.522710484675111,0.0,1.875796292252538
0.12,0.0001,0.003,1e-05,0.0,100.0,1000,0,0.0,0.020971514226182472,0.0,0.0004734952414013568
0.12,0.0001,0.003,1e-05,0.0,1000.0,1000,0,0.0,0.00032736914787434167,0.0,1.0475992049529405e-07
0.12,0.0001,0.003,1e-05,0.1,10.0,1000,0,0.0,0.4581406348649381,0.0,0.21794432232304703
0.12,0.0001,0.003,1e-05,0.1,100.0,1000,0,0.0,0.021036622768531223,0.0,0.00043912753277101674
0.12,0.0001,0.003,1e-05,0.1,1000.0,1000,0,0.0,0.0005184743805084382,0.0,3.971337277076898e-05
0.12,0.0001,0.003,1e-05,0.2,10.0,1000,0,0.0,0.49135610863193785,0.0,0.24123741263117018
0.12,0.0001,0.003,1e-05,0.2,100.0,1000,0,0.0,0.020429436685624795,0.0,0.0003883819317072087
0.12,0.0001,0.003,1e-05,0.2,1000.0,1000,0,0.0,0.0003572201060829817,0.0,1.320302535914012e-07
0.12,0.0001,0.003,1e-05,0.5,10.0,1000,0,0.0,0.5428829567069258,0.0,2.919174844834608
0.12,0.0001,0.003,1e-05,0.5,100.0,1000,0,0.0,0.030932051662133316,0.0,0.06329850926556789
0.12,0.0001,0.003,1e-05,0.5,1000.0,1000,0,0.0,0.00032269909128983146,0.0,9.329808252232402e-08
0.12,0.0001,0.003,1e-05,1.0,10.0,1000,0,0.0,0.5396275508989425,0.0,2.6093147722041756
0.12,0.0001,0.003,1e-05,1.0,100.0,1000,0,0.0,0.02924231929727029,0.0,0.036192636813523235
0.12,0.0001,0.003,1e-05,1.0,1000.0,1000,0,0.0,0.0003005400556543678,0.0,9.338667150862965e-08
0.12,0.0001,0.003,0.001,-0.5,10.0,1000,0,0.0,0.520713854670528,0.0,4.602207806280925
0.12,0.0001,0.003,0.001,-0.5,100.0,1000,0,0.0,0.020650544996539014,0.0,0.0004504872128397174
0.12,0.0001,0.003,0.001,-0.5,1000.0,1000,0,0.0,0.000321806563687256,0.0,1.0534321877934066e-07
0.12,0.0001,0.003,0.001,-0.2,10.0,1000,0,0.0,0.48769991503288784,0.0,0.27458156883888485
0.12,0.0001,0.003,0.001,-0.2,100.0,1000,0,0.0,0.06791194877596565,0.0,2.1541410548108733
0.12,0.0001,0.003,0.001,-0.2,1000.0,1000,0,0.0,0.00032454110699023863,0.0,1.0448618390091482e-07
0.12,0.0001,0.003,0.001,-0.1,10.0,1000,0,0.0,0.6131158911389306,0.0,14.882424268155455
0.12,0.0001,0.003,0.001,-0.1,100.0,1000,0,0.0,0.020537654655636176,0.0,0.0003987784138828239
0.12,0.0001,0.003,0.001,-0.1,1000.0,1000,0,0.0,0.0003119707497298464,0.0,9.989729316817516e-08
0.12,0.0001,0.003,0.001,0.0,10.0,1000,0,0.0,0.5138685498239005,0.0,1.0213751826430002
0.12,0.0001,0.003,0.001,0.0,100.0,1000,0,0.0,0.036558834394606304,0.0,0.149670006512482
0.12,0.0001,0.003,0.001,0.0,1000.0,1000,0,0.0,0.00031021423460097185,0.0,9.77055709227253e-08
0.12,0.0001,0.003,0.001,0.1,10.0,1000,0,0.0,0.4987341270891803,0.0,0.28191828570346444
0.12,0.0001,0.003,0.001,0.1,100.0,1000,0,0.0,0.021006473964942943,0.0,0.00048580947387807894
0.12,0.0001,0.003,0.001,0.1,1000.0,1000,0,0.0,0.00031312338980807477,0.0,9.408276991095314e-08
0.12,0.0001,0.003,0.001,0.2,10.0,1000,0,0.0,0.5759588846344209,0.0,7.169632898478541
0.12,0.0001,0.003,0.001,0.2,100.0,1000,0,0.0,0.021628771376553113,0.0,0.0005117873780977382
0.12,0.0001,0.003,0.001,0.2,1000.0,1000,0,0.0,0.00033071705154081395,0.0,1.1461188845281889e-07
0.12,0.0001,0.003,0.001,0.5,10.0,1000,0,0.0,0.5124094850582551,0.0,0.7086217935959443
0.12,0.0001,0.003,0.001,0.5,100.0,1000,0,0.0,0.021049112291181754,0.0,0.0004225561176239063
0.12,0.0001,0.003,0.001,0.5,1000.0,1000,0,0.0,0.0003075776434437957,0.0,9.166767627123338e-08
0.12,0.0001,0.003,0.001,1.0,10.0,1000,0,0.0,0.4522714650295155,0.0,0.20046392436074675
0.12,0.0001,0.003,0.001,1.0,100.0,1000,0,0.0,0.02199312650834524,0.0,0.00045386350485753917
0.12,0.0001,0.003,0.001,1.0,1000.0,1000,0,0.0,0.0003078213421266216,0.0,9.805222470275155e-08
0.12,0.0001,0.003,0.1,-0.5,10.0,1000,0,0.0,0.35219854840222686,0.0,0.2844168854041074
0.12,0.0001,0.003,0.1,-0.5,100.0,1000,0,0.0,0.017397791862692635,0.0,0.000287439974465917
0.12,0.0001,0.003,0.1,-0.5,1000.0,1000,0,0.0,0.0003024448547776979,0.0,8.273901125533151e-08
0.12,0.0001,0.003,0.1,-0.2,10.0,1000,0,0.0,0.35257320309132634,0.0,0.11914597545080971
0.12,0.0001,0.003,0.1,-0.2,100.0,1000,0,0.0,0.017210761698584934,0.0,0.000311897472876519
0.12,0.0001,0.003,0.1,-0.2,1000.0,1000,0,0.0,0.0003053364582067715,0.0,8.613786593427438e-08
0.12,0.0001,0.003,0.1,-0.1,10.0,1000,0,0.0,0.3375132656513532,0.0,0.15743476456938077
0.12,0.0001,0.003,0.1,-0.1,100.0,1000,0,0.0,0.0170114929168488,0.0,0.0003189817422175451
0.12,0.0001,0.003,0.1,-0.1,1000.0,1000,0,0.0,0.0002897883559557548,0.0,8.032705113015393e-08
0.12,0.0001,0.003,0.1,0.0,10.0,1000,0,0.0,0.344325958623297,0.0,0.19605036385287122
0.12,0.0001,0.003,0.1,0.0,100.0,1000,0,0.0,0.02180902547254696,0.0,0.010753411464184478
0.12,0.0001,0.003,0.1,0.0,1000.0,1000,0,0.0,0.00031511509071131713,0.0,1.010497994302914e-07
0.12,0.0001,0.003,0.1,0.1,10.0,1000,0,0.0,0.3631424675826111,0.0,1.236554692916118
0.12,0.0001,0.003,0.1,0.1,100.0,1000,0,0.0,0.016745069017998163,0.0,0.00027000757259034716
0.12,0.0001,0.003,0.1,0.1,1000.0,1000,0,0.0,0.00031801031638943004,0.0,9.342354554420919e-08
0.12,0.0001,0.003,0.1,0.2,10.0,1000,0,0.0,0.3870008833552217,0.0,3.186258253324576
0.12,0.0001,0.003,0.1,0.2,100.0,1000,0,0.0,0.06023456556326806,0.0,1.7259501007980114
0.12,0.0001,0.003,0.1,0.2,1000.0,1000,0,0.0,0.0003142429225437794,0.0,9.48103058911345e-08
0.12,0.0001,0.003,0.1,0.5,10.0,1000,0,0.0,0.3045682721964195,0.0,0.0892498423741973
0.12,0.0001,0.003,0.1,0.5,100.0,1000,0,0.0,0.01734128049969663,0.0,0.00031418020552531866
0.12,0.0001,0.003,0.1,0.5,1000.0,1000,0,0.0,0.0003196212391220127,0.0,9.896147261075336e-08
0.12,0.0001,0.003,0.1,1.0,10.0,1000,0,0.0,0.379359472082191,0.0,0.8672712342707901
0.12,0.0001,0.003,0.1,1.0,100.0,1000,0,0.0,0.04936343729603273,0.0,1.0427662165233302
0.12,0.0001,0.003,0.1,1.0,1000.0,1000,0,0.0,0.0003087582946491056,0.0,8.213973139173049e-08
0.12,0.0001,0.003,1.0,-0.5,10.0,1000,0,0.0,0.11115055630598755,0.0,0.6585281919674216
0.12,0.0001,0.003,1.0,-0.5,100.0,1000,0,0.0,0.09063533638058356,0.0,7.002143187508424
0.12,0.0001,0.003,1.0,-0.5,1000.0,1000,0,0.0,0.00024040933415386167,0.0,5.5186073278246335e-08
0.12,0.0001,0.003,1.0,-0.2,10.0,1000,0,0.0,0.11985351263767277,0.0,0.8883145043228914
0.12,0.0001,0.003,1.0,-0.2,100.0,1000,0,0.0,0.047063404810417396,0.0,1.4878231358295684
0.12,0.0001,0.003,1.0,-0.2,1000.0,1000,0,0.0,0.0002338643317956579,0.0,5.1724046894017006e-08
0.12,0.0001,0.003,1.0,-0.1,10.0,1000,0,0.0,0.08499928179155535,0.0,0.006968901680117008
0.12,0.0001,0.003,1.0,-0.1,100.0,1000,0,0.0,0.006333200477090051,0.0,4.076359709958878e-05
0.12,0.0001,0.003,1.0,-0.1,1000.0,1000,0,0.0,0.00023795535020902612,0.0,5.3429943240081795e-08
0.12,0.0001,0.003,1.0,0.0,10.0,1000,0,0.0,0.08452460442436804,0.0,0.007715639271197792
0.12,0.0001,0.003,1.0,0.0,100.0,1000,0,0.0,0.006622755188143978,0.0,4.435197839887887e-05
0.12,0.0001,0.003,1.0,0.0,1000.0,1000,0,0.0,0.025030112393838254,0.0,0.6138094702520548
0.12,0.0001,0.003,1.0,0.1,10.0,1000,0,0.0,0.09074221927333276,0.0,0.07334490170844568
0.12,0.0001,0.003,1.0,0.1,100.0,1000,0,0.0,0.006433919434171248,0.0,4.0450094258032776e-05
0.12,0.0001,0.003,1.0,0.1,1000.0,1000,0,0.0,0.00022884240227633872,0.0,5.191347718734383e-08
0.12,0.0001,0.003,1.0,0.2,10.0,1000,0,0.0,0.1585600649156271,0.0,3.624415963293497
0.12,0.0001,0.003,1.0,0.2,100.0,1000,0,0.0,0.024027042132104603,0.0,0.19417103597135876
0.12,0.0001,0.003,1.0,0.2,1000.0,1000,0,0.0,0.00024314555770071233,0.0,5.37389599258357e-08
0.12,0.0001,0.003,1.0,0.5,10.0,1000,0,0.0,0.17405647756762685,0.0,3.599179165194498
0.12,0.0001,0.003,1.0,0.5,100.0,1000,0,0.0,0.006814532724626187,0.0,4.8940946747433165e-05
0.12,0.0001,0.003,1.0,0.5,1000.0,1000,0,0.0,0.00024064335338125548,0.0,5.514149154978872e-08
0.12,0.0001,0.003,1.0,1.0,10.0,1000,0,0.0,0.11806902808907596,0.0,1.0953875794312202
0.12,0.0001,0.003,1.0,1.0,100.0,1000,0,0.0,0.13089378757521763,0.0,14.759157969114211
0.12,0.0001,0.003,1.0,1.0,1000.0,1000,0,0.0,0.0002316439318113077,0.0,5.561132783768631e-08
0.12,0.0001,0.001,1e-05,-0.5,10.0,1000,0,0.0,14.217693325431297,0.0,279.042513642973
0.12,0.0001,0.001,1e-05,-0.5,100.0,1000,0,0.0,5.402342931361677,0.0,56.955977211000175
0.12,0.0001,0.001,1e-05,-0.5,1000.0,1000,0,0.0,2.472847620185228,0.0,14.920993229036682
0.12,0.0001,0.001,1e-05,-0.2,10.0,1000,0,0.0,5.431079129354584,0.0,30.01193975805094
0.12,0.0001,0.001,1e-05,-0.2,100.0,1000,0,0.0,4.982625377527799,0.0,28.667466047108984
0.12,0.0001,0.001,1e-05,-0.2,1000.0,1000,0,0.0,2.53520929457348,0.0,45.315138628460716
0.12,0.0001,0.001,1e-05,-0.1,10.0,1000,0,0.0,9.152920827114206,0.0,33.811630369984584
0.12,0.0001,0.001,1e-05,-0.1,100.0,1000,0,0.0,5.12113193575854,0.0,78.25764667913857
0.12,0.0001,0.001,1e-05,-0.1,1000.0,1000,0,0.0,2.5026639070782526,0.0,41.335822219930165
0.12,0.0001,0.001,1e-05,0.0,10.0,1000,0,0.0,8.955583023642971,0.0,21.810149483937522
0.12,0.0001,0.001,1e-05,0.0,100.0,1000,0,0.0,3.3176488243448055,0.0,14.063620426953745
0.12,0.0001,0.001,1e-05,0.0,1000.0,1000,0,0.0,2.322799676286962,0.0,18.406736016722217
0.12,0.0001,0.001,1e-05,0.1,10.0,1000,0,0.0,10.481347241073417,0.0,144.4904909211913
0.12,0.0001,0.001,1e-05,0.1,100.0,1000,0,0.0,6.40839424020115,0.0,76.20885105187244
0.12,0.0001,0.001,1e-05,0.1,1000.0,1000,0,0.0,2.842915132989189,0.0,40.9919163423678
0.12,0.0001,0.001,1e-05,0.2,10.0,1000,0,0.0,8.577885343778494,0.0,70.72381059733965
0.12,0.0001,0.001,1e-05,0.2,100.0,1000,0,0.0,4.3854878999742475,0.0,18.117503240891892
0.12,0.0001,0.001,1e-05,0.2,1000.0,1000,0,0.0,1.9541018522788143,0.0,13.627522578364758
0.12,0.0001,0.001,1e-05,0.5,10.0,1000,0,0.0,6.519233832375392,0.0,60.60532899493041
0.12,0.0001,0.001,1e-05,0.5,100.0,1000,0,0.0,4.040077236385373,0.0,12.150282670869299
0.12,0.0001,0.001,1e-05,0.5,1000.0,1000,0,0.0,2.6741223421056395,0.0,21.103698241748486
0.12,0.0001,0.001,1e-05,1.0,10.0,1000,0,0.0,11.889191714960775,0.0,29.457752086018928
0.12,0.0001,0.001,1e-05,1.0,100.0,1000,0,0.0,9.23178553445501,0.0,965.6755043787343
0.12,0.0001,0.001,1e-05,1.0,1000.0,1000,0,0.0,1.946006258895448,0.0,7.512512137782528
0.12,0.0001,0.001,0.001,-0.5,10.0,1000,0,0.0,8.927133563544835,0.0,54.93683042840664
0.12,0.0001,0.001,0.001,-0.5,100.0,1000,0,0.0,4.414360984938814,0.0,45.684891359432264
0.12,0.0001,0.001,0.001,-0.5,1000.0,1000,0,0.0,2.934826669956471,0.0,48.43630719354989
0.12,0.0001,0.001,0.001,-0.2,10.0,1000,0,0.0,8.270989297414646,0.0,65.20294164510621
0.12,0.0001,0.001,0.001,-0.2,100.0,1000,0,0.0,5.7114869077699,0.0,52.998196810755594
0.12,0.0001,0.001,0.001,-0.2,1000.0,1000,0,0.0,2.2833582526800424,0.0,20.608060549987044
0.12,0.0001,0.001,0.001,-0.1,10.0,1000,0,0.0,3.184622041565628,0.0,6.187968158318045
0.12,0.0001,0.001,0.001,-0.1,100.0,1000,0,0.0,10.180435225940263,0.0,729.4988275334614
0.12,0.0001,0.001,0.001,-0.1,1000.0,1000,0,0.0,2.6261440487581003,0.0,24.531935087864017
0.12,0.0001,0.001,0.001,0.0,10.0,1000,0,0.0,12.681752221847336,0.0,186.83773080765104
0.12,0.0001,0.001,0.001,0.0,100.0,1000,0,0.0,4.237876778873003,0.0,16.725620469044173
0.12,0.0001,0.001,0.001,0.0,1000.0,1000,0,0.0,2.5094368720271945,0.0,35.23055443984847
0.12,0.0001,0.001,0.001,0.1,10.0,1000,0,0.0,7.243520645410438,0.0,52.44866144856547
0.12,0.0001,0.001,0.001,0.1,100.0,1000,0,0.0,5.013786027590912,0.0,84.07376161200169
0.12,0.0001,0.001,0.001,0.1,1000.0,1000,0,0.0,2.8256559721873753,0.0,75.84444514976369
0.12,0.0001,0.001,0.001,0.2,10.0,1000,0,0.0,6.8539709174841645,0.0,35.88877122850288
0.12,0.0001,0.001,0.001,0.2,100.0,1000,0,0.0,4.88897205526797,0.0,46.16051317427778
0.12,0.0001,0.001,0.001,0.2,1000.0,1000,0,0.0,3.3632626678228537,0.0,117.22562871648806
0.12,0.0001,0.001,0.001,0.5,10.0,1000,0,0.0,7.560201116122518,0.0,37.89912641478024
0.12,0.0001,0.001,0.001,0.5,100.0,1000,0,0.0,4.855994962473765,0.0,33.252864302127776
0.12,0.0001,0.001,0.001,0.5,1000.0,1000,0,0.0,3.3650221530803464,0.0,105.91681928625754
0.12,0.0001,0.001,0.001,1.0,10.0,1000,0,0.0,6.368344547725938,0.0,42.060179617233445
0.12,0.0001,0.001,0.001,1.0,100.0,1000,0,0.0,6.02529884201406,0.0,120.24647888021445
0.12,0.0001,0.001,0.001,1.0,1000.0,1000,0,0.0,3.7239889414827583,0.0,64.68125463224138
0.12,0.0001,0.001,0.1,-0.5,10.0,1000,0,0.0,4.407626657599996,0.0,25.271579329275244
0.12,0.0001,0.001,0.1,-0.5,100.0,1000,0,0.0,5.438262106456634,0.0,93.08625220938295
0.12,0.0001,0.001,0.1,-0.5,1000.0,1000,0,0.0,9.215701845354607,0.0,421.86065528098766
0.12,0.0001,0.001,0.1,-0.2,10.0,1000,0,0.0,3.6406918110936286,0.0,16.94163643571457
0.12,0.0001,0.001,0.1,-0.2,100.0,1000,0,0.0,6.423082577575409,0.0,249.66014783506773
0.12,0.0001,0.001,0.1,-0.2,1000.0,1000,0,0.0,7.444366941128501,0.0,298.135890188941
0.12,0.0001,0.001,0.1,-0.1,10.0,1000,0,0.0,4.681786975497347,0.0,52.62933691736478
0.12,0.0001,0.001,0.1,-0.1,100.0,1000,0,0.0,5.603904674354445,0.0,144.24001019515399
0.12,0.0001,0.001,0.1,-0.1,1000.0,1000,0,0.0,6.85845958789061,0.0,207.35541109062214
0.12,0.0001,0.001,0.1,0.0,10.0,1000,0,0.0,3.9491085396774976,0.0,44.89226291134096
0.12,0.0001,0.001,0.1,0.0,100.0,1000,0,0.0,6.812302686707857,0.0,318.87552900435657
0.12,0.0001,0.001,0.1,0.0,1000.0,1000,0,0.0,6.176928268732018,0.0,174.51235150957717
0.12,0.0001,0.001,0.1,0.1,10.0,1000,0,0.0,3.6447509388661388,0.0,25.609637317747787
0.12,0.0001,0.001,0.1,0.1,100.0,1000,0,0.0,3.98978552144179,0.0,42.706115154968636
0.12,0.0001,0.001,0.1,0.1,1000.0,1000,0,0.0,6.109302929156203,0.0,246.83892205710774
0.12,0.0001,0.001,0.1,0.2,10.0,1000,0,0.0,4.547183066095949,0.0,151.55052791290188
0.12,0.0001,0.001,0.1,0.2,100.0,1000,0,0.0,4.379238547080084,0.0,118.36446256080808
0.12,0.0001,0.001,0.1,0.2,1000.0,1000,0,0.0,7.530045466692741,0.0,293.32075109573753
0.12,0.0001,0.001,0.1,0.5,10.0,1000,0,0.0,3.441913762763066,0.0,73.22030452901825
0.12,0.0001,0.001,0.1,0.5,100.0,1000,0,0.0,3.9832203963510837,0.0,103.94196736643778
0.12,0.0001,0.001,0.1,0.5,1000.0,1000,0,0.0,6.896388578575817,0.0,230.81659566317876
0.12,0.0001,0.001,0.1,1.0,10.0,1000,0,0.0,3.2431491412059072,0.0,36.749896119373815
0.12,0.0001,0.001,0.1,1.0,100.0,1000,0,0.0,3.750205150495902,0.0,81.53766481097666
0.12,0.0001,0.001,0.1,1.0,1000.0,1000,0,0.0,6.1488926159388875,0.0,301.14467624589986
0.12,0.0001,0.001,1.0,-0.5,10.0,1000,0,0.0,0.8598158995164346,0.0,4.001956708797979
0.12,0.0001,0.001,1.0,-0.5,100.0,1000,0,0.0,4.129212890794215,0.0,353.86060566153316
0.12,0.0001,0.001,1.0,-0.5,1000.0,1000,0,0.0,3.384729638995539,0.0,204.72627232764532
0.12,0.0001,0.001,1.0,-0.2,10.0,1000,0,0.0,1.5408012635131605,0.0,64.26084627323434
0.12,0.0001,0.001,1.0,-0.2,100.0,1000,0,0.0,2.906042235495832,0.0,171.33555898140068
0.12,0.0001,0.001,1.0,-0.2,1000.0,1000,0,0.0,4.775744668425353,0.0,258.0212867099323
0.12,0.0001,0.001,1.0,-0.1,10.0,1000,0,0.0,0.9475279034336443,0.0,16.301645415012047
0.12,0.0001,0.001,1.0,-0.1,100.0,1000,0,0.0,1.4457209558731592,0.0,41.89801371873288
0.12,0.0001,0.001,1.0,-0.1,1000.0,1000,0,0.0,4.47606017400412,0.0,147.5349248977761
0.12,0.0001,0.001,1.0,0.0,10.0,1000,0,0.0,0.8885538204415113,0.0,24.922663891913235
0.12,0.0001,0.001,1.0,0.0,100.0,1000,0,0.0,2.396908952879217,0.0,118.01242260037547
0.12,0.0001,0.001,1.0,0.0,1000.0,1000,0,0.0,3.8289991762390256,0.0,162.30968627658038
0.12,0.0001,0.001,1.0,0.1,10.0,1000,0,0.0,1.1090862845607201,0.0,23.31279795038065
0.12,0.0001,0.001,1.0,0.1,100.0,1000,0,0.0,2.1868354975255158,0.0,80.67247942414329
0.12,0.0001,0.001,1.0,0.1,1000.0,1000,0,0.0,2.2874285987474097,0.0,77.23599438401412
0.12,0.0001,0.001,1.0,0.2,10.0,1000,0,0.0,0.9599473396121408,0.0,46.32068492799009
0.12,0.0001,0.001,1.0,0.2,100.0,1000,0,0.0,1.821715652994312,0.0,77.2980538714504
0.12,0.0001,0.001,1.0,0.2,1000.0,1000,0,0.0,2.8754756196702287,0.0,132.39227693538794
0.12,0.0001,0.001,1.0,0.5,10.0,1000,0,0.0,0.6026674732817632,0.0,8.202147894669944
0.12,0.0001,0.001,1.0,0.5,100.0,1000,0,0.0,1.8374155513267787,0.0,102.04107757560276
0.12,0.0001,0.001,1.0,0.5,1000.0,1000,0,0.0,2.2395984952451453,0.0,54.5380863145886
0.12,0.0001,0.001,1.0,1.0,10.0,1000,0,0.0,0.5985129576228195,0.0,5.007070508809041
0.12,0.0001,0.001,1.0,1.0,100.0,1000,0,0.0,1.4854345344414586,0.0,49.27197336682337
0.12,0.0001,0.001,1.0,1.0,1000.0,1000,0,0.0,2.368612219629633,0.0,80.76508275392965
0.12,0.001,0.0003,1e-05,-0.5,10.0,1000,0,0.0,0.0,0.0,0.0
0.12,0.001,0.0003,1e-05,-0.5,100.0,1000,0,0.0,0.0,0.0,0.0
0.12,0.001,0.0003,1e-05,-0.5,1000.0,1000,0,0.0,6.733296877846929,0.0,20.945256397095836
0.12,0.001,0.0003,1e-05,-0.2,10.0,1000,0,0.0,0.0,0.0,0.0
0.12,0.001,0.0003,1e-05,-0.2,100.0,1000,0,0.0,0.0,0.0,0.0
0.12,0.001,0.0003,1e-05,-0.2,1000.0,1000,0,0.0,4.922515913928186,0.0,7.437891453706675
0.12,0.001,0.0003,1e-05,-0.1,10.0,1000,0,0.0,0.0,0.0,0.0
0.12,0.001,0.0003,1e-05,-0.1,100.0,1000,0,0.0,0.0,0.0,0.0
0.12,0.001,0.0003,1e-05,-0.1,1000.0,1000,0,0.0,5.9911605748557255,0.0,5.958873393920536
0.12,0.001,0.0003,1e-05,0.0,10.0,1000,0,0.0,0.0,0.0,0.0
0.12,0.001,0.0003,1e-05,0.0,100.0,1000,0,0.0,0.0,0.0,0.0
0.12,0.001,0.0003,1e-05,0.0,1000.0,1000,0,0.0,5.063710644710893,0.0,13.729611230370153
0.12,0.001,0.0003,1e-05,0.1,10.0,1000,0,0.0,0.0,0.0,0.0
0.12,0.001,0.0003,1e-05,0.1,100.0,1000,0,0.0,0.0,0.0,0.0
0.12,0.001,0.0003,1e-05,0.1,1000.0,1000,0,0.0,4.8038647552685285,0.0,4.544781081592102
0.12,0.001,0.0003,1e-05,0.2,10.0,1000,0,0.0,0.0,0.0,0.0
0.12,0.001,0.0003,1e-05,0.2,100.0,1000,0,0.0,0.0,0.0,0.0
0.12,0.001,0.0003,1e-05,0.2,1000.0,1000,0,0.0,6.612667219974388,0.0,27.029535527184418
0.12,0.001,0.0003,1e-05,0.5,10.0,1000,0,0.0,0.0,0.0,0.0
0.12,0.001,0.0003,1e-05,0.5,100.0,1000,0,0.0,0.0,0.0,0.0
0.12,0.001,0.0003,1e-05,0.5,1000.0,1000,0,0.0,7.01846820294543,0.0,43.03500431111529
0.12,0.001,0.0003,1e-05,1.0,10.0,1000,0,0.0,0.0,0.0,0.0
0.12,0.001,0.0003,1e-05,1.0,100.0,1000,0,0.0,0.0,0.0,0.0
0.12,0.001,0.0003,1e-05,1.0,1000.0,1000,0,0.0,5.022658530429498,0.0,8.455206496714602
0.12,0.001,0.0003,0.001,-0.5,10.0,1000,0,0.0,0.0,0.0,0.0
0.12,0.001,0.0003,0.001,-0.5,100.0,1000,0,0.0,0.0,0.0,0.0
0.12,0.001,0.0003,0.001,-0.5,1000.0,1000,0,0.0,6.163724435454324,0.0,14.752051087443569
0.12,0.001,0.0003,0.001,-0.2,10.0,1000,0,0.0,0.0,0.0,0.0
0.12,0.001,0.0003,0.001,-0.2,100.0,1000,0,0.0,0.0,0.0,0.0
0.12,0.001,0.0003,0.001,-0.2,1000.0,1000,0,0.0,6.801672748722926,0.0,21.744184431355983
0.12,0.001,0.0003,0.001,-0.1,10.0,1000,0,0.0,0.0,0.0,0.0
0.12,0.001,0.0003,0.001,-0.1,100.0,1000,0,0.0,0.0,0.0,0.0
0.12,0.001,0.0003,0.001,-0.1,1000.0,1000,0,0.0,7.086943593245705,0.0,24.543935394018742
0.12,0.001,0.0003,0.001,0.0,10.0,1000,0,0.0,0.0,0.0,0.0
0.12,0.001,0.0003,0.001,0.0,100.0,1000,0,0.0,0.0,0.0,0.0
0.12,0.001,0.0003,0.001,0.0,1000.0,1000,0,0.0,5.865923329174599,0.0,11.3638377545906
0.12,0.001,0.0003,0.001,0.1,10.0,1000,0,0.0,0.0,0.0,0.0
0.12,0.001,0.0003,0.001,0.1,100.0,1000,0,0.0,0.0,0.0,0.0
0.12,0.001,0.0003,0.001,0.1,1000.0,1000,0,0.0,5.202600386171474,0.0,11.614191535108294
0.12,0.001,0.0003,0.001,0.2,10.0,1000,0,0.0,0.0,0.0,0.0
0.12,0.001,0.0003,0.001,0.2,100.0,1000,0,0.0,0.0,0.0,0.0
0.12,0.001,0.0003,0.001,0.2,1000.0,1000,0,0.0,6.806531748700387,0.0,14.743474952538952
0.12,0.001,0.0003,0.001,0.5,10.0,1000,0,0.0,0.0,0.0,0.0
0.12,0.001,0.0003,0.001,0.5,100.0,1000,0,0.0,0.0,0.0,0.0
0.12,0.001,0.0003,0.001,0.5,1000.0,1000,0,0.0,4.676380534217308,0.0,8.050210961470727
0.12,0.001,0.0003,0.001,1.0,10.0,1000,0,0.0,0.0,0.0,0.0
0.12,0.001,0.0003,0.001,1.0,100.0,1000,0,0.0,0.0,0.0,0.0
0.12,0.001,0.0003,0.001,1.0,1000.0,1000,0,0.0,5.168486640410829,0.0,24.30345022269393
0.12,0.001,0.0003,0.1,-0.5,10.0,1000,0,0.0,0.0,0.0,0.0
0.12,0.001,0.0003,0.1,-0.5,100.0,1000,0,0.0,25.386592200202855,0.0,283.4175997096588
0.12,0.001,0.0003,0.1,-0.5,1000.0,1000,0,0.0,8.163975569819888,0.0,31.957906897216677
0.12,0.001,0.0003,0.1,-0.2,10.0,1000,0,0.0,22.470847737641684,0.0,0.0
0.12,0.001,0.0003,0.1,-0.2,100.0,1000,0,0.0,18.056695377826767,0.0,104.3635293269361
0.12,0.001,0.0003,0.1,-0.2,1000.0,1000,0,0.0,12.167436320308706,0.0,157.79043735101178
0.12,0.001,0.0003,0.1,-0.1,10.0,1000,0,0.0,5.362891602174035,0.0,0.0
0.12,0.001,0.0003,0.1,-0.1,100.0,1000,0,0.0,15.834593354264634,0.0,37.8774217963939
0.12,0.001,0.0003,0.1,-0.1,1000.0,1000,0,0.0,12.719998371364715,0.0,140.11667989135356
0.12,0.001,0.0003,0.1,0.0,10.0,1000,0,0.0,18.76412844095563,0.0,105.33313601030758
0.12,0.001,0.0003,0.1,0.0,100.0,1000,0,0.0,21.964601004795526,0.0,258.4233980641296
0.12,0.001,0.0003,0.1,0.0,1000.0,1000,0,0.0,15.005757993414896,0.0,316.2042022565571
0.12,0.001,0.0003,0.1,0.1,10.0,1000,0,0.0,36.69255809326154,0.0,520.6413983095379
0.12,0.001,0.0003,0.1,0.1,100.0,1000,0,0.0,29.81565469834085,0.0,923.4412860037814
0.12,0.001,0.0003,0.1,0.1,1000.0,1000,0,0.0,18.178972869115682,0.0,305.8275132994184
0.12,0.001,0.0003,0.1,0.2,10.0,1000,0,0.0,14.582636525371909,0.0,53.1703977338591
0.12,0.001,0.0003,0.1,0.2,100.0,1000,0,0.0,27.544685466186813,0.0,481.17021606552925
0.12,0.001,0.0003,0.1,0.2,1000.0,1000,0,0.0,17.108081175612973,0.0,285.68626630017013
0.12,0.001,0.0003,0.1,0.5,10.0,1000,0,0.0,21.160491901940567,0.0,179.50001588037983
0.12,0.001,0.0003,0.1,0.5,100.0,1000,0,0.0,24.634779028291078,0.0,324.21620427017035
0.12,0.001,0.0003,0.1,0.5,1000.0,1000,0,0.0,20.70485100574705,0.0,413.58226738657396
0.12,0.001,0.0003,0.1,1.0,10.0,1000,0,0.0,28.00748728508768,0.0,550.6778569660255
0.12,0.001,0.0003,0.1,1.0,100.0,1000,0,0.0,23.14669066409245,0.0,414.3207311213667
0.12,0.001,0.0003,0.1,1.0,1000.0,1000,0,0.0,19.38130742462655,0.0,463.4383131066611
0.12,0.001,0.0003,1.0,-0.5,10.0,1000,0,0.0,3.985988214838569,0.0,0.18828631309735408
0.12,0.001,0.0003,1.0,-0.5,100.0,1000,0,0.0,26.63900054156651,0.0,831.150245952762
0.12,0.001,0.0003,1.0,-0.5,1000.0,1000,0,0.0,16.94425212176885,0.0,728.2381567174385
0.12,0.001,0.0003,1.0,-0.2,10.0,1000,0,0.0,6.976995808190034,0.0,86.48787822409422
0.12,0.001,0.0003,1.0,-0.2,100.0,1000,0,0.0,17.70213917665661,0.0,466.58870469331083
0.12,0.001,0.0003,1.0,-0.2,1000.0,1000,0,0.0,16.86398974612019,0.0,675.4620501173889
0.12,0.001,0.0003,1.0,-0.1,10.0,1000,0,0.0,10.473073898907268,0.0,271.61514482625876
0.12,0.001,0.0003,1.0,-0.1,100.0,1000,0,0.0,22.587754389575252,0.0,1047.1081102533524
0.12,0.001,0.0003,1.0,-0.1,1000.0,1000,0,0.0,15.448466093440114,0.0,434.6852096715949
0.12,0.001,0.0003,1.0,0.0,10.0,1000,0,0.0,10.256466388009574,0.0,338.6799204345335
0.12,0.001,0.0003,1.0,0.0,100.0,1000,0,0.0,19.07418905903926,0.0,743.6291827239756
0.12,0.001,0.0003,1.0,0.0,1000.0,1000,0,0.0,14.225203597213197,0.0,341.8099493704445
0.12,0.001,0.0003,1.0,0.1,10.0,1000,0,0.0,9.224115696744947,0.0,205.83971109931656
0.12,0.001,0.0003,1.0,0.1,100.0,1000,0,0.0,17.451287476004335,0.0,599.8012816009142
0.12,0.001,0.0003,1.0,0.1,1000.0,1000,0,0.0,13.488700173284549,0.0,390.2605267822816
0.12,0.001,0.0003,1.0,0.2,10.0,1000,0,0.0,9.066165485021772,0.0,197.29889928076616
0.12,0.001,0.0003,1.0,0.2,100.0,1000,0,0.0,17.089771695041996,0.0,596.9214447817901
0.12,0.001,0.0003,1.0,0.2,1000.0,1000,0,0.0,12.392493852716457,0.0,350.4600494994495
0.12,0.001,0.0003,1.0,0.5,10.0,1000,0,0.0,9.186731537780327,0.0,387.72963792868273
0.12,0.001,0.0003,1.0,0.5,100.0,1000,0,0.0,16.466767508178688,0.0,725.4232818795628
0.12,0.001,0.0003,1.0,0.5,1000.0,997,3,0.196969696969697,9.328649960410571,0.07759412304866851,324.1733373521296
0.12,0.001,0.0003,1.0,1.0,10.0,957,43,0.7901254811476179,7.5898118840741216,0.023342534699192778,255.0564417112378
0.12,0.001,0.0003,1.0,1.0,100.0,825,175,0.7277772351971713,10.608475511918144,0.0625593410110031,322.603888442932
0.12,0.001,0.0003,1.0,1.0,1000.0,774,226,0.7351800865148703,4.99827950980391,0.06490939773377019,88.25348258535581
0.12,0.001,0.0001,1e-05,-0.5,10.0,1000,0,0.0,0.0,0.0,0.0
0.12,0.001,0.0001,1e-05,-0.5,100.0,1000,0,0.0,0.0,0.0,0.0
0.12,0.001,0.0001,1e-05,-0.5,1000.0,1000,0,0.0,0.0,0.0,0.0
0.12,0.001,0.0001,1e-05,-0.2,10.0,1000,0,0.0,0.0,0.0,0.0
0.12,0.001,0.0001,1e-05,-0.2,100.0,1000,0,0.0,0.0,0.0,0.0
0.12,0.001,0.0001,1e-05,-0.2,1000.0,1000,0,0.0,0.0,0.0,0.0
0.12,0.001,0.0001,1e-05,-0.1,10.0,1000,0,0.0,0.0,0.0,0.0
0.12,0.001,0.0001,1e-05,-0.1,100.0,1000,0,0.0,0.0,0.0,0.0
0.12,0.001,0.0001,1e-05,-0.1,1000.0,1000,0,0.0,0.0,0.0,0.0
0.12,0.001,0.0001,1e-05,0.0,10.0,1000,0,0.0,0.0,0.0,0.0
0.12,0.001,0.0001,1e-05,0.0,100.0,1000,0,0.0,0.0,0.0,0.0
0.12,0.001,0.0001,1e-05,0.0,1000.0,1000,0,0.0,0.0,0.0,0.0
0.12,0.001,0.0001,1e-05,0.1,10.0,1000,0,0.0,0.0,0.0,0.0
0.12,0.001,0.0001,1e-05,0.1,100.0,1000,0,0.0,0.0,0.0,0.0
0.12,0.001,0.0001,1e-05,0.1,1000.0,1000,0,0.0,0.0,0.0,0.0
0.12,0.001,0.0001,1e-05,0.2,10.0,1000,0,0.0,0.0,0.0,0.0
0.12,0.001,0.0001,1e-05,0.2,100.0,1000,0,0.0,0.0,0.0,0.0
0.12,0.001,0.0001,1e-05,0.2,1000.0,1000,0,0.0,0.0,0.0,0.0
0.12,0.001,0.0001,1e-05,0.5,10.0,1000,0,0.0,0.0,0.0,0.0
0.12,0.001,0.0001,1e-05,0.5,100.0,1000,0,0.0,0.0,0.0,0.0
0.12,0.001,0.0001,1e-05,0.5,1000.0,1000,0,0.0,0.0,0.0,0.0
0.12,0.001,0.0001,1e-05,1.0,10.0,1000,0,0.0,0.0,0.0,0.0
0.12,0.001,0.0001,1e-05,1.0,100.0,1000,0,0.0,0.0,0.0,0.0
0.12,0.001,0.0001,1e-05,1.0,1000.0,1000,0,0.0,0.0,0.0,0.0
0.12,0.001,0.0001,0.001,-0.5,10.0,1000,0,0.0,0.0,0.0,0.0
0.12,0.001,0.0001,0.001,-0.5,100.0,1000,0,0.0,0.0,0.0,0.0
0.12,0.001,0.0001,0.001,-0.5,1000.0,1000,0,0.0,0.0,0.0,0.0
0.12,0.001,0.0001,0.001,-0.2,10.0,1000,0,0.0,0.0,0.0,0.0
0.12,0.001,0.0001,0.001,-0.2,100.0,1000,0,0.0,0.0,0.0,0.0
0.12,0.001,0.0001,0.001,-0.2,1000.0,1000,0,0.0,0.0,0.0,0.0
0.12,0.001,0.0001,0.001,-0.1,10.0,1000,0,0.0,0.0,0.0,0.0
0.12,0.001,0.0001,0.001,-0.1,100.0,1000,0,0.0,0.0,0.0,0.0
0.12,0.001,0.0001,0.001,-0.1,1000.0,1000,0,0.0,0.0,0.0,0.0
0.12,0.001,0.0001,0.001,0.0,10.0,1000,0,0.0,0.0,0.0,0.0
0.12,0.001,0.0001,0.001,0.0,100.0,1000,0,0.0,0.0,0.0,0.0
0.12,0.001,0.0001,0.001,0.0,1000.0,1000,0,0.0,0.0,0.0,0.0
0.12,0.001,0.0001,0.001,0.1,10.0,1000,0,0.0,0.0,0.0,0.0
0.12,0.001,0.0001,0.001,0.1,100.0,1000,0,0.0,0.0,0.0,0.0
0.12,0.001,0.0001,0.001,0.1,1000.0,1000,0,0.0,0.0,0.0,0.0
0.12,0.001,0.0001,0.001,0.2,10.0,1000,0,0.0,0.0,0.0,0.0
0.12,0.001,0.0001,0.001,0.2,100.0,1000,0,0.0,0.0,0.0,0.0
0.12,0.001,0.0001,0.001,0.2,1000.0,1000,0,0.0,0.0,0.0,0.0
0.12,0.001,0.0001,0.001,0.5,10.0,1000,0,0.0,0.0,0.0,0.0
0.12,0.001,0.0001,0.001,0.5,100.0,1000,0,0.0,0.0,0.0,0.0
0.12,0.001,0.0001,0.001,0.5,1000.0,1000,0,0.0,0.0,0.0,0.0
0.12,0.001,0.0001,0.001,1.0,10.0,1000,0,0.0,0.0,0.0,0.0
0.12,0.001,0.0001,0.001,1.0,100.0,1000,0,0.0,0.0,0.0,0.0
0.12,0.001,0.0001,0.001,1.0,1000.0,1000,0,0.0,0.0,0.0,0.0
0.12,0.001,0.0001,0.1,-0.5,10.0,1000,0,0.0,0.0,0.0,0.0
0.12,0.001,0.0001,0.1,-0.5,100.0,1000,0,0.0,0.0,0.0,0.0
0.12,0.001,0.0001,0.1,-0.5,1000.0,1000,0,0.0,0.0,0.0,0.0
0.12,0.001,0.0001,0.1,-0.2,10.0,1000,0,0.0,0.0,0.0,0.0
0.12,0.001,0.0001,0.1,-0.2,100.0,1000,0,0.0,0.0,0.0,0.0
0.12,0.001,0.0001,0.1,-0.2,1000.0,1000,0,0.0,0.0,0.0,0.0
0.12,0.001,0.0001,0.1,-0.1,10.0,1000,0,0.0,0.0,0.0,0.0
0.12,0.001,0.0001,0.1,-0.1,100.0,1000,0,0.0,0.0,0.0,0.0
0.12,0.001,0.0001,0.1,-0.1,1000.0,1000,0,0.0,0.0,0.0,0.0
0.12,0.001,0.0001,0.1,0.0,10.0,1000,0,0.0,0.0,0.0,0.0
0.12,0.001,0.0001,0.1,0.0,100.0,1000,0,0.0,0.0,0.0,0.0
0.12,0.001,0.0001,0.1,0.0,1000.0,1000,0,0.0,0.0,0.0,0.0
0.12,0.001,0.0001,0.1,0.1,10.0,1000,0,0.0,0.0,0.0,0.0
0.12,0.001,0.0001,0.1,0.1,100.0,1000,0,0.0,0.0,0.0,0.0
0.12,0.001,0.0001,0.1,0.1,1000.0,1000,0,0.0,20.660874148575658,0.0,0.0
0.12,0.001,0.0001,0.1,0.2,10.0,1000,0,0.0,0.0,0.0,0.0
0.12,0.001,0.0001,0.1,0.2,100.0,1000,0,0.0,0.0,0.0,0.0
0.12,0.001,0.0001,0.1,0.2,1000.0,1000,0,0.0,0.0,0.0,0.0
0.12,0.001,0.0001,0.1,0.5,10.0,1000,0,0.0,0.0,0.0,0.0
0.12,0.001,0.0001,0.1,0.5,100.0,1000,0,0.0,21.183544266003775,0.0,2.927382395172523
0.12,0.001,0.0001,0.1,0.5,1000.0,1000,0,0.0,24.593541324598846,0.0,129.37430244054548
0.12,0.001,0.0001,0.1,1.0,10.0,1000,0,0.0,0.0,0.0,0.0
0.12,0.001,0.0001,0.1,1.0,100.0,1000,0,0.0,31.914724348917662,0.0,28.64507718435073
0.12,0.001,0.0001,0.1,1.0,1000.0,1000,0,0.0,34.72617997570005,0.0,350.7356301440529
0.12,0.001,0.0001,1.0,-0.5,10.0,1000,0,0.0,0.0,0.0,0.0
0.12,0.001,0.0001,1.0,-0.5,100.0,1000,0,0.0,0.0,0.0,0.0
0.12,0.001,0.0001,1.0,-0.5,1000.0,1000,0,0.0,7.073678723921328,0.0,0.0
0.12,0.001,0.0001,1.0,-0.2,10.0,1000,0,0.0,0.0,0.0,0.0
0.12,0.001,0.0001,1.0,-0.2,100.0,1000,0,0.0,22.05714908920335,0.0,156.35510597630787
0.12,0.001,0.0001,1.0,-0.2,1000.0,1000,0,0.0,27.08698342973001,0.0,821.6655421329945
0.12,0.001,0.0001,1.0,-0.1,10.0,1000,0,0.0,0.0,0.0,0.0
0.12,0.001,0.0001,1.0,-0.1,100.0,1000,0,0.0,22.17641568023706,0.0,870.7299387792775
0.12,0.001,0.0001,1.0,-0.1,1000.0,1000,0,0.0,20.143525084451998,0.0,321.9824095128377
0.12,0.001,0.0001,1.0,0.0,10.0,1000,0,0.0,0.0,0.0,0.0
0.12,0.001,0.0001,1.0,0.0,100.0,1000,0,0.0,23.176811809679975,0.0,360.43083559997507
0.12,0.001,0.0001,1.0,0.0,1000.0,1000,0,0.0,26.172585914514112,0.0,588.519554379078
0.12,0.001,0.0001,1.0,0.1,10.0,1000,0,0.0,58.281070807488334,0.0,0.0
0.12,0.001,0.0001,1.0,0.1,100.0,1000,0,0.0,27.439700562933282,0.0,614.7843830633428
0.12,0.001,0.0001,1.0,0.1,1000.0,1000,0,0.0,25.15263547789072,0.0,446.142300297248
0.12,0.001,0.0001,1.0,0.2,10.0,1000,0,0.0,47.15680409272279,0.0,1026.3180829982014
0.12,0.001,0.0001,1.0,0.2,100.0,1000,0,0.0,24.345938422536324,0.0,527.6382425481144
0.12,0.001,0.0001,1.0,0.2,1000.0,1000,0,0.0,21.11704704058757,0.0,380.1755969147855
0.12,0.001,0.0001,1.0,0.5,10.0,981,19,0.6467098903742219,50.65932233665433,0.04611122135020101,1203.0084602200122
0.12,0.001,0.0001,1.0,0.5,100.0,799,201,0.6367080925488207,19.750059887861713,0.05077323191911806,550.4018715774591
0.12,0.001,0.0001,1.0,0.5,1000.0,517,483,0.6311446607286315,10.352043573831718,0.055569620975966065,125.02558603703311
0.12,0.001,0.0001,1.0,1.0,10.0,806,194,0.8015882617639623,56.21517314354134,0.004775625113874562,1912.8876924985607
0.12,0.001,0.0001,1.0,1.0,100.0,215,785,0.7951809352713743,15.431775304472152,0.005471243252745362,604.2597089816536
0.12,0.001,0.0001,1.0,1.0,1000.0,32,968,0.7944351126061587,4.746103787611035,0.0056258954617516965,26.478626879584443
0.12,0.001,0.003,1e-05,-0.5,10.0,1000,0,0.0,0.8696979077724366,0.0,20.90838065699336
0.12,0.001,0.003,1e-05,-0.5,100.0,1000,0,0.0,0.08375905959576868,0.0,1.1528439872286724
0.12,0.001,0.003,1e-05,-0.5,1000.0,1000,0,0.0,0.000363816534400645,0.0,3.492374686856722e-06
0.12,0.001,0.003,1e-05,-0.2,10.0,1000,0,0.0,0.6500311309212565,0.0,5.530000135167197
0.12,0.001,0.003,1e-05,-0.2,100.0,1000,0,0.0,0.08930414657373376,0.0,2.6332471780336
0.12,0.001,0.003,1e-05,-0.2,1000.0,1000,0,0.0,0.0009343406573503252,0.0,0.000385243334297062
0.12,0.001,0.003,1e-05,-0.1,10.0,1000,0,0.0,0.6374948041475668,0.0,4.727560219710553
0.12,0.001,0.003,1e-05,-0.1,100.0,1000,0,0.0,0.06537437633461451,0.0,0.5796325351128485
0.12,0.001,0.003,1e-05,-0.1,1000.0,1000,0,0.0,0.00043767698951945445,0.0,1.745178395939451e-05
0.12,0.001,0.003,1e-05,0.0,10.0,1000,0,0.0,0.7858278392804354,0.0,12.276465358579628
0.12,0.001,0.003,1e-05,0.0,100.0,1000,0,0.0,0.020704639383663476,0.0,0.0004340748086442412
0.12,0.001,0.003,1e-05,0.0,1000.0,1000,0,0.0,0.0003140152170489574,0.0,1.1448650816872513e-07
0.12,0.001,0.003,1e-05,0.1,10.0,1000,0,0.0,0.6524812139104167,0.0,5.650735150696379
0.12,0.001,0.003,1e-05,0.1,100.0,1000,0,0.0,0.03790383706899451,0.0,0.17379140297348794
0.12,0.001,0.003,1e-05,0.1,1000.0,1000,0,0.0,0.0003111542402719768,0.0,1.0076831930689442e-07
0.12,0.001,0.003,1e-05,0.2,10.0,1000,0,0.0,0.6523134240317904,0.0,5.554913353239274
0.12,0.001,0.003,1e-05,0.2,100.0,1000,0,0.0,0.06893568452049073,0.0,0.6624102415510551
0.12,0.001,0.003,1e-05,0.2,1000.0,1000,0,0.0,0.00031043149883394714,0.0,8.779177721378166e-08
0.12,0.001,0.003,1e-05,0.5,10.0,1000,0,0.0,0.9235514881267181,0.0,28.44169076310901
0.12,0.001,0.003,1e-05,0.5,100.0,1000,0,0.0,0.04044663746051367,0.0,0.1909079543811893
0.12,0.001,0.003,1e-05,0.5,1000.0,1000,0,0.0,0.00031366291856793713,0.0,1.0088791613522685e-07
0.12,0.001,0.003,1e-05,1.0,10.0,1000,0,0.0,0.6717683787666908,0.0,6.438771965782587
0.12,0.001,0.003,1e-05,1.0,100.0,1000,0,0.0,0.0663555618843785,0.0,0.9478778312408713
0.12,0.001,0.003,1e-05,1.0,1000.0,1000,0,0.0,0.0005502805359416379,0.0,5.477522996519509e-05
0.12,0.001,0.003,0.001,-0.5,10.0,1000,0,0.0,0.7154974947113575,0.0,9.396684020340288
0.12,0.001,0.003,0.001,-0.5,100.0,1000,0,0.0,0.26091568128759457,0.0,14.572431359682033
0.12,0.001,0.003,0.001,-0.5,1000.0,1000,0,0.0,0.000302527202084479,0.0,9.183414545498235e-08
0.12,0.001,0.003,0.001,-0.2,10.0,1000,0,0.0,0.6730042137901705,0.0,6.666383460066921
0.12,0.001,0.003,0.001,-0.2,100.0,1000,0,0.0,0.08116941196590939,0.0,2.096847596387591
0.12,0.001,0.003,0.001,-0.2,1000.0,1000,0,0.0,0.0003336007921129438,0.0,1.0944437866207186e-07
0.12,0.001,0.003,0.001,-0.1,10.0,1000,0,0.0,0.7426819147616087,0.0,24.49244652095131
0.12,0.001,0.003,0.001,-0.1,100.0,1000,0,0.0,0.058210069201339795,0.0,0.5302580262388439
0.12,0.001,0.003,0.001,-0.1,1000.0,1000,0,0.0,0.00054142379841993,0.0,5.388987816802836e-05
0.12,0.001,0.003,0.001,0.0,10.0,1000,0,0.0,0.7212313196531116,0.0,8.99834599849954
0.12,0.001,0.003,0.001,0.0,100.0,1000,0,0.0,0.07067914495516256,0.0,0.6047160149844719
0.12,0.001,0.003,0.001,0.0,1000.0,1000,0,0.0,0.00045832577468805035,0.0,2.5459302420074725e-05
0.12,0.001,0.003,0.001,0.1,10.0,1000,0,0.0,0.6497811108958609,0.0,6.225791083591752
0.12,0.001,0.003,0.001,0.1,100.0,1000,0,0.0,0.036002048916126496,0.0,0.09240431059999159
0.12,0.001,0.003,0.001,0.1,1000.0,1000,0,0.0,0.00030877363913953083,0.0,1.0346299985125213e-07
0.12,0.001,0.003,0.001,0.2,10.0,1000,0,0.0,0.7459888928470095,0.0,9.083192071594349
0.12,0.001,0.003,0.001,0.2,100.0,1000,0,0.0,0.030162858070270956,0.0,0.043941337829099564
0.12,0.001,0.003,0.001,0.2,1000.0,1000,0,0.0,0.00030987588331706455,0.0,8.75035653944656e-08
0.12,0.001,0.003,0.001,0.5,10.0,1000,0,0.0,0.7704890762965926,0.0,15.757801097120174
0.12,0.001,0.003,0.001,0.5,100.0,1000,0,0.0,0.07907575303987134,0.0,1.4679757068825647
0.12,0.001,0.003,0.001,0.5,1000.0,1000,0,0.0,0.0062774293304478585,0.0,0.031769976683733284
0.12,0.001,0.003,0.001,1.0,10.0,1000,0,0.0,0.7273649584943233,0.0,12.414029151918154
0.12,0.001,0.003,0.001,1.0,100.0,1000,0,0.0,0.0349446102148703,0.0,0.20182331858398844
0.12,0.001,0.003,0.001,1.0,1000.0,1000,0,0.0,0.00031863756800653366,0.0,1.0754434063407812e-07
0.12,0.001,0.003,0.1,-0.5,10.0,1000,0,0.0,0.4104572919460292,0.0,3.2592016357981666
0.12,0.001,0.003,0.1,-0.5,100.0,1000,0,0.0,0.0879863161371071,0.0,1.8392966644046684
0.12,0.001,0.003,0.1,-0.5,1000.0,1000,0,0.0,0.0003039295621100634,0.0,1.0230816248368877e-07
0.12,0.001,0.003,0.1,-0.2,10.0,1000,0,0.0,0.653493723237709,0.0,8.892438366648893
0.12,0.001,0.003,0.1,-0.2,100.0,1000,0,0.0,0.10130148815373438,0.0,3.2335700643592724
0.12,0.001,0.003,0.1,-0.2,1000.0,1000,0,0.0,0.003877442545699828,0.0,0.008909816699027445
0.12,0.001,0.003,0.1,-0.1,10.0,1000,0,0.0,0.5209228214695178,0.0,4.49168926659313
0.12,0.001,0.003,0.1,-0.1,100.0,1000,0,0.0,0.11190342675511046,0.0,4.973525778090039
0.12,0.001,0.003,0.1,-0.1,1000.0,1000,0,0.0,0.001616779570226141,0.0,0.0009034991218680861
0.12,0.001,0.003,0.1,0.0,10.0,1000,0,0.0,0.5390459248553866,0.0,3.893529296517691
0.12,0.001,0.003,0.1,0.0,100.0,1000,0,0.0,0.04825921545876713,0.0,0.3524928955550891
0.12,0.001,0.003,0.1,0.0,1000.0,1000,0,0.0,0.0044226788390625575,0.0,0.016822200635869644
0.12,0.001,0.003,0.1,0.1,10.0,1000,0,0.0,0.7873844265947771,0.0,29.125216995539
0.12,0.001,0.003,0.1,0.1,100.0,1000,0,0.0,0.03246039023882585,0.0,0.06565562097451835
0.12,0.001,0.003,0.1,0.1,1000.0,1000,0,0.0,0.0036209652365663267,0.0,0.010033355898840872
0.12,0.001,0.003,0.1,0.2,10.0,1000,0,0.0,0.4434381017928758,0.0,3.0309696539087345
0.12,0.001,0.003,0.1,0.2,100.0,1000,0,0.0,0.030687382247829763,0.0,0.05215963617710988
0.12,0.001,0.003,0.1,0.2,1000.0,1000,0,0.0,0.0005612721261751264,0.0,5.922573023633524e-05
0.12,0.001,0.003,0.1,0.5,10.0,1000,0,0.0,0.5994136109055488,0.0,10.373929287645126
0.12,0.001,0.003,0.1,0.5,100.0,1000,0,0.0,0.043296905866854356,0.0,0.26171133214927617
0.12,0.001,0.003,0.1,0.5,1000.0,1000,0,0.0,0.007332567000752095,0.0,0.04137043925768544
0.12,0.001,0.003,0.1,1.0,10.0,1000,0,0.0,0.7821585242962029,0.0,23.553583280524297
0.12,0.001,0.003,0.1,1.0,100.0,1000,0,0.0,0.038374724614250504,0.0,0.42500594691571725
0.12,0.001,0.003,0.1,1.0,1000.0,1000,0,0.0,0.000851953328840023,0.0,0.00028639981388569913
0.12,0.001,0.003,1.0,-0.5,10.0,1000,0,0.0,0.3520254073367863,0.0,7.054805226826756
0.12,0.001,0.003,1.0,-0.5,100.0,1000,0,0.0,0.07024443681109914,0.0,2.283688135562372
0.12,0.001,0.003,1.0,-0.5,1000.0,1000,0,0.0,0.004359909650484036,0.0,0.01700282815791707
0.12,0.001,0.003,1.0,-0.2,10.0,1000,0,0.0,0.54138771391385,0.0,14.239575902731728
0.12,0.001,0.003,1.0,-0.2,100.0,1000,0,0.0,0.027000615163675988,0.0,0.4010016678389829
0.12,0.001,0.003,1.0,-0.2,1000.0,1000,0,0.0,0.010343400909206938,0.0,0.035194194072115464
0.12,0.001,0.003,1.0,-0.1,10.0,1000,0,0.0,0.48721215643343263,0.0,12.010964291032913
0.12,0.001,0.003,1.0,-0.1,100.0,1000,0,0.0,0.04938884330581768,0.0,1.4624485641951388
0.12,0.001,0.003,1.0,-0.1,1000.0,1000,0,0.0,0.0002549300170412431,0.0,6.788388318480935e-08
0.12,0.001,0.003,1.0,0.0,10.0,1000,0,0.0,0.5003833872230128,0.0,19.951980943824264
0.12,0.001,0.003,1.0,0.0,100.0,1000,0,0.0,0.06775282573328929,0.0,1.6548997795427243
0.12,0.001,0.003,1.0,0.0,1000.0,1000,0,0.0,0.0018813408801116186,0.0,0.002676217013784406
0.12,0.001,0.003,1.0,0.1,10.0,1000,0,0.0,0.33563264570343226,0.0,7.828454912561888
0.12,0.001,0.003,1.0,0.1,100.0,1000,0,0.0,0.06196281049820015,0.0,1.5873329327284995
0.12,0.001,0.003,1.0,0.1,1000.0,1000,0,0.0,0.0007506212567103514,0.0,0.0002579979679993475
0.12,0.001,0.003,1.0,0.2,10.0,1000,0,0.0,0.5302023216756787,0.0,26.44373445983039
0.12,0.001,0.003,1.0,0.2,100.0,1000,0,0.0,0.018679821700758856,0.0,0.10389468240142045
0.12,0.001,0.003,1.0,0.2,1000.0,1000,0,0.0,0.00024357393838511077,0.0,5.3641190932437994e-08
0.12,0.001,0.003,1.0,0.5,10.0,1000,0,0.0,0.49777228133695817,0.0,13.778839355667083
0.12,0.001,0.003,1.0,0.5,100.0,1000,0,0.0,0.05606218224876661,0.0,0.9929258479235736
0.12,0.001,0.003,1.0,0.5,1000.0,1000,0,0.0,0.0005649174462025766,0.0,0.00010506637678535967
0.12,0.001,0.003,1.0,1.0,10.0,1000,0,0.0,0.2683178979418853,0.0,5.614200468776538
0.12,0.001,0.003,1.0,1.0,100.0,1000,0,0.0,0.21656307797118268,0.0,10.972194019938991
0.12,0.001,0.003,1.0,1.0,1000.0,1000,0,0.0,0.00036563154051973053,0.0,1.7116271987703613e-05
0.12,0.001,0.001,1e-05,-0.5,10.0,1000,0,0.0,10.106904893849787,0.0,156.0328470951934
0.12,0.001,0.001,1e-05,-0.5,100.0,1000,0,0.0,8.388121326397506,0.0,208.03735535019285
0.12,0.001,0.001,1e-05,-0.5,1000.0,1000,0,0.0,3.7378031151862534,0.0,72.24944869888523
0.12,0.001,0.001,1e-05,-0.2,10.0,1000,0,0.0,16.424299003343744,0.0,519.649244406691
0.12,0.001,0.001,1e-05,-0.2,100.0,1000,0,0.0,7.97811862515406,0.0,189.62045706023315
0.12,0.001,0.001,1e-05,-0.2,1000.0,1000,0,0.0,4.15827501144244,0.0,112.17112910186043
0.12,0.001,0.001,1e-05,-0.1,10.0,1000,0,0.0,9.782159167105485,0.0,154.56165639359688
0.12,0.001,0.001,1e-05,-0.1,100.0,1000,0,0.0,8.131596355619374,0.0,163.2378973532689
0.12,0.001,0.001,1e-05,-0.1,1000.0,1000,0,0.0,3.7949818858153472,0.0,100.51452196499545
0.12,0.001,0.001,1e-05,0.0,10.0,1000,0,0.0,13.625512625971446,0.0,474.93768195321996
0.12,0.001,0.001,1e-05,0.0,100.0,1000,0,0.0,8.044696837064256,0.0,225.60646261137083
0.12,0.001,0.001,1e-05,0.0,1000.0,1000,0,0.0,3.346203308694132,0.0,62.67475389064894
0.12,0.001,0.001,1e-05,0.1,10.0,1000,0,0.0,10.032691219864015,0.0,188.23048301523644
0.12,0.001,0.001,1e-05,0.1,100.0,1000,0,0.0,8.145035538772392,0.0,175.0002455292604
0.12,0.001,0.001,1e-05,0.1,1000.0,1000,0,0.0,3.55761585915102,0.0,54.14112106080087
0.12,0.001,0.001,1e-05,0.2,10.0,1000,0,0.0,10.050185723933627,0.0,197.34358027922468
0.12,0.001,0.001,1e-05,0.2,100.0,1000,0,0.0,7.402813732737993,0.0,119.70609896740885
0.12,0.001,0.001,1e-05,0.2,1000.0,1000,0,0.0,4.721902795469694,0.0,173.86112874891953
0.12,0.001,0.001,1e-05,0.5,10.0,1000,0,0.0,12.665622571116858,0.0,295.28600628649184
0.12,0.001,0.001,1e-05,0.5,100.0,1000,0,0.0,7.660950090002378,0.0,125.3310533555148
0.12,0.001,0.001,1e-05,0.5,1000.0,1000,0,0.0,3.1021368934308535,0.0,35.56898655292311
0.12,0.001,0.001,1e-05,1.0,10.0,1000,0,0.0,15.762461856088397,0.0,498.8325173346393
0.12,0.001,0.001,1e-05,1.0,100.0,1000,0,0.0,8.878672302948912,0.0,241.43801654544637
0.12,0.001,0.001,1e-05,1.0,1000.0,1000,0,0.0,3.9721342446193533,0.0,107.6010374208729
0.12,0.001,0.001,0.001,-0.5,10.0,1000,0,0.0,12.081571895267118,0.0,240.56251715953442
0.12,0.001,0.001,0.001,-0.5,100.0,1000,0,0.0,7.553605091944018,0.0,153.7208101536792
0.12,0.001,0.001,0.001,-0.5,1000.0,1000,0,0.0,3.65999902308619,0.0,104.67968478314224
0.12,0.001,0.001,0.001,-0.2,10.0,1000,0,0.0,11.763685094183819,0.0,296.1292422388884
0.12,0.001,0.001,0.001,-0.2,100.0,1000,0,0.0,8.002830357132705,0.0,174.75017583000525
0.12,0.001,0.001,0.001,-0.2,1000.0,1000,0,0.0,3.8400241206464334,0.0,94.68300933797111
0.12,0.001,0.001,0.001,-0.1,10.0,1000,0,0.0,13.83267384593708,0.0,257.74431371541397
0.12,0.001,0.001,0.001,-0.1,100.0,1000,0,0.0,7.956246976180045,0.0,201.03383969633077
0.12,0.001,0.001,0.001,-0.1,1000.0,1000,0,0.0,3.9201489758743078,0.0,68.9283919854823
0.12,0.001,0.001,0.001,0.0,10.0,1000,0,0.0,11.47101891617308,0.0,151.22394574790482
0.12,0.001,0.001,0.001,0.0,100.0,1000,0,0.0,8.316938401020195,0.0,233.8434878372672
0.12,0.001,0.001,0.001,0.0,1000.0,1000,0,0.0,3.71444543651085,0.0,74.49328745075397
0.12,0.001,0.001,0.001,0.1,10.0,1000,0,0.0,10.853329944309277,0.0,197.07715817027216
0.12,0.001,0.001,0.001,0.1,100.0,1000,0,0.0,7.976726815066917,0.0,157.10330079632303
0.12,0.001,0.001,0.001,0.1,1000.0,1000,0,0.0,3.610832446877541,0.0,63.66972389059176
0.12,0.001,0.001,0.001,0.2,10.0,1000,0,0.0,11.632723673299447,0.0,501.57602591843914
0.12,0.001,0.001,0.001,0.2,100.0,1000,0,0.0,8.16888556768436,0.0,202.9887305356648
0.12,0.001,0.001,0.001,0.2,1000.0,1000,0,0.0,3.4387305156260592,0.0,61.5099942746255
0.12,0.001,0.001,0.001,0.5,10.0,1000,0,0.0,14.67066479087925,0.0,578.0035999540653
0.12,0.001,0.001,0.001,0.5,100.0,1000,0,0.0,8.189672839719318,0.0,153.66879853905021
0.12,0.001,0.001,0.001,0.5,1000.0,1000,0,0.0,3.7998981567262327,0.0,81.0514563138681
0.12,0.001,0.001,0.001,1.0,10.0,1000,0,0.0,11.902776319545902,0.0,317.840963006221
0.12,0.001,0.001,0.001,1.0,100.0,1000,0,0.0,9.072010546371551,0.0,302.8568915354131
0.12,0.001,0.001,0.001,1.0,1000.0,1000,0,0.0,4.239988185181634,0.0,72.91175978312184
0.12,0.001,0.001,0.1,-0.5,10.0,1000,0,0.0,8.500673002059893,0.0,334.7201929067262
0.12,0.001,0.001,0.1,-0.5,100.0,1000,0,0.0,10.377107967946456,0.0,295.9767750217933
0.12,0.001,0.001,0.1,-0.5,1000.0,1000,0,0.0,5.4871092378978865,0.0,187.38008870521827
0.12,0.001,0.001,0.1,-0.2,10.0,1000,0,0.0,8.231186902483863,0.0,236.2006646254116
0.12,0.001,0.001,0.1,-0.2,100.0,1000,0,0.0,11.042399488676885,0.0,492.3382591113408
0.12,0.001,0.001,0.1,-0.2,1000.0,1000,0,0.0,6.034059606813443,0.0,240.245113704098
0.12,0.001,0.001,0.1,-0.1,10.0,1000,0,0.0,6.736439361718887,0.0,140.62339739813189
0.12,0.001,0.001,0.1,-0.1,100.0,1000,0,0.0,9.53806510095679,0.0,395.9302400882778
0.12,0.001,0.001,0.1,-0.1,1000.0,1000,0,0.0,5.8360206166738715,0.0,170.77376918403635
0.12,0.001,0.001,0.1,0.0,10.0,1000,0,0.0,7.251934870098428,0.0,271.59148362462673
0.12,0.001,0.001,0.1,0.0,100.0,1000,0,0.0,9.300780090614012,0.0,311.2127542431578
0.12,0.001,0.001,0.1,0.0,1000.0,1000,0,0.0,5.705302484783492,0.0,193.634079629359
0.12,0.001,0.001,0.1,0.1,10.0,1000,0,0.0,6.6633154562537875,0.0,171.10538585605764
0.12,0.001,0.001,0.1,0.1,100.0,1000,0,0.0,10.88573930194168,0.0,417.5679312006252
0.12,0.001,0.001,0.1,0.1,1000.0,1000,0,0.0,5.962790669640077,0.0,184.22196090750342
0.12,0.001,0.001,0.1,0.2,10.0,1000,0,0.0,7.342470797423732,0.0,303.23175681074144
0.12,0.001,0.001,0.1,0.2,100.0,1000,0,0.0,8.847376770243164,0.0,271.2518716606878
0.12,0.001,0.001,0.1,0.2,1000.0,1000,0,0.0,5.97914375790445,0.0,227.94693644376744
0.12,0.001,0.001,0.1,0.5,10.0,1000,0,0.0,6.09777114528049,0.0,141.41739073665514
0.12,0.001,0.001,0.1,0.5,100.0,1000,0,0.0,9.761436470432484,0.0,361.75473483490345
0.12,0.001,0.001,0.1,0.5,1000.0,1000,0,0.0,5.39580142511237,0.0,185.70051416798103
0.12,0.001,0.001,0.1,1.0,10.0,1000,0,0.0,5.192923270926841,0.0,178.61420425422196
0.12,0.001,0.001,0.1,1.0,100.0,1000,0,0.0,8.40464590544638,0.0,294.2956382880992
0.12,0.001,0.001,0.1,1.0,1000.0,1000,0,0.0,5.429732468881781,0.0,163.89654775835402
0.12,0.001,0.001,1.0,-0.5,10.0,1000,0,0.0,6.516361200197131,0.0,331.82330027105314
0.12,0.001,0.001,1.0,-0.5,100.0,1000,0,0.0,8.766199579971863,0.0,344.8408554402423
0.12,0.001,0.001,1.0,-0.5,1000.0,1000,0,0.0,5.437706845085583,0.0,191.76621450148468
0.12,0.001,0.001,1.0,-0.2,10.0,1000,0,0.0,5.291911307204231,0.0,290.1330676485292
0.12,0.001,0.001,1.0,-0.2,100.0,1000,0,0.0,8.557075277840582,0.0,326.2509721392611
0.12,0.001,0.001,1.0,-0.2,1000.0,1000,0,0.0,5.09310476183815,0.0,197.07230899038382
0.12,0.001,0.001,1.0,-0.1,10.0,1000,0,0.0,4.713001208007102,0.0,274.9464507896036
0.12,0.001,0.001,1.0,-0.1,100.0,1000,0,0.0,7.339701997779685,0.0,291.2243642810736
0.12,0.001,0.001,1.0,-0.1,1000.0,1000,0,0.0,4.872903472745617,0.0,167.4669477140057
0.12,0.001,0.001,1.0,0.0,10.0,1000,0,0.0,4.251612221568142,0.0,172.99093185185026
0.12,0.001,0.001,1.0,0.0,100.0,1000,0,0.0,7.847155469882262,0.0,323.1457464043007
0.12,0.001,0.001,1.0,0.0,1000.0,1000,0,0.0,4.558492065727219,0.0,189.12206766763626
0.12,0.001,0.001,1.0,0.1,10.0,1000,0,0.0,3.9012010286895626,0.0,173.44940851830083
0.12,0.001,0.001,1.0,0.1,100.0,1000,0,0.0,5.8097063385794305,0.0,196.44826229755316
0.12,0.001,0.001,1.0,0.1,1000.0,1000,0,0.0,4.206057377219949,0.0,141.59430464982407
0.12,0.001,0.001,1.0,0.2,10.0,1000,0,0.0,4.22947347998661,0.0,214.2592298643158
0.12,0.001,0.001,1.0,0.2,100.0,1000,0,0.0,5.876916760744059,0.0,180.7754455586292
0.12,0.001,0.001,1.0,0.2,1000.0,1000,0,0.0,2.994127598687995,0.0,73.14153182348677
0.12,0.001,0.001,1.0,0.5,10.0,1000,0,0.0,3.1895226736837623,0.0,154.20823334906484
0.12,0.001,0.001,1.0,0.5,100.0,1000,0,0.0,6.23188866307516,0.0,243.6410603727237
0.12,0.001,0.001,1.0,0.5,1000.0,1000,0,0.0,3.681156666935874,0.0,136.43062549842836
0.12,0.001,0.001,1.0,1.0,10.0,1000,0,0.0,3.150782809205706,0.0,197.62527561967494
0.12,0.001,0.001,1.0,1.0,100.0,1000,0,0.0,4.904926061509725,0.0,200.62478529140472
0.12,0.001,0.001,1.0,1.0,1000.0,999,1,1.0,3.0669688723121693,0.0,80.37148254339715
0.12,0.1,0.0003,1e-05,-0.5,10.0,1000,0,0.0,28.398991997994003,0.0,984.5969661838488
0.12,0.1,0.0003,1e-05,-0.5,100.0,1000,0,0.0,0.698314625265186,0.0,0.10828790879519294
0.12,0.1,0.0003,1e-05,-0.5,1000.0,1000,0,0.0,0.061763530942366925,0.0,0.0007402534017371963
0.12,0.1,0.0003,1e-05,-0.2,10.0,1000,0,0.0,28.937634016393798,0.0,1106.3508779013673
0.12,0.1,0.0003,1e-05,-0.2,100.0,1000,0,0.0,0.7146656558666762,0.0,0.11265344636704616
0.12,0.1,0.0003,1e-05,-0.2,1000.0,1000,0,0.0,0.061748743226673584,0.0,0.0007390016621282107
0.12,0.1,0.0003,1e-05,-0.1,10.0,1000,0,0.0,27.096698598364842,0.0,899.4524748599781
0.12,0.1,0.0003,1e-05,-0.1,100.0,1000,0,0.0,0.6883475862005973,0.0,0.09949825332730551
0.12,0.1,0.0003,1e-05,-0.1,1000.0,1000,0,0.0,0.06193914818786464,0.0,0.0006831833673074218
0.12,0.1,0.0003,1e-05,0.0,10.0,1000,0,0.0,32.94910082751246,0.0,1398.1887902757383
0.12,0.1,0.0003,1e-05,0.0,100.0,1000,0,0.0,0.6894229130487161,0.0,0.1047828059922743
0.12,0.1,0.0003,1e-05,0.0,1000.0,1000,0,0.0,0.06337550148265085,0.0,0.0007470007626658143
0.12,0.1,0.0003,1e-05,0.1,10.0,1000,0,0.0,32.17084264657918,0.0,1266.5959019039406
0.12,0.1,0.0003,1e-05,0.1,100.0,1000,0,0.0,0.6944095561732044,0.0,0.10355733728458276
0.12,0.1,0.0003,1e-05,0.1,1000.0,1000,0,0.0,0.06161008047699702,0.0,0.0006309364052781529
0.12,0.1,0.0003,1e-05,0.2,10.0,1000,0,0.0,31.647523901113736,0.0,1420.5132968384285
0.12,0.1,0.0003,1e-05,0.2,100.0,1000,0,0.0,0.6934560404011711,0.0,0.09828837443434865
0.12,0.1,0.0003,1e-05,0.2,1000.0,1000,0,0.0,0.062125065204751535,0.0,0.0006427219473891017
0.12,0.1,0.0003,1e-05,0.5,10.0,1000,0,0.0,31.3688149277849,0.0,1031.5186373683982
0.12,0.1,0.0003,1e-05,0.5,100.0,1000,0,0.0,0.6989160312997349,0.0,0.10280763637202986
0.12,0.1,0.0003,1e-05,0.5,1000.0,1000,0,0.0,0.0617549589024196,0.0,0.0007155985679269617
0.12,0.1,0.0003,1e-05,1.0,10.0,1000,0,0.0,29.825057962809108,0.0,1374.0924094038453
0.12,0.1,0.0003,1e-05,1.0,100.0,1000,0,0.0,0.6902419108700348,0.0,0.09894127344228254
0.12,0.1,0.0003,1e-05,1.0,1000.0,1000,0,0.0,0.06161421119556755,0.0,0.0006665669985890576
0.12,0.1,0.0003,0.001,-0.5,10.0,1000,0,0.0,31.36368645849442,0.0,1159.0821130980944
0.12,0.1,0.0003,0.001,-0.5,100.0,1000,0,0.0,0.6981770494023285,0.0,0.1069082288678266
0.12,0.1,0.0003,0.001,-0.5,1000.0,1000,0,0.0,0.06105919853277956,0.0,0.0006623293800482246
0.12,0.1,0.0003,0.001,-0.2,10.0,1000,0,0.0,31.638305846341662,0.0,993.3801782365939
0.12,0.1,0.0003,0.001,-0.2,100.0,1000,0,0.0,0.6981334075057236,0.0,0.11230283382309882
0.12,0.1,0.0003,0.001,-0.2,1000.0,1000,0,0.0,0.062089910848768325,0.0,0.000678173134897874
0.12,0.1,0.0003,0.001,-0.1,10.0,1000,0,0.0,32.26863276571347,0.0,1493.9043266361282
0.12,0.1,0.0003,0.001,-0.1,100.0,1000,0,0.0,0.6861674599386243,0.0,0.09118806422679972
0.12,0.1,0.0003,0.001,-0.1,1000.0,1000,0,0.0,0.06275109065718831,0.0,0.0007004702099027573
0.12,0.1,0.0003,0.001,0.0,10.0,1000,0,0.0,29.985487869636668,0.0,1030.1546098894364
0.12,0.1,0.0003,0.001,0.0,100.0,1000,0,0.0,0.7001249146421301,0.0,0.11568055033058025
0.12,0.1,0.0003,0.001,0.0,1000.0,1000,0,0.0,0.060715520822299376,0.0,0.0006794552003461344
0.12,0.1,0.0003,0.001,0.1,10.0,1000,0,0.0,32.009592653874954,0.0,1083.4351758044959
0.12,0.1,0.0003,0.001,0.1,100.0,1000,0,0.0,0.6986959358105773,0.0,0.09379178635987234
0.12,0.1,0.0003,0.001,0.1,1000.0,1000,0,0.0,0.06218111638929557,0.0,0.0006290987860827762
0.12,0.1,0.0003,0.001,0.2,10.0,1000,0,0.0,30.714163481679975,0.0,1128.0653787897927
0.12,0.1,0.0003,0.001,0.2,100.0,1000,0,0.0,0.7228437752805458,0.0,0.1154560904361638
0.12,0.1,0.0003,0.001,0.2,1000.0,1000,0,0.0,0.061394915206147226,0.0,0.0006466843663640598
0.12,0.1,0.0003,0.001,0.5,10.0,1000,0,0.0,29.890234297298104,0.0,1162.3621042031307
0.12,0.1,0.0003,0.001,0.5,100.0,1000,0,0.0,0.6874079260436544,0.0,0.10342661139897869
0.12,0.1,0.0003,0.001,0.5,1000.0,1000,0,0.0,0.06296646241209931,0.0,0.0007577071763384366
0.12,0.1,0.0003,0.001,1.0,10.0,1000,0,0.0,28.8484064214143,0.0,897.5828419478739
0.12,0.1,0.0003,0.001,1.0,100.0,1000,0,0.0,0.7139287608878128,0.0,0.1055697280727012
0.12,0.1,0.0003,0.001,1.0,1000.0,1000,0,0.0,0.06120345010374564,0.0,0.0006467762017207482
0.12,0.1,0.0003,0.1,-0.5,10.0,1000,0,0.0,28.828679942413828,0.0,865.4601914104113
0.12,0.1,0.0003,0.1,-0.5,100.0,1000,0,0.0,0.7135504627093179,0.0,0.11424143116161196
0.12,0.1,0.0003,0.1,-0.5,1000.0,1000,0,0.0,0.0617481012612623,0.0,0.000653998469893557
0.12,0.1,0.0003,0.1,-0.2,10.0,1000,0,0.0,29.880084958541598,0.0,1142.5501512188525
0.12,0.1,0.0003,0.1,-0.2,100.0,1000,0,0.0,0.7056267166481884,0.0,0.1119535309493922
0.12,0.1,0.0003,0.1,-0.2,1000.0,1000,0,0.0,0.06314669707860464,0.0,0.0007280597443876818
0.12,0.1,0.0003,0.1,-0.1,10.0,1000,0,0.0,29.233629461417244,0.0,1076.4150165489982
0.12,0.1,0.0003,0.1,-0.1,100.0,1000,0,0.0,0.6783353051866357,0.0,0.10536466511529521
0.12,0.1,0.0003,0.1,-0.1,1000.0,1000,0,0.0,0.06241360803278034,0.0,0.0006691128091381081
0.12,0.1,0.0003,0.1,0.0,10.0,1000,0,0.0,30.014348402390794,0.0,1027.0892308299544
0.12,0.1,0.0003,0.1,0.0,100.0,1000,0,0.0,0.6909904430696591,0.0,0.10138701462691446
0.12,0.1,0.0003,0.1,0.0,1000.0,1000,0,0.0,0.06188886494045349,0.0,0.000688665411119535
0.12,0.1,0.0003,0.1,0.1,10.0,1000,0,0.0,28.882351565370087,0.0,977.9431347428217
0.12,0.1,0.0003,0.1,0.1,100.0,1000,0,0.0,0.6952507581849126,0.0,0.10052226445227407
0.12,0.1,0.0003,0.1,0.1,1000.0,1000,0,0.0,0.06194102255921065,0.0,0.0007165361428963046
0.12,0.1,0.0003,0.1,0.2,10.0,1000,0,0.0,26.47358665428954,0.0,972.7744755827932
0.12,0.1,0.0003,0.1,0.2,100.0,1000,0,0.0,0.7019150718791952,0.0,0.1021375543956987
0.12,0.1,0.0003,0.1,0.2,1000.0,1000,0,0.0,0.06226531964603265,0.0,0.0007369581297049098
0.12,0.1,0.0003,0.1,0.5,10.0,1000,0,0.0,22.131314798849495,0.0,770.6514325010696
0.12,0.1,0.0003,0.1,0.5,100.0,1000,0,0.0,0.6886629742248747,0.0,0.09609433173933739
0.12,0.1,0.0003,0.1,0.5,1000.0,1000,0,0.0,0.06312252167979,0.0,0.000665564599463404
0.12,0.1,0.0003,0.1,1.0,10.0,1000,0,0.0,20.65791847122799,0.0,495.9160881572612
0.12,0.1,0.0003,0.1,1.0,100.0,1000,0,0.0,0.6641857702880661,0.0,0.10134246854571344
0.12,0.1,0.0003,0.1,1.0,1000.0,1000,0,0.0,0.06290876144932361,0.0,0.0007062376392430097
0.12,0.1,0.0003,1.0,-0.5,10.0,1000,0,0.0,30.707155857302162,0.0,1205.1520343861278
0.12,0.1,0.0003,1.0,-0.5,100.0,1000,0,0.0,0.8730669066594637,0.0,0.263221853663607
0.12,0.1,0.0003,1.0,-0.5,1000.0,1000,0,0.0,0.0631719035557582,0.0,0.0007337334466038023
0.12,0.1,0.0003,1.0,-0.2,10.0,1000,0,0.0,19.24875258788287,0.0,574.0191503936904
0.12,0.1,0.0003,1.0,-0.2,100.0,1000,0,0.0,0.7532604990430747,0.0,0.2015456858058364
0.12,0.1,0.0003,1.0,-0.2,1000.0,1000,0,0.0,0.06324030754955214,0.0,0.0007250155459684561
0.12,0.1,0.0003,1.0,-0.1,10.0,1000,0,0.0,15.028405849325473,0.0,331.2677091154409
0.12,0.1,0.0003,1.0,-0.1,100.0,1000,0,0.0,0.6971592080407377,0.0,0.17451953259826156
0.12,0.1,0.0003,1.0,-0.1,1000.0,1000,0,0.0,0.06168797684533614,0.0,0.000693282517374308
0.12,0.1,0.0003,1.0,0.0,10.0,1000,0,0.0,14.017540985045617,0.0,289.8577719169231
0.12,0.1,0.0003,1.0,0.0,100.0,1000,0,0.0,0.7090160996015391,0.0,0.1628408702955108
0.12,0.1,0.0003,1.0,0.0,1000.0,1000,0,0.0,0.06222631945486415,0.0,0.0007360019207577271
0.12,0.1,0.0003,1.0,0.1,10.0,1000,0,0.0,13.444508677636177,0.0,369.0367802469893
0.12,0.1,0.0003,1.0,0.1,100.0,1000,0,0.0,0.6700939587306816,0.0,0.15849362099626654
0.12,0.1,0.0003,1.0,0.1,1000.0,1000,0,0.0,0.061527408548877956,0.0,0.0006878185633958538
0.12,0.1,0.0003,1.0,0.2,10.0,1000,0,0.0,12.753836331484928,0.0,311.1841437714518
0.12,0.1,0.0003,1.0,0.2,100.0,1000,0,0.0,0.6498098735330532,0.0,0.1375106452699071
0.12,0.1,0.0003,1.0,0.2,1000.0,1000,0,0.0,0.06100986851665003,0.0,0.0006829818543821613
0.12,0.1,0.0003,1.0,0.5,10.0,998,2,0.7,8.148928264354684,0.09,128.26537889167915
0.12,0.1,0.0003,1.0,0.5,100.0,991,9,0.6358679386457164,0.5832987197437093,0.13052776241723327,0.10850063638619781
0.12,0.1,0.0003,1.0,0.5,1000.0,993,7,0.5138932496075354,0.06159752464254235,0.0608127653911462,0.0007044506967055513
0.12,0.1,0.0003,1.0,1.0,10.0,971,29,0.6474120121708608,6.4096458102984535,0.07836949367656659,136.28310842501887
0.12,0.1,0.0003,1.0,1.0,100.0,907,93,0.6895714689989002,0.5123225748921725,0.051371834496970005,0.07672676960584301
0.12,0.1,0.0003,1.0,1.0,1000.0,894,106,0.6519560909189368,0.05972363589774965,0.07160458222847026,0.0006389942048148254
0.12,0.1,0.0001,1e-05,-0.5,10.0,1000,0,0.0,137.60081890179566,0.0,3823.6464896064017
0.12,0.1,0.0001,1e-05,-0.5,100.0,1000,0,0.0,3.265600122709359,0.0,2.1053168345972884
0.12,0.1,0.0001,1e-05,-0.5,1000.0,1000,0,0.0,0.19924569248158008,0.0,0.0024476090449213864
0.12,0.1,0.0001,1e-05,-0.2,10.0,1000,0,0.0,55.686947625555284,0.0,364.463181799611
0.12,0.1,0.0001,1e-05,-0.2,100.0,1000,0,0.0,3.296295352505446,0.0,2.2722404006071866
0.12,0.1,0.0001,1e-05,-0.2,1000.0,999,1,0.0,0.2022953984567327,0.0,0.0023819133903680433
0.12,0.1,0.0001,1e-05,-0.1,10.0,1000,0,0.0,139.71408110208733,0.0,4904.7718143563825
0.12,0.1,0.0001,1e-05,-0.1,100.0,1000,0,0.0,3.2757199254155775,0.0,1.9414567277632173
0.12,0.1,0.0001,1e-05,-0.1,1000.0,1000,0,0.0,0.19878496941191595,0.0,0.002319667891622149
0.12,0.1,0.0001,1e-05,0.0,10.0,1000,0,0.0,197.67331491762005,0.0,11642.184503213131
0.12,0.1,0.0001,1e-05,0.0,100.0,1000,0,0.0,3.1910991380744353,0.0,1.7769663323114402
0.12,0.1,0.0001,1e-05,0.0,1000.0,1000,0,0.0,0.2005735009207515,0.0,0.0022984617321289667
0.12,0.1,0.0001,1e-05,0.1,10.0,1000,0,0.0,98.25500652155094,0.0,714.719508204098
0.12,0.1,0.0001,1e-05,0.1,100.0,1000,0,0.0,3.2578064517032344,0.0,1.8565671230555079
0.12,0.1,0.0001,1e-05,0.1,1000.0,1000,0,0.0,0.20170552768346398,0.0,0.0023707654493587593
0.12,0.1,0.0001,1e-05,0.2,10.0,1000,0,0.0,123.6105615167728,0.0,5541.468646149466
0.12,0.1,0.0001,1e-05,0.2,100.0,1000,0,0.0,3.269226877705839,0.0,2.551775883140777
0.12,0.1,0.0001,1e-05,0.2,1000.0,1000,0,0.0,0.20149459653510893,0.0,0.002475981413225876
0.12,0.1,0.0001,1e-05,0.5,10.0,1000,0,0.0,109.99121338240364,0.0,2926.8196719222537
0.12,0.1,0.0001,1e-05,0.5,100.0,1000,0,0.0,3.2871095438433615,0.0,2.097548359865822
0.12,0.1,0.0001,1e-05,0.5,1000.0,999,1,0.3333333333333333,0.20047219421628087,0.0,0.0023658307013737466
0.12,0.1,0.0001,1e-05,1.0,10.0,1000,0,0.0,142.80634121337647,0.0,6340.949177251068
0.12,0.1,0.0001,1e-05,1.0,100.0,1000,0,0.0,3.211794248995766,0.0,1.758295320677468
0.12,0.1,0.0001,1e-05,1.0,1000.0,1000,0,0.0,0.19946313471225754,0.0,0.0024007071537912477
0.12,0.1,0.0001,0.001,-0.5,10.0,1000,0,0.0,150.77556666907714,0.0,5415.2167180626175
0.12,0.1,0.0001,0.001,-0.5,100.0,1000,0,0.0,3.280257515704614,0.0,2.2411825979270064
0.12,0.1,0.0001,0.001,-0.5,1000.0,999,1,0.2222222222222222,0.20132574932640912,0.0,0.0023088361850152656
0.12,0.1,0.0001,0.001,-0.2,10.0,1000,0,0.0,171.2544019664033,0.0,22088.09302610272
0.12,0.1,0.0001,0.001,-0.2,100.0,1000,0,0.0,3.333847185652081,0.0,2.69297864590342
0.12,0.1,0.0001,0.001,-0.2,1000.0,1000,0,0.0,0.19899250515744085,0.0,0.0024165602170837415
0.12,0.1,0.0001,0.001,-0.1,10.0,1000,0,0.0,92.29138631970342,0.0,1183.829858818846
0.12,0.1,0.0001,0.001,-0.1,100.0,1000,0,0.0,3.2308737535507017,0.0,2.6268403446325306
0.12,0.1,0.0001,0.001,-0.1,1000.0,1000,0,0.0,0.20072206887292912,0.0,0.0022976510338611035
0.12,0.1,0.0001,0.001,0.0,10.0,1000,0,0.0,70.96650671755094,0.0,792.9818861192095
0.12,0.1,0.0001,0.001,0.0,100.0,1000,0,0.0,3.210543277770059,0.0,1.8512623515771787
0.12,0.1,0.0001,0.001,0.0,1000.0,1000,0,0.0,0.20211095715845834,0.0,0.0022441964280541875
0.12,0.1,0.0001,0.001,0.1,10.0,1000,0,0.0,132.5136718095654,0.0,4675.064413875745
0.12,0.1,0.0001,0.001,0.1,100.0,1000,0,0.0,3.267428966450541,0.0,2.0750692456626996
0.12,0.1,0.0001,0.001,0.1,1000.0,1000,0,0.0,0.20006032622650438,0.0,0.0024310532763021186
0.12,0.1,0.0001,0.001,0.2,10.0,1000,0,0.0,109.03497546865026,0.0,515.7282750619188
0.12,0.1,0.0001,0.001,0.2,100.0,1000,0,0.0,3.2793788928325096,0.0,2.063802681680993
0.12,0.1,0.0001,0.001,0.2,1000.0,1000,0,0.0,0.19935491318204357,0.0,0.0024141606210202563
0.12,0.1,0.0001,0.001,0.5,10.0,1000,0,0.0,119.06710617272613,0.0,6601.029499192064
0.12,0.1,0.0001,0.001,0.5,100.0,1000,0,0.0,3.233821483444191,0.0,1.9040027101319579
0.12,0.1,0.0001,0.001,0.5,1000.0,1000,0,0.0,0.19911270098639805,0.0,0.00218928949707649
0.12,0.1,0.0001,0.001,1.0,10.0,1000,0,0.0,151.18952772370466,0.0,24038.210829549967
0.12,0.1,0.0001,0.001,1.0,100.0,1000,0,0.0,3.322433347968032,0.0,2.4279613971150864
0.12,0.1,0.0001,0.001,1.0,1000.0,1000,0,0.0,0.20063197159476,0.0,0.0022738872352004147
0.12,0.1,0.0001,0.1,-0.5,10.0,1000,0,0.0,84.70776766732206,0.0,373.6362894490621
0.12,0.1,0.0001,0.1,-0.5,100.0,1000,0,0.0,3.559895555569034,0.0,3.5562275503371867
0.12,0.1,0.0001,0.1,-0.5,1000.0,1000,0,0.0,0.20196257511079233,0.0,0.002331771614335115
0.12,0.1,0.0001,0.1,-0.2,10.0,1000,0,0.0,133.27183708671208,0.0,5784.218396583829
0.12,0.1,0.0001,0.1,-0.2,100.0,1000,0,0.0,3.375399705291965,0.0,2.9024583243024025
0.12,0.1,0.0001,0.1,-0.2,1000.0,1000,0,0.0,0.20465889099315576,0.0,0.00251284827399349
0.12,0.1,0.0001,0.1,-0.1,10.0,1000,0,0.0,134.05037295835027,0.0,5594.821244058367
0.12,0.1,0.0001,0.1,-0.1,100.0,1000,0,0.0,3.219454913509082,0.0,2.1150151796344843
0.12,0.1,0.0001,0.1,-0.1,1000.0,1000,0,0.0,0.20177780076143234,0.0,0.002368771100244689
0.12,0.1,0.0001,0.1,0.0,10.0,1000,0,0.0,150.1287547288458,0.0,11228.921594041803
0.12,0.1,0.0001,0.1,0.0,100.0,1000,0,0.0,3.1446130420857625,0.0,1.8338744995758294
0.12,0.1,0.0001,0.1,0.0,1000.0,1000,0,0.0,0.19913786565369734,0.0,0.0024569801400601983
0.12,0.1,0.0001,0.1,0.1,10.0,1000,0,0.0,133.33064817313652,0.0,4760.945728982297
0.12,0.1,0.0001,0.1,0.1,100.0,1000,0,0.0,3.1792548610555933,0.0,1.913766216768198
0.12,0.1,0.0001,0.1,0.1,1000.0,1000,0,0.0,0.20058680046087582,0.0,0.0022224742561879553
0.12,0.1,0.0001,0.1,0.2,10.0,1000,0,0.0,140.7948110008255,0.0,6553.462648375234
0.12,0.1,0.0001,0.1,0.2,100.0,998,2,0.25372208436724564,3.158719090471459,0.008543630586974861,1.9670973533242306
0.12,0.1,0.0001,0.1,0.2,1000.0,1000,0,0.0,0.20138381173906236,0.0,0.0023912756285557595
0.12,0.1,0.0001,0.1,0.5,10.0,1000,0,0.0,160.25144473034078,0.0,13547.767792916773
0.12,0.1,0.0001,0.1,0.5,100.0,1000,0,0.0,2.9630860854232886,0.0,1.428799385170978
0.12,0.1,0.0001,0.1,0.5,1000.0,999,1,0.0,0.2012115426262218,0.0,0.0023128769822226294
0.12,0.1,0.0001,0.1,1.0,10.0,1000,0,0.0,118.93818350143158,0.0,8336.818835127271
0.12,0.1,0.0001,0.1,1.0,100.0,1000,0,0.0,2.7966215068190703,0.0,1.2036238968886444
0.12,0.1,0.0001,0.1,1.0,1000.0,1000,0,0.0,0.19810803916026318,0.0,0.0023959806992145927
0.12,0.1,0.0001,1.0,-0.5,10.0,1000,0,0.0,0.0,0.0,0.0
0.12,0.1,0.0001,1.0,-0.5,100.0,1000,0,0.0,8.331539041095166,0.0,65.21466421290852
0.12,0.1,0.0001,1.0,-0.5,1000.0,1000,0,0.0,0.21564581962899812,0.0,0.0031764912396052727
0.12,0.1,0.0001,1.0,-0.2,10.0,1000,0,0.0,117.77745353422715,0.0,11713.322716113496
0.12,0.1,0.0001,1.0,-0.2,100.0,1000,0,0.0,4.484022588542331,0.0,13.982425333198226
0.12,0.1,0.0001,1.0,-0.2,1000.0,1000,0,0.0,0.20469277706619965,0.0,0.0030285174311767936
0.12,0.1,0.0001,1.0,-0.1,10.0,1000,0,0.0,99.89121704381674,0.0,7095.368138506611
0.12,0.1,0.0001,1.0,-0.1,100.0,1000,0,0.0,3.5592063356608583,0.0,6.555941392664353
0.12,0.1,0.0001,1.0,-0.1,1000.0,1000,0,0.0,0.20299297588093332,0.0,0.002812364235606803
0.12,0.1,0.0001,1.0,0.0,10.0,1000,0,0.0,99.48918771264704,0.0,4508.016361758524
0.12,0.1,0.0001,1.0,0.0,100.0,1000,0,0.0,3.188932920356131,0.0,6.628615897116714
0.12,0.1,0.0001,1.0,0.0,1000.0,1000,0,0.0,0.20226544881590205,0.0,0.0025908576239796048
0.12,0.1,0.0001,1.0,0.1,10.0,999,1,0.0,89.7945599906284,0.0,5092.197796657729
0.12,0.1,0.0001,1.0,0.1,100.0,998,2,0.4,2.6070205096484194,0.16000000000000003,1.747347934830304
0.12,0.1,0.0001,1.0,0.1,1000.0,997,3,0.25308641975308643,0.19848084193440604,0.041685718640451154,0.002780111047289508
0.12,0.1,0.0001,1.0,0.2,10.0,999,1,0.38596491228070173,87.99245096030542,0.0,3788.824258502565
0.12,0.1,0.0001,1.0,0.2,100.0,994,6,0.22566763191763192,2.3488265296619284,0.07533403368119222,1.2451814324280974
0.12,0.1,0.0001,1.0,0.2,1000.0,992,8,0.308001893939394,0.19595110300295832,0.12298135608571514,0.0025226241308848804
0.12,0.1,0.0001,1.0,0.5,10.0,953,47,0.6654375806159852,82.62816350708225,0.050274176938953356,4774.380166944862
0.12,0.1,0.0001,1.0,0.5,100.0,828,172,0.5888183909262235,1.8027930125793017,0.05072852061437631,0.5262306563820782
0.12,0.1,0.0001,1.0,0.5,1000.0,769,231,0.5753219859146479,0.18889801873222117,0.05023578196243397,0.002382902961335985
0.12,0.1,0.0001,1.0,1.0,10.0,761,239,0.7124901864113184,66.36563751446188,0.013143984111836133,2593.8634431782616
0.12,0.1,0.0001,1.0,1.0,100.0,326,674,0.7082345487164069,1.3619947204600658,0.014876392375479953,0.230675396179202
0.12,0.1,0.0001,1.0,1.0,1000.0,247,753,0.6985362859174796,0.18231569570707973,0.016444291066124543,0.0021373587548446362
0.12,0.1,0.003,1e-05,-0.5,10.0,1000,0,0.0,0.4062153283940785,0.0,0.2784536690250351
0.12,0.1,0.003,1e-05,-0.5,100.0,1000,0,0.0,0.019141934561163906,0.0,0.00047470049121244013
0.12,0.1,0.003,1e-05,-0.5,1000.0,1000,0,0.0,0.00030917424564401344,0.0,8.485251812924478e-08
0.12,0.1,0.003,1e-05,-0.2,10.0,1000,0,0.0,0.41344765402820927,0.0,0.27785158803273746
0.12,0.1,0.003,1e-05,-0.2,100.0,1000,0,0.0,0.019443009426972416,0.0,0.0005180429515213622
0.12,0.1,0.003,1e-05,-0.2,1000.0,1000,0,0.0,0.000305767027173765,0.0,1.2283377405097548e-07
0.12,0.1,0.003,1e-05,-0.1,10.0,1000,0,0.0,0.4129724738338378,0.0,0.2660902797022124
0.12,0.1,0.003,1e-05,-0.1,100.0,1000,0,0.0,0.01839011142636299,0.0,0.0004683645774787804
0.12,0.1,0.003,1e-05,-0.1,1000.0,1000,0,0.0,0.0003262438777769217,0.0,3.8052340192476037e-07
0.12,0.1,0.003,1e-05,0.0,10.0,1000,0,0.0,0.4073134825709486,0.0,0.2905464713043496
0.12,0.1,0.003,1e-05,0.0,100.0,1000,0,0.0,0.01726262559809681,0.0,0.000297825081434472
0.12,0.1,0.003,1e-05,0.0,1000.0,1000,0,0.0,0.00031574832647621946,0.0,1.2350984796254582e-07
0.12,0.1,0.003,1e-05,0.1,10.0,1000,0,0.0,0.3993117243192462,0.0,0.2443607483098761
0.12,0.1,0.003,1e-05,0.1,100.0,1000,0,0.0,0.018769692806606356,0.0,0.0005132842316127267
0.12,0.1,0.003,1e-05,0.1,1000.0,1000,0,0.0,0.0003322951551774013,0.0,7.44526647263374e-07
0.12,0.1,0.003,1e-05,0.2,10.0,1000,0,0.0,0.3967933860085703,0.0,0.2770044172836242
0.12,0.1,0.003,1e-05,0.2,100.0,1000,0,0.0,0.01851714574131175,0.0,0.0004653845006432554
0.12,0.1,0.003,1e-05,0.2,1000.0,1000,0,0.0,0.000299542349803019,0.0,8.192557314220732e-08
0.12,0.1,0.003,1e-05,0.5,10.0,1000,0,0.0,0.4126597638258108,0.0,0.24096087231476396
0.12,0.1,0.003,1e-05,0.5,100.0,1000,0,0.0,0.01809027014690981,0.0,0.0003959198411141556
0.12,0.1,0.003,1e-05,0.5,1000.0,1000,0,0.0,0.0003060823245116108,0.0,1.0426041776693219e-07
0.12,0.1,0.003,1e-05,1.0,10.0,1000,0,0.0,0.4396678876728031,0.0,0.5225143660449691
0.12,0.1,0.003,1e-05,1.0,100.0,1000,0,0.0,0.017298449927921608,0.0,0.00043202043518547015
0.12,0.1,0.003,1e-05,1.0,1000.0,1000,0,0.0,0.0003333372372584953,0.0,2.5640807943026036e-07
0.12,0.1,0.003,0.001,-0.5,10.0,1000,0,0.0,0.3964756378832889,0.0,0.28022810718778324
0.12,0.1,0.003,0.001,-0.5,100.0,1000,0,0.0,0.018368724800286427,0.0,0.0005423049788337914
0.12,0.1,0.003,0.001,-0.5,1000.0,1000,0,0.0,0.00033194530201718735,0.0,1.3104770931624353e-06
0.12,0.1,0.003,0.001,-0.2,10.0,1000,0,0.0,0.4145912742602804,0.0,0.29015005492173856
0.12,0.1,0.003,0.001,-0.2,100.0,1000,0,0.0,0.01834063755069952,0.0,0.0005341565497651576
0.12,0.1,0.003,0.001,-0.2,1000.0,1000,0,0.0,0.000294567565144096,0.0,8.715398201275919e-08
0.12,0.1,0.003,0.001,-0.1,10.0,1000,0,0.0,0.41140759526257875,0.0,0.4557570471654486
0.12,0.1,0.003,0.001,-0.1,100.0,1000,0,0.0,0.018875303452828326,0.0,0.0003857543547991983
0.12,0.1,0.003,0.001,-0.1,1000.0,1000,0,0.0,0.0003206821786206261,0.0,1.1544049370931311e-07
0.12,0.1,0.003,0.001,0.0,10.0,1000,0,0.0,0.4032981884091471,0.0,0.2444237483189348
0.12,0.1,0.003,0.001,0.0,100.0,1000,0,0.0,0.018846068084097917,0.0,0.0003927933928823266
0.12,0.1,0.003,0.001,0.0,1000.0,1000,0,0.0,0.0003140374317440476,0.0,1.0155333948693057e-07
0.12,0.1,0.003,0.001,0.1,10.0,1000,0,0.0,0.414623240749356,0.0,0.2679142818528149
0.12,0.1,0.003,0.001,0.1,100.0,1000,0,0.0,0.01719685834006021,0.0,0.00036766533549701074
0.12,0.1,0.003,0.001,0.1,1000.0,1000,0,0.0,0.00034597208414111844,0.0,6.758798532092862e-07
0.12,0.1,0.003,0.001,0.2,10.0,1000,0,0.0,0.4286907449096822,0.0,0.3429388172089126
0.12,0.1,0.003,0.001,0.2,100.0,1000,0,0.0,0.016598406364488512,0.0,0.000321295518737148
0.12,0.1,0.003,0.001,0.2,1000.0,1000,0,0.0,0.00035597730590841535,0.0,3.2240957535991245e-06
0.12,0.1,0.003,0.001,0.5,10.0,1000,0,0.0,0.4013565929677072,0.0,0.29144485754666266
0.12,0.1,0.003,0.001,0.5,100.0,1000,0,0.0,0.016596867392079936,0.0,0.0003238817149628759
0.12,0.1,0.003,0.001,0.5,1000.0,1000,0,0.0,0.0002994158723434075,0.0,1.0910432757092681e-07
0.12,0.1,0.003,0.001,1.0,10.0,1000,0,0.0,0.43013250916352636,0.0,0.4808141066427454
0.12,0.1,0.003,0.001,1.0,100.0,1000,0,0.0,0.01847745514768005,0.0,0.0004451525719533728
0.12,0.1,0.003,0.001,1.0,1000.0,1000,0,0.0,0.0003300013113545344,0.0,4.335832622765518e-07
0.12,0.1,0.003,0.1,-0.5,10.0,1000,0,0.0,0.3385219629891151,0.0,0.4433925792667728
0.12,0.1,0.003,0.1,-0.5,100.0,1000,0,0.0,0.015080533075208385,0.0,0.00022560744213615466
0.12,0.1,0.003,0.1,-0.5,1000.0,1000,0,0.0,0.000299812319319124,0.0,8.824162453423218e-08
0.12,0.1,0.003,0.1,-0.2,10.0,1000,0,0.0,0.36881915104856816,0.0,0.5130060430229391
0.12,0.1,0.003,0.1,-0.2,100.0,1000,0,0.0,0.015067890169235428,0.0,0.000225556195315862
0.12,0.1,0.003,0.1,-0.2,1000.0,1000,0,0.0,0.0003170662169758347,0.0,3.589498592888269e-07
0.12,0.1,0.003,0.1,-0.1,10.0,1000,0,0.0,0.32162195527851567,0.0,0.2389196764369915
0.12,0.1,0.003,0.1,-0.1,100.0,1000,0,0.0,0.01532341389672969,0.0,0.0003696856074834782
0.12,0.1,0.003,0.1,-0.1,1000.0,1000,0,0.0,0.0003016314930258179,0.0,8.88899504444263e-08
0.12,0.1,0.003,0.1,0.0,10.0,1000,0,0.0,0.3220124877763669,0.0,0.21264978695241793
0.12,0.1,0.003,0.1,0.0,100.0,1000,0,0.0,0.01635759654171316,0.0,0.0004696420955807007
0.12,0.1,0.003,0.1,0.0,1000.0,1000,0,0.0,0.0002831912062981344,0.0,9.090657878684846e-08
0.12,0.1,0.003,0.1,0.1,10.0,1000,0,0.0,0.39173816872790246,0.0,0.4716863263760722
0.12,0.1,0.003,0.1,0.1,100.0,1000,0,0.0,0.015942612715920828,0.0,0.00028271935103381184
0.12,0.1,0.003,0.1,0.1,1000.0,1000,0,0.0,0.0003049778724103541,0.0,2.152203075287954e-07
0.12,0.1,0.003,0.1,0.2,10.0,1000,0,0.0,0.3238606917758223,0.0,0.3160645007524853
0.12,0.1,0.003,0.1,0.2,100.0,1000,0,0.0,0.016694544224240368,0.0,0.0006994803174422088
0.12,0.1,0.003,0.1,0.2,1000.0,1000,0,0.0,0.00030364983532374335,0.0,9.38143711742824e-08
0.12,0.1,0.003,0.1,0.5,10.0,1000,0,0.0,0.34566493804019965,0.0,0.35878946168762543
0.12,0.1,0.003,0.1,0.5,100.0,1000,0,0.0,0.015740760062481207,0.0,0.0003971540855219344
0.12,0.1,0.003,0.1,0.5,1000.0,1000,0,0.0,0.00029077135630339813,0.0,8.168151933763736e-08
0.12,0.1,0.003,0.1,1.0,10.0,1000,0,0.0,0.3725962003303057,0.0,1.9172135133532906
0.12,0.1,0.003,0.1,1.0,100.0,1000,0,0.0,0.015871254221957662,0.0,0.00032741012390607923
0.12,0.1,0.003,0.1,1.0,1000.0,1000,0,0.0,0.00030102484119423314,0.0,8.507693255790323e-08
0.12,0.1,0.003,1.0,-0.5,10.0,1000,0,0.0,0.16161733764626393,0.0,0.23107585817732956
0.12,0.1,0.003,1.0,-0.5,100.0,1000,0,0.0,0.006778409303652684,0.0,9.253199257751746e-05
0.12,0.1,0.003,1.0,-0.5,1000.0,1000,0,0.0,0.00022921989976036128,0.0,5.4537224313782554e-08
0.12,0.1,0.003,1.0,-0.2,10.0,1000,0,0.0,0.16691741391328718,0.0,0.17568066237731855
0.12,0.1,0.003,1.0,-0.2,100.0,1000,0,0.0,0.007265407009315657,0.0,0.0003409658108319845
0.12,0.1,0.003,1.0,-0.2,1000.0,1000,0,0.0,0.00022350507295763503,0.0,5.38419721571434e-08
0.12,0.1,0.003,1.0,-0.1,10.0,1000,0,0.0,0.19254121923611928,0.0,0.2588629694783112
0.12,0.1,0.003,1.0,-0.1,100.0,1000,0,0.0,0.007596602569800329,0.0,0.0003291348797143817
0.12,0.1,0.003,1.0,-0.1,1000.0,1000,0,0.0,0.00023394637317959387,0.0,5.048141971409818e-08
0.12,0.1,0.003,1.0,0.0,10.0,1000,0,0.0,0.1812059370290124,0.0,0.22271478030085834
0.12,0.1,0.003,1.0,0.0,100.0,1000,0,0.0,0.006924276924016081,0.0,0.00011038856833735838
0.12,0.1,0.003,1.0,0.0,1000.0,1000,0,0.0,0.00022951223341914352,0.0,4.632118866200794e-08
0.12,0.1,0.003,1.0,0.1,10.0,1000,0,0.0,0.1625299636331432,0.0,0.24180048345501293
0.12,0.1,0.003,1.0,0.1,100.0,1000,0,0.0,0.006892950224887089,0.0,9.213092091548245e-05
0.12,0.1,0.003,1.0,0.1,1000.0,1000,0,0.0,0.00022656664065454185,0.0,4.819075645124916e-08
0.12,0.1,0.003,1.0,0.2,10.0,1000,0,0.0,0.16671299368528258,0.0,0.19433656895320234
0.12,0.1,0.003,1.0,0.2,100.0,1000,0,0.0,0.00816151437257321,0.0,0.0004820118588229894
0.12,0.1,0.003,1.0,0.2,1000.0,1000,0,0.0,0.0002565342174773218,0.0,7.597365930695472e-08
0.12,0.1,0.003,1.0,0.5,10.0,1000,0,0.0,0.1602882310570717,0.0,0.21540482343832665
0.12,0.1,0.003,1.0,0.5,100.0,1000,0,0.0,0.007150203298422973,0.0,0.00025405506514006575
0.12,0.1,0.003,1.0,0.5,1000.0,1000,0,0.0,0.00023356402708570628,0.0,5.354732986549141e-08
0.12,0.1,0.003,1.0,1.0,10.0,1000,0,0.0,0.1740199543651799,0.0,0.31509713084210006
0.12,0.1,0.003,1.0,1.0,100.0,1000,0,0.0,0.007133059975535195,0.0,0.00023805494364182648
0.12,0.1,0.003,1.0,1.0,1000.0,1000,0,0.0,0.00023285944664313911,0.0,5.732746990646635e-08
0.12,0.1,0.001,1e-05,-0.5,10.0,1000,0,0.0,1.43138495480929,0.0,4.038268691735182
0.12,0.1,0.001,1e-05,-0.5,100.0,1000,0,0.0,0.10503533530900519,0.0,0.012844567943714923
0.12,0.1,0.001,1e-05,-0.5,1000.0,1000,0,0.0,0.010316751967409601,0.0,0.00010517741189598551
0.12,0.1,0.001,1e-05,-0.2,10.0,1000,0,0.0,1.5906662742594713,0.0,6.478665356161259
0.12,0.1,0.001,1e-05,-0.2,100.0,1000,0,0.0,0.1060996956420582,0.0,0.01137293519729096
0.12,0.1,0.001,1e-05,-0.2,1000.0,1000,0,0.0,0.010401770503144182,0.0,0.00011218651285508391
0.12,0.1,0.001,1e-05,-0.1,10.0,1000,0,0.0,1.4224124521585884,0.0,3.5504947518329026
0.12,0.1,0.001,1e-05,-0.1,100.0,1000,0,0.0,0.10563139252620422,0.0,0.0122695306908028
0.12,0.1,0.001,1e-05,-0.1,1000.0,1000,0,0.0,0.01073533466733106,0.0,0.00013071300507547023
0.12,0.1,0.001,1e-05,0.0,10.0,1000,0,0.0,1.5023636688441204,0.0,4.874436878576269
0.12,0.1,0.001,1e-05,0.0,100.0,1000,0,0.0,0.10564347843723391,0.0,0.01258105222529398
0.12,0.1,0.001,1e-05,0.0,1000.0,1000,0,0.0,0.00981515995331279,0.0,9.246855397126977e-05
0.12,0.1,0.001,1e-05,0.1,10.0,1000,0,0.0,1.4752327139779204,0.0,3.916912054048431
0.12,0.1,0.001,1e-05,0.1,100.0,1000,0,0.0,0.10573695188272854,0.0,0.011757581468609741
0.12,0.1,0.001,1e-05,0.1,1000.0,1000,0,0.0,0.010754522662187849,0.0,0.00012634781310093572
0.12,0.1,0.001,1e-05,0.2,10.0,1000,0,0.0,1.6093470276277775,0.0,5.133112331229668
0.12,0.1,0.001,1e-05,0.2,100.0,1000,0,0.0,0.10494699573957032,0.0,0.012620775673960733
0.12,0.1,0.001,1e-05,0.2,1000.0,1000,0,0.0,0.01048416023480305,0.0,0.00012225113823983002
0.12,0.1,0.001,1e-05,0.5,10.0,1000,0,0.0,1.539015135052463,0.0,6.605622114931369
0.12,0.1,0.001,1e-05,0.5,100.0,1000,0,0.0,0.10984380273430308,0.0,0.012515947889684293
0.12,0.1,0.001,1e-05,0.5,1000.0,1000,0,0.0,0.01032819845582021,0.0,0.00010840244175997674
0.12,0.1,0.001,1e-05,1.0,10.0,1000,0,0.0,1.5895968420435942,0.0,5.642153922964096
0.12,0.1,0.001,1e-05,1.0,100.0,1000,0,0.0,0.1046482222365818,0.0,0.011336747716531429
0.12,0.1,0.001,1e-05,1.0,1000.0,1000,0,0.0,0.010120780538887906,0.0,0.00010380472607935393
0.12,0.1,0.001,0.001,-0.5,10.0,1000,0,0.0,1.4847627852672678,0.0,3.7869223181400327
0.12,0.1,0.001,0.001,-0.5,100.0,1000,0,0.0,0.10161923218812682,0.0,0.011281543783353389
0.12,0.1,0.001,0.001,-0.5,1000.0,1000,0,0.0,0.010590689491896975,0.0,0.00011333506235822432
0.12,0.1,0.001,0.001,-0.2,10.0,1000,0,0.0,1.6076440048640883,0.0,4.642782244109295
0.12,0.1,0.001,0.001,-0.2,100.0,1000,0,0.0,0.1029367915365796,0.0,0.010221703191686022
0.12,0.1,0.001,0.001,-0.2,1000.0,1000,0,0.0,0.009903686816159914,0.0,8.86619878764498e-05
0.12,0.1,0.001,0.001,-0.1,10.0,1000,0,0.0,1.529728566980219,0.0,5.078156809561677
0.12,0.1,0.001,0.001,-0.1,100.0,1000,0,0.0,0.10647188370473747,0.0,0.012662256240185433
0.12,0.1,0.001,0.001,-0.1,1000.0,1000,0,0.0,0.01021160775711102,0.0,0.00010726262807467066
0.12,0.1,0.001,0.001,0.0,10.0,1000,0,0.0,1.4860406873573768,0.0,4.146892823454378
0.12,0.1,0.001,0.001,0.0,100.0,1000,0,0.0,0.10722722671466428,0.0,0.011596601930596777
0.12,0.1,0.001,0.001,0.0,1000.0,1000,0,0.0,0.010687348707453076,0.0,0.00012975499994987395
0.12,0.1,0.001,0.001,0.1,10.0,1000,0,0.0,1.5429512347593912,0.0,5.620950374655923
0.12,0.1,0.001,0.001,0.1,100.0,1000,0,0.0,0.10986704297163796,0.0,0.012128957152180238
0.12,0.1,0.001,0.001,0.1,1000.0,1000,0,0.0,0.009999449643001293,0.0,0.00010183458321121844
0.12,0.1,0.001,0.001,0.2,10.0,1000,0,0.0,1.5302872071064082,0.0,8.917147661980566
0.12,0.1,0.001,0.001,0.2,100.0,1000,0,0.0,0.10518880848718129,0.0,0.01122648597727634
0.12,0.1,0.001,0.001,0.2,1000.0,1000,0,0.0,0.00997109235942275,0.0,0.00010771259551643586
0.12,0.1,0.001,0.001,0.5,10.0,1000,0,0.0,1.6557999805976866,0.0,10.91300798967105
0.12,0.1,0.001,0.001,0.5,100.0,1000,0,0.0,0.10569512176254957,0.0,0.01250788321183043
0.12,0.1,0.001,0.001,0.5,1000.0,1000,0,0.0,0.009605572990383688,0.0,8.4962235687645e-05
0.12,0.1,0.001,0.001,1.0,10.0,1000,0,0.0,1.4233010866350184,0.0,3.621066788132358
0.12,0.1,0.001,0.001,1.0,100.0,1000,0,0.0,0.10604273024915348,0.0,0.011669545627593467
0.12,0.1,0.001,0.001,1.0,1000.0,1000,0,0.0,0.010939376332751256,0.0,0.00012843864913449567
0.12,0.1,0.001,0.1,-0.5,10.0,1000,0,0.0,1.536903007669447,0.0,4.1203882014830535
0.12,0.1,0.001,0.1,-0.5,100.0,1000,0,0.0,0.10439747238648002,0.0,0.01108327422993252
0.12,0.1,0.001,0.1,-0.5,1000.0,1000,0,0.0,0.010872849268331933,0.0,0.00012306476209500287
0.12,0.1,0.001,0.1,-0.2,10.0,1000,0,0.0,1.5190786975674728,0.0,3.7429704391988214
0.12,0.1,0.001,0.1,-0.2,100.0,1000,0,0.0,0.1067840411141365,0.0,0.012862081622357881
0.12,0.1,0.001,0.1,-0.2,1000.0,1000,0,0.0,0.010536482589606235,0.0,0.00010397250945789037
0.12,0.1,0.001,0.1,-0.1,10.0,1000,0,0.0,1.5197147679100718,0.0,4.1364675209403075
0.12,0.1,0.001,0.1,-0.1,100.0,1000,0,0.0,0.10168846684606953,0.0,0.011269746972472315
0.12,0.1,0.001,0.1,-0.1,1000.0,1000,0,0.0,0.010030551710320953,0.0,0.00010592995873465308
0.12,0.1,0.001,0.1,0.0,10.0,1000,0,0.0,1.5089111371810882,0.0,5.655198098688328
0.12,0.1,0.001,0.1,0.0,100.0,1000,0,0.0,0.10335283237188012,0.0,0.012190065986033912
0.12,0.1,0.001,0.1,0.0,1000.0,1000,0,0.0,0.010319363697482218,0.0,0.00012593760663903264
0.12,0.1,0.001,0.1,0.1,10.0,1000,0,0.0,1.5066092593984348,0.0,4.106010840483441
0.12,0.1,0.001,0.1,0.1,100.0,1000,0,0.0,0.10061548306444945,0.0,0.010985131738821036
0.12,0.1,0.001,0.1,0.1,1000.0,1000,0,0.0,0.009936631654951863,0.0,9.782061765559341e-05
0.12,0.1,0.001,0.1,0.2,10.0,1000,0,0.0,1.3169969626700246,0.0,4.14384773607834
0.12,0.1,0.001,0.1,0.2,100.0,1000,0,0.0,0.10774742888108656,0.0,0.012919011668121158
0.12,0.1,0.001,0.1,0.2,1000.0,1000,0,0.0,0.010807065461109404,0.0,0.00012643510733496822
0.12,0.1,0.001,0.1,0.5,10.0,1000,0,0.0,1.5029102017512315,0.0,5.39206956863832
0.12,0.1,0.001,0.1,0.5,100.0,1000,0,0.0,0.1028716992239083,0.0,0.011932177664143253
0.12,0.1,0.001,0.1,0.5,1000.0,1000,0,0.0,0.010329855325663875,0.0,0.00011406535175674581
0.12,0.1,0.001,0.1,1.0,10.0,1000,0,0.0,1.2940274969226877,0.0,2.8610042281211143
0.12,0.1,0.001,0.1,1.0,100.0,1000,0,0.0,0.10216827007858573,0.0,0.011126037157361117
0.12,0.1,0.001,0.1,1.0,1000.0,1000,0,0.0,0.00997648106993332,0.0,0.00011023460413949656
0.12,0.1,0.001,1.0,-0.5,10.0,1000,0,0.0,1.7857801103968707,0.0,7.367168100748997
0.12,0.1,0.001,1.0,-0.5,100.0,1000,0,0.0,0.11002589170475104,0.0,0.013926940609038383
0.12,0.1,0.001,1.0,-0.5,1000.0,1000,0,0.0,0.010857747370016258,0.0,0.00010922344877738977
0.12,0.1,0.001,1.0,-0.2,10.0,1000,0,0.0,1.3848920493732766,0.0,4.074221181160425
0.12,0.1,0.001,1.0,-0.2,100.0,1000,0,0.0,0.10990986428535848,0.0,0.015054911966113972
0.12,0.1,0.001,1.0,-0.2,1000.0,1000,0,0.0,0.01027822985543252,0.0,0.00011517930405092775
0.12,0.1,0.001,1.0,-0.1,10.0,1000,0,0.0,1.4044923878641042,0.0,4.76676413628195
0.12,0.1,0.001,1.0,-0.1,100.0,1000,0,0.0,0.10751696301185294,0.0,0.014592831689859746
0.12,0.1,0.001,1.0,-0.1,1000.0,1000,0,0.0,0.009628884751533388,0.0,0.00010952805547653196
0.12,0.1,0.001,1.0,0.0,10.0,1000,0,0.0,1.2132808052580926,0.0,4.287099812194872
0.12,0.1,0.001,1.0,0.0,100.0,1000,0,0.0,0.11294848997165391,0.0,0.015979785948900975
0.12,0.1,0.001,1.0,0.0,1000.0,1000,0,0.0,0.010181600199333844,0.0,0.00010888406936450352
0.12,0.1,0.001,1.0,0.1,10.0,1000,0,0.0,1.259085282747872,0.0,3.955811094116336
0.12,0.1,0.001,1.0,0.1,100.0,1000,0,0.0,0.10257835005932293,0.0,0.014276827572688316
0.12,0.1,0.001,1.0,0.1,1000.0,1000,0,0.0,0.0101825444379242,0.0,0.00010442478123817528
0.12,0.1,0.001,1.0,0.2,10.0,1000,0,0.0,1.2872242802748852,0.0,4.947613596646841
0.12,0.1,0.001,1.0,0.2,100.0,1000,0,0.0,0.099340395728742,0.0,0.013037425995465568
0.12,0.1,0.001,1.0,0.2,1000.0,1000,0,0.0,0.010424430611269377,0.0,0.00011337936438954421
0.12,0.1,0.001,1.0,0.5,10.0,1000,0,0.0,1.0843212285153592,0.0,3.331981150232367
0.12,0.1,0.001,1.0,0.5,100.0,1000,0,0.0,0.10702605612691646,0.0,0.016182038171292067
0.12,0.1,0.001,1.0,0.5,1000.0,1000,0,0.0,0.01072465383155798,0.0,0.00012094753856484994
0.12,0.1,0.001,1.0,1.0,10.0,1000,0,0.0,0.8684495839082258,0.0,2.1943709974111156
0.12,0.1,0.001,1.0,1.0,100.0,1000,0,0.0,0.09675261223823899,0.0,0.013092553370165717
0.12,0.1,0.001,1.0,1.0,1000.0,1000,0,0.0,0.010503645121332755,0.0,0.00011543837353697484
0.15,0.0,0.0003,1e-05,-0.5,10.0,1000,0,0.0,0.0,0.0,0.0
0.15,0.0,0.0003,1e-05,-0.5,100.0,1000,0,0.0,0.0,0.0,0.0
0.15,0.0,0.0003,1e-05,-0.5,1000.0,1000,0,0.0,0.0,0.0,0.0
0.15,0.0,0.0003,1e-05,-0.2,10.0,1000,0,0.0,0.0,0.0,0.0
0.15,0.0,0.0003,1e-05,-0.2,100.0,1000,0,0.0,0.0,0.0,0.0
0.15,0.0,0.0003,1e-05,-0.2,1000.0,1000,0,0.0,0.0,0.0,0.0
0.15,0.0,0.0003,1e-05,-0.1,10.0,1000,0,0.0,0.0,0.0,0.0
0.15,0.0,0.0003,1e-05,-0.1,100.0,1000,0,0.0,0.0,0.0,0.0
0.15,0.0,0.0003,1e-05,-0.1,1000.0,1000,0,0.0,0.0,0.0,0.0
0.15,0.0,0.0003,1e-05,0.0,10.0,1000,0,0.0,0.0,0.0,0.0
0.15,0.0,0.0003,1e-05,0.0,100.0,1000,0,0.0,0.0,0.0,0.0
0.15,0.0,0.0003,1e-05,0.0,1000.0,1000,0,0.0,0.0,0.0,0.0
0.15,0.0,0.0003,1e-05,0.1,10.0,1000,0,0.0,0.0,0.0,0.0
0.15,0.0,0.0003,1e-05,0.1,100.0,1000,0,0.0,0.0,0.0,0.0
0.15,0.0,0.0003,1e-05,0.1,1000.0,1000,0,0.0,0.0,0.0,0.0
0.15,0.0,0.0003,1e-05,0.2,10.0,1000,0,0.0,0.0,0.0,0.0
0.15,0.0,0.0003,1e-05,0.2,100.0,1000,0,0.0,0.0,0.0,0.0
0.15,0.0,0.0003,1e-05,0.2,1000.0,1000,0,0.0,0.0,0.0,0.0
0.15,0.0,0.0003,1e-05,0.5,10.0,1000,0,0.0,0.0,0.0,0.0
0.15,0.0,0.0003,1e-05,0.5,100.0,1000,0,0.0,0.0,0.0,0.0
0.15,0.0,0.0003,1e-05,0.5,1000.0,1000,0,0.0,0.0,0.0,0.0
0.15,0.0,0.0003,1e-05,1.0,10.0,1000,0,0.0,0.0,0.0,0.0
0.15,0.0,0.0003,1e-05,1.0,100.0,1000,0,0.0,0.0,0.0,0.0
0.15,0.0,0.0003,1e-05,1.0,1000.0,1000,0,0.0,0.0,0.0,0.0
0.15,0.0,0.0003,0.001,-0.5,10.0,1000,0,0.0,0.0,0.0,0.0
0.15,0.0,0.0003,0.001,-0.5,100.0,1000,0,0.0,0.0,0.0,0.0
0.15,0.0,0.0003,0.001,-0.5,1000.0,1000,0,0.0,0.0,0.0,0.0
0.15,0.0,0.0003,0.001,-0.2,10.0,1000,0,0.0,0.0,0.0,0.0
0.15,0.0,0.0003,0.001,-0.2,100.0,1000,0,0.0,0.0,0.0,0.0
0.15,0.0,0.0003,0.001,-0.2,1000.0,1000,0,0.0,0.0,0.0,0.0
0.15,0.0,0.0003,0.001,-0.1,10.0,1000,0,0.0,0.0,0.0,0.0
0.15,0.0,0.0003,0.001,-0.1,100.0,1000,0,0.0,0.0,0.0,0.0
0.15,0.0,0.0003,0.001,-0.1,1000.0,1000,0,0.0,0.0,0.0,0.0
0.15,0.0,0.0003,0.001,0.0,10.0,1000,0,0.0,0.0,0.0,0.0
0.15,0.0,0.0003,0.001,0.0,100.0,1000,0,0.0,0.0,0.0,0.0
0.15,0.0,0.0003,0.001,0.0,1000.0,1000,0,0.0,0.0,0.0,0.0
0.15,0.0,0.0003,0.001,0.1,10.0,1000,0,0.0,0.0,0.0,0.0
0.15,0.0,0.0003,0.001,0.1,100.0,1000,0,0.0,0.0,0.0,0.0
0.15,0.0,0.0003,0.001,0.1,1000.0,1000,0,0.0,0.0,0.0,0.0
0.15,0.0,0.0003,0.001,0.2,10.0,1000,0,0.0,0.0,0.0,0.0
0.15,0.0,0.0003,0.001,0.2,100.0,1000,0,0.0,0.0,0.0,0.0
0.15,0.0,0.0003,0.001,0.2,1000.0,1000,0,0.0,0.0,0.0,0.0
0.15,0.0,0.0003,0.001,0.5,10.0,1000,0,0.0,0.0,0.0,0.0
0.15,0.0,0.0003,0.001,0.5,100.0,1000,0,0.0,0.0,0.0,0.0
0.15,0.0,0.0003,0.001,0.5,1000.0,1000,0,0.0,0.0,0.0,0.0
0.15,0.0,0.0003,0.001,1.0,10.0,1000,0,0.0,0.0,0.0,0.0
0.15,0.0,0.0003,0.001,1.0,100.0,1000,0,0.0,0.0,0.0,0.0
0.15,0.0,0.0003,0.001,1.0,1000.0,1000,0,0.0,0.0,0.0,0.0
0.15,0.0,0.0003,0.1,-0.5,10.0,1000,0,0.0,0.0,0.0,0.0
0.15,0.0,0.0003,0.1,-0.5,100.0,1000,0,0.0,0.0,0.0,0.0
0.15,0.0,0.0003,0.1,-0.5,1000.0,1000,0,0.0,0.0,0.0,0.0
0.15,0.0,0.0003,0.1,-0.2,10.0,1000,0,0.0,0.0,0.0,0.0
0.15,0.0,0.0003,0.1,-0.2,100.0,1000,0,0.0,0.0,0.0,0.0
0.15,0.0,0.0003,0.1,-0.2,1000.0,1000,0,0.0,0.0,0.0,0.0
0.15,0.0,0.0003,0.1,-0.1,10.0,1000,0,0.0,0.0,0.0,0.0
0.15,0.0,0.0003,0.1,-0.1,100.0,1000,0,0.0,0.0,0.0,0.0
0.15,0.0,0.0003,0.1,-0.1,1000.0,1000,0,0.0,0.0,0.0,0.0
0.15,0.0,0.0003,0.1,0.0,10.0,1000,0,0.0,0.0,0.0,0.0
0.15,0.0,0.0003,0.1,0.0,100.0,1000,0,0.0,0.0,0.0,0.0
0.15,0.0,0.0003,0.1,0.0,1000.0,1000,0,0.0,0.0,0.0,0.0
0.15,0.0,0.0003,0.1,0.1,10.0,1000,0,0.0,0.0,0.0,0.0
0.15,0.0,0.0003,0.1,0.1,100.0,1000,0,0.0,0.0,0.0,0.0
0.15,0.0,0.0003,0.1,0.1,1000.0,1000,0,0.0,0.0,0.0,0.0
0.15,0.0,0.0003,0.1,0.2,10.0,1000,0,0.0,0.0,0.0,0.0
0.15,0.0,0.0003,0.1,0.2,100.0,1000,0,0.0,0.0,0.0,0.0
0.15,0.0,0.0003,0.1,0.2,1000.0,1000,0,0.0,0.0,0.0,0.0
0.15,0.0,0.0003,0.1,0.5,10.0,1000,0,0.0,0.0,0.0,0.0
0.15,0.0,0.0003,0.1,0.5,100.0,1000,0,0.0,0.0,0.0,0.0
0.15,0.0,0.0003,0.1,0.5,1000.0,1000,0,0.0,0.0,0.0,0.0
0.15,0.0,0.0003,0.1,1.0,10.0,1000,0,0.0,0.0,0.0,0.0
0.15,0.0,0.0003,0.1,1.0,100.0,1000,0,0.0,36.18963218364313,0.0,117.425538528667
0.15,0.0,0.0003,0.1,1.0,1000.0,1000,0,0.0,0.0,0.0,0.0
0.15,0.0,0.0003,1.0,-0.5,10.0,1000,0,0.0,0.0,0.0,0.0
0.15,0.0,0.0003,1.0,-0.5,100.0,1000,0,0.0,0.0,0.0,0.0
0.15,0.0,0.0003,1.0,-0.5,1000.0,1000,0,0.0,0.0,0.0,0.0
0.15,0.0,0.0003,1.0,-0.2,10.0,1000,0,0.0,0.0,0.0,0.0
0.15,0.0,0.0003,1.0,-0.2,100.0,1000,0,0.0,5.818696959375894,0.0,1.7353514994477017
0.15,0.0,0.0003,1.0,-0.2,1000.0,1000,0,0.0,10.896523173442269,0.0,0.0
0.15,0.0,0.0003,1.0,-0.1,10.0,1000,0,0.0,0.0,0.0,0.0
0.15,0.0,0.0003,1.0,-0.1,100.0,1000,0,0.0,5.387842463223955,0.0,2.421922495192135
0.15,0.0,0.0003,1.0,-0.1,1000.0,1000,0,0.0,4.435013961767714,0.0,0.7366195108090063
0.15,0.0,0.0003,1.0,0.0,10.0,1000,0,0.0,20.731749018704416,0.0,35.708441342219466
0.15,0.0,0.0003,1.0,0.0,100.0,1000,0,0.0,8.370806206851947,0.0,35.433331765128365
0.15,0.0,0.0003,1.0,0.0,1000.0,1000,0,0.0,8.118761400289353,0.0,28.906147155309704
0.15,0.0,0.0003,1.0,0.1,10.0,1000,0,0.0,22.078876181536785,0.0,97.67638062699253
0.15,0.0,0.0003,1.0,0.1,100.0,1000,0,0.0,9.40846540882571,0.0,23.697753922546962
0.15,0.0,0.0003,1.0,0.1,1000.0,1000,0,0.0,8.680754002590714,0.0,17.446395066430828
0.15,0.0,0.0003,1.0,0.2,10.0,1000,0,0.0,22.516285868816055,0.0,163.967005024158
0.15,0.0,0.0003,1.0,0.2,100.0,1000,0,0.0,7.585086784912647,0.0,17.770431005985103
0.15,0.0,0.0003,1.0,0.2,1000.0,1000,0,0.0,7.65725147415529,0.0,21.28084292218911
0.15,0.0,0.0003,1.0,0.5,10.0,908,92,0.6379348718956026,28.365883563801873,0.025446558882277343,361.36015984247945
0.15,0.0,0.0003,1.0,0.5,100.0,773,227,0.6370311885989387,5.379574623712476,0.02159105478339579,8.439319511083799
0.15,0.0,0.0003,1.0,0.5,1000.0,860,140,0.62820065486141,5.615770937643645,0.024899040230743172,9.011542080151486
0.15,0.0,0.0003,1.0,1.0,10.0,676,324,0.7627554484962542,26.31281734562521,0.003967628721028895,307.98597565791897
0.15,0.0,0.0003,1.0,1.0,100.0,586,414,0.7605681436760442,3.275976468540481,0.003664245629588022,2.6949381184729377
0.15,0.0,0.0003,1.0,1.0,1000.0,690,310,0.7614151016069799,3.212030796202292,0.0038964278776832985,2.443927814273585
0.15,0.0,0.0001,1e-05,-0.5,10.0,1000,0,0.0,0.0,0.0,0.0
0.15,0.0,0.0001,1e-05,-0.5,100.0,1000,0,0.0,0.0,0.0,0.0
0.15,0.0,0.0001,1e-05,-0.5,1000.0,1000,0,0.0,0.0,0.0,0.0
0.15,0.0,0.0001,1e-05,-0.2,10.0,1000,0,0.0,0.0,0.0,0.0
0.15,0.0,0.0001,1e-05,-0.2,100.0,1000,0,0.0,0.0,0.0,0.0
0.15,0.0,0.0001,1e-05,-0.2,1000.0,1000,0,0.0,0.0,0.0,0.0
0.15,0.0,0.0001,1e-05,-0.1,10.0,1000,0,0.0,0.0,0.0,0.0
0.15,0.0,0.0001,1e-05,-0.1,100.0,1000,0,0.0,0.0,0.0,0.0
0.15,0.0,0.0001,1e-05,-0.1,1000.0,1000,0,0.0,0.0,0.0,0.0
0.15,0.0,0.0001,1e-05,0.0,10.0,1000,0,0.0,0.0,0.0,0.0
0.15,0.0,0.0001,1e-05,0.0,100.0,1000,0,0.0,0.0,0.0,0.0
0.15,0.0,0.0001,1e-05,0.0,1000.0,1000,0,0.0,0.0,0.0,0.0
0.15,0.0,0.0001,1e-05,0.1,10.0,1000,0,0.0,0.0,0.0,0.0
0.15,0.0,0.0001,1e-05,0.1,100.0,1000,0,0.0,0.0,0.0,0.0
0.15,0.0,0.0001,1e-05,0.1,1000.0,1000,0,0.0,0.0,0.0,0.0
0.15,0.0,0.0001,1e-05,0.2,10.0,1000,0,0.0,0.0,0.0,0.0
0.15,0.0,0.0001,1e-05,0.2,100.0,1000,0,0.0,0.0,0.0,0.0
0.15,0.0,0.0001,1e-05,0.2,1000.0,1000,0,0.0,0.0,0.0,0.0
0.15,0.0,0.0001,1e-05,0.5,10.0,1000,0,0.0,0.0,0.0,0.0
0.15,0.0,0.0001,1e-05,0.5,100.0,1000,0,0.0,0.0,0.0,0.0
0.15,0.0,0.0001,1e-05,0.5,1000.0,1000,0,0.0,0.0,0.0,0.0
0.15,0.0,0.0001,1e-05,1.0,10.0,1000,0,0.0,0.0,0.0,0.0
0.15,0.0,0.0001,1e-05,1.0,100.0,1000,0,0.0,0.0,0.0,0.0
0.15,0.0,0.0001,1e-05,1.0,1000.0,1000,0,0.0,0.0,0.0,0.0
0.15,0.0,0.0001,0.001,-0.5,10.0,1000,0,0.0,0.0,0.0,0.0
0.15,0.0,0.0001,0.001,-0.5,100.0,1000,0,0.0,0.0,0.0,0.0
0.15,0.0,0.0001,0.001,-0.5,1000.0,1000,0,0.0,0.0,0.0,0.0
0.15,0.0,0.0001,0.001,-0.2,10.0,1000,0,0.0,0.0,0.0,0.0
0.15,0.0,0.0001,0.001,-0.2,100.0,1000,0,0.0,0.0,0.0,0.0
0.15,0.0,0.0001,0.001,-0.2,1000.0,1000,0,0.0,0.0,0.0,0.0
0.15,0.0,0.0001,0.001,-0.1,10.0,1000,0,0.0,0.0,0.0,0.0
0.15,0.0,0.0001,0.001,-0.1,100.0,1000,0,0.0,0.0,0.0,0.0
0.15,0.0,0.0001,0.001,-0.1,1000.0,1000,0,0.0,0.0,0.0,0.0
0.15,0.0,0.0001,0.001,0.0,10.0,1000,0,0.0,0.0,0.0,0.0
0.15,0.0,0.0001,0.001,0.0,100.0,1000,0,0.0,0.0,0.0,0.0
0.15,0.0,0.0001,0.001,0.0,1000.0,1000,0,0.0,0.0,0.0,0.0
0.15,0.0,0.0001,0.001,0.1,10.0,1000,0,0.0,0.0,0.0,0.0
0.15,0.0,0.0001,0.001,0.1,100.0,1000,0,0.0,0.0,0.0,0.0
0.15,0.0,0.0001,0.001,0.1,1000.0,1000,0,0.0,0.0,0.0,0.0
0.15,0.0,0.0001,0.001,0.2,10.0,1000,0,0.0,0.0,0.0,0.0
0.15,0.0,0.0001,0.001,0.2,100.0,1000,0,0.0,0.0,0.0,0.0
0.15,0.0,0.0001,0.001,0.2,1000.0,1000,0,0.0,0.0,0.0,0.0
0.15,0.0,0.0001,0.001,0.5,10.0,1000,0,0.0,0.0,0.0,0.0
0.15,0.0,0.0001,0.001,0.5,100.0,1000,0,0.0,0.0,0.0,0.0
0.15,0.0,0.0001,0.001,0.5,1000.0,1000,0,0.0,0.0,0.0,0.0
0.15,0.0,0.0001,0.001,1.0,10.0,1000,0,0.0,0.0,0.0,0.0
0.15,0.0,0.0001,0.001,1.0,100.0,1000,0,0.0,0.0,0.0,0.0
0.15,0.0,0.0001,0.001,1.0,1000.0,1000,0,0.0,0.0,0.0,0.0
0.15,0.0,0.0001,0.1,-0.5,10.0,1000,0,0.0,0.0,0.0,0.0
0.15,0.0,0.0001,0.1,-0.5,100.0,1000,0,0.0,0.0,0.0,0.0
0.15,0.0,0.0001,0.1,-0.5,1000.0,1000,0,0.0,0.0,0.0,0.0
0.15,0.0,0.0001,0.1,-0.2,10.0,1000,0,0.0,0.0,0.0,0.0
0.15,0.0,0.0001,0.1,-0.2,100.0,1000,0,0.0,0.0,0.0,0.0
0.15,0.0,0.0001,0.1,-0.2,1000.0,1000,0,0.0,0.0,0.0,0.0
0.15,0.0,0.0001,0.1,-0.1,10.0,1000,0,0.0,0.0,0.0,0.0
0.15,0.0,0.0001,0.1,-0.1,100.0,1000,0,0.0,0.0,0.0,0.0
0.15,0.0,0.0001,0.1,-0.1,1000.0,1000,0,0.0,0.0,0.0,0.0
0.15,0.0,0.0001,0.1,0.0,10.0,1000,0,0.0,0.0,0.0,0.0
0.15,0.0,0.0001,0.1,0.0,100.0,1000,0,0.0,0.0,0.0,0.0
0.15,0.0,0.0001,0.1,0.0,1000.0,1000,0,0.0,0.0,0.0,0.0
0.15,0.0,0.0001,0.1,0.1,10.0,1000,0,0.0,0.0,0.0,0.0
0.15,0.0,0.0001,0.1,0.1,100.0,1000,0,0.0,0.0,0.0,0.0
0.15,0.0,0.0001,0.1,0.1,1000.0,1000,0,0.0,0.0,0.0,0.0
0.15,0.0,0.0001,0.1,0.2,10.0,1000,0,0.0,0.0,0.0,0.0
0.15,0.0,0.0001,0.1,0.2,100.0,1000,0,0.0,0.0,0.0,0.0
0.15,0.0,0.0001,0.1,0.2,1000.0,1000,0,0.0,0.0,0.0,0.0
0.15,0.0,0.0001,0.1,0.5,10.0,1000,0,0.0,0.0,0.0,0.0
0.15,0.0,0.0001,0.1,0.5,100.0,1000,0,0.0,0.0,0.0,0.0
0.15,0.0,0.0001,0.1,0.5,1000.0,1000,0,0.0,0.0,0.0,0.0
0.15,0.0,0.0001,0.1,1.0,10.0,1000,0,0.0,0.0,0.0,0.0
0.15,0.0,0.0001,0.1,1.0,100.0,1000,0,0.0,0.0,0.0,0.0
0.15,0.0,0.0001,0.1,1.0,1000.0,1000,0,0.0,0.0,0.0,0.0
0.15,0.0,0.0001,1.0,-0.5,10.0,1000,0,0.0,0.0,0.0,0.0
0.15,0.0,0.0001,1.0,-0.5,100.0,1000,0,0.0,0.0,0.0,0.0
0.15,0.0,0.0001,1.0,-0.5,1000.0,1000,0,0.0,0.0,0.0,0.0
0.15,0.0,0.0001,1.0,-0.2,10.0,1000,0,0.0,0.0,0.0,0.0
0.15,0.0,0.0001,1.0,-0.2,100.0,1000,0,0.0,0.0,0.0,0.0
0.15,0.0,0.0001,1.0,-0.2,1000.0,1000,0,0.0,0.0,0.0,0.0
0.15,0.0,0.0001,1.0,-0.1,10.0,1000,0,0.0,0.0,0.0,0.0
0.15,0.0,0.0001,1.0,-0.1,100.0,1000,0,0.0,0.0,0.0,0.0
0.15,0.0,0.0001,1.0,-0.1,1000.0,1000,0,0.0,0.0,0.0,0.0
0.15,0.0,0.0001,1.0,0.0,10.0,1000,0,0.0,0.0,0.0,0.0
0.15,0.0,0.0001,1.0,0.0,100.0,1000,0,0.0,0.0,0.0,0.0
0.15,0.0,0.0001,1.0,0.0,1000.0,1000,0,0.0,0.0,0.0,0.0
0.15,0.0,0.0001,1.0,0.1,10.0,1000,0,0.0,0.0,0.0,0.0
0.15,0.0,0.0001,1.0,0.1,100.0,1000,0,0.0,22.726405051965525,0.0,137.93210820892867
0.15,0.0,0.0001,1.0,0.1,1000.0,1000,0,0.0,18.055090658092023,0.0,22.100464113665954
0.15,0.0,0.0001,1.0,0.2,10.0,1000,0,0.0,76.41697053435938,0.0,0.0
0.15,0.0,0.0001,1.0,0.2,100.0,1000,0,0.0,30.407223493312365,0.0,341.9044333290837
0.15,0.0,0.0001,1.0,0.2,1000.0,1000,0,0.0,27.4503457930436,0.0,504.80969864195816
0.15,0.0,0.0001,1.0,0.5,10.0,884,116,0.6612906482861076,90.1529994243188,0.003279698683721294,1402.141579107472
0.15,0.0,0.0001,1.0,0.5,100.0,761,239,0.6627042444018244,14.368538258097603,0.0036606261992650014,70.54376930219905
0.15,0.0,0.0001,1.0,0.5,1000.0,790,210,0.6625186185607725,9.384164744710333,0.003030038198577287,17.0348889024479
0.15,0.0,0.0001,1.0,1.0,10.0,673,327,0.7674350068216316,68.20609090933789,0.0012489267874454552,763.8402825210038
0.15,0.0,0.0001,1.0,1.0,100.0,549,451,0.7631872564765897,6.635617602215817,0.0012402029562212412,7.442040433353772
0.15,0.0,0.0001,1.0,1.0,1000.0,601,399,0.7656059584261785,4.462299616861572,0.0011346964889472895,2.3433225451175397
0.15,0.0,0.003,1e-05,-0.5,10.0,1000,0,0.0,0.0,0.0,0.0
0.15,0.0,0.003,1e-05,-0.5,100.0,1000,0,0.0,0.0,0.0,0.0
0.15,0.0,0.003,1e-05,-0.5,1000.0,1000,0,0.0,0.0,0.0,0.0
0.15,0.0,0.003,1e-05,-0.2,10.0,1000,0,0.0,0.0,0.0,0.0
0.15,0.0,0.003,1e-05,-0.2,100.0,1000,0,0.0,0.0,0.0,0.0
0.15,0.0,0.003,1e-05,-0.2,1000.0,1000,0,0.0,0.0,0.0,0.0
0.15,0.0,0.003,1e-05,-0.1,10.0,1000,0,0.0,0.0,0.0,0.0
0.15,0.0,0.003,1e-05,-0.1,100.0,1000,0,0.0,0.0,0.0,0.0
0.15,0.0,0.003,1e-05,-0.1,1000.0,1000,0,0.0,0.0,0.0,0.0
0.15,0.0,0.003,1e-05,0.0,10.0,1000,0,0.0,0.0,0.0,0.0
0.15,0.0,0.003,1e-05,0.0,100.0,1000,0,0.0,0.0,0.0,0.0
0.15,0.0,0.003,1e-05,0.0,1000.0,1000,0,0.0,0.0,0.0,0.0
0.15,0.0,0.003,1e-05,0.1,10.0,1000,0,0.0,0.0,0.0,0.0
0.15,0.0,0.003,1e-05,0.1,100.0,1000,0,0.0,0.0,0.0,0.0
0.15,0.0,0.003,1e-05,0.1,1000.0,1000,0,0.0,0.0,0.0,0.0
0.15,0.0,0.003,1e-05,0.2,10.0,1000,0,0.0,0.0,0.0,0.0
0.15,0.0,0.003,1e-05,0.2,100.0,1000,0,0.0,0.0,0.0,0.0
0.15,0.0,0.003,1e-05,0.2,1000.0,1000,0,0.0,0.0,0.0,0.0
0.15,0.0,0.003,1e-05,0.5,10.0,1000,0,0.0,0.0,0.0,0.0
0.15,0.0,0.003,1e-05,0.5,100.0,1000,0,0.0,0.0,0.0,0.0
0.15,0.0,0.003,1e-05,0.5,1000.0,1000,0,0.0,0.0,0.0,0.0
0.15,0.0,0.003,1e-05,1.0,10.0,1000,0,0.0,28.469852503240286,0.0,0.0
0.15,0.0,0.003,1e-05,1.0,100.0,1000,0,0.0,0.0,0.0,0.0
0.15,0.0,0.003,1e-05,1.0,1000.0,1000,0,0.0,0.0,0.0,0.0
0.15,0.0,0.003,0.001,-0.5,10.0,1000,0,0.0,3.3400229106356236,0.0,5.85238402110762
0.15,0.0,0.003,0.001,-0.5,100.0,1000,0,0.0,3.5574573847723983,0.0,4.691193477069118
0.15,0.0,0.003,0.001,-0.5,1000.0,1000,0,0.0,6.57263395832738,0.0,0.0
0.15,0.0,0.003,0.001,-0.2,10.0,1000,0,0.0,11.97167647106846,0.0,99.64071627006692
0.15,0.0,0.003,0.001,-0.2,100.0,1000,0,0.0,3.856222295720721,0.0,11.679312057191376
0.15,0.0,0.003,0.001,-0.2,1000.0,1000,0,0.0,0.0,0.0,0.0
0.15,0.0,0.003,0.001,-0.1,10.0,1000,0,0.0,11.801674966460583,0.0,97.82884316278933
0.15,0.0,0.003,0.001,-0.1,100.0,1000,0,0.0,2.558691675766052,0.0,1.4834191907545302
0.15,0.0,0.003,0.001,-0.1,1000.0,1000,0,0.0,2.914428383934893,0.0,0.0
0.15,0.0,0.003,0.001,0.0,10.0,1000,0,0.0,9.03153085245307,0.0,119.66307468486572
0.15,0.0,0.003,0.001,0.0,100.0,1000,0,0.0,4.663812919187019,0.0,26.37912526113158
0.15,0.0,0.003,0.001,0.0,1000.0,1000,0,0.0,0.0,0.0,0.0
0.15,0.0,0.003,0.001,0.1,10.0,1000,0,0.0,10.132918786711002,0.0,24.381885030761783
0.15,0.0,0.003,0.001,0.1,100.0,1000,0,0.0,14.57808737983552,0.0,112.60383768404233
0.15,0.0,0.003,0.001,0.1,1000.0,1000,0,0.0,4.488797897195906,0.0,3.5576308220897133
0.15,0.0,0.003,0.001,0.2,10.0,1000,0,0.0,4.689211836330034,0.0,32.62323796650203
0.15,0.0,0.003,0.001,0.2,100.0,1000,0,0.0,7.568442868266874,0.0,78.04536654588418
0.15,0.0,0.003,0.001,0.2,1000.0,1000,0,0.0,0.5119524585316952,0.0,0.07646222116893571
0.15,0.0,0.003,0.001,0.5,10.0,1000,0,0.0,8.096140494126606,0.0,25.514943522220044
0.15,0.0,0.003,0.001,0.5,100.0,1000,0,0.0,7.68703152993356,0.0,11.291906369679543
0.15,0.0,0.003,0.001,0.5,1000.0,1000,0,0.0,1.5229937578558757,0.0,1.2369859713707432
0.15,0.0,0.003,0.001,1.0,10.0,1000,0,0.0,9.285962193025105,0.0,42.660162081602266
0.15,0.0,0.003,0.001,1.0,100.0,1000,0,0.0,2.568746109042137,0.0,11.057199836344006
0.15,0.0,0.003,0.001,1.0,1000.0,1000,0,0.0,0.42012327664862187,0.0,0.0
0.15,0.0,0.003,0.1,-0.5,10.0,1000,0,0.0,4.1380516083268635,0.0,20.988219544748418
0.15,0.0,0.003,0.1,-0.5,100.0,1000,0,0.0,3.190450294906015,0.0,11.352893162296388
0.15,0.0,0.003,0.1,-0.5,1000.0,1000,0,0.0,1.3449021017578935,0.0,2.6400137060969375
0.15,0.0,0.003,0.1,-0.2,10.0,1000,0,0.0,3.5731529678449077,0.0,14.230331338711874
0.15,0.0,0.003,0.1,-0.2,100.0,1000,0,0.0,2.3159379959992275,0.0,5.564624129498318
0.15,0.0,0.003,0.1,-0.2,1000.0,1000,0,0.0,1.6600225488255322,0.0,3.9473108781712885
0.15,0.0,0.003,0.1,-0.1,10.0,1000,0,0.0,3.3448966070874966,0.0,12.494682474032807
0.15,0.0,0.003,0.1,-0.1,100.0,1000,0,0.0,2.265652555902266,0.0,5.522100087698096
0.15,0.0,0.003,0.1,-0.1,1000.0,1000,0,0.0,1.4534396574332522,0.0,2.727218153936715
0.15,0.0,0.003,0.1,0.0,10.0,1000,0,0.0,3.4193924059039844,0.0,13.102322204000101
0.15,0.0,0.003,0.1,0.0,100.0,1000,0,0.0,2.2016098405603737,0.0,5.535630444351276
0.15,0.0,0.003,0.1,0.0,1000.0,1000,0,0.0,1.5334124171846781,0.0,4.5641498710708674
0.15,0.0,0.003,0.1,0.1,10.0,1000,0,0.0,3.1370398236058765,0.0,8.197743293784397
0.15,0.0,0.003,0.1,0.1,100.0,1000,0,0.0,2.038630079491437,0.0,5.09718856932271
0.15,0.0,0.003,0.1,0.1,1000.0,1000,0,0.0,0.9557303393115179,0.0,1.6944680899525755
0.15,0.0,0.003,0.1,0.2,10.0,1000,0,0.0,2.947281696913273,0.0,8.334298653412413
0.15,0.0,0.003,0.1,0.2,100.0,1000,0,0.0,2.4196752149052783,0.0,8.510077980796003
0.15,0.0,0.003,0.1,0.2,1000.0,1000,0,0.0,1.0841823912947768,0.0,1.8356984963562224
0.15,0.0,0.003,0.1,0.5,10.0,1000,0,0.0,2.9547954661831706,0.0,9.467466119539715
0.15,0.0,0.003,0.1,0.5,100.0,1000,0,0.0,2.210569406714149,0.0,5.208019399729103
0.15,0.0,0.003,0.1,0.5,1000.0,1000,0,0.0,1.1877041379328421,0.0,2.4395384325569838
0.15,0.0,0.003,0.1,1.0,10.0,1000,0,0.0,2.801996292813113,0.0,9.884623200627455
0.15,0.0,0.003,0.1,1.0,100.0,1000,0,0.0,1.7917652979202965,0.0,3.844349687962426
0.15,0.0,0.003,0.1,1.0,1000.0,1000,0,0.0,1.574273342394609,0.0,6.857331357322581
0.15,0.0,0.003,1.0,-0.5,10.0,1000,0,0.0,0.6397957598640452,0.0,0.3757029836570595
0.15,0.0,0.003,1.0,-0.5,100.0,1000,0,0.0,0.5661562683615556,0.0,0.32257902997397186
0.15,0.0,0.003,1.0,-0.5,1000.0,1000,0,0.0,0.36635031384369526,0.0,0.14466245522069357
0.15,0.0,0.003,1.0,-0.2,10.0,1000,0,0.0,0.6338606247555082,0.0,0.3752569836361572
0.15,0.0,0.003,1.0,-0.2,100.0,1000,0,0.0,0.47665477505788517,0.0,0.2194199778009586
0.15,0.0,0.003,1.0,-0.2,1000.0,1000,0,0.0,0.34845743104791344,0.0,0.1406699475478708
0.15,0.0,0.003,1.0,-0.1,10.0,1000,0,0.0,0.5203253951959368,0.0,0.2743148519484285
0.15,0.0,0.003,1.0,-0.1,100.0,1000,0,0.0,0.46042727953688434,0.0,0.23120666784572783
0.15,0.0,0.003,1.0,-0.1,1000.0,1000,0,0.0,0.3202186627680605,0.0,0.13429436364397354
0.15,0.0,0.003,1.0,0.0,10.0,1000,0,0.0,0.5109563185552218,0.0,0.2735286520188793
0.15,0.0,0.003,1.0,0.0,100.0,1000,0,0.0,0.4179660567443294,0.0,0.14766698524086336
0.15,0.0,0.003,1.0,0.0,1000.0,1000,0,0.0,0.33572711763420066,0.0,0.15657454434978832
0.15,0.0,0.003,1.0,0.1,10.0,1000,0,0.0,0.5061388639102358,0.0,0.24004976708799028
0.15,0.0,0.003,1.0,0.1,100.0,1000,0,0.0,0.42091017409644443,0.0,0.16638201315131632
0.15,0.0,0.003,1.0,0.1,1000.0,1000,0,0.0,0.263695728614799,0.0,0.09463255703656402
0.15,0.0,0.003,1.0,0.2,10.0,1000,0,0.0,0.45192741823868327,0.0,0.2661318783459146
0.15,0.0,0.003,1.0,0.2,100.0,1000,0,0.0,0.3715337583979049,0.0,0.1223508190395905
0.15,0.0,0.003,1.0,0.2,1000.0,1000,0,0.0,0.2822824479544309,0.0,0.07080405858904472
0.15,0.0,0.003,1.0,0.5,10.0,1000,0,0.0,0.4300261710955851,0.0,0.16198703432356826
0.15,0.0,0.003,1.0,0.5,100.0,1000,0,0.0,0.3456343088580353,0.0,0.11962330748428371
0.15,0.0,0.003,1.0,0.5,1000.0,1000,0,0.0,0.27855135722618674,0.0,0.10879561674364456
0.15,0.0,0.003,1.0,1.0,10.0,1000,0,0.0,0.38674368203515275,0.0,0.15100873624895902
0.15,0.0,0.003,1.0,1.0,100.0,1000,0,0.0,0.3029172870823919,0.0,0.0945006701774865
0.15,0.0,0.003,1.0,1.0,1000.0,1000,0,0.0,0.21102578231591299,0.0,0.05199091519478829
0.15,0.0,0.001,1e-05,-0.5,10.0,1000,0,0.0,0.0,0.0,0.0
0.15,0.0,0.001,1e-05,-0.5,100.0,1000,0,0.0,0.0,0.0,0.0
0.15,0.0,0.001,1e-05,-0.5,1000.0,1000,0,0.0,0.0,0.0,0.0
0.15,0.0,0.001,1e-05,-0.2,10.0,1000,0,0.0,0.0,0.0,0.0
0.15,0.0,0.001,1e-05,-0.2,100.0,1000,0,0.0,0.0,0.0,0.0
0.15,0.0,0.001,1e-05,-0.2,1000.0,1000,0,0.0,0.0,0.0,0.0
0.15,0.0,0.001,1e-05,-0.1,10.0,1000,0,0.0,0.0,0.0,0.0
0.15,0.0,0.001,1e-05,-0.1,100.0,1000,0,0.0,0.0,0.0,0.0
0.15,0.0,0.001,1e-05,-0.1,1000.0,1000,0,0.0,0.0,0.0,0.0
0.15,0.0,0.001,1e-05,0.0,10.0,1000,0,0.0,0.0,0.0,0.0
0.15,0.0,0.001,1e-05,0.0,100.0,1000,0,0.0,0.0,0.0,0.0
0.15,0.0,0.001,1e-05,0.0,1000.0,1000,0,0.0,0.0,0.0,0.0
0.15,0.0,0.001,1e-05,0.1,10.0,1000,0,0.0,0.0,0.0,0.0
0.15,0.0,0.001,1e-05,0.1,100.0,1000,0,0.0,0.0,0.0,0.0
0.15,0.0,0.001,1e-05,0.1,1000.0,1000,0,0.0,0.0,0.0,0.0
0.15,0.0,0.001,1e-05,0.2,10.0,1000,0,0.0,0.0,0.0,0.0
0.15,0.0,0.001,1e-05,0.2,100.0,1000,0,0.0,0.0,0.0,0.0
0.15,0.0,0.001,1e-05,0.2,1000.0,1000,0,0.0,0.0,0.0,0.0
0.15,0.0,0.001,1e-05,0.5,10.0,1000,0,0.0,0.0,0.0,0.0
0.15,0.0,0.001,1e-05,0.5,100.0,1000,0,0.0,0.0,0.0,0.0
0.15,0.0,0.001,1e-05,0.5,1000.0,1000,0,0.0,0.0,0.0,0.0
0.15,0.0,0.001,1e-05,1.0,10.0,1000,0,0.0,0.0,0.0,0.0
0.15,0.0,0.001,1e-05,1.0,100.0,1000,0,0.0,0.0,0.0,0.0
0.15,0.0,0.001,1e-05,1.0,1000.0,1000,0,0.0,0.0,0.0,0.0
0.15,0.0,0.001,0.001,-0.5,10.0,1000,0,0.0,0.0,0.0,0.0
0.15,0.0,0.001,0.001,-0.5,100.0,1000,0,0.0,0.0,0.0,0.0
0.15,0.0,0.001,0.001,-0.5,1000.0,1000,0,0.0,0.0,0.0,0.0
0.15,0.0,0.001,0.001,-0.2,10.0,1000,0,0.0,0.0,0.0,0.0
0.15,0.0,0.001,0.001,-0.2,100.0,1000,0,0.0,0.0,0.0,0.0
0.15,0.0,0.001,0.001,-0.2,1000.0,1000,0,0.0,0.0,0.0,0.0
0.15,0.0,0.001,0.001,-0.1,10.0,1000,0,0.0,0.0,0.0,0.0
0.15,0.0,0.001,0.001,-0.1,100.0,1000,0,0.0,0.0,0.0,0.0
0.15,0.0,0.001,0.001,-0.1,1000.0,1000,0,0.0,0.0,0.0,0.0
0.15,0.0,0.001,0.001,0.0,10.0,1000,0,0.0,0.0,0.0,0.0
0.15,0.0,0.001,0.001,0.0,100.0,1000,0,0.0,0.0,0.0,0.0
0.15,0.0,0.001,0.001,0.0,1000.0,1000,0,0.0,0.0,0.0,0.0
0.15,0.0,0.001,0.001,0.1,10.0,1000,0,0.0,0.0,0.0,0.0
0.15,0.0,0.001,0.001,0.1,100.0,1000,0,0.0,0.0,0.0,0.0
0.15,0.0,0.001,0.001,0.1,1000.0,1000,0,0.0,0.0,0.0,0.0
0.15,0.0,0.001,0.001,0.2,10.0,1000,0,0.0,0.0,0.0,0.0
0.15,0.0,0.001,0.001,0.2,100.0,1000,0,0.0,0.0,0.0,0.0
0.15,0.0,0.001,0.001,0.2,1000.0,1000,0,0.0,0.0,0.0,0.0
0.15,0.0,0.001,0.001,0.5,10.0,1000,0,0.0,0.0,0.0,0.0
0.15,0.0,0.001,0.001,0.5,100.0,1000,0,0.0,0.0,0.0,0.0
0.15,0.0,0.001,0.001,0.5,1000.0,1000,0,0.0,0.0,0.0,0.0
0.15,0.0,0.001,0.001,1.0,10.0,1000,0,0.0,0.0,0.0,0.0
0.15,0.0,0.001,0.001,1.0,100.0,1000,0,0.0,0.0,0.0,0.0
0.15,0.0,0.001,0.001,1.0,1000.0,1000,0,0.0,0.0,0.0,0.0
0.15,0.0,0.001,0.1,-0.5,10.0,1000,0,0.0,8.001480463104809,0.0,3.917857254960977
0.15,0.0,0.001,0.1,-0.5,100.0,1000,0,0.0,9.236133695484378,0.0,0.0
0.15,0.0,0.001,0.1,-0.5,1000.0,1000,0,0.0,0.0,0.0,0.0
0.15,0.0,0.001,0.1,-0.2,10.0,1000,0,0.0,9.47877594934872,0.0,9.726123073232687
0.15,0.0,0.001,0.1,-0.2,100.0,1000,0,0.0,7.710820171136331,0.0,9.546772650652242
0.15,0.0,0.001,0.1,-0.2,1000.0,1000,0,0.0,14.045585961357036,0.0,0.0
0.15,0.0,0.001,0.1,-0.1,10.0,1000,0,0.0,9.537300771832264,0.0,19.883021479830404
0.15,0.0,0.001,0.1,-0.1,100.0,1000,0,0.0,6.1935464329958405,0.0,4.5498365607980285
0.15,0.0,0.001,0.1,-0.1,1000.0,1000,0,0.0,6.4454046007029175,0.0,1.6192958606089374
0.15,0.0,0.001,0.1,0.0,10.0,1000,0,0.0,9.724833120671418,0.0,54.40477510418132
0.15,0.0,0.001,0.1,0.0,100.0,1000,0,0.0,9.550233928693988,0.0,45.008223777915056
0.15,0.0,0.001,0.1,0.0,1000.0,1000,0,0.0,10.142122909146675,0.0,0.4425022911144245
0.15,0.0,0.001,0.1,0.1,10.0,1000,0,0.0,12.18134397782238,0.0,51.99546540190893
0.15,0.0,0.001,0.1,0.1,100.0,1000,0,0.0,9.686823415854576,0.0,47.40778048439337
0.15,0.0,0.001,0.1,0.1,1000.0,1000,0,0.0,13.597027497768114,0.0,7.664550434128043
0.15,0.0,0.001,0.1,0.2,10.0,1000,0,0.0,11.002597020735058,0.0,34.819831239435466
0.15,0.0,0.001,0.1,0.2,100.0,1000,0,0.0,8.940992396142981,0.0,31.707161302170903
0.15,0.0,0.001,0.1,0.2,1000.0,1000,0,0.0,11.871419875135558,0.0,87.34522371877163
0.15,0.0,0.001,0.1,0.5,10.0,1000,0,0.0,11.501608991709727,0.0,62.45377650860362
0.15,0.0,0.001,0.1,0.5,100.0,1000,0,0.0,11.97182153692225,0.0,50.053273679567646
0.15,0.0,0.001,0.1,0.5,1000.0,1000,0,0.0,14.916857956740008,0.0,115.86582802132052
0.15,0.0,0.001,0.1,1.0,10.0,1000,0,0.0,12.53008634520316,0.0,85.97417602526777
0.15,0.0,0.001,0.1,1.0,100.0,1000,0,0.0,10.617085687892803,0.0,66.5702542889081
0.15,0.0,0.001,0.1,1.0,1000.0,1000,0,0.0,9.163304954219774,0.0,25.21022993172859
0.15,0.0,0.001,1.0,-0.5,10.0,1000,0,0.0,2.5641339705796695,0.0,4.750022888591459
0.15,0.0,0.001,1.0,-0.5,100.0,1000,0,0.0,2.3634573695512873,0.0,2.5946227663269834
0.15,0.0,0.001,1.0,-0.5,1000.0,1000,0,0.0,1.7475837455132337,0.0,0.5718590650771604
0.15,0.0,0.001,1.0,-0.2,10.0,1000,0,0.0,1.9551066522023097,0.0,2.049314945114542
0.15,0.0,0.001,1.0,-0.2,100.0,1000,0,0.0,2.007272822763845,0.0,1.5994357551010774
0.15,0.0,0.001,1.0,-0.2,1000.0,1000,0,0.0,1.5115853583638275,0.0,2.151664130907243
0.15,0.0,0.001,1.0,-0.1,10.0,1000,0,0.0,2.4250661410697325,0.0,2.980382911688811
0.15,0.0,0.001,1.0,-0.1,100.0,1000,0,0.0,1.730783484653287,0.0,1.0393001850556944
0.15,0.0,0.001,1.0,-0.1,1000.0,1000,0,0.0,1.3285955656529151,0.0,1.233495588813809
0.15,0.0,0.001,1.0,0.0,10.0,1000,0,0.0,2.532012982994201,0.0,4.913912562280771
0.15,0.0,0.001,1.0,0.0,100.0,1000,0,0.0,1.905729273893337,0.0,1.7268936498825789
0.15,0.0,0.001,1.0,0.0,1000.0,1000,0,0.0,1.5326465939106526,0.0,1.028013599899966
0.15,0.0,0.001,1.0,0.1,10.0,1000,0,0.0,2.44562857415347,0.0,3.1038609749742885
0.15,0.0,0.001,1.0,0.1,100.0,1000,0,0.0,1.7526201860688575,0.0,1.4362337349707328
0.15,0.0,0.001,1.0,0.1,1000.0,1000,0,0.0,1.6002580891899865,0.0,1.0717714594172298
0.15,0.0,0.001,1.0,0.2,10.0,1000,0,0.0,2.3345603191756803,0.0,2.8896419690988964
0.15,0.0,0.001,1.0,0.2,100.0,1000,0,0.0,1.7910202356122167,0.0,1.8307133395129163
0.15,0.0,0.001,1.0,0.2,1000.0,1000,0,0.0,1.4408048560730065,0.0,1.2324957299339068
0.15,0.0,0.001,1.0,0.5,10.0,1000,0,0.0,2.161537345104286,0.0,1.9515361128771653
0.15,0.0,0.001,1.0,0.5,100.0,1000,0,0.0,1.6220869591210172,0.0,1.21785913383461
0.15,0.0,0.001,1.0,0.5,1000.0,1000,0,0.0,1.4690808140132912,0.0,1.382067529247959
0.15,0.0,0.001,1.0,1.0,10.0,912,88,0.7263643749390257,1.8587639417125887,0.03720384731837358,1.8589990196645647
0.15,0.0,0.001,1.0,1.0,100.0,863,137,0.7546309283015206,1.2175038170209262,0.026075962772701286,0.6251706954041056
0.15,0.0,0.001,1.0,1.0,1000.0,930,70,0.721805966677791,1.2080382014888225,0.039637506489351604,0.6728292508682139
0.15,1e-05,0.0003,1e-05,-0.5,10.0,1000,0,0.0,0.0,0.0,0.0
0.15,1e-05,0.0003,1e-05,-0.5,100.0,1000,0,0.0,0.0,0.0,0.0
0.15,1e-05,0.0003,1e-05,-0.5,1000.0,1000,0,0.0,0.0,0.0,0.0
0.15,1e-05,0.0003,1e-05,-0.2,10.0,1000,0,0.0,0.0,0.0,0.0
0.15,1e-05,0.0003,1e-05,-0.2,100.0,1000,0,0.0,0.0,0.0,0.0
0.15,1e-05,0.0003,1e-05,-0.2,1000.0,1000,0,0.0,0.0,0.0,0.0
0.15,1e-05,0.0003,1e-05,-0.1,10.0,1000,0,0.0,0.0,0.0,0.0
0.15,1e-05,0.0003,1e-05,-0.1,100.0,1000,0,0.0,0.0,0.0,0.0
0.15,1e-05,0.0003,1e-05,-0.1,1000.0,1000,0,0.0,0.0,0.0,0.0
0.15,1e-05,0.0003,1e-05,0.0,10.0,1000,0,0.0,0.0,0.0,0.0
0.15,1e-05,0.0003,1e-05,0.0,100.0,1000,0,0.0,0.0,0.0,0.0
0.15,1e-05,0.0003,1e-05,0.0,1000.0,1000,0,0.0,0.0,0.0,0.0
0.15,1e-05,0.0003,1e-05,0.1,10.0,1000,0,0.0,0.0,0.0,0.0
0.15,1e-05,0.0003,1e-05,0.1,100.0,1000,0,0.0,0.0,0.0,0.0
0.15,1e-05,0.0003,1e-05,0.1,1000.0,1000,0,0.0,0.0,0.0,0.0
0.15,1e-05,0.0003,1e-05,0.2,10.0,1000,0,0.0,0.0,0.0,0.0
0.15,1e-05,0.0003,1e-05,0.2,100.0,1000,0,0.0,0.0,0.0,0.0
0.15,1e-05,0.0003,1e-05,0.2,1000.0,1000,0,0.0,0.0,0.0,0.0
0.15,1e-05,0.0003,1e-05,0.5,10.0,1000,0,0.0,0.0,0.0,0.0
0.15,1e-05,0.0003,1e-05,0.5,100.0,1000,0,0.0,0.0,0.0,0.0
0.15,1e-05,0.0003,1e-05,0.5,1000.0,1000,0,0.0,0.0,0.0,0.0
0.15,1e-05,0.0003,1e-05,1.0,10.0,1000,0,0.0,0.0,0.0,0.0
0.15,1e-05,0.0003,1e-05,1.0,100.0,1000,0,0.0,0.0,0.0,0.0
0.15,1e-05,0.0003,1e-05,1.0,1000.0,1000,0,0.0,0.0,0.0,0.0
0.15,1e-05,0.0003,0.001,-0.5,10.0,1000,0,0.0,0.0,0.0,0.0
0.15,1e-05,0.0003,0.001,-0.5,100.0,1000,0,0.0,0.0,0.0,0.0
0.15,1e-05,0.0003,0.001,-0.5,1000.0,1000,0,0.0,0.0,0.0,0.0
0.15,1e-05,0.0003,0.001,-0.2,10.0,1000,0,0.0,0.0,0.0,0.0
0.15,1e-05,0.0003,0.001,-0.2,100.0,1000,0,0.0,0.0,0.0,0.0
0.15,1e-05,0.0003,0.001,-0.2,1000.0,1000,0,0.0,0.0,0.0,0.0
0.15,1e-05,0.0003,0.001,-0.1,10.0,1000,0,0.0,0.0,0.0,0.0
0.15,1e-05,0.0003,0.001,-0.1,100.0,1000,0,0.0,0.0,0.0,0.0
0.15,1e-05,0.0003,0.001,-0.1,1000.0,1000,0,0.0,0.0,0.0,0.0
0.15,1e-05,0.0003,0.001,0.0,10.0,1000,0,0.0,0.0,0.0,0.0
0.15,1e-05,0.0003,0.001,0.0,100.0,1000,0,0.0,0.0,0.0,0.0
0.15,1e-05,0.0003,0.001,0.0,1000.0,1000,0,0.0,0.0,0.0,0.0
0.15,1e-05,0.0003,0.001,0.1,10.0,1000,0,0.0,0.0,0.0,0.0
0.15,1e-05,0.0003,0.001,0.1,100.0,1000,0,0.0,0.0,0.0,0.0
0.15,1e-05,0.0003,0.001,0.1,1000.0,1000,0,0.0,0.0,0.0,0.0
0.15,1e-05,0.0003,0.001,0.2,10.0,1000,0,0.0,0.0,0.0,0.0
0.15,1e-05,0.0003,0.001,0.2,100.0,1000,0,0.0,0.0,0.0,0.0
0.15,1e-05,0.0003,0.001,0.2,1000.0,1000,0,0.0,0.0,0.0,0.0
0.15,1e-05,0.0003,0.001,0.5,10.0,1000,0,0.0,0.0,0.0,0.0
0.15,1e-05,0.0003,0.001,0.5,100.0,1000,0,0.0,0.0,0.0,0.0
0.15,1e-05,0.0003,0.001,0.5,1000.0,1000,0,0.0,0.0,0.0,0.0
0.15,1e-05,0.0003,0.001,1.0,10.0,1000,0,0.0,0.0,0.0,0.0
0.15,1e-05,0.0003,0.001,1.0,100.0,1000,0,0.0,0.0,0.0,0.0
0.15,1e-05,0.0003,0.001,1.0,1000.0,1000,0,0.0,0.0,0.0,0.0
0.15,1e-05,0.0003,0.1,-0.5,10.0,1000,0,0.0,0.0,0.0,0.0
0.15,1e-05,0.0003,0.1,-0.5,100.0,1000,0,0.0,0.0,0.0,0.0
0.15,1e-05,0.0003,0.1,-0.5,1000.0,1000,0,0.0,0.0,0.0,0.0
0.15,1e-05,0.0003,0.1,-0.2,10.0,1000,0,0.0,0.0,0.0,0.0
0.15,1e-05,0.0003,0.1,-0.2,100.0,1000,0,0.0,0.0,0.0,0.0
0.15,1e-05,0.0003,0.1,-0.2,1000.0,1000,0,0.0,0.0,0.0,0.0
0.15,1e-05,0.0003,0.1,-0.1,10.0,1000,0,0.0,0.0,0.0,0.0
0.15,1e-05,0.0003,0.1,-0.1,100.0,1000,0,0.0,0.0,0.0,0.0
0.15,1e-05,0.0003,0.1,-0.1,1000.0,1000,0,0.0,0.0,0.0,0.0
0.15,1e-05,0.0003,0.1,0.0,10.0,1000,0,0.0,0.0,0.0,0.0
0.15,1e-05,0.0003,0.1,0.0,100.0,1000,0,0.0,0.0,0.0,0.0
0.15,1e-05,0.0003,0.1,0.0,1000.0,1000,0,0.0,0.0,0.0,0.0
0.15,1e-05,0.0003,0.1,0.1,10.0,1000,0,0.0,0.0,0.0,0.0
0.15,1e-05,0.0003,0.1,0.1,100.0,1000,0,0.0,0.0,0.0,0.0
0.15,1e-05,0.0003,0.1,0.1,1000.0,1000,0,0.0,0.0,0.0,0.0
0.15,1e-05,0.0003,0.1,0.2,10.0,1000,0,0.0,0.0,0.0,0.0
0.15,1e-05,0.0003,0.1,0.2,100.0,1000,0,0.0,0.0,0.0,0.0
0.15,1e-05,0.0003,0.1,0.2,1000.0,1000,0,0.0,0.0,0.0,0.0
0.15,1e-05,0.0003,0.1,0.5,10.0,1000,0,0.0,0.0,0.0,0.0
0.15,1e-05,0.0003,0.1,0.5,100.0,1000,0,0.0,0.0,0.0,0.0
0.15,1e-05,0.0003,0.1,0.5,1000.0,1000,0,0.0,0.0,0.0,0.0
0.15,1e-05,0.0003,0.1,1.0,10.0,1000,0,0.0,0.0,0.0,0.0
0.15,1e-05,0.0003,0.1,1.0,100.0,1000,0,0.0,24.767475451798234,0.0,42.06380053221358
0.15,1e-05,0.0003,0.1,1.0,1000.0,1000,0,0.0,18.705448880167506,0.0,33.38963224349955
0.15,1e-05,0.0003,1.0,-0.5,10.0,1000,0,0.0,0.0,0.0,0.0
0.15,1e-05,0.0003,1.0,-0.5,100.0,1000,0,0.0,0.0,0.0,0.0
0.15,1e-05,0.0003,1.0,-0.5,1000.0,1000,0,0.0,0.0,0.0,0.0
0.15,1e-05,0.0003,1.0,-0.2,10.0,1000,0,0.0,0.0,0.0,0.0
0.15,1e-05,0.0003,1.0,-0.2,100.0,1000,0,0.0,2.230712518060788,0.0,0.0
0.15,1e-05,0.0003,1.0,-0.2,1000.0,1000,0,0.0,0.0,0.0,0.0
0.15,1e-05,0.0003,1.0,-0.1,10.0,1000,0,0.0,13.764849891571957,0.0,0.0
0.15,1e-05,0.0003,1.0,-0.1,100.0,1000,0,0.0,7.05750499628731,0.0,16.964718133823276
0.15,1e-05,0.0003,1.0,-0.1,1000.0,1000,0,0.0,2.990672856319975,0.0,0.0
0.15,1e-05,0.0003,1.0,0.0,10.0,1000,0,0.0,15.048913784889178,0.0,50.02120669232401
0.15,1e-05,0.0003,1.0,0.0,100.0,1000,0,0.0,8.192084673977744,0.0,42.625975499251915
0.15,1e-05,0.0003,1.0,0.0,1000.0,1000,0,0.0,9.806686590564853,0.0,96.2954093677567
0.15,1e-05,0.0003,1.0,0.1,10.0,1000,0,0.0,21.884523808262998,0.0,68.26501829797907
0.15,1e-05,0.0003,1.0,0.1,100.0,1000,0,0.0,7.734708778964146,0.0,27.290372634460873
0.15,1e-05,0.0003,1.0,0.1,1000.0,1000,0,0.0,12.116201864859542,0.0,177.46456445430903
0.15,1e-05,0.0003,1.0,0.2,10.0,1000,0,0.0,22.84924440830292,0.0,136.66973163124453
0.15,1e-05,0.0003,1.0,0.2,100.0,1000,0,0.0,8.325540250046593,0.0,39.817133555648375
0.15,1e-05,0.0003,1.0,0.2,1000.0,1000,0,0.0,11.356506849258567,0.0,474.686766037242
0.15,1e-05,0.0003,1.0,0.5,10.0,911,89,0.6500679773007806,30.333650591135573,0.013789653451507572,434.85479158761984
0.15,1e-05,0.0003,1.0,0.5,100.0,778,222,0.6522630126754787,6.362987904124142,0.021112656569880945,44.75211277127732
0.15,1e-05,0.0003,1.0,0.5,1000.0,867,133,0.649077547083804,6.498179796873033,0.01511763685755865,115.09048577503576
0.15,1e-05,0.0003,1.0,1.0,10.0,682,318,0.7670647006744219,28.515502208858955,0.0035553741595409916,341.3103372150716
0.15,1e-05,0.0003,1.0,1.0,100.0,560,440,0.7652406583891054,4.0081187875959845,0.003101571455685833,87.4244278577744
0.15,1e-05,0.0003,1.0,1.0,1000.0,636,364,0.7567276855199132,4.283172128880183,0.004161717183239825,68.2440701668826
0.15,1e-05,0.0001,1e-05,-0.5,10.0,1000,0,0.0,0.0,0.0,0.0
0.15,1e-05,0.0001,1e-05,-0.5,100.0,1000,0,0.0,0.0,0.0,0.0
0.15,1e-05,0.0001,1e-05,-0.5,1000.0,1000,0,0.0,0.0,0.0,0.0
0.15,1e-05,0.0001,1e-05,-0.2,10.0,1000,0,0.0,0.0,0.0,0.0
0.15,1e-05,0.0001,1e-05,-0.2,100.0,1000,0,0.0,0.0,0.0,0.0
0.15,1e-05,0.0001,1e-05,-0.2,1000.0,1000,0,0.0,0.0,0.0,0.0
0.15,1e-05,0.0001,1e-05,-0.1,10.0,1000,0,0.0,0.0,0.0,0.0
0.15,1e-05,0.0001,1e-05,-0.1,100.0,1000,0,0.0,0.0,0.0,0.0
0.15,1e-05,0.0001,1e-05,-0.1,1000.0,1000,0,0.0,0.0,0.0,0.0
0.15,1e-05,0.0001,1e-05,0.0,10.0,1000,0,0.0,0.0,0.0,0.0
0.15,1e-05,0.0001,1e-05,0.0,100.0,1000,0,0.0,0.0,0.0,0.0
0.15,1e-05,0.0001,1e-05,0.0,1000.0,1000,0,0.0,0.0,0.0,0.0
0.15,1e-05,0.0001,1e-05,0.1,10.0,1000,0,0.0,0.0,0.0,0.0
0.15,1e-05,0.0001,1e-05,0.1,100.0,1000,0,0.0,0.0,0.0,0.0
0.15,1e-05,0.0001,1e-05,0.1,1000.0,1000,0,0.0,0.0,0.0,0.0
0.15,1e-05,0.0001,1e-05,0.2,10.0,1000,0,0.0,0.0,0.0,0.0
0.15,1e-05,0.0001,1e-05,0.2,100.0,1000,0,0.0,0.0,0.0,0.0
0.15,1e-05,0.0001,1e-05,0.2,1000.0,1000,0,0.0,0.0,0.0,0.0
0.15,1e-05,0.0001,1e-05,0.5,10.0,1000,0,0.0,0.0,0.0,0.0
0.15,1e-05,0.0001,1e-05,0.5,100.0,1000,0,0.0,0.0,0.0,0.0
0.15,1e-05,0.0001,1e-05,0.5,1000.0,1000,0,0.0,0.0,0.0,0.0
0.15,1e-05,0.0001,1e-05,1.0,10.0,1000,0,0.0,0.0,0.0,0.0
0.15,1e-05,0.0001,1e-05,1.0,100.0,1000,0,0.0,0.0,0.0,0.0
0.15,1e-05,0.0001,1e-05,1.0,1000.0,1000,0,0.0,0.0,0.0,0.0
0.15,1e-05,0.0001,0.001,-0.5,10.0,1000,0,0.0,0.0,0.0,0.0
0.15,1e-05,0.0001,0.001,-0.5,100.0,1000,0,0.0,0.0,0.0,0.0
0.15,1e-05,0.0001,0.001,-0.5,1000.0,1000,0,0.0,0.0,0.0,0.0
0.15,1e-05,0.0001,0.001,-0.2,10.0,1000,0,0.0,0.0,0.0,0.0
0.15,1e-05,0.0001,0.001,-0.2,100.0,1000,0,0.0,0.0,0.0,0.0
0.15,1e-05,0.0001,0.001,-0.2,1000.0,1000,0,0.0,0.0,0.0,0.0
0.15,1e-05,0.0001,0.001,-0.1,10.0,1000,0,0.0,0.0,0.0,0.0
0.15,1e-05,0.0001,0.001,-0.1,100.0,1000,0,0.0,0.0,0.0,0.0
0.15,1e-05,0.0001,0.001,-0.1,1000.0,1000,0,0.0,0.0,0.0,0.0
0.15,1e-05,0.0001,0.001,0.0,10.0,1000,0,0.0,0.0,0.0,0.0
0.15,1e-05,0.0001,0.001,0.0,100.0,1000,0,0.0,0.0,0.0,0.0
0.15,1e-05,0.0001,0.001,0.0,1000.0,1000,0,0.0,0.0,0.0,0.0
0.15,1e-05,0.0001,0.001,0.1,10.0,1000,0,0.0,0.0,0.0,0.0
0.15,1e-05,0.0001,0.001,0.1,100.0,1000,0,0.0,0.0,0.0,0.0
0.15,1e-05,0.0001,0.001,0.1,1000.0,1000,0,0.0,0.0,0.0,0.0
0.15,1e-05,0.0001,0.001,0.2,10.0,1000,0,0.0,0.0,0.0,0.0
0.15,1e-05,0.0001,0.001,0.2,100.0,1000,0,0.0,0.0,0.0,0.0
0.15,1e-05,0.0001,0.001,0.2,1000.0,1000,0,0.0,0.0,0.0,0.0
0.15,1e-05,0.0001,0.001,0.5,10.0,1000,0,0.0,0.0,0.0,0.0
0.15,1e-05,0.0001,0.001,0.5,100.0,1000,0,0.0,0.0,0.0,0.0
0.15,1e-05,0.0001,0.001,0.5,1000.0,1000,0,0.0,0.0,0.0,0.0
0.15,1e-05,0.0001,0.001,1.0,10.0,1000,0,0.0,0.0,0.0,0.0
0.15,1e-05,0.0001,0.001,1.0,100.0,1000,0,0.0,0.0,0.0,0.0
0.15,1e-05,0.0001,0.001,1.0,1000.0,1000,0,0.0,0.0,0.0,0.0
0.15,1e-05,0.0001,0.1,-0.5,10.0,1000,0,0.0,0.0,0.0,0.0
0.15,1e-05,0.0001,0.1,-0.5,100.0,1000,0,0.0,0.0,0.0,0.0
0.15,1e-05,0.0001,0.1,-0.5,1000.0,1000,0,0.0,0.0,0.0,0.0
0.15,1e-05,0.0001,0.1,-0.2,10.0,1000,0,0.0,0.0,0.0,0.0
0.15,1e-05,0.0001,0.1,-0.2,100.0,1000,0,0.0,0.0,0.0,0.0
0.15,1e-05,0.0001,0.1,-0.2,1000.0,1000,0,0.0,0.0,0.0,0.0
0.15,1e-05,0.0001,0.1,-0.1,10.0,1000,0,0.0,0.0,0.0,0.0
0.15,1e-05,0.0001,0.1,-0.1,100.0,1000,0,0.0,0.0,0.0,0.0
0.15,1e-05,0.0001,0.1,-0.1,1000.0,1000,0,0.0,0.0,0.0,0.0
0.15,1e-05,0.0001,0.1,0.0,10.0,1000,0,0.0,0.0,0.0,0.0
0.15,1e-05,0.0001,0.1,0.0,100.0,1000,0,0.0,0.0,0.0,0.0
0.15,1e-05,0.0001,0.1,0.0,1000.0,1000,0,0.0,0.0,0.0,0.0
0.15,1e-05,0.0001,0.1,0.1,10.0,1000,0,0.0,0.0,0.0,0.0
0.15,1e-05,0.0001,0.1,0.1,100.0,1000,0,0.0,0.0,0.0,0.0
0.15,1e-05,0.0001,0.1,0.1,1000.0,1000,0,0.0,0.0,0.0,0.0
0.15,1e-05,0.0001,0.1,0.2,10.0,1000,0,0.0,0.0,0.0,0.0
0.15,1e-05,0.0001,0.1,0.2,100.0,1000,0,0.0,0.0,0.0,0.0
0.15,1e-05,0.0001,0.1,0.2,1000.0,1000,0,0.0,0.0,0.0,0.0
0.15,1e-05,0.0001,0.1,0.5,10.0,1000,0,0.0,0.0,0.0,0.0
0.15,1e-05,0.0001,0.1,0.5,100.0,1000,0,0.0,0.0,0.0,0.0
0.15,1e-05,0.0001,0.1,0.5,1000.0,1000,0,0.0,0.0,0.0,0.0
0.15,1e-05,0.0001,0.1,1.0,10.0,1000,0,0.0,0.0,0.0,0.0
0.15,1e-05,0.0001,0.1,1.0,100.0,1000,0,0.0,0.0,0.0,0.0
0.15,1e-05,0.0001,0.1,1.0,1000.0,1000,0,0.0,0.0,0.0,0.0
0.15,1e-05,0.0001,1.0,-0.5,10.0,1000,0,0.0,0.0,0.0,0.0
0.15,1e-05,0.0001,1.0,-0.5,100.0,1000,0,0.0,0.0,0.0,0.0
0.15,1e-05,0.0001,1.0,-0.5,1000.0,1000,0,0.0,0.0,0.0,0.0
0.15,1e-05,0.0001,1.0,-0.2,10.0,1000,0,0.0,0.0,0.0,0.0
0.15,1e-05,0.0001,1.0,-0.2,100.0,1000,0,0.0,0.0,0.0,0.0
0.15,1e-05,0.0001,1.0,-0.2,1000.0,1000,0,0.0,0.0,0.0,0.0
0.15,1e-05,0.0001,1.0,-0.1,10.0,1000,0,0.0,0.0,0.0,0.0
0.15,1e-05,0.0001,1.0,-0.1,100.0,1000,0,0.0,0.0,0.0,0.0
0.15,1e-05,0.0001,1.0,-0.1,1000.0,1000,0,0.0,0.0,0.0,0.0
0.15,1e-05,0.0001,1.0,0.0,10.0,1000,0,0.0,0.0,0.0,0.0
0.15,1e-05,0.0001,1.0,0.0,100.0,1000,0,0.0,0.0,0.0,0.0
0.15,1e-05,0.0001,1.0,0.0,1000.0,1000,0,0.0,40.533090236738694,0.0,0.0
0.15,1e-05,0.0001,1.0,0.1,10.0,1000,0,0.0,0.0,0.0,0.0
0.15,1e-05,0.0001,1.0,0.1,100.0,1000,0,0.0,43.975208166232754,0.0,10.19001927044507
0.15,1e-05,0.0001,1.0,0.1,1000.0,1000,0,0.0,30.746187860624893,0.0,100.81931973074859
0.15,1e-05,0.0001,1.0,0.2,10.0,1000,0,0.0,124.20112110278309,0.0,1563.6029833334903
0.15,1e-05,0.0001,1.0,0.2,100.0,1000,0,0.0,36.89926856533665,0.0,982.0279823990293
0.15,1e-05,0.0001,1.0,0.2,1000.0,1000,0,0.0,25.255325728395714,0.0,240.59136583602793
0.15,1e-05,0.0001,1.0,0.5,10.0,897,103,0.6588501517032317,92.99386790569095,0.0036715118215320483,1382.7605475503942
0.15,1e-05,0.0001,1.0,0.5,100.0,747,253,0.6682441040571693,14.951789769356248,0.0031682436686881746,110.49141844151774
0.15,1e-05,0.0001,1.0,0.5,1000.0,752,248,0.6626848710510019,12.61053081026374,0.0031064444302300992,237.95190459264447
0.15,1e-05,0.0001,1.0,1.0,10.0,671,329,0.7660199309061014,68.35129089101756,0.0011320532838169774,783.5856719990231
0.15,1e-05,0.0001,1.0,1.0,100.0,564,436,0.7673229496204105,7.633760124332931,0.0012112831939063943,145.80026744739467
0.15,1e-05,0.0001,1.0,1.0,1000.0,547,453,0.7677968285886437,7.653798352648659,0.0012291014748515787,333.0662908527934
0.15,1e-05,0.003,1e-05,-0.5,10.0,1000,0,0.0,0.0,0.0,0.0
0.15,1e-05,0.003,1e-05,-0.5,100.0,1000,0,0.0,2.6113019630017393,0.0,4.470460528251125
0.15,1e-05,0.003,1e-05,-0.5,1000.0,1000,0,0.0,0.21096601816187632,0.0,0.004334282857671879
0.15,1e-05,0.003,1e-05,-0.2,10.0,1000,0,0.0,2.9659718666878057,0.0,0.0
0.15,1e-05,0.003,1e-05,-0.2,100.0,1000,0,0.0,0.0,0.0,0.0
0.15,1e-05,0.003,1e-05,-0.2,1000.0,1000,0,0.0,0.6797445095215456,0.0,0.4558230434388203
0.15,1e-05,0.003,1e-05,-0.1,10.0,1000,0,0.0,3.1829177150524264,0.0,0.0
0.15,1e-05,0.003,1e-05,-0.1,100.0,1000,0,0.0,0.6561477997613248,0.0,0.0
0.15,1e-05,0.003,1e-05,-0.1,1000.0,1000,0,0.0,0.08082892354878767,0.0,3.886767066456754e-05
0.15,1e-05,0.003,1e-05,0.0,10.0,1000,0,0.0,0.0,0.0,0.0
0.15,1e-05,0.003,1e-05,0.0,100.0,1000,0,0.0,4.495971110532061,0.0,22.395184921585688
0.15,1e-05,0.003,1e-05,0.0,1000.0,1000,0,0.0,1.0320458138936424,0.0,0.5038172569567336
0.15,1e-05,0.003,1e-05,0.1,10.0,1000,0,0.0,2.8448746369731945,0.0,0.0
0.15,1e-05,0.003,1e-05,0.1,100.0,1000,0,0.0,2.158985861113112,0.0,1.7635912615780431
0.15,1e-05,0.003,1e-05,0.1,1000.0,1000,0,0.0,0.37961122588614654,0.0,0.1611653496791918
0.15,1e-05,0.003,1e-05,0.2,10.0,1000,0,0.0,6.851677064531708,0.0,28.631979236502588
0.15,1e-05,0.003,1e-05,0.2,100.0,1000,0,0.0,0.0,0.0,0.0
0.15,1e-05,0.003,1e-05,0.2,1000.0,1000,0,0.0,1.0288849313892758,0.0,0.8026553294787693
0.15,1e-05,0.003,1e-05,0.5,10.0,1000,0,0.0,1.6974664896387461,0.0,1.4220565910768115
0.15,1e-05,0.003,1e-05,0.5,100.0,1000,0,0.0,0.0,0.0,0.0
0.15,1e-05,0.003,1e-05,0.5,1000.0,1000,0,0.0,0.7756973972933505,0.0,0.43786424910155486
0.15,1e-05,0.003,1e-05,1.0,10.0,1000,0,0.0,7.281649791575923,0.0,0.0
0.15,1e-05,0.003,1e-05,1.0,100.0,1000,0,0.0,1.3640018485405168,0.0,1.0761558699943758
0.15,1e-05,0.003,1e-05,1.0,1000.0,1000,0,0.0,0.197543332608128,0.0,0.017975188360923676
0.15,1e-05,0.003,0.001,-0.5,10.0,1000,0,0.0,1.6524555325041363,0.0,0.8850886229095799
0.15,1e-05,0.003,0.001,-0.5,100.0,1000,0,0.0,8.271766326955808,0.0,74.0618487821309
0.15,1e-05,0.003,0.001,-0.5,1000.0,1000,0,0.0,0.43240426364446116,0.0,0.06588593438013045
0.15,1e-05,0.003,0.001,-0.2,10.0,1000,0,0.0,4.938458013919556,0.0,23.077939339310976
0.15,1e-05,0.003,0.001,-0.2,100.0,1000,0,0.0,9.476582797764623,0.0,21.681224459494395
0.15,1e-05,0.003,0.001,-0.2,1000.0,1000,0,0.0,1.7311534007164282,0.0,3.340125704367965
0.15,1e-05,0.003,0.001,-0.1,10.0,1000,0,0.0,5.695923112032599,0.0,50.547581526044354
0.15,1e-05,0.003,0.001,-0.1,100.0,1000,0,0.0,4.743531893987751,0.0,5.995203335906062
0.15,1e-05,0.003,0.001,-0.1,1000.0,1000,0,0.0,1.755535746586012,0.0,1.3792092027184104
0.15,1e-05,0.003,0.001,0.0,10.0,1000,0,0.0,5.210127850426096,0.0,8.859426253008827
0.15,1e-05,0.003,0.001,0.0,100.0,1000,0,0.0,3.1497898459354863,0.0,1.92522144882932
0.15,1e-05,0.003,0.001,0.0,1000.0,1000,0,0.0,0.9862184806962794,0.0,0.0
0.15,1e-05,0.003,0.001,0.1,10.0,1000,0,0.0,5.185369252807165,0.0,25.385399061512786
0.15,1e-05,0.003,0.001,0.1,100.0,1000,0,0.0,5.404494804607008,0.0,56.47434098409686
0.15,1e-05,0.003,0.001,0.1,1000.0,1000,0,0.0,0.5217717176858084,0.0,0.04213073363025077
0.15,1e-05,0.003,0.001,0.2,10.0,1000,0,0.0,7.349424332878927,0.0,72.38431205823647
0.15,1e-05,0.003,0.001,0.2,100.0,1000,0,0.0,6.623672507390561,0.0,38.26441376680113
0.15,1e-05,0.003,0.001,0.2,1000.0,1000,0,0.0,4.324499638949153,0.0,22.73445563513799
0.15,1e-05,0.003,0.001,0.5,10.0,1000,0,0.0,6.961371789046576,0.0,39.71565383499771
0.15,1e-05,0.003,0.001,0.5,100.0,1000,0,0.0,6.182397421543415,0.0,129.90759882938553
0.15,1e-05,0.003,0.001,0.5,1000.0,1000,0,0.0,0.2935660919811771,0.0,0.04414063888971107
0.15,1e-05,0.003,0.001,1.0,10.0,1000,0,0.0,6.96246253270504,0.0,67.15802447666317
0.15,1e-05,0.003,0.001,1.0,100.0,1000,0,0.0,9.404417188004276,0.0,87.2445061588404
0.15,1e-05,0.003,0.001,1.0,1000.0,1000,0,0.0,0.35129275245636293,0.0,0.029380609351033614
0.15,1e-05,0.003,0.1,-0.5,10.0,1000,0,0.0,3.213661054550007,0.0,8.425846671512346
0.15,1e-05,0.003,0.1,-0.5,100.0,1000,0,0.0,2.9208234594023184,0.0,12.64884643043533
0.15,1e-05,0.003,0.1,-0.5,1000.0,1000,0,0.0,3.2910738388375993,0.0,27.124511196633893
0.15,1e-05,0.003,0.1,-0.2,10.0,1000,0,0.0,3.2435587412192,0.0,12.843791411547343
0.15,1e-05,0.003,0.1,-0.2,100.0,1000,0,0.0,2.669511411656193,0.0,9.429812834859856
0.15,1e-05,0.003,0.1,-0.2,1000.0,1000,0,0.0,1.5303622480908012,0.0,10.66754956729395
0.15,1e-05,0.003,0.1,-0.1,10.0,1000,0,0.0,3.5198221821525277,0.0,9.931430166397677
0.15,1e-05,0.003,0.1,-0.1,100.0,1000,0,0.0,2.548351175715133,0.0,5.675397459069863
0.15,1e-05,0.003,0.1,-0.1,1000.0,1000,0,0.0,1.7826083510595017,0.0,11.88795561023963
0.15,1e-05,0.003,0.1,0.0,10.0,1000,0,0.0,3.464254418721469,0.0,14.174539395648718
0.15,1e-05,0.003,0.1,0.0,100.0,1000,0,0.0,2.264729726176544,0.0,5.967506864965681
0.15,1e-05,0.003,0.1,0.0,1000.0,1000,0,0.0,2.48918162393716,0.0,16.57223238587922
0.15,1e-05,0.003,0.1,0.1,10.0,1000,0,0.0,3.056253473721057,0.0,8.734024648420837
0.15,1e-05,0.003,0.1,0.1,100.0,1000,0,0.0,2.3896042377778492,0.0,6.8184530012497
0.15,1e-05,0.003,0.1,0.1,1000.0,1000,0,0.0,1.6593167712557277,0.0,13.590992295452306
0.15,1e-05,0.003,0.1,0.2,10.0,1000,0,0.0,3.0232812587989266,0.0,10.453220050952273
0.15,1e-05,0.003,0.1,0.2,100.0,1000,0,0.0,2.20071862468827,0.0,6.356216057568526
0.15,1e-05,0.003,0.1,0.2,1000.0,1000,0,0.0,1.1728046528380767,0.0,4.390096029808207
0.15,1e-05,0.003,0.1,0.5,10.0,1000,0,0.0,3.0851506157649653,0.0,8.983218214330172
0.15,1e-05,0.003,0.1,0.5,100.0,1000,0,0.0,1.8658895315547368,0.0,5.71157238321046
0.15,1e-05,0.003,0.1,0.5,1000.0,1000,0,0.0,1.33985469937833,0.0,2.926157340269333
0.15,1e-05,0.003,0.1,1.0,10.0,1000,0,0.0,2.815688255046682,0.0,8.915562035029499
0.15,1e-05,0.003,0.1,1.0,100.0,1000,0,0.0,1.8601792861729347,0.0,4.7446228077218064
0.15,1e-05,0.003,0.1,1.0,1000.0,1000,0,0.0,1.3520395966977576,0.0,13.581209948682288
0.15,1e-05,0.003,1.0,-0.5,10.0,1000,0,0.0,0.6925659011226467,0.0,0.45876830167911453
0.15,1e-05,0.003,1.0,-0.5,100.0,1000,0,0.0,0.5487009810434335,0.0,0.3085532750639423
0.15,1e-05,0.003,1.0,-0.5,1000.0,1000,0,0.0,0.4384726029966787,0.0,0.9677675816743403
0.15,1e-05,0.003,1.0,-0.2,10.0,1000,0,0.0,0.6435990370601625,0.0,5.228041648908989
0.15,1e-05,0.003,1.0,-0.2,100.0,1000,0,0.0,0.5598962305949167,0.0,2.972983549091977
0.15,1e-05,0.003,1.0,-0.2,1000.0,1000,0,0.0,0.6288543560793709,0.0,7.072734292854633
0.15,1e-05,0.003,1.0,-0.1,10.0,1000,0,0.0,0.5217074576700437,0.0,0.30912004700460133
0.15,1e-05,0.003,1.0,-0.1,100.0,1000,0,0.0,0.4769243486740143,0.0,0.521009691967045
0.15,1e-05,0.003,1.0,-0.1,1000.0,1000,0,0.0,0.5778459496398511,0.0,9.204810174581102
0.15,1e-05,0.003,1.0,0.0,10.0,1000,0,0.0,0.593404268990391,0.0,2.017402947085029
0.15,1e-05,0.003,1.0,0.0,100.0,1000,0,0.0,0.531203297621371,0.0,2.9228088882740444
0.15,1e-05,0.003,1.0,0.0,1000.0,1000,0,0.0,0.36113305875122176,0.0,0.5154637842578739
0.15,1e-05,0.003,1.0,0.1,10.0,1000,0,0.0,0.4764653538482582,0.0,0.25729301188789555
0.15,1e-05,0.003,1.0,0.1,100.0,1000,0,0.0,0.5107321627879357,0.0,4.857120953669083
0.15,1e-05,0.003,1.0,0.1,1000.0,1000,0,0.0,0.5387046518629762,0.0,6.097484326749509
0.15,1e-05,0.003,1.0,0.2,10.0,1000,0,0.0,0.500307069935606,0.0,0.25643673732197303
0.15,1e-05,0.003,1.0,0.2,100.0,1000,0,0.0,0.5732806009080205,0.0,4.8210867118175385
0.15,1e-05,0.003,1.0,0.2,1000.0,1000,0,0.0,0.4882639880411598,0.0,9.51523870222387
0.15,1e-05,0.003,1.0,0.5,10.0,1000,0,0.0,0.4548259184682657,0.0,0.2121335165437259
0.15,1e-05,0.003,1.0,0.5,100.0,1000,0,0.0,0.35863291028054195,0.0,0.13910930327325075
0.15,1e-05,0.003,1.0,0.5,1000.0,1000,0,0.0,0.385274332187067,0.0,3.1905157637770793
0.15,1e-05,0.003,1.0,1.0,10.0,1000,0,0.0,0.3702395534543086,0.0,0.12351969067928326
0.15,1e-05,0.003,1.0,1.0,100.0,1000,0,0.0,0.3168162008375465,0.0,0.23158117523436372
0.15,1e-05,0.003,1.0,1.0,1000.0,1000,0,0.0,0.4735521261108435,0.0,10.862807093217882
0.15,1e-05,0.001,1e-05,-0.5,10.0,1000,0,0.0,0.0,0.0,0.0
0.15,1e-05,0.001,1e-05,-0.5,100.0,1000,0,0.0,0.0,0.0,0.0
0.15,1e-05,0.001,1e-05,-0.5,1000.0,1000,0,0.0,0.0,0.0,0.0
0.15,1e-05,0.001,1e-05,-0.2,10.0,1000,0,0.0,0.0,0.0,0.0
0.15,1e-05,0.001,1e-05,-0.2,100.0,1000,0,0.0,0.0,0.0,0.0
0.15,1e-05,0.001,1e-05,-0.2,1000.0,1000,0,0.0,0.0,0.0,0.0
0.15,1e-05,0.001,1e-05,-0.1,10.0,1000,0,0.0,0.0,0.0,0.0
0.15,1e-05,0.001,1e-05,-0.1,100.0,1000,0,0.0,0.0,0.0,0.0
0.15,1e-05,0.001,1e-05,-0.1,1000.0,1000,0,0.0,0.0,0.0,0.0
0.15,1e-05,0.001,1e-05,0.0,10.0,1000,0,0.0,0.0,0.0,0.0
0.15,1e-05,0.001,1e-05,0.0,100.0,1000,0,0.0,0.0,0.0,0.0
0.15,1e-05,0.001,1e-05,0.0,1000.0,1000,0,0.0,0.0,0.0,0.0
0.15,1e-05,0.001,1e-05,0.1,10.0,1000,0,0.0,0.0,0.0,0.0
0.15,1e-05,0.001,1e-05,0.1,100.0,1000,0,0.0,0.0,0.0,0.0
0.15,1e-05,0.001,1e-05,0.1,1000.0,1000,0,0.0,0.0,0.0,0.0
0.15,1e-05,0.001,1e-05,0.2,10.0,1000,0,0.0,0.0,0.0,0.0
0.15,1e-05,0.001,1e-05,0.2,100.0,1000,0,0.0,0.0,0.0,0.0
0.15,1e-05,0.001,1e-05,0.2,1000.0,1000,0,0.0,0.0,0.0,0.0
0.15,1e-05,0.001,1e-05,0.5,10.0,1000,0,0.0,0.0,0.0,0.0
0.15,1e-05,0.001,1e-05,0.5,100.0,1000,0,0.0,0.0,0.0,0.0
0.15,1e-05,0.001,1e-05,0.5,1000.0,1000,0,0.0,0.0,0.0,0.0
0.15,1e-05,0.001,1e-05,1.0,10.0,1000,0,0.0,0.0,0.0,0.0
0.15,1e-05,0.001,1e-05,1.0,100.0,1000,0,0.0,0.0,0.0,0.0
0.15,1e-05,0.001,1e-05,1.0,1000.0,1000,0,0.0,0.0,0.0,0.0
0.15,1e-05,0.001,0.001,-0.5,10.0,1000,0,0.0,0.0,0.0,0.0
0.15,1e-05,0.001,0.001,-0.5,100.0,1000,0,0.0,0.0,0.0,0.0
0.15,1e-05,0.001,0.001,-0.5,1000.0,1000,0,0.0,0.0,0.0,0.0
0.15,1e-05,0.001,0.001,-0.2,10.0,1000,0,0.0,0.0,0.0,0.0
0.15,1e-05,0.001,0.001,-0.2,100.0,1000,0,0.0,0.0,0.0,0.0
0.15,1e-05,0.001,0.001,-0.2,1000.0,1000,0,0.0,0.0,0.0,0.0
0.15,1e-05,0.001,0.001,-0.1,10.0,1000,0,0.0,0.0,0.0,0.0
0.15,1e-05,0.001,0.001,-0.1,100.0,1000,0,0.0,0.0,0.0,0.0
0.15,1e-05,0.001,0.001,-0.1,1000.0,1000,0,0.0,0.0,0.0,0.0
0.15,1e-05,0.001,0.001,0.0,10.0,1000,0,0.0,0.0,0.0,0.0
0.15,1e-05,0.001,0.001,0.0,100.0,1000,0,0.0,0.0,0.0,0.0
0.15,1e-05,0.001,0.001,0.0,1000.0,1000,0,0.0,0.0,0.0,0.0
0.15,1e-05,0.001,0.001,0.1,10.0,1000,0,0.0,0.0,0.0,0.0
0.15,1e-05,0.001,0.001,0.1,100.0,1000,0,0.0,0.0,0.0,0.0
0.15,1e-05,0.001,0.001,0.1,1000.0,1000,0,0.0,0.0,0.0,0.0
0.15,1e-05,0.001,0.001,0.2,10.0,1000,0,0.0,0.0,0.0,0.0
0.15,1e-05,0.001,0.001,0.2,100.0,1000,0,0.0,0.0,0.0,0.0
0.15,1e-05,0.001,0.001,0.2,1000.0,1000,0,0.0,0.0,0.0,0.0
0.15,1e-05,0.001,0.001,0.5,10.0,1000,0,0.0,0.0,0.0,0.0
0.15,1e-05,0.001,0.001,0.5,100.0,1000,0,0.0,0.0,0.0,0.0
0.15,1e-05,0.001,0.001,0.5,1000.0,1000,0,0.0,0.0,0.0,0.0
0.15,1e-05,0.001,0.001,1.0,10.0,1000,0,0.0,0.0,0.0,0.0
0.15,1e-05,0.001,0.001,1.0,100.0,1000,0,0.0,0.0,0.0,0.0
0.15,1e-05,0.001,0.001,1.0,1000.0,1000,0,0.0,0.0,0.0,0.0
0.15,1e-05,0.001,0.1,-0.5,10.0,1000,0,0.0,10.57450690961687,0.0,0.0
0.15,1e-05,0.001,0.1,-0.5,100.0,1000,0,0.0,0.0,0.0,0.0
0.15,1e-05,0.001,0.1,-0.5,1000.0,1000,0,0.0,0.0,0.0,0.0
0.15,1e-05,0.001,0.1,-0.2,10.0,1000,0,0.0,11.951290111583859,0.0,37.949574598383805
0.15,1e-05,0.001,0.1,-0.2,100.0,1000,0,0.0,19.614314974509753,0.0,450.8451252021372
0.15,1e-05,0.001,0.1,-0.2,1000.0,1000,0,0.0,6.503313485740512,0.0,0.0
0.15,1e-05,0.001,0.1,-0.1,10.0,1000,0,0.0,9.75936343397743,0.0,17.100976201530255
0.15,1e-05,0.001,0.1,-0.1,100.0,1000,0,0.0,10.640419576499811,0.0,28.131285747124156
0.15,1e-05,0.001,0.1,-0.1,1000.0,1000,0,0.0,0.0,0.0,0.0
0.15,1e-05,0.001,0.1,0.0,10.0,1000,0,0.0,12.59759044728267,0.0,27.97213991744635
0.15,1e-05,0.001,0.1,0.0,100.0,1000,0,0.0,11.10985848718583,0.0,42.75891625428719
0.15,1e-05,0.001,0.1,0.0,1000.0,1000,0,0.0,8.569095832207033,0.0,23.229584483446416
0.15,1e-05,0.001,0.1,0.1,10.0,1000,0,0.0,16.215715649525517,0.0,232.2293976406013
0.15,1e-05,0.001,0.1,0.1,100.0,1000,0,0.0,9.994528878634197,0.0,187.3082810459559
0.15,1e-05,0.001,0.1,0.1,1000.0,1000,0,0.0,24.024388359671033,0.0,759.8649034778738
0.15,1e-05,0.001,0.1,0.2,10.0,1000,0,0.0,12.244470971539737,0.0,106.47984434751753
0.15,1e-05,0.001,0.1,0.2,100.0,1000,0,0.0,11.735908801813089,0.0,138.97489605294442
0.15,1e-05,0.001,0.1,0.2,1000.0,1000,0,0.0,13.737920570661801,0.0,62.01106412835342
0.15,1e-05,0.001,0.1,0.5,10.0,1000,0,0.0,11.697189275268514,0.0,57.01043415831002
0.15,1e-05,0.001,0.1,0.5,100.0,1000,0,0.0,9.340175991418091,0.0,53.00067271266469
0.15,1e-05,0.001,0.1,0.5,1000.0,1000,0,0.0,16.433886933527074,0.0,84.00566583467645
0.15,1e-05,0.001,0.1,1.0,10.0,1000,0,0.0,12.605581614966479,0.0,70.88260585197621
0.15,1e-05,0.001,0.1,1.0,100.0,1000,0,0.0,8.582236055984678,0.0,49.79397343446601
0.15,1e-05,0.001,0.1,1.0,1000.0,1000,0,0.0,12.344810589533418,0.0,81.56559376505075
0.15,1e-05,0.001,1.0,-0.5,10.0,1000,0,0.0,2.5120853754599004,0.0,3.57753223423723
0.15,1e-05,0.001,1.0,-0.5,100.0,1000,0,0.0,2.909784989092804,0.0,19.703829396943636
0.15,1e-05,0.001,1.0,-0.5,1000.0,1000,0,0.0,1.056169538815555,0.0,0.7966105040838222
0.15,1e-05,0.001,1.0,-0.2,10.0,1000,0,0.0,3.159693626680345,0.0,28.37521073395668
0.15,1e-05,0.001,1.0,-0.2,100.0,1000,0,0.0,2.0522623767614774,0.0,1.6916656962472243
0.15,1e-05,0.001,1.0,-0.2,1000.0,1000,0,0.0,3.349918070845165,0.0,65.93232422191254
0.15,1e-05,0.001,1.0,-0.1,10.0,1000,0,0.0,2.1430757092208688,0.0,2.9817240333662114
0.15,1e-05,0.001,1.0,-0.1,100.0,1000,0,0.0,2.0455062173084264,0.0,2.6230602997558647
0.15,1e-05,0.001,1.0,-0.1,1000.0,1000,0,0.0,4.007970498470267,0.0,128.92878491847466
0.15,1e-05,0.001,1.0,0.0,10.0,1000,0,0.0,2.4225097483654596,0.0,2.7325180611012985
0.15,1e-05,0.001,1.0,0.0,100.0,1000,0,0.0,1.8929744808987627,0.0,3.288529955573418
0.15,1e-05,0.001,1.0,0.0,1000.0,1000,0,0.0,1.8652466037626472,0.0,1.8067889114169826
0.15,1e-05,0.001,1.0,0.1,10.0,1000,0,0.0,2.5813924922921463,0.0,11.44326805020867
0.15,1e-05,0.001,1.0,0.1,100.0,1000,0,0.0,1.9483028003868061,0.0,10.504335477905801
0.15,1e-05,0.001,1.0,0.1,1000.0,1000,0,0.0,2.1479011815310685,0.0,8.603478524534374
0.15,1e-05,0.001,1.0,0.2,10.0,1000,0,0.0,2.503769850718997,0.0,3.5529904459297104
0.15,1e-05,0.001,1.0,0.2,100.0,1000,0,0.0,1.9831515365066392,0.0,6.873417650121015
0.15,1e-05,0.001,1.0,0.2,1000.0,1000,0,0.0,2.753420397644456,0.0,42.09949761211702
0.15,1e-05,0.001,1.0,0.5,10.0,1000,0,0.0,2.2419620950278,0.0,7.653408890216076
0.15,1e-05,0.001,1.0,0.5,100.0,1000,0,0.0,1.7819030423484687,0.0,9.447166951975529
0.15,1e-05,0.001,1.0,0.5,1000.0,1000,0,0.0,1.7548994431718052,0.0,7.962264134971992
0.15,1e-05,0.001,1.0,1.0,10.0,921,79,0.6914853837638768,1.895763544002,0.061482056634339775,3.3336281037387465
0.15,1e-05,0.001,1.0,1.0,100.0,866,134,0.6955192566598433,1.621144696494703,0.05624576533800356,53.545232790476014
0.15,1e-05,0.001,1.0,1.0,1000.0,921,79,0.740247767240388,1.393266119934502,0.041550205338868516,2.483397954911991
0.15,0.0001,0.0003,1e-05,-0.5,10.0,1000,0,0.0,0.0,0.0,0.0
0.15,0.0001,0.0003,1e-05,-0.5,100.0,1000,0,0.0,0.0,0.0,0.0
0.15,0.0001,0.0003,1e-05,-0.5,1000.0,1000,0,0.0,0.0,0.0,0.0
0.15,0.0001,0.0003,1e-05,-0.2,10.0,1000,0,0.0,0.0,0.0,0.0
0.15,0.0001,0.0003,1e-05,-0.2,100.0,1000,0,0.0,0.0,0.0,0.0
0.15,0.0001,0.0003,1e-05,-0.2,1000.0,1000,0,0.0,0.0,0.0,0.0
0.15,0.0001,0.0003,1e-05,-0.1,10.0,1000,0,0.0,0.0,0.0,0.0
0.15,0.0001,0.0003,1e-05,-0.1,100.0,1000,0,0.0,0.0,0.0,0.0
0.15,0.0001,0.0003,1e-05,-0.1,1000.0,1000,0,0.0,0.0,0.0,0.0
0.15,0.0001,0.0003,1e-05,0.0,10.0,1000,0,0.0,0.0,0.0,0.0
0.15,0.0001,0.0003,1e-05,0.0,100.0,1000,0,0.0,0.0,0.0,0.0
0.15,0.0001,0.0003,1e-05,0.0,1000.0,1000,0,0.0,0.0,0.0,0.0
0.15,0.0001,0.0003,1e-05,0.1,10.0,1000,0,0.0,0.0,0.0,0.0
0.15,0.0001,0.0003,1e-05,0.1,100.0,1000,0,0.0,0.0,0.0,0.0
0.15,0.0001,0.0003,1e-05,0.1,1000.0,1000,0,0.0,0.0,0.0,0.0
0.15,0.0001,0.0003,1e-05,0.2,10.0,1000,0,0.0,0.0,0.0,0.0
0.15,0.0001,0.0003,1e-05,0.2,100.0,1000,0,0.0,0.0,0.0,0.0
0.15,0.0001,0.0003,1e-05,0.2,1000.0,1000,0,0.0,0.0,0.0,0.0
0.15,0.0001,0.0003,1e-05,0.5,10.0,1000,0,0.0,0.0,0.0,0.0
0.15,0.0001,0.0003,1e-05,0.5,100.0,1000,0,0.0,0.0,0.0,0.0
0.15,0.0001,0.0003,1e-05,0.5,1000.0,1000,0,0.0,0.0,0.0,0.0
0.15,0.0001,0.0003,1e-05,1.0,10.0,1000,0,0.0,0.0,0.0,0.0
0.15,0.0001,0.0003,1e-05,1.0,100.0,1000,0,0.0,0.0,0.0,0.0
0.15,0.0001,0.0003,1e-05,1.0,1000.0,1000,0,0.0,0.0,0.0,0.0
0.15,0.0001,0.0003,0.001,-0.5,10.0,1000,0,0.0,0.0,0.0,0.0
0.15,0.0001,0.0003,0.001,-0.5,100.0,1000,0,0.0,0.0,0.0,0.0
0.15,0.0001,0.0003,0.001,-0.5,1000.0,1000,0,0.0,0.0,0.0,0.0
0.15,0.0001,0.0003,0.001,-0.2,10.0,1000,0,0.0,0.0,0.0,0.0
0.15,0.0001,0.0003,0.001,-0.2,100.0,1000,0,0.0,0.0,0.0,0.0
0.15,0.0001,0.0003,0.001,-0.2,1000.0,1000,0,0.0,0.0,0.0,0.0
0.15,0.0001,0.0003,0.001,-0.1,10.0,1000,0,0.0,0.0,0.0,0.0
0.15,0.0001,0.0003,0.001,-0.1,100.0,1000,0,0.0,0.0,0.0,0.0
0.15,0.0001,0.0003,0.001,-0.1,1000.0,1000,0,0.0,0.0,0.0,0.0
0.15,0.0001,0.0003,0.001,0.0,10.0,1000,0,0.0,0.0,0.0,0.0
0.15,0.0001,0.0003,0.001,0.0,100.0,1000,0,0.0,0.0,0.0,0.0
0.15,0.0001,0.0003,0.001,0.0,1000.0,1000,0,0.0,0.0,0.0,0.0
0.15,0.0001,0.0003,0.001,0.1,10.0,1000,0,0.0,0.0,0.0,0.0
0.15,0.0001,0.0003,0.001,0.1,100.0,1000,0,0.0,0.0,0.0,0.0
0.15,0.0001,0.0003,0.001,0.1,1000.0,1000,0,0.0,0.0,0.0,0.0
0.15,0.0001,0.0003,0.001,0.2,10.0,1000,0,0.0,0.0,0.0,0.0
0.15,0.0001,0.0003,0.001,0.2,100.0,1000,0,0.0,0.0,0.0,0.0
0.15,0.0001,0.0003,0.001,0.2,1000.0,1000,0,0.0,0.0,0.0,0.0
0.15,0.0001,0.0003,0.001,0.5,10.0,1000,0,0.0,0.0,0.0,0.0
0.15,0.0001,0.0003,0.001,0.5,100.0,1000,0,0.0,0.0,0.0,0.0
0.15,0.0001,0.0003,0.001,0.5,1000.0,1000,0,0.0,0.0,0.0,0.0
0.15,0.0001,0.0003,0.001,1.0,10.0,1000,0,0.0,0.0,0.0,0.0
0.15,0.0001,0.0003,0.001,1.0,100.0,1000,0,0.0,0.0,0.0,0.0
0.15,0.0001,0.0003,0.001,1.0,1000.0,1000,0,0.0,0.0,0.0,0.0
0.15,0.0001,0.0003,0.1,-0.5,10.0,1000,0,0.0,0.0,0.0,0.0
0.15,0.0001,0.0003,0.1,-0.5,100.0,1000,0,0.0,0.0,0.0,0.0
0.15,0.0001,0.0003,0.1,-0.5,1000.0,1000,0,0.0,0.0,0.0,0.0
0.15,0.0001,0.0003,0.1,-0.2,10.0,1000,0,0.0,0.0,0.0,0.0
0.15,0.0001,0.0003,0.1,-0.2,100.0,1000,0,0.0,0.0,0.0,0.0
0.15,0.0001,0.0003,0.1,-0.2,1000.0,1000,0,0.0,0.0,0.0,0.0
0.15,0.0001,0.0003,0.1,-0.1,10.0,1000,0,0.0,0.0,0.0,0.0
0.15,0.0001,0.0003,0.1,-0.1,100.0,1000,0,0.0,0.0,0.0,0.0
0.15,0.0001,0.0003,0.1,-0.1,1000.0,1000,0,0.0,0.0,0.0,0.0
0.15,0.0001,0.0003,0.1,0.0,10.0,1000,0,0.0,0.0,0.0,0.0
0.15,0.0001,0.0003,0.1,0.0,100.0,1000,0,0.0,0.0,0.0,0.0
0.15,0.0001,0.0003,0.1,0.0,1000.0,1000,0,0.0,0.0,0.0,0.0
0.15,0.0001,0.0003,0.1,0.1,10.0,1000,0,0.0,0.0,0.0,0.0
0.15,0.0001,0.0003,0.1,0.1,100.0,1000,0,0.0,0.0,0.0,0.0
0.15,0.0001,0.0003,0.1,0.1,1000.0,1000,0,0.0,0.0,0.0,0.0
0.15,0.0001,0.0003,0.1,0.2,10.0,1000,0,0.0,0.0,0.0,0.0
0.15,0.0001,0.0003,0.1,0.2,100.0,1000,0,0.0,0.0,0.0,0.0
0.15,0.0001,0.0003,0.1,0.2,1000.0,1000,0,0.0,0.0,0.0,0.0
0.15,0.0001,0.0003,0.1,0.5,10.0,1000,0,0.0,0.0,0.0,0.0
0.15,0.0001,0.0003,0.1,0.5,100.0,1000,0,0.0,0.0,0.0,0.0
0.15,0.0001,0.0003,0.1,0.5,1000.0,1000,0,0.0,0.0,0.0,0.0
0.15,0.0001,0.0003,0.1,1.0,10.0,1000,0,0.0,0.0,0.0,0.0
0.15,0.0001,0.0003,0.1,1.0,100.0,1000,0,0.0,35.36699225527138,0.0,242.57478788428034
0.15,0.0001,0.0003,0.1,1.0,1000.0,1000,0,0.0,31.03776037347087,0.0,199.28737662519748
0.15,0.0001,0.0003,1.0,-0.5,10.0,1000,0,0.0,0.0,0.0,0.0
0.15,0.0001,0.0003,1.0,-0.5,100.0,1000,0,0.0,0.0,0.0,0.0
0.15,0.0001,0.0003,1.0,-0.5,1000.0,1000,0,0.0,0.0,0.0,0.0
0.15,0.0001,0.0003,1.0,-0.2,10.0,1000,0,0.0,0.0,0.0,0.0
0.15,0.0001,0.0003,1.0,-0.2,100.0,1000,0,0.0,0.0,0.0,0.0
0.15,0.0001,0.0003,1.0,-0.2,1000.0,1000,0,0.0,29.95162815684223,0.0,552.5383236483725
0.15,0.0001,0.0003,1.0,-0.1,10.0,1000,0,0.0,0.0,0.0,0.0
0.15,0.0001,0.0003,1.0,-0.1,100.0,1000,0,0.0,10.581647209134657,0.0,59.473764495131014
0.15,0.0001,0.0003,1.0,-0.1,1000.0,1000,0,0.0,31.12914433910194,0.0,324.0141176774534
0.15,0.0001,0.0003,1.0,0.0,10.0,1000,0,0.0,21.23348107710996,0.0,22.52338944524101
0.15,0.0001,0.0003,1.0,0.0,100.0,1000,0,0.0,9.611572231116462,0.0,45.57791298327816
0.15,0.0001,0.0003,1.0,0.0,1000.0,1000,0,0.0,20.695022434383667,0.0,219.19520909504004
0.15,0.0001,0.0003,1.0,0.1,10.0,1000,0,0.0,22.4392790474827,0.0,235.89680999916988
0.15,0.0001,0.0003,1.0,0.1,100.0,1000,0,0.0,9.263065246233591,0.0,87.3700591591479
0.15,0.0001,0.0003,1.0,0.1,1000.0,1000,0,0.0,17.637006691094523,0.0,198.5303216085077
0.15,0.0001,0.0003,1.0,0.2,10.0,1000,0,0.0,29.411224960404798,0.0,251.2034725165847
0.15,0.0001,0.0003,1.0,0.2,100.0,1000,0,0.0,13.039015334704407,0.0,476.32324143773116
0.15,0.0001,0.0003,1.0,0.2,1000.0,1000,0,0.0,16.833942383063697,0.0,487.4444230104335
0.15,0.0001,0.0003,1.0,0.5,10.0,917,83,0.6458995874485071,26.43604437930281,0.018571894946950957,240.63037760051049
0.15,0.0001,0.0003,1.0,0.5,100.0,765,235,0.6395009134611005,8.590075358535318,0.020128913932093116,127.40808037809317
0.15,0.0001,0.0003,1.0,0.5,1000.0,754,246,0.6525205314900305,13.230762965745289,0.019117953004412866,432.5535462466639
0.15,0.0001,0.0003,1.0,1.0,10.0,668,332,0.7635397204781218,26.294207745599834,0.0038532101532013415,269.0061203153602
0.15,0.0001,0.0003,1.0,1.0,100.0,516,484,0.7650217099129594,5.777013482520587,0.003886913332265431,143.39023589884903
0.15,0.0001,0.0003,1.0,1.0,1000.0,477,523,0.7646917646635034,9.619522143504646,0.0038419724662071704,286.72416484163125
0.15,0.0001,0.0001,1e-05,-0.5,10.0,1000,0,0.0,0.0,0.0,0.0
0.15,0.0001,0.0001,1e-05,-0.5,100.0,1000,0,0.0,0.0,0.0,0.0
0.15,0.0001,0.0001,1e-05,-0.5,1000.0,1000,0,0.0,0.0,0.0,0.0
0.15,0.0001,0.0001,1e-05,-0.2,10.0,1000,0,0.0,0.0,0.0,0.0
0.15,0.0001,0.0001,1e-05,-0.2,100.0,1000,0,0.0,0.0,0.0,0.0
0.15,0.0001,0.0001,1e-05,-0.2,1000.0,1000,0,0.0,0.0,0.0,0.0
0.15,0.0001,0.0001,1e-05,-0.1,10.0,1000,0,0.0,0.0,0.0,0.0
0.15,0.0001,0.0001,1e-05,-0.1,100.0,1000,0,0.0,0.0,0.0,0.0
0.15,0.0001,0.0001,1e-05,-0.1,1000.0,1000,0,0.0,0.0,0.0,0.0
0.15,0.0001,0.0001,1e-05,0.0,10.0,1000,0,0.0,0.0,0.0,0.0
0.15,0.0001,0.0001,1e-05,0.0,100.0,1000,0,0.0,0.0,0.0,0.0
0.15,0.0001,0.0001,1e-05,0.0,1000.0,1000,0,0.0,0.0,0.0,0.0
0.15,0.0001,0.0001,1e-05,0.1,10.0,1000,0,0.0,0.0,0.0,0.0
0.15,0.0001,0.0001,1e-05,0.1,100.0,1000,0,0.0,0.0,0.0,0.0
0.15,0.0001,0.0001,1e-05,0.1,1000.0,1000,0,0.0,0.0,0.0,0.0
0.15,0.0001,0.0001,1e-05,0.2,10.0,1000,0,0.0,0.0,0.0,0.0
0.15,0.0001,0.0001,1e-05,0.2,100.0,1000,0,0.0,0.0,0.0,0.0
0.15,0.0001,0.0001,1e-05,0.2,1000.0,1000,0,0.0,0.0,0.0,0.0
0.15,0.0001,0.0001,1e-05,0.5,10.0,1000,0,0.0,0.0,0.0,0.0
0.15,0.0001,0.0001,1e-05,0.5,100.0,1000,0,0.0,0.0,0.0,0.0
0.15,0.0001,0.0001,1e-05,0.5,1000.0,1000,0,0.0,0.0,0.0,0.0
0.15,0.0001,0.0001,1e-05,1.0,10.0,1000,0,0.0,0.0,0.0,0.0
0.15,0.0001,0.0001,1e-05,1.0,100.0,1000,0,0.0,0.0,0.0,0.0
0.15,0.0001,0.0001,1e-05,1.0,1000.0,1000,0,0.0,0.0,0.0,0.0
0.15,0.0001,0.0001,0.001,-0.5,10.0,1000,0,0.0,0.0,0.0,0.0
0.15,0.0001,0.0001,0.001,-0.5,100.0,1000,0,0.0,0.0,0.0,0.0
0.15,0.0001,0.0001,0.001,-0.5,1000.0,1000,0,0.0,0.0,0.0,0.0
0.15,0.0001,0.0001,0.001,-0.2,10.0,1000,0,0.0,0.0,0.0,0.0
0.15,0.0001,0.0001,0.001,-0.2,100.0,1000,0,0.0,0.0,0.0,0.0
0.15,0.0001,0.0001,0.001,-0.2,1000.0,1000,0,0.0,0.0,0.0,0.0
0.15,0.0001,0.0001,0.001,-0.1,10.0,1000,0,0.0,0.0,0.0,0.0
0.15,0.0001,0.0001,0.001,-0.1,100.0,1000,0,0.0,0.0,0.0,0.0
0.15,0.0001,0.0001,0.001,-0.1,1000.0,1000,0,0.0,0.0,0.0,0.0
0.15,0.0001,0.0001,0.001,0.0,10.0,1000,0,0.0,0.0,0.0,0.0
0.15,0.0001,0.0001,0.001,0.0,100.0,1000,0,0.0,0.0,0.0,0.0
0.15,0.0001,0.0001,0.001,0.0,1000.0,1000,0,0.0,0.0,0.0,0.0
0.15,0.0001,0.0001,0.001,0.1,10.0,1000,0,0.0,0.0,0.0,0.0
0.15,0.0001,0.0001,0.001,0.1,100.0,1000,0,0.0,0.0,0.0,0.0
0.15,0.0001,0.0001,0.001,0.1,1000.0,1000,0,0.0,0.0,0.0,0.0
0.15,0.0001,0.0001,0.001,0.2,10.0,1000,0,0.0,0.0,0.0,0.0
0.15,0.0001,0.0001,0.001,0.2,100.0,1000,0,0.0,0.0,0.0,0.0
0.15,0.0001,0.0001,0.001,0.2,1000.0,1000,0,0.0,0.0,0.0,0.0
0.15,0.0001,0.0001,0.001,0.5,10.0,1000,0,0.0,0.0,0.0,0.0
0.15,0.0001,0.0001,0.001,0.5,100.0,1000,0,0.0,0.0,0.0,0.0
0.15,0.0001,0.0001,0.001,0.5,1000.0,1000,0,0.0,0.0,0.0,0.0
0.15,0.0001,0.0001,0.001,1.0,10.0,1000,0,0.0,0.0,0.0,0.0
0.15,0.0001,0.0001,0.001,1.0,100.0,1000,0,0.0,0.0,0.0,0.0
0.15,0.0001,0.0001,0.001,1.0,1000.0,1000,0,0.0,0.0,0.0,0.0
0.15,0.0001,0.0001,0.1,-0.5,10.0,1000,0,0.0,0.0,0.0,0.0
0.15,0.0001,0.0001,0.1,-0.5,100.0,1000,0,0.0,0.0,0.0,0.0
0.15,0.0001,0.0001,0.1,-0.5,1000.0,1000,0,0.0,0.0,0.0,0.0
0.15,0.0001,0.0001,0.1,-0.2,10.0,1000,0,0.0,0.0,0.0,0.0
0.15,0.0001,0.0001,0.1,-0.2,100.0,1000,0,0.0,0.0,0.0,0.0
0.15,0.0001,0.0001,0.1,-0.2,1000.0,1000,0,0.0,0.0,0.0,0.0
0.15,0.0001,0.0001,0.1,-0.1,10.0,1000,0,0.0,0.0,0.0,0.0
0.15,0.0001,0.0001,0.1,-0.1,100.0,1000,0,0.0,0.0,0.0,0.0
0.15,0.0001,0.0001,0.1,-0.1,1000.0,1000,0,0.0,0.0,0.0,0.0
0.15,0.0001,0.0001,0.1,0.0,10.0,1000,0,0.0,0.0,0.0,0.0
0.15,0.0001,0.0001,0.1,0.0,100.0,1000,0,0.0,0.0,0.0,0.0
0.15,0.0001,0.0001,0.1,0.0,1000.0,1000,0,0.0,0.0,0.0,0.0
0.15,0.0001,0.0001,0.1,0.1,10.0,1000,0,0.0,0.0,0.0,0.0
0.15,0.0001,0.0001,0.1,0.1,100.0,1000,0,0.0,0.0,0.0,0.0
0.15,0.0001,0.0001,0.1,0.1,1000.0,1000,0,0.0,0.0,0.0,0.0
0.15,0.0001,0.0001,0.1,0.2,10.0,1000,0,0.0,0.0,0.0,0.0
0.15,0.0001,0.0001,0.1,0.2,100.0,1000,0,0.0,0.0,0.0,0.0
0.15,0.0001,0.0001,0.1,0.2,1000.0,1000,0,0.0,0.0,0.0,0.0
0.15,0.0001,0.0001,0.1,0.5,10.0,1000,0,0.0,0.0,0.0,0.0
0.15,0.0001,0.0001,0.1,0.5,100.0,1000,0,0.0,0.0,0.0,0.0
0.15,0.0001,0.0001,0.1,0.5,1000.0,1000,0,0.0,0.0,0.0,0.0
0.15,0.0001,0.0001,0.1,1.0,10.0,1000,0,0.0,0.0,0.0,0.0
0.15,0.0001,0.0001,0.1,1.0,100.0,1000,0,0.0,0.0,0.0,0.0
0.15,0.0001,0.0001,0.1,1.0,1000.0,1000,0,0.0,0.0,0.0,0.0
0.15,0.0001,0.0001,1.0,-0.5,10.0,1000,0,0.0,0.0,0.0,0.0
0.15,0.0001,0.0001,1.0,-0.5,100.0,1000,0,0.0,0.0,0.0,0.0
0.15,0.0001,0.0001,1.0,-0.5,1000.0,1000,0,0.0,0.0,0.0,0.0
0.15,0.0001,0.0001,1.0,-0.2,10.0,1000,0,0.0,0.0,0.0,0.0
0.15,0.0001,0.0001,1.0,-0.2,100.0,1000,0,0.0,0.0,0.0,0.0
0.15,0.0001,0.0001,1.0,-0.2,1000.0,1000,0,0.0,0.0,0.0,0.0
0.15,0.0001,0.0001,1.0,-0.1,10.0,1000,0,0.0,0.0,0.0,0.0
0.15,0.0001,0.0001,1.0,-0.1,100.0,1000,0,0.0,0.0,0.0,0.0
0.15,0.0001,0.0001,1.0,-0.1,1000.0,1000,0,0.0,0.0,0.0,0.0
0.15,0.0001,0.0001,1.0,0.0,10.0,1000,0,0.0,0.0,0.0,0.0
0.15,0.0001,0.0001,1.0,0.0,100.0,1000,0,0.0,0.0,0.0,0.0
0.15,0.0001,0.0001,1.0,0.0,1000.0,1000,0,0.0,0.0,0.0,0.0
0.15,0.0001,0.0001,1.0,0.1,10.0,1000,0,0.0,0.0,0.0,0.0
0.15,0.0001,0.0001,1.0,0.1,100.0,1000,0,0.0,26.73136787811797,0.0,117.97654211585844
0.15,0.0001,0.0001,1.0,0.1,1000.0,1000,0,0.0,30.4602097190734,0.0,480.39886715839395
0.15,0.0001,0.0001,1.0,0.2,10.0,1000,0,0.0,0.0,0.0,0.0
0.15,0.0001,0.0001,1.0,0.2,100.0,1000,0,0.0,37.44376046952233,0.0,1555.399832271317
0.15,0.0001,0.0001,1.0,0.2,1000.0,1000,0,0.0,35.45392619141335,0.0,902.6846864273783
0.15,0.0001,0.0001,1.0,0.5,10.0,892,108,0.6657985487522432,84.87295586950415,0.0024674728590591793,1827.1383069709266
0.15,0.0001,0.0001,1.0,0.5,100.0,695,305,0.6576665953933647,23.1169438652624,0.0036498331620880404,899.5325791293511
0.15,0.0001,0.0001,1.0,0.5,1000.0,553,447,0.667499526975914,22.337580608551605,0.0026384037517497806,754.9900004801831
0.15,0.0001,0.0001,1.0,1.0,10.0,708,292,0.7661968878293632,67.81893731735634,0.001134900726864865,793.4041987459619
0.15,0.0001,0.0001,1.0,1.0,100.0,482,518,0.7630547703525473,13.121434966106102,0.0011940545047021461,512.0213680384837
0.15,0.0001,0.0001,1.0,1.0,1000.0,301,699,0.7667860858908759,14.006320646530916,0.0011314972910922052,571.5477949843573
0.15,0.0001,0.003,1e-05,-0.5,10.0,1000,0,0.0,8.09698098232017,0.0,15.142076657377675
0.15,0.0001,0.003,1e-05,-0.5,100.0,1000,0,0.0,4.469112706343761,0.0,14.735335577510991
0.15,0.0001,0.003,1e-05,-0.5,1000.0,1000,0,0.0,0.6778751661724154,0.0,0.8442192866203971
0.15,0.0001,0.003,1e-05,-0.2,10.0,1000,0,0.0,5.436126747424769,0.0,1.741796954008538
0.15,0.0001,0.003,1e-05,-0.2,100.0,1000,0,0.0,2.6839035213127933,0.0,19.085470812712686
0.15,0.0001,0.003,1e-05,-0.2,1000.0,1000,0,0.0,0.5553688872539904,0.0,0.7549618284792398
0.15,0.0001,0.003,1e-05,-0.1,10.0,1000,0,0.0,8.113084137757655,0.0,44.98349310006202
0.15,0.0001,0.003,1e-05,-0.1,100.0,1000,0,0.0,4.444040019298451,0.0,29.465877527509097
0.15,0.0001,0.003,1e-05,-0.1,1000.0,1000,0,0.0,1.9263210393286074,0.0,12.827602259816071
0.15,0.0001,0.003,1e-05,0.0,10.0,1000,0,0.0,6.890368097267978,0.0,30.177192427108587
0.15,0.0001,0.003,1e-05,0.0,100.0,1000,0,0.0,1.7961482351594469,0.0,5.04303887292083
0.15,0.0001,0.003,1e-05,0.0,1000.0,1000,0,0.0,2.0195400634529563,0.0,16.226096712782613
0.15,0.0001,0.003,1e-05,0.1,10.0,1000,0,0.0,10.452925778824815,0.0,2.745828254941203
0.15,0.0001,0.003,1e-05,0.1,100.0,1000,0,0.0,1.9906661703404949,0.0,2.466599126634632
0.15,0.0001,0.003,1e-05,0.1,1000.0,1000,0,0.0,0.6065504128567172,0.0,0.7561912562010672
0.15,0.0001,0.003,1e-05,0.2,10.0,1000,0,0.0,5.644203356256113,0.0,5.870207127939284
0.15,0.0001,0.003,1e-05,0.2,100.0,1000,0,0.0,3.569620044879354,0.0,22.108640965355125
0.15,0.0001,0.003,1e-05,0.2,1000.0,1000,0,0.0,1.380592211089024,0.0,8.904195743531014
0.15,0.0001,0.003,1e-05,0.5,10.0,1000,0,0.0,6.1837805282331075,0.0,7.6726820421417194
0.15,0.0001,0.003,1e-05,0.5,100.0,1000,0,0.0,2.3762180464757736,0.0,3.0545070799570975
0.15,0.0001,0.003,1e-05,0.5,1000.0,1000,0,0.0,0.4056118570674553,0.0,0.20333516214340908
0.15,0.0001,0.003,1e-05,1.0,10.0,1000,0,0.0,8.33499519977525,0.0,169.79727570395718
0.15,0.0001,0.003,1e-05,1.0,100.0,1000,0,0.0,3.5480334948653187,0.0,7.265794238850883
0.15,0.0001,0.003,1e-05,1.0,1000.0,1000,0,0.0,1.3982801853139293,0.0,11.796361399811396
0.15,0.0001,0.003,0.001,-0.5,10.0,1000,0,0.0,3.394997899884445,0.0,6.169899528122019
0.15,0.0001,0.003,0.001,-0.5,100.0,1000,0,0.0,2.2850255024665684,0.0,3.585107460925272
0.15,0.0001,0.003,0.001,-0.5,1000.0,1000,0,0.0,2.350061858965848,0.0,94.2349473572274
0.15,0.0001,0.003,0.001,-0.2,10.0,1000,0,0.0,9.17977548576759,0.0,64.76866652153576
0.15,0.0001,0.003,0.001,-0.2,100.0,1000,0,0.0,1.358188550534441,0.0,1.1714086701229967
0.15,0.0001,0.003,0.001,-0.2,1000.0,1000,0,0.0,1.7134132225277892,0.0,6.401713204961518
0.15,0.0001,0.003,0.001,-0.1,10.0,1000,0,0.0,5.434509579466577,0.0,15.252942061440482
0.15,0.0001,0.003,0.001,-0.1,100.0,1000,0,0.0,4.239053775413081,0.0,26.856350490522715
0.15,0.0001,0.003,0.001,-0.1,1000.0,1000,0,0.0,1.1491604716365365,0.0,20.23501687837822
0.15,0.0001,0.003,0.001,0.0,10.0,1000,0,0.0,7.506326928938267,0.0,80.15061654901102
0.15,0.0001,0.003,0.001,0.0,100.0,1000,0,0.0,7.769233258134849,0.0,112.59197467808005
0.15,0.0001,0.003,0.001,0.0,1000.0,1000,0,0.0,0.8281541524612392,0.0,1.5820295310111216
0.15,0.0001,0.003,0.001,0.1,10.0,1000,0,0.0,9.207610398448141,0.0,15.942482119938237
0.15,0.0001,0.003,0.001,0.1,100.0,1000,0,0.0,3.201559239752286,0.0,21.794004635690477
0.15,0.0001,0.003,0.001,0.1,1000.0,1000,0,0.0,2.3523137549537476,0.0,51.867739948122264
0.15,0.0001,0.003,0.001,0.2,10.0,1000,0,0.0,7.011843503545024,0.0,62.59090781471714
0.15,0.0001,0.003,0.001,0.2,100.0,1000,0,0.0,5.287379156491362,0.0,116.8041042680203
0.15,0.0001,0.003,0.001,0.2,1000.0,1000,0,0.0,1.3099051564257722,0.0,2.345129656211225
0.15,0.0001,0.003,0.001,0.5,10.0,1000,0,0.0,3.259868700640558,0.0,12.443716008018244
0.15,0.0001,0.003,0.001,0.5,100.0,1000,0,0.0,6.553889447863838,0.0,147.6842216258163
0.15,0.0001,0.003,0.001,0.5,1000.0,1000,0,0.0,3.0994778685449265,0.0,82.8366491609939
0.15,0.0001,0.003,0.001,1.0,10.0,1000,0,0.0,9.596948101685093,0.0,119.04730771599708
0.15,0.0001,0.003,0.001,1.0,100.0,1000,0,0.0,2.724717392164425,0.0,10.684120914166066
0.15,0.0001,0.003,0.001,1.0,1000.0,1000,0,0.0,0.8662440690336355,0.0,4.3748529779313925
0.15,0.0001,0.003,0.1,-0.5,10.0,1000,0,0.0,4.644406321261513,0.0,54.37185383085994
0.15,0.0001,0.003,0.1,-0.5,100.0,1000,0,0.0,3.8362113007920455,0.0,43.64686995215539
0.15,0.0001,0.003,0.1,-0.5,1000.0,1000,0,0.0,5.213402945541281,0.0,178.03141634849652
0.15,0.0001,0.003,0.1,-0.2,10.0,1000,0,0.0,4.094325188236393,0.0,20.00351774189341
0.15,0.0001,0.003,0.1,-0.2,100.0,1000,0,0.0,3.9451389359594082,0.0,90.39854710531019
0.15,0.0001,0.003,0.1,-0.2,1000.0,1000,0,0.0,5.116203082693335,0.0,271.223217318393
0.15,0.0001,0.003,0.1,-0.1,10.0,1000,0,0.0,3.432898492926547,0.0,21.161149174317
0.15,0.0001,0.003,0.1,-0.1,100.0,1000,0,0.0,3.7821141217163396,0.0,49.65180334441193
0.15,0.0001,0.003,0.1,-0.1,1000.0,1000,0,0.0,3.858259272543454,0.0,144.8538899662942
0.15,0.0001,0.003,0.1,0.0,10.0,1000,0,0.0,3.6754463541692353,0.0,20.05616100134269
0.15,0.0001,0.003,0.1,0.0,100.0,1000,0,0.0,3.1892743067468228,0.0,37.52880514718066
0.15,0.0001,0.003,0.1,0.0,1000.0,1000,0,0.0,6.4728619104556735,0.0,235.35470925392366
0.15,0.0001,0.003,0.1,0.1,10.0,1000,0,0.0,4.179872777091871,0.0,47.42459120712399
0.15,0.0001,0.003,0.1,0.1,100.0,1000,0,0.0,3.9305527781497958,0.0,73.47642185763175
0.15,0.0001,0.003,0.1,0.1,1000.0,1000,0,0.0,5.744132418647624,0.0,198.57553836341148
0.15,0.0001,0.003,0.1,0.2,10.0,1000,0,0.0,3.9816791410952628,0.0,81.42968832287838
0.15,0.0001,0.003,0.1,0.2,100.0,1000,0,0.0,3.209517028507479,0.0,36.43654197681559
0.15,0.0001,0.003,0.1,0.2,1000.0,1000,0,0.0,4.436472008617872,0.0,134.6307741460206
0.15,0.0001,0.003,0.1,0.5,10.0,1000,0,0.0,3.1872676387058543,0.0,12.511485528552123
0.15,0.0001,0.003,0.1,0.5,100.0,1000,0,0.0,3.6173204087418416,0.0,57.234292905793495
0.15,0.0001,0.003,0.1,0.5,1000.0,1000,0,0.0,3.8958520860509243,0.0,90.86323253059197
0.15,0.0001,0.003,0.1,1.0,10.0,1000,0,0.0,2.8892311807198587,0.0,10.155990816274324
0.15,0.0001,0.003,0.1,1.0,100.0,1000,0,0.0,2.762292461809994,0.0,45.55187129264806
0.15,0.0001,0.003,0.1,1.0,1000.0,1000,0,0.0,2.954176679334682,0.0,47.618442921088906
0.15,0.0001,0.003,1.0,-0.5,10.0,1000,0,0.0,0.7760030797555298,0.0,2.248952049856666
0.15,0.0001,0.003,1.0,-0.5,100.0,1000,0,0.0,1.5124071525179275,0.0,26.928045456839783
0.15,0.0001,0.003,1.0,-0.5,1000.0,1000,0,0.0,2.2414543361710964,0.0,74.45738790897967
0.15,0.0001,0.003,1.0,-0.2,10.0,1000,0,0.0,1.1138659140830858,0.0,21.335058114630748
0.15,0.0001,0.003,1.0,-0.2,100.0,1000,0,0.0,1.1874731610383218,0.0,22.45039932072197
0.15,0.0001,0.003,1.0,-0.2,1000.0,1000,0,0.0,2.4627733283069415,0.0,66.07716935672994
0.15,0.0001,0.003,1.0,-0.1,10.0,1000,0,0.0,0.9140235328306163,0.0,36.66198870303204
0.15,0.0001,0.003,1.0,-0.1,100.0,1000,0,0.0,1.841755084102858,0.0,61.93248126796286
0.15,0.0001,0.003,1.0,-0.1,1000.0,1000,0,0.0,3.073409104214171,0.0,137.49313349037885
0.15,0.0001,0.003,1.0,0.0,10.0,1000,0,0.0,0.8169092473139339,0.0,24.73600364237004
0.15,0.0001,0.003,1.0,0.0,100.0,1000,0,0.0,0.9337351133297006,0.0,12.676210648139625
0.15,0.0001,0.003,1.0,0.0,1000.0,1000,0,0.0,2.135057239111582,0.0,67.03352714068163
0.15,0.0001,0.003,1.0,0.1,10.0,1000,0,0.0,0.6391550274697383,0.0,4.495022581100515
0.15,0.0001,0.003,1.0,0.1,100.0,1000,0,0.0,1.3792531363242422,0.0,49.6507285280492
0.15,0.0001,0.003,1.0,0.1,1000.0,1000,0,0.0,1.8193300851671532,0.0,47.06430167905513
0.15,0.0001,0.003,1.0,0.2,10.0,1000,0,0.0,0.8464117803663692,0.0,21.7470303359575
0.15,0.0001,0.003,1.0,0.2,100.0,1000,0,0.0,1.434623985020263,0.0,55.17538781879231
0.15,0.0001,0.003,1.0,0.2,1000.0,1000,0,0.0,1.5758153633229641,0.0,43.309908738496766
0.15,0.0001,0.003,1.0,0.5,10.0,1000,0,0.0,0.8395450552441981,0.0,11.799241747467077
0.15,0.0001,0.003,1.0,0.5,100.0,1000,0,0.0,1.0531155100472305,0.0,18.93755667791795
0.15,0.0001,0.003,1.0,0.5,1000.0,1000,0,0.0,2.024127188157694,0.0,48.755018996973114
0.15,0.0001,0.003,1.0,1.0,10.0,1000,0,0.0,0.5778709009257337,0.0,5.878111223066382
0.15,0.0001,0.003,1.0,1.0,100.0,1000,0,0.0,0.7809028123436413,0.0,16.263091467768074
0.15,0.0001,0.003,1.0,1.0,1000.0,1000,0,0.0,1.6529192631933602,0.0,41.85328657732324
0.15,0.0001,0.001,1e-05,-0.5,10.0,1000,0,0.0,0.0,0.0,0.0
0.15,0.0001,0.001,1e-05,-0.5,100.0,1000,0,0.0,0.0,0.0,0.0
0.15,0.0001,0.001,1e-05,-0.5,1000.0,1000,0,0.0,0.0,0.0,0.0
0.15,0.0001,0.001,1e-05,-0.2,10.0,1000,0,0.0,0.0,0.0,0.0
0.15,0.0001,0.001,1e-05,-0.2,100.0,1000,0,0.0,0.0,0.0,0.0
0.15,0.0001,0.001,1e-05,-0.2,1000.0,1000,0,0.0,0.0,0.0,0.0
0.15,0.0001,0.001,1e-05,-0.1,10.0,1000,0,0.0,0.0,0.0,0.0
0.15,0.0001,0.001,1e-05,-0.1,100.0,1000,0,0.0,0.0,0.0,0.0
0.15,0.0001,0.001,1e-05,-0.1,1000.0,1000,0,0.0,0.0,0.0,0.0
0.15,0.0001,0.001,1e-05,0.0,10.0,1000,0,0.0,0.0,0.0,0.0
0.15,0.0001,0.001,1e-05,0.0,100.0,1000,0,0.0,0.0,0.0,0.0
0.15,0.0001,0.001,1e-05,0.0,1000.0,1000,0,0.0,0.0,0.0,0.0
0.15,0.0001,0.001,1e-05,0.1,10.0,1000,0,0.0,0.0,0.0,0.0
0.15,0.0001,0.001,1e-05,0.1,100.0,1000,0,0.0,0.0,0.0,0.0
0.15,0.0001,0.001,1e-05,0.1,1000.0,1000,0,0.0,0.0,0.0,0.0
0.15,0.0001,0.001,1e-05,0.2,10.0,1000,0,0.0,0.0,0.0,0.0
0.15,0.0001,0.001,1e-05,0.2,100.0,1000,0,0.0,0.0,0.0,0.0
0.15,0.0001,0.001,1e-05,0.2,1000.0,1000,0,0.0,0.0,0.0,0.0
0.15,0.0001,0.001,1e-05,0.5,10.0,1000,0,0.0,0.0,0.0,0.0
0.15,0.0001,0.001,1e-05,0.5,100.0,1000,0,0.0,0.0,0.0,0.0
0.15,0.0001,0.001,1e-05,0.5,1000.0,1000,0,0.0,0.0,0.0,0.0
0.15,0.0001,0.001,1e-05,1.0,10.0,1000,0,0.0,0.0,0.0,0.0
0.15,0.0001,0.001,1e-05,1.0,100.0,1000,0,0.0,0.0,0.0,0.0
0.15,0.0001,0.001,1e-05,1.0,1000.0,1000,0,0.0,0.0,0.0,0.0
0.15,0.0001,0.001,0.001,-0.5,10.0,1000,0,0.0,0.0,0.0,0.0
0.15,0.0001,0.001,0.001,-0.5,100.0,1000,0,0.0,0.0,0.0,0.0
0.15,0.0001,0.001,0.001,-0.5,1000.0,1000,0,0.0,0.0,0.0,0.0
0.15,0.0001,0.001,0.001,-0.2,10.0,1000,0,0.0,0.0,0.0,0.0
0.15,0.0001,0.001,0.001,-0.2,100.0,1000,0,0.0,0.0,0.0,0.0
0.15,0.0001,0.001,0.001,-0.2,1000.0,1000,0,0.0,0.0,0.0,0.0
0.15,0.0001,0.001,0.001,-0.1,10.0,1000,0,0.0,0.0,0.0,0.0
0.15,0.0001,0.001,0.001,-0.1,100.0,1000,0,0.0,0.0,0.0,0.0
0.15,0.0001,0.001,0.001,-0.1,1000.0,1000,0,0.0,0.0,0.0,0.0
0.15,0.0001,0.001,0.001,0.0,10.0,1000,0,0.0,0.0,0.0,0.0
0.15,0.0001,0.001,0.001,0.0,100.0,1000,0,0.0,0.0,0.0,0.0
0.15,0.0001,0.001,0.001,0.0,1000.0,1000,0,0.0,0.0,0.0,0.0
0.15,0.0001,0.001,0.001,0.1,10.0,1000,0,0.0,0.0,0.0,0.0
0.15,0.0001,0.001,0.001,0.1,100.0,1000,0,0.0,0.0,0.0,0.0
0.15,0.0001,0.001,0.001,0.1,1000.0,1000,0,0.0,0.0,0.0,0.0
0.15,0.0001,0.001,0.001,0.2,10.0,1000,0,0.0,0.0,0.0,0.0
0.15,0.0001,0.001,0.001,0.2,100.0,1000,0,0.0,0.0,0.0,0.0
0.15,0.0001,0.001,0.001,0.2,1000.0,1000,0,0.0,0.0,0.0,0.0
0.15,0.0001,0.001,0.001,0.5,10.0,1000,0,0.0,0.0,0.0,0.0
0.15,0.0001,0.001,0.001,0.5,100.0,1000,0,0.0,0.0,0.0,0.0
0.15,0.0001,0.001,0.001,0.5,1000.0,1000,0,0.0,0.0,0.0,0.0
0.15,0.0001,0.001,0.001,1.0,10.0,1000,0,0.0,0.0,0.0,0.0
0.15,0.0001,0.001,0.001,1.0,100.0,1000,0,0.0,0.0,0.0,0.0
0.15,0.0001,0.001,0.001,1.0,1000.0,1000,0,0.0,0.0,0.0,0.0
0.15,0.0001,0.001,0.1,-0.5,10.0,1000,0,0.0,8.009504527123708,0.0,8.437330811862253
0.15,0.0001,0.001,0.1,-0.5,100.0,1000,0,0.0,11.2375684661441,0.0,0.0
0.15,0.0001,0.001,0.1,-0.5,1000.0,1000,0,0.0,0.0,0.0,0.0
0.15,0.0001,0.001,0.1,-0.2,10.0,1000,0,0.0,13.794808961322026,0.0,155.68296789936315
0.15,0.0001,0.001,0.1,-0.2,100.0,1000,0,0.0,18.14327202517765,0.0,99.25940323769355
0.15,0.0001,0.001,0.1,-0.2,1000.0,1000,0,0.0,20.614094393503457,0.0,240.31792115765973
0.15,0.0001,0.001,0.1,-0.1,10.0,1000,0,0.0,12.319770194960359,0.0,30.647208055514074
0.15,0.0001,0.001,0.1,-0.1,100.0,1000,0,0.0,7.372962248721826,0.0,34.06048246502955
0.15,0.0001,0.001,0.1,-0.1,1000.0,1000,0,0.0,15.107177318360081,0.0,232.64420633559348
0.15,0.0001,0.001,0.1,0.0,10.0,1000,0,0.0,10.94857286600404,0.0,47.82722263380127
0.15,0.0001,0.001,0.1,0.0,100.0,1000,0,0.0,12.417921494884443,0.0,64.57516645840751
0.15,0.0001,0.001,0.1,0.0,1000.0,1000,0,0.0,11.282759243951922,0.0,20.367045269152484
0.15,0.0001,0.001,0.1,0.1,10.0,1000,0,0.0,13.783667619102905,0.0,193.10833275212738
0.15,0.0001,0.001,0.1,0.1,100.0,1000,0,0.0,13.878669437320678,0.0,156.8580881995626
0.15,0.0001,0.001,0.1,0.1,1000.0,1000,0,0.0,19.652417704360396,0.0,132.0748950615678
0.15,0.0001,0.001,0.1,0.2,10.0,1000,0,0.0,9.720887019954112,0.0,20.554979287330866
0.15,0.0001,0.001,0.1,0.2,100.0,1000,0,0.0,17.876516029002328,0.0,745.8351326643827
0.15,0.0001,0.001,0.1,0.2,1000.0,1000,0,0.0,9.09248349360807,0.0,0.8656432188207939
0.15,0.0001,0.001,0.1,0.5,10.0,1000,0,0.0,14.365350267832964,0.0,63.096229200089766
0.15,0.0001,0.001,0.1,0.5,100.0,1000,0,0.0,14.598041909382134,0.0,189.03993458479997
0.15,0.0001,0.001,0.1,0.5,1000.0,1000,0,0.0,23.330593913526084,0.0,2140.4518045055383
0.15,0.0001,0.001,0.1,1.0,10.0,1000,0,0.0,11.86750242293978,0.0,71.03443518159031
0.15,0.0001,0.001,0.1,1.0,100.0,1000,0,0.0,12.076762982607615,0.0,132.04000619599736
0.15,0.0001,0.001,0.1,1.0,1000.0,1000,0,0.0,15.450377083900166,0.0,229.2029085106032
0.15,0.0001,0.001,1.0,-0.5,10.0,1000,0,0.0,3.540586003391108,0.0,36.31915665583594
0.15,0.0001,0.001,1.0,-0.5,100.0,1000,0,0.0,1.3800834079618194,0.0,0.6487369211122762
0.15,0.0001,0.001,1.0,-0.5,1000.0,1000,0,0.0,7.738516409449991,0.0,127.35333439146848
0.15,0.0001,0.001,1.0,-0.2,10.0,1000,0,0.0,5.549129394013238,0.0,386.062508259148
0.15,0.0001,0.001,1.0,-0.2,100.0,1000,0,0.0,4.585972988683684,0.0,62.77208215846745
0.15,0.0001,0.001,1.0,-0.2,1000.0,1000,0,0.0,9.123800962318606,0.0,231.2410564238517
0.15,0.0001,0.001,1.0,-0.1,10.0,1000,0,0.0,3.8416879659618046,0.0,84.56402980826945
0.15,0.0001,0.001,1.0,-0.1,100.0,1000,0,0.0,5.885324983886889,0.0,353.6806310604206
0.15,0.0001,0.001,1.0,-0.1,1000.0,1000,0,0.0,8.692999731953208,0.0,213.92828903485784
0.15,0.0001,0.001,1.0,0.0,10.0,1000,0,0.0,2.886235088700213,0.0,32.29505440549469
0.15,0.0001,0.001,1.0,0.0,100.0,1000,0,0.0,4.967993149987847,0.0,172.65277965639268
0.15,0.0001,0.001,1.0,0.0,1000.0,1000,0,0.0,10.239067077058877,0.0,308.39794774039797
0.15,0.0001,0.001,1.0,0.1,10.0,1000,0,0.0,2.7477547078912252,0.0,23.539616271308045
0.15,0.0001,0.001,1.0,0.1,100.0,1000,0,0.0,3.3370564532139593,0.0,77.98150179687755
0.15,0.0001,0.001,1.0,0.1,1000.0,1000,0,0.0,6.622143767113872,0.0,147.58866405251516
0.15,0.0001,0.001,1.0,0.2,10.0,1000,0,0.0,3.3409677361311827,0.0,71.65681734438765
0.15,0.0001,0.001,1.0,0.2,100.0,1000,0,0.0,3.204770408095211,0.0,47.76009023890946
0.15,0.0001,0.001,1.0,0.2,1000.0,1000,0,0.0,7.599169491421841,0.0,233.46728105594772
0.15,0.0001,0.001,1.0,0.5,10.0,999,1,0.0,2.743115024542548,0.0,18.19512063207409
0.15,0.0001,0.001,1.0,0.5,100.0,1000,0,0.0,3.8298188681341743,0.0,77.17929382924159
0.15,0.0001,0.001,1.0,0.5,1000.0,1000,0,0.0,6.146923026484059,0.0,207.65106440461537
0.15,0.0001,0.001,1.0,1.0,10.0,907,93,0.6639366733777292,2.424369074895671,0.07129850142338018,40.55247482086247
0.15,0.0001,0.001,1.0,1.0,100.0,852,148,0.6992544982692241,3.2319240043920767,0.05841906996802091,105.83563108685658
0.15,0.0001,0.001,1.0,1.0,1000.0,895,105,0.7024426892615725,4.653674564998697,0.04275890346811654,149.70091589744516
0.15,0.001,0.0003,1e-05,-0.5,10.0,1000,0,0.0,0.0,0.0,0.0
0.15,0.001,0.0003,1e-05,-0.5,100.0,1000,0,0.0,0.0,0.0,0.0
0.15,0.001,0.0003,1e-05,-0.5,1000.0,1000,0,0.0,0.0,0.0,0.0
0.15,0.001,0.0003,1e-05,-0.2,10.0,1000,0,0.0,0.0,0.0,0.0
0.15,0.001,0.0003,1e-05,-0.2,100.0,1000,0,0.0,0.0,0.0,0.0
0.15,0.001,0.0003,1e-05,-0.2,1000.0,1000,0,0.0,0.0,0.0,0.0
0.15,0.001,0.0003,1e-05,-0.1,10.0,1000,0,0.0,0.0,0.0,0.0
0.15,0.001,0.0003,1e-05,-0.1,100.0,1000,0,0.0,0.0,0.0,0.0
0.15,0.001,0.0003,1e-05,-0.1,1000.0,1000,0,0.0,0.0,0.0,0.0
0.15,0.001,0.0003,1e-05,0.0,10.0,1000,0,0.0,0.0,0.0,0.0
0.15,0.001,0.0003,1e-05,0.0,100.0,1000,0,0.0,0.0,0.0,0.0
0.15,0.001,0.0003,1e-05,0.0,1000.0,1000,0,0.0,0.0,0.0,0.0
0.15,0.001,0.0003,1e-05,0.1,10.0,1000,0,0.0,0.0,0.0,0.0
0.15,0.001,0.0003,1e-05,0.1,100.0,1000,0,0.0,0.0,0.0,0.0
0.15,0.001,0.0003,1e-05,0.1,1000.0,1000,0,0.0,0.0,0.0,0.0
0.15,0.001,0.0003,1e-05,0.2,10.0,1000,0,0.0,0.0,0.0,0.0
0.15,0.001,0.0003,1e-05,0.2,100.0,1000,0,0.0,0.0,0.0,0.0
0.15,0.001,0.0003,1e-05,0.2,1000.0,1000,0,0.0,0.0,0.0,0.0
0.15,0.001,0.0003,1e-05,0.5,10.0,1000,0,0.0,0.0,0.0,0.0
0.15,0.001,0.0003,1e-05,0.5,100.0,1000,0,0.0,0.0,0.0,0.0
0.15,0.001,0.0003,1e-05,0.5,1000.0,1000,0,0.0,0.0,0.0,0.0
0.15,0.001,0.0003,1e-05,1.0,10.0,1000,0,0.0,0.0,0.0,0.0
0.15,0.001,0.0003,1e-05,1.0,100.0,1000,0,0.0,0.0,0.0,0.0
0.15,0.001,0.0003,1e-05,1.0,1000.0,1000,0,0.0,0.0,0.0,0.0
0.15,0.001,0.0003,0.001,-0.5,10.0,1000,0,0.0,0.0,0.0,0.0
0.15,0.001,0.0003,0.001,-0.5,100.0,1000,0,0.0,0.0,0.0,0.0
0.15,0.001,0.0003,0.001,-0.5,1000.0,1000,0,0.0,0.0,0.0,0.0
0.15,0.001,0.0003,0.001,-0.2,10.0,1000,0,0.0,0.0,0.0,0.0
0.15,0.001,0.0003,0.001,-0.2,100.0,1000,0,0.0,0.0,0.0,0.0
0.15,0.001,0.0003,0.001,-0.2,1000.0,1000,0,0.0,0.0,0.0,0.0
0.15,0.001,0.0003,0.001,-0.1,10.0,1000,0,0.0,0.0,0.0,0.0
0.15,0.001,0.0003,0.001,-0.1,100.0,1000,0,0.0,0.0,0.0,0.0
0.15,0.001,0.0003,0.001,-0.1,1000.0,1000,0,0.0,0.0,0.0,0.0
0.15,0.001,0.0003,0.001,0.0,10.0,1000,0,0.0,0.0,0.0,0.0
0.15,0.001,0.0003,0.001,0.0,100.0,1000,0,0.0,0.0,0.0,0.0
0.15,0.001,0.0003,0.001,0.0,1000.0,1000,0,0.0,0.0,0.0,0.0
0.15,0.001,0.0003,0.001,0.1,10.0,1000,0,0.0,0.0,0.0,0.0
0.15,0.001,0.0003,0.001,0.1,100.0,1000,0,0.0,0.0,0.0,0.0
0.15,0.001,0.0003,0.001,0.1,1000.0,1000,0,0.0,0.0,0.0,0.0
0.15,0.001,0.0003,0.001,0.2,10.0,1000,0,0.0,0.0,0.0,0.0
0.15,0.001,0.0003,0.001,0.2,100.0,1000,0,0.0,0.0,0.0,0.0
0.15,0.001,0.0003,0.001,0.2,1000.0,1000,0,0.0,0.0,0.0,0.0
0.15,0.001,0.0003,0.001,0.5,10.0,1000,0,0.0,0.0,0.0,0.0
0.15,0.001,0.0003,0.001,0.5,100.0,1000,0,0.0,0.0,0.0,0.0
0.15,0.001,0.0003,0.001,0.5,1000.0,1000,0,0.0,0.0,0.0,0.0
0.15,0.001,0.0003,0.001,1.0,10.0,1000,0,0.0,0.0,0.0,0.0
0.15,0.001,0.0003,0.001,1.0,100.0,1000,0,0.0,0.0,0.0,0.0
0.15,0.001,0.0003,0.001,1.0,1000.0,1000,0,0.0,0.0,0.0,0.0
0.15,0.001,0.0003,0.1,-0.5,10.0,1000,0,0.0,0.0,0.0,0.0
0.15,0.001,0.0003,0.1,-0.5,100.0,1000,0,0.0,0.0,0.0,0.0
0.15,0.001,0.0003,0.1,-0.5,1000.0,1000,0,0.0,0.0,0.0,0.0
0.15,0.001,0.0003,0.1,-0.2,10.0,1000,0,0.0,0.0,0.0,0.0
0.15,0.001,0.0003,0.1,-0.2,100.0,1000,0,0.0,0.0,0.0,0.0
0.15,0.001,0.0003,0.1,-0.2,1000.0,1000,0,0.0,0.0,0.0,0.0
0.15,0.001,0.0003,0.1,-0.1,10.0,1000,0,0.0,0.0,0.0,0.0
0.15,0.001,0.0003,0.1,-0.1,100.0,1000,0,0.0,0.0,0.0,0.0
0.15,0.001,0.0003,0.1,-0.1,1000.0,1000,0,0.0,0.0,0.0,0.0
0.15,0.001,0.0003,0.1,0.0,10.0,1000,0,0.0,0.0,0.0,0.0
0.15,0.001,0.0003,0.1,0.0,100.0,1000,0,0.0,0.0,0.0,0.0
0.15,0.001,0.0003,0.1,0.0,1000.0,1000,0,0.0,0.0,0.0,0.0
0.15,0.001,0.0003,0.1,0.1,10.0,1000,0,0.0,0.0,0.0,0.0
0.15,0.001,0.0003,0.1,0.1,100.0,1000,0,0.0,0.0,0.0,0.0
0.15,0.001,0.0003,0.1,0.1,1000.0,1000,0,0.0,0.0,0.0,0.0
0.15,0.001,0.0003,0.1,0.2,10.0,1000,0,0.0,0.0,0.0,0.0
0.15,0.001,0.0003,0.1,0.2,100.0,1000,0,0.0,0.0,0.0,0.0
0.15,0.001,0.0003,0.1,0.2,1000.0,1000,0,0.0,0.0,0.0,0.0
0.15,0.001,0.0003,0.1,0.5,10.0,1000,0,0.0,0.0,0.0,0.0
0.15,0.001,0.0003,0.1,0.5,100.0,1000,0,0.0,0.0,0.0,0.0
0.15,0.001,0.0003,0.1,0.5,1000.0,1000,0,0.0,0.0,0.0,0.0
0.15,0.001,0.0003,0.1,1.0,10.0,1000,0,0.0,0.0,0.0,0.0
0.15,0.001,0.0003,0.1,1.0,100.0,1000,0,0.0,35.841026920396125,0.0,562.8769808339118
0.15,0.001,0.0003,0.1,1.0,1000.0,1000,0,0.0,28.143725821188085,0.0,252.4389846806511
0.15,0.001,0.0003,1.0,-0.5,10.0,1000,0,0.0,0.0,0.0,0.0
0.15,0.001,0.0003,1.0,-0.5,100.0,1000,0,0.0,0.0,0.0,0.0
0.15,0.001,0.0003,1.0,-0.5,1000.0,1000,0,0.0,0.0,0.0,0.0
0.15,0.001,0.0003,1.0,-0.2,10.0,1000,0,0.0,0.0,0.0,0.0
0.15,0.001,0.0003,1.0,-0.2,100.0,1000,0,0.0,31.961323081578684,0.0,683.8056151890588
0.15,0.001,0.0003,1.0,-0.2,1000.0,1000,0,0.0,14.114765843020175,0.0,108.9591805412867
0.15,0.001,0.0003,1.0,-0.1,10.0,1000,0,0.0,6.275026491258601,0.0,0.0
0.15,0.001,0.0003,1.0,-0.1,100.0,1000,0,0.0,20.977210838673273,0.0,248.6055149414861
0.15,0.001,0.0003,1.0,-0.1,1000.0,1000,0,0.0,23.793244866362542,0.0,380.0527799613485
0.15,0.001,0.0003,1.0,0.0,10.0,1000,0,0.0,25.713852349888807,0.0,231.39227149773623
0.15,0.001,0.0003,1.0,0.0,100.0,1000,0,0.0,22.19063439986212,0.0,329.77316275163724
0.15,0.001,0.0003,1.0,0.0,1000.0,1000,0,0.0,22.322373771149273,0.0,515.8581869110341
0.15,0.001,0.0003,1.0,0.1,10.0,1000,0,0.0,27.3606782936632,0.0,180.5202904298286
0.15,0.001,0.0003,1.0,0.1,100.0,1000,0,0.0,20.901558565130067,0.0,342.4463240245418
0.15,0.001,0.0003,1.0,0.1,1000.0,1000,0,0.0,20.511517297156672,0.0,298.2760331013655
0.15,0.001,0.0003,1.0,0.2,10.0,1000,0,0.0,38.521988538480194,0.0,1186.4976290003908
0.15,0.001,0.0003,1.0,0.2,100.0,1000,0,0.0,22.628939382728316,0.0,737.4300330811311
0.15,0.001,0.0003,1.0,0.2,1000.0,1000,0,0.0,19.893531714047004,0.0,481.71305892766287
0.15,0.001,0.0003,1.0,0.5,10.0,887,113,0.6407735742176859,33.56651139781286,0.018400859440769107,796.6299263612714
0.15,0.001,0.0003,1.0,0.5,100.0,552,448,0.6437882298003734,18.582068616846524,0.01796223177599312,603.8768400145142
0.15,0.001,0.0003,1.0,0.5,1000.0,227,773,0.640365470979547,13.90700277491226,0.01847287931459217,339.16974357606983
0.15,0.001,0.0003,1.0,1.0,10.0,605,395,0.7610339267798235,33.391520375785326,0.0037488521627608573,650.0434826422966
0.15,0.001,0.0003,1.0,1.0,100.0,198,802,0.765919620655857,13.892512891145717,0.003629563229208329,660.2821566326982
0.15,0.001,0.0003,1.0,1.0,1000.0,26,974,0.7650474700068356,6.55898650963648,0.0037860821735742015,82.77223854919598
0.15,0.001,0.0001,1e-05,-0.5,10.0,1000,0,0.0,0.0,0.0,0.0
0.15,0.001,0.0001,1e-05,-0.5,100.0,1000,0,0.0,0.0,0.0,0.0
0.15,0.001,0.0001,1e-05,-0.5,1000.0,1000,0,0.0,0.0,0.0,0.0
0.15,0.001,0.0001,1e-05,-0.2,10.0,1000,0,0.0,0.0,0.0,0.0
0.15,0.001,0.0001,1e-05,-0.2,100.0,1000,0,0.0,0.0,0.0,0.0
0.15,0.001,0.0001,1e-05,-0.2,1000.0,1000,0,0.0,0.0,0.0,0.0
0.15,0.001,0.0001,1e-05,-0.1,10.0,1000,0,0.0,0.0,0.0,0.0
0.15,0.001,0.0001,1e-05,-0.1,100.0,1000,0,0.0,0.0,0.0,0.0
0.15,0.001,0.0001,1e-05,-0.1,1000.0,1000,0,0.0,0.0,0.0,0.0
0.15,0.001,0.0001,1e-05,0.0,10.0,1000,0,0.0,0.0,0.0,0.0
0.15,0.001,0.0001,1e-05,0.0,100.0,1000,0,0.0,0.0,0.0,0.0
0.15,0.001,0.0001,1e-05,0.0,1000.0,1000,0,0.0,0.0,0.0,0.0
0.15,0.001,0.0001,1e-05,0.1,10.0,1000,0,0.0,0.0,0.0,0.0
0.15,0.001,0.0001,1e-05,0.1,100.0,1000,0,0.0,0.0,0.0,0.0
0.15,0.001,0.0001,1e-05,0.1,1000.0,1000,0,0.0,0.0,0.0,0.0
0.15,0.001,0.0001,1e-05,0.2,10.0,1000,0,0.0,0.0,0.0,0.0
0.15,0.001,0.0001,1e-05,0.2,100.0,1000,0,0.0,0.0,0.0,0.0
0.15,0.001,0.0001,1e-05,0.2,1000.0,1000,0,0.0,0.0,0.0,0.0
0.15,0.001,0.0001,1e-05,0.5,10.0,1000,0,0.0,0.0,0.0,0.0
0.15,0.001,0.0001,1e-05,0.5,100.0,1000,0,0.0,0.0,0.0,0.0
0.15,0.001,0.0001,1e-05,0.5,1000.0,1000,0,0.0,0.0,0.0,0.0
0.15,0.001,0.0001,1e-05,1.0,10.0,1000,0,0.0,0.0,0.0,0.0
0.15,0.001,0.0001,1e-05,1.0,100.0,1000,0,0.0,0.0,0.0,0.0
0.15,0.001,0.0001,1e-05,1.0,1000.0,1000,0,0.0,0.0,0.0,0.0
0.15,0.001,0.0001,0.001,-0.5,10.0,1000,0,0.0,0.0,0.0,0.0
0.15,0.001,0.0001,0.001,-0.5,100.0,1000,0,0.0,0.0,0.0,0.0
0.15,0.001,0.0001,0.001,-0.5,1000.0,1000,0,0.0,0.0,0.0,0.0
0.15,0.001,0.0001,0.001,-0.2,10.0,1000,0,0.0,0.0,0.0,0.0
0.15,0.001,0.0001,0.001,-0.2,100.0,1000,0,0.0,0.0,0.0,0.0
0.15,0.001,0.0001,0.001,-0.2,1000.0,1000,0,0.0,0.0,0.0,0.0
0.15,0.001,0.0001,0.001,-0.1,10.0,1000,0,0.0,0.0,0.0,0.0
0.15,0.001,0.0001,0.001,-0.1,100.0,1000,0,0.0,0.0,0.0,0.0
0.15,0.001,0.0001,0.001,-0.1,1000.0,1000,0,0.0,0.0,0.0,0.0
0.15,0.001,0.0001,0.001,0.0,10.0,1000,0,0.0,0.0,0.0,0.0
0.15,0.001,0.0001,0.001,0.0,100.0,1000,0,0.0,0.0,0.0,0.0
0.15,0.001,0.0001,0.001,0.0,1000.0,1000,0,0.0,0.0,0.0,0.0
0.15,0.001,0.0001,0.001,0.1,10.0,1000,0,0.0,0.0,0.0,0.0
0.15,0.001,0.0001,0.001,0.1,100.0,1000,0,0.0,0.0,0.0,0.0
0.15,0.001,0.0001,0.001,0.1,1000.0,1000,0,0.0,0.0,0.0,0.0
0.15,0.001,0.0001,0.001,0.2,10.0,1000,0,0.0,0.0,0.0,0.0
0.15,0.001,0.0001,0.001,0.2,100.0,1000,0,0.0,0.0,0.0,0.0
0.15,0.001,0.0001,0.001,0.2,1000.0,1000,0,0.0,0.0,0.0,0.0
0.15,0.001,0.0001,0.001,0.5,10.0,1000,0,0.0,0.0,0.0,0.0
0.15,0.001,0.0001,0.001,0.5,100.0,1000,0,0.0,0.0,0.0,0.0
0.15,0.001,0.0001,0.001,0.5,1000.0,1000,0,0.0,0.0,0.0,0.0
0.15,0.001,0.0001,0.001,1.0,10.0,1000,0,0.0,0.0,0.0,0.0
0.15,0.001,0.0001,0.001,1.0,100.0,1000,0,0.0,0.0,0.0,0.0
0.15,0.001,0.0001,0.001,1.0,1000.0,1000,0,0.0,0.0,0.0,0.0
0.15,0.001,0.0001,0.1,-0.5,10.0,1000,0,0.0,0.0,0.0,0.0
0.15,0.001,0.0001,0.1,-0.5,100.0,1000,0,0.0,0.0,0.0,0.0
0.15,0.001,0.0001,0.1,-0.5,1000.0,1000,0,0.0,0.0,0.0,0.0
0.15,0.001,0.0001,0.1,-0.2,10.0,1000,0,0.0,0.0,0.0,0.0
0.15,0.001,0.0001,0.1,-0.2,100.0,1000,0,0.0,0.0,0.0,0.0
0.15,0.001,0.0001,0.1,-0.2,1000.0,1000,0,0.0,0.0,0.0,0.0
0.15,0.001,0.0001,0.1,-0.1,10.0,1000,0,0.0,0.0,0.0,0.0
0.15,0.001,0.0001,0.1,-0.1,100.0,1000,0,0.0,0.0,0.0,0.0
0.15,0.001,0.0001,0.1,-0.1,1000.0,1000,0,0.0,0.0,0.0,0.0
0.15,0.001,0.0001,0.1,0.0,10.0,1000,0,0.0,0.0,0.0,0.0
0.15,0.001,0.0001,0.1,0.0,100.0,1000,0,0.0,0.0,0.0,0.0
0.15,0.001,0.0001,0.1,0.0,1000.0,1000,0,0.0,0.0,0.0,0.0
0.15,0.001,0.0001,0.1,0.1,10.0,1000,0,0.0,0.0,0.0,0.0
0.15,0.001,0.0001,0.1,0.1,100.0,1000,0,0.0,0.0,0.0,0.0
0.15,0.001,0.0001,0.1,0.1,1000.0,1000,0,0.0,0.0,0.0,0.0
0.15,0.001,0.0001,0.1,0.2,10.0,1000,0,0.0,0.0,0.0,0.0
0.15,0.001,0.0001,0.1,0.2,100.0,1000,0,0.0,0.0,0.0,0.0
0.15,0.001,0.0001,0.1,0.2,1000.0,1000,0,0.0,0.0,0.0,0.0
0.15,0.001,0.0001,0.1,0.5,10.0,1000,0,0.0,0.0,0.0,0.0
0.15,0.001,0.0001,0.1,0.5,100.0,1000,0,0.0,0.0,0.0,0.0
0.15,0.001,0.0001,0.1,0.5,1000.0,1000,0,0.0,0.0,0.0,0.0
0.15,0.001,0.0001,0.1,1.0,10.0,1000,0,0.0,0.0,0.0,0.0
0.15,0.001,0.0001,0.1,1.0,100.0,1000,0,0.0,0.0,0.0,0.0
0.15,0.001,0.0001,0.1,1.0,1000.0,1000,0,0.0,0.0,0.0,0.0
0.15,0.001,0.0001,1.0,-0.5,10.0,1000,0,0.0,0.0,0.0,0.0
0.15,0.001,0.0001,1.0,-0.5,100.0,1000,0,0.0,0.0,0.0,0.0
0.15,0.001,0.0001,1.0,-0.5,1000.0,1000,0,0.0,0.0,0.0,0.0
0.15,0.001,0.0001,1.0,-0.2,10.0,1000,0,0.0,0.0,0.0,0.0
0.15,0.001,0.0001,1.0,-0.2,100.0,1000,0,0.0,0.0,0.0,0.0
0.15,0.001,0.0001,1.0,-0.2,1000.0,1000,0,0.0,0.0,0.0,0.0
0.15,0.001,0.0001,1.0,-0.1,10.0,1000,0,0.0,0.0,0.0,0.0
0.15,0.001,0.0001,1.0,-0.1,100.0,1000,0,0.0,0.0,0.0,0.0
0.15,0.001,0.0001,1.0,-0.1,1000.0,1000,0,0.0,0.0,0.0,0.0
0.15,0.001,0.0001,1.0,0.0,10.0,1000,0,0.0,0.0,0.0,0.0
0.15,0.001,0.0001,1.0,0.0,100.0,1000,0,0.0,0.0,0.0,0.0
0.15,0.001,0.0001,1.0,0.0,1000.0,1000,0,0.0,25.180216438181844,0.0,17.284528429460863
0.15,0.001,0.0001,1.0,0.1,10.0,1000,0,0.0,0.0,0.0,0.0
0.15,0.001,0.0001,1.0,0.1,100.0,1000,0,0.0,53.727761314800176,0.0,1381.1912195489065
0.15,0.001,0.0001,1.0,0.1,1000.0,1000,0,0.0,31.455362631052697,0.0,220.7492939201571
0.15,0.001,0.0001,1.0,0.2,10.0,1000,0,0.0,149.83547150028633,0.0,1434.161948645433
0.15,0.001,0.0001,1.0,0.2,100.0,1000,0,0.0,52.34585079790606,0.0,1510.4933982784712
0.15,0.001,0.0001,1.0,0.2,1000.0,999,1,0.0,37.72168107430901,0.0,1379.0051128697796
0.15,0.001,0.0001,1.0,0.5,10.0,843,157,0.660831794407433,91.23528669259908,0.003822723347007396,1722.2218970762785
0.15,0.001,0.0001,1.0,0.5,100.0,367,633,0.6679823969698946,39.20673151002609,0.003089307412840824,1857.903395629585
0.15,0.001,0.0001,1.0,0.5,1000.0,19,981,0.661592781020732,14.332437861477292,0.003239573914878826,221.30560518846772
0.15,0.001,0.0001,1.0,1.0,10.0,616,384,0.7658484059866097,73.78618825489514,0.0012168582872565453,1021.4375027880966
0.15,0.001,0.0001,1.0,1.0,100.0,136,864,0.7630924049034612,22.213301304760645,0.0011981937436104737,1196.9622741771784
0.15,0.001,0.0001,1.0,1.0,1000.0,3,997,0.7636824467171927,6.105080819829885,0.0011128050933565956,23.968950598397164
0.15,0.001,0.003,1e-05,-0.5,10.0,1000,0,0.0,8.983291881806391,0.0,145.06512785767242
0.15,0.001,0.003,1e-05,-0.5,100.0,1000,0,0.0,5.747663205856602,0.0,212.33721260454354
0.15,0.001,0.003,1e-05,-0.5,1000.0,1000,0,0.0,2.894258300583152,0.0,51.78917247583968
0.15,0.001,0.003,1e-05,-0.2,10.0,1000,0,0.0,6.687835549030046,0.0,29.04473973487203
0.15,0.001,0.003,1e-05,-0.2,100.0,1000,0,0.0,5.0939582622181705,0.0,87.52317482179141
0.15,0.001,0.003,1e-05,-0.2,1000.0,1000,0,0.0,3.157510739076932,0.0,56.34280909012857
0.15,0.001,0.003,1e-05,-0.1,10.0,1000,0,0.0,8.332651411518622,0.0,151.67981511706515
0.15,0.001,0.003,1e-05,-0.1,100.0,1000,0,0.0,4.819500787995026,0.0,96.65318432117951
0.15,0.001,0.003,1e-05,-0.1,1000.0,1000,0,0.0,2.51631068495665,0.0,30.445509567980647
0.15,0.001,0.003,1e-05,0.0,10.0,1000,0,0.0,13.278968765837838,0.0,676.5751729308578
0.15,0.001,0.003,1e-05,0.0,100.0,1000,0,0.0,5.846657871655495,0.0,100.66973441761476
0.15,0.001,0.003,1e-05,0.0,1000.0,1000,0,0.0,3.0939545568443587,0.0,55.194713840294305
0.15,0.001,0.003,1e-05,0.1,10.0,1000,0,0.0,8.263530679782683,0.0,69.0104251517038
0.15,0.001,0.003,1e-05,0.1,100.0,1000,0,0.0,5.1870751516693785,0.0,122.05147861913197
0.15,0.001,0.003,1e-05,0.1,1000.0,1000,0,0.0,3.1230400312144084,0.0,109.72783523875727
0.15,0.001,0.003,1e-05,0.2,10.0,1000,0,0.0,9.224496809641533,0.0,144.65076890198506
0.15,0.001,0.003,1e-05,0.2,100.0,1000,0,0.0,5.917382165331432,0.0,196.93996859087758
0.15,0.001,0.003,1e-05,0.2,1000.0,1000,0,0.0,2.7245346911915522,0.0,73.78306469047524
0.15,0.001,0.003,1e-05,0.5,10.0,1000,0,0.0,9.006874261326566,0.0,128.30384310261195
0.15,0.001,0.003,1e-05,0.5,100.0,1000,0,0.0,4.940876716731131,0.0,85.57562081774931
0.15,0.001,0.003,1e-05,0.5,1000.0,1000,0,0.0,3.313213601656844,0.0,107.92054410622657
0.15,0.001,0.003,1e-05,1.0,10.0,1000,0,0.0,8.849934012132694,0.0,70.45052463572388
0.15,0.001,0.003,1e-05,1.0,100.0,1000,0,0.0,5.592833149074696,0.0,121.26908714684129
0.15,0.001,0.003,1e-05,1.0,1000.0,1000,0,0.0,3.268359579447981,0.0,87.58209222541163
0.15,0.001,0.003,0.001,-0.5,10.0,1000,0,0.0,13.311233449763652,0.0,1466.2558289245121
0.15,0.001,0.003,0.001,-0.5,100.0,1000,0,0.0,5.509985384837766,0.0,175.41510707717566
0.15,0.001,0.003,0.001,-0.5,1000.0,1000,0,0.0,2.1727837275910713,0.0,30.748425770813167
0.15,0.001,0.003,0.001,-0.2,10.0,1000,0,0.0,8.761263404438271,0.0,70.08615854847086
0.15,0.001,0.003,0.001,-0.2,100.0,1000,0,0.0,5.431809818402818,0.0,165.03089431830406
0.15,0.001,0.003,0.001,-0.2,1000.0,1000,0,0.0,2.5480655845775844,0.0,41.059772919730015
0.15,0.001,0.003,0.001,-0.1,10.0,1000,0,0.0,13.630374828014084,0.0,540.3962299478698
0.15,0.001,0.003,0.001,-0.1,100.0,1000,0,0.0,4.972353348334582,0.0,69.40227291127543
0.15,0.001,0.003,0.001,-0.1,1000.0,1000,0,0.0,3.1691075974556333,0.0,68.60240112877845
0.15,0.001,0.003,0.001,0.0,10.0,1000,0,0.0,6.0613746313901,0.0,59.623598595971764
0.15,0.001,0.003,0.001,0.0,100.0,1000,0,0.0,4.888115132823833,0.0,66.54373458902681
0.15,0.001,0.003,0.001,0.0,1000.0,1000,0,0.0,3.137841112368193,0.0,81.63126069235646
0.15,0.001,0.003,0.001,0.1,10.0,1000,0,0.0,7.244064857550741,0.0,65.57562849906908
0.15,0.001,0.003,0.001,0.1,100.0,1000,0,0.0,5.184942830573197,0.0,252.40787664409717
0.15,0.001,0.003,0.001,0.1,1000.0,1000,0,0.0,3.0061473192071415,0.0,50.63384258292197
0.15,0.001,0.003,0.001,0.2,10.0,1000,0,0.0,11.611901073089818,0.0,488.968130056742
0.15,0.001,0.003,0.001,0.2,100.0,1000,0,0.0,5.989284342743762,0.0,179.59954732934003
0.15,0.001,0.003,0.001,0.2,1000.0,1000,0,0.0,2.9257080167586444,0.0,82.62621384592096
0.15,0.001,0.003,0.001,0.5,10.0,1000,0,0.0,11.318296981450576,0.0,254.9728937365825
0.15,0.001,0.003,0.001,0.5,100.0,1000,0,0.0,4.880765503082886,0.0,70.29857903115568
0.15,0.001,0.003,0.001,0.5,1000.0,1000,0,0.0,3.4124097828585884,0.0,61.7668945117006
0.15,0.001,0.003,0.001,1.0,10.0,1000,0,0.0,7.175323258680445,0.0,51.096084773465165
0.15,0.001,0.003,0.001,1.0,100.0,1000,0,0.0,4.612398338091321,0.0,47.5887459171459
0.15,0.001,0.003,0.001,1.0,1000.0,1000,0,0.0,3.2243429209938332,0.0,60.718723896897174
0.15,0.001,0.003,0.1,-0.5,10.0,1000,0,0.0,7.505160044919773,0.0,182.7623987408426
0.15,0.001,0.003,0.1,-0.5,100.0,1000,0,0.0,10.421879823570368,0.0,444.5746191599744
0.15,0.001,0.003,0.1,-0.5,1000.0,1000,0,0.0,5.227245526213018,0.0,184.56597739297496
0.15,0.001,0.003,0.1,-0.2,10.0,1000,0,0.0,6.092080681404172,0.0,93.09926451067113
0.15,0.001,0.003,0.1,-0.2,100.0,1000,0,0.0,7.585767368759172,0.0,319.2786223027491
0.15,0.001,0.003,0.1,-0.2,1000.0,1000,0,0.0,5.581942286310784,0.0,289.416533746971
0.15,0.001,0.003,0.1,-0.1,10.0,1000,0,0.0,6.408016889646287,0.0,118.53554946766204
0.15,0.001,0.003,0.1,-0.1,100.0,1000,0,0.0,8.579982737679954,0.0,317.81411716581744
0.15,0.001,0.003,0.1,-0.1,1000.0,1000,0,0.0,5.8161964350856294,0.0,239.6202344571382
0.15,0.001,0.003,0.1,0.0,10.0,1000,0,0.0,5.009141211412219,0.0,85.0037582579325
0.15,0.001,0.003,0.1,0.0,100.0,1000,0,0.0,7.994089336362028,0.0,245.61743177771754
0.15,0.001,0.003,0.1,0.0,1000.0,1000,0,0.0,5.985759418082708,0.0,158.90795538300804
0.15,0.001,0.003,0.1,0.1,10.0,1000,0,0.0,5.189666282974215,0.0,95.50045776587604
0.15,0.001,0.003,0.1,0.1,100.0,1000,0,0.0,7.619422357602976,0.0,237.40039070737106
0.15,0.001,0.003,0.1,0.1,1000.0,1000,0,0.0,6.10182872245143,0.0,176.23080631047497
0.15,0.001,0.003,0.1,0.2,10.0,1000,0,0.0,5.200685615359129,0.0,81.693246012604
0.15,0.001,0.003,0.1,0.2,100.0,1000,0,0.0,7.1033771239230115,0.0,191.91335391799961
0.15,0.001,0.003,0.1,0.2,1000.0,1000,0,0.0,6.224956510585439,0.0,162.04226989894337
0.15,0.001,0.003,0.1,0.5,10.0,1000,0,0.0,5.870391789686712,0.0,126.71737011993409
0.15,0.001,0.003,0.1,0.5,100.0,1000,0,0.0,7.249426922425081,0.0,208.964789594995
0.15,0.001,0.003,0.1,0.5,1000.0,1000,0,0.0,6.763198596419265,0.0,201.61977983362888
0.15,0.001,0.003,0.1,1.0,10.0,1000,0,0.0,4.97502987895762,0.0,120.03028283453497
0.15,0.001,0.003,0.1,1.0,100.0,1000,0,0.0,7.58885545427328,0.0,256.5514506289615
0.15,0.001,0.003,0.1,1.0,1000.0,1000,0,0.0,8.21476655572064,0.0,349.8590683789722
0.15,0.001,0.003,1.0,-0.5,10.0,1000,0,0.0,3.9674072088853882,0.0,143.18438247450638
0.15,0.001,0.003,1.0,-0.5,100.0,1000,0,0.0,5.94377750099476,0.0,223.05982271315744
0.15,0.001,0.003,1.0,-0.5,1000.0,1000,0,0.0,5.112776615875493,0.0,152.96364434539893
0.15,0.001,0.003,1.0,-0.2,10.0,1000,0,0.0,3.156407209437765,0.0,106.95400397509586
0.15,0.001,0.003,1.0,-0.2,100.0,1000,0,0.0,5.066570951136994,0.0,207.8966354349365
0.15,0.001,0.003,1.0,-0.2,1000.0,1000,0,0.0,4.753154910852436,0.0,132.80579840574097
0.15,0.001,0.003,1.0,-0.1,10.0,1000,0,0.0,3.4116997867012184,0.0,133.2330438400201
0.15,0.001,0.003,1.0,-0.1,100.0,1000,0,0.0,5.77657674497942,0.0,245.49014388207814
0.15,0.001,0.003,1.0,-0.1,1000.0,1000,0,0.0,4.754596587044862,0.0,102.1350902405983
0.15,0.001,0.003,1.0,0.0,10.0,1000,0,0.0,3.105029399385195,0.0,160.30840396851542
0.15,0.001,0.003,1.0,0.0,100.0,1000,0,0.0,5.240644362635607,0.0,226.55429692032806
0.15,0.001,0.003,1.0,0.0,1000.0,1000,0,0.0,5.936236880918447,0.0,260.441564989944
0.15,0.001,0.003,1.0,0.1,10.0,1000,0,0.0,2.777696689268027,0.0,113.43976932033657
0.15,0.001,0.003,1.0,0.1,100.0,1000,0,0.0,3.6625595916357416,0.0,94.30512835578546
0.15,0.001,0.003,1.0,0.1,1000.0,1000,0,0.0,5.1249024006773976,0.0,181.40020723687533
0.15,0.001,0.003,1.0,0.2,10.0,1000,0,0.0,3.0825986062158885,0.0,147.5988627797622
0.15,0.001,0.003,1.0,0.2,100.0,1000,0,0.0,4.465786388379104,0.0,163.8927697530313
0.15,0.001,0.003,1.0,0.2,1000.0,1000,0,0.0,5.188490320861627,0.0,156.74824340702574
0.15,0.001,0.003,1.0,0.5,10.0,1000,0,0.0,2.1177205535530255,0.0,76.99433549788174
0.15,0.001,0.003,1.0,0.5,100.0,1000,0,0.0,4.439885186997461,0.0,154.56687871560422
0.15,0.001,0.003,1.0,0.5,1000.0,1000,0,0.0,4.459762358655898,0.0,126.3438128222566
0.15,0.001,0.003,1.0,1.0,10.0,1000,0,0.0,2.6306941253891796,0.0,121.31802787476715
0.15,0.001,0.003,1.0,1.0,100.0,1000,0,0.0,3.4277091039591485,0.0,136.84026196704215
0.15,0.001,0.003,1.0,1.0,1000.0,1000,0,0.0,3.586519416127002,0.0,96.67059754522822
0.15,0.001,0.001,1e-05,-0.5,10.0,1000,0,0.0,0.0,0.0,0.0
0.15,0.001,0.001,1e-05,-0.5,100.0,1000,0,0.0,0.0,0.0,0.0
0.15,0.001,0.001,1e-05,-0.5,1000.0,1000,0,0.0,2.2475848851466593,0.0,4.435684704516903
0.15,0.001,0.001,1e-05,-0.2,10.0,1000,0,0.0,0.0,0.0,0.0
0.15,0.001,0.001,1e-05,-0.2,100.0,1000,0,0.0,7.104228450895471,0.0,0.0
0.15,0.001,0.001,1e-05,-0.2,1000.0,1000,0,0.0,5.586876391703162,0.0,25.361195976472676
0.15,0.001,0.001,1e-05,-0.1,10.0,1000,0,0.0,0.0,0.0,0.0
0.15,0.001,0.001,1e-05,-0.1,100.0,1000,0,0.0,3.888976384669033,0.0,0.0
0.15,0.001,0.001,1e-05,-0.1,1000.0,1000,0,0.0,3.2800038362040427,0.0,7.353077304091682
0.15,0.001,0.001,1e-05,0.0,10.0,1000,0,0.0,0.0,0.0,0.0
0.15,0.001,0.001,1e-05,0.0,100.0,1000,0,0.0,0.0,0.0,0.0
0.15,0.001,0.001,1e-05,0.0,1000.0,1000,0,0.0,5.37369666116384,0.0,84.41791197514556
0.15,0.001,0.001,1e-05,0.1,10.0,1000,0,0.0,0.0,0.0,0.0
0.15,0.001,0.001,1e-05,0.1,100.0,1000,0,0.0,0.0,0.0,0.0
0.15,0.001,0.001,1e-05,0.1,1000.0,1000,0,0.0,3.4403773965757805,0.0,4.940926361614168
0.15,0.001,0.001,1e-05,0.2,10.0,1000,0,0.0,0.0,0.0,0.0
0.15,0.001,0.001,1e-05,0.2,100.0,1000,0,0.0,0.0,0.0,0.0
0.15,0.001,0.001,1e-05,0.2,1000.0,1000,0,0.0,3.5987782619375706,0.0,6.935847426214547
0.15,0.001,0.001,1e-05,0.5,10.0,1000,0,0.0,0.0,0.0,0.0
0.15,0.001,0.001,1e-05,0.5,100.0,1000,0,0.0,5.762940041845011,0.0,0.0
0.15,0.001,0.001,1e-05,0.5,1000.0,1000,0,0.0,4.290136826986487,0.0,9.597406082067444
0.15,0.001,0.001,1e-05,1.0,10.0,1000,0,0.0,0.0,0.0,0.0
0.15,0.001,0.001,1e-05,1.0,100.0,1000,0,0.0,0.0,0.0,0.0
0.15,0.001,0.001,1e-05,1.0,1000.0,1000,0,0.0,4.985830041860937,0.0,4.820513138724368
0.15,0.001,0.001,0.001,-0.5,10.0,1000,0,0.0,0.0,0.0,0.0
0.15,0.001,0.001,0.001,-0.5,100.0,1000,0,0.0,3.3238318378875937,0.0,0.0
0.15,0.001,0.001,0.001,-0.5,1000.0,1000,0,0.0,3.5019850448442744,0.0,9.685689482604381
0.15,0.001,0.001,0.001,-0.2,10.0,1000,0,0.0,0.0,0.0,0.0
0.15,0.001,0.001,0.001,-0.2,100.0,1000,0,0.0,0.0,0.0,0.0
0.15,0.001,0.001,0.001,-0.2,1000.0,1000,0,0.0,1.932265401004683,0.0,2.051804881255303
0.15,0.001,0.001,0.001,-0.1,10.0,1000,0,0.0,0.0,0.0,0.0
0.15,0.001,0.001,0.001,-0.1,100.0,1000,0,0.0,11.196042002333657,0.0,0.0
0.15,0.001,0.001,0.001,-0.1,1000.0,1000,0,0.0,2.462992785106468,0.0,4.084428588840603
0.15,0.001,0.001,0.001,0.0,10.0,1000,0,0.0,0.0,0.0,0.0
0.15,0.001,0.001,0.001,0.0,100.0,1000,0,0.0,1.7556663920584237,0.0,0.0
0.15,0.001,0.001,0.001,0.0,1000.0,1000,0,0.0,3.8180916268060714,0.0,39.476597351802596
0.15,0.001,0.001,0.001,0.1,10.0,1000,0,0.0,0.0,0.0,0.0
0.15,0.001,0.001,0.001,0.1,100.0,1000,0,0.0,0.0,0.0,0.0
0.15,0.001,0.001,0.001,0.1,1000.0,1000,0,0.0,4.45453040887189,0.0,9.020229867657566
0.15,0.001,0.001,0.001,0.2,10.0,1000,0,0.0,0.0,0.0,0.0
0.15,0.001,0.001,0.001,0.2,100.0,1000,0,0.0,0.0,0.0,0.0
0.15,0.001,0.001,0.001,0.2,1000.0,1000,0,0.0,3.2739588864782414,0.0,3.552213136318235
0.15,0.001,0.001,0.001,0.5,10.0,1000,0,0.0,0.0,0.0,0.0
0.15,0.001,0.001,0.001,0.5,100.0,1000,0,0.0,7.560848046331451,0.0,0.0
0.15,0.001,0.001,0.001,0.5,1000.0,1000,0,0.0,4.566055609376694,0.0,6.32832500094415
0.15,0.001,0.001,0.001,1.0,10.0,1000,0,0.0,0.0,0.0,0.0
0.15,0.001,0.001,0.001,1.0,100.0,1000,0,0.0,10.412959553081878,0.0,0.0
0.15,0.001,0.001,0.001,1.0,1000.0,1000,0,0.0,3.500449314132765,0.0,4.728760409746523
0.15,0.001,0.001,0.1,-0.5,10.0,1000,0,0.0,20.282665543259068,0.0,567.1496755910733
0.15,0.001,0.001,0.1,-0.5,100.0,1000,0,0.0,14.554211169498315,0.0,54.80203161709479
0.15,0.001,0.001,0.1,-0.5,1000.0,1000,0,0.0,7.84051804273545,0.0,86.95052376981363
0.15,0.001,0.001,0.1,-0.2,10.0,1000,0,0.0,15.088252750697317,0.0,54.0137567608884
0.15,0.001,0.001,0.1,-0.2,100.0,1000,0,0.0,15.294889992694152,0.0,366.11486253787734
0.15,0.001,0.001,0.1,-0.2,1000.0,1000,0,0.0,13.677481879451673,0.0,205.0715685063237
0.15,0.001,0.001,0.1,-0.1,10.0,1000,0,0.0,16.717572923652302,0.0,210.47799225641265
0.15,0.001,0.001,0.1,-0.1,100.0,1000,0,0.0,20.412637279918155,0.0,688.8306866214003
0.15,0.001,0.001,0.1,-0.1,1000.0,1000,0,0.0,16.28264281056339,0.0,279.2356523557147
0.15,0.001,0.001,0.1,0.0,10.0,1000,0,0.0,16.37179868928046,0.0,155.5673215334195
0.15,0.001,0.001,0.1,0.0,100.0,1000,0,0.0,17.129121608767957,0.0,191.80271686428526
0.15,0.001,0.001,0.1,0.0,1000.0,1000,0,0.0,14.8382613457257,0.0,593.5063042482923
0.15,0.001,0.001,0.1,0.1,10.0,1000,0,0.0,17.420327804993992,0.0,264.14207127842906
0.15,0.001,0.001,0.1,0.1,100.0,1000,0,0.0,20.288031477632323,0.0,568.8781561616705
0.15,0.001,0.001,0.1,0.1,1000.0,1000,0,0.0,14.917616216066097,0.0,235.58046706107925
0.15,0.001,0.001,0.1,0.2,10.0,1000,0,0.0,12.404414867857193,0.0,120.84141633353738
0.15,0.001,0.001,0.1,0.2,100.0,1000,0,0.0,18.88086242360954,0.0,479.1322568357029
0.15,0.001,0.001,0.1,0.2,1000.0,1000,0,0.0,21.340835696821017,0.0,427.1912434683573
0.15,0.001,0.001,0.1,0.5,10.0,1000,0,0.0,22.81163991187093,0.0,688.9923178427655
0.15,0.001,0.001,0.1,0.5,100.0,1000,0,0.0,19.854507411886093,0.0,514.3060143924345
0.15,0.001,0.001,0.1,0.5,1000.0,1000,0,0.0,20.92923723122756,0.0,489.9277046189515
0.15,0.001,0.001,0.1,1.0,10.0,1000,0,0.0,19.508926660861192,0.0,513.810931471569
0.15,0.001,0.001,0.1,1.0,100.0,1000,0,0.0,19.024106263534932,0.0,391.6195734056283
0.15,0.001,0.001,0.1,1.0,1000.0,1000,0,0.0,17.40778542056977,0.0,338.9558696631214
0.15,0.001,0.001,1.0,-0.5,10.0,1000,0,0.0,9.21289878954355,0.0,223.4586204265721
0.15,0.001,0.001,1.0,-0.5,100.0,1000,0,0.0,15.140633513520946,0.0,312.83127346424715
0.15,0.001,0.001,1.0,-0.5,1000.0,1000,0,0.0,11.86336810251715,0.0,331.13086029040784
0.15,0.001,0.001,1.0,-0.2,10.0,1000,0,0.0,11.950721522145713,0.0,606.2800419523062
0.15,0.001,0.001,1.0,-0.2,100.0,1000,0,0.0,15.342153910756759,0.0,490.7142971040278
0.15,0.001,0.001,1.0,-0.2,1000.0,1000,0,0.0,12.793662104803131,0.0,437.7258595821971
0.15,0.001,0.001,1.0,-0.1,10.0,1000,0,0.0,7.420584028194814,0.0,361.12589289101305
0.15,0.001,0.001,1.0,-0.1,100.0,1000,0,0.0,14.502295408205535,0.0,455.79310765700825
0.15,0.001,0.001,1.0,-0.1,1000.0,1000,0,0.0,11.279831331284122,0.0,337.2776378558274
0.15,0.001,0.001,1.0,0.0,10.0,1000,0,0.0,8.403335331290123,0.0,313.56011722623106
0.15,0.001,0.001,1.0,0.0,100.0,1000,0,0.0,15.811152763689705,0.0,683.4037249848691
0.15,0.001,0.001,1.0,0.0,1000.0,1000,0,0.0,14.645015709510854,0.0,535.0662574942925
0.15,0.001,0.001,1.0,0.1,10.0,1000,0,0.0,6.430406013005246,0.0,198.6543964481199
0.15,0.001,0.001,1.0,0.1,100.0,1000,0,0.0,12.966938451246333,0.0,370.9744258113353
0.15,0.001,0.001,1.0,0.1,1000.0,1000,0,0.0,12.246464085390933,0.0,338.3989958976078
0.15,0.001,0.001,1.0,0.2,10.0,1000,0,0.0,9.16735199311488,0.0,524.4765332401613
0.15,0.001,0.001,1.0,0.2,100.0,1000,0,0.0,12.777184213228693,0.0,446.28324538862665
0.15,0.001,0.001,1.0,0.2,1000.0,1000,0,0.0,10.836745067751327,0.0,339.0779737395583
0.15,0.001,0.001,1.0,0.5,10.0,1000,0,0.0,5.6466421160519165,0.0,242.4722815494372
0.15,0.001,0.001,1.0,0.5,100.0,1000,0,0.0,9.792668562627126,0.0,416.41031807892085
0.15,0.001,0.001,1.0,0.5,1000.0,1000,0,0.0,9.97823694382552,0.0,265.9814666527599
0.15,0.001,0.001,1.0,1.0,10.0,896,104,0.7505108387814761,4.546367335810743,0.01800186757482839,91.68927574865782
0.15,0.001,0.001,1.0,1.0,100.0,782,218,0.7136886946345321,8.18989095986077,0.0469243015888092,300.8117363310765
0.15,0.001,0.001,1.0,1.0,1000.0,744,256,0.7493425959886039,7.21366499799578,0.028942218212379585,169.28889900158507
0.15,0.1,0.0003,1e-05,-0.5,10.0,997,3,0.3520074696545285,168.7118441195087,0.02898098237116198,12054.0271492675
0.15,0.1,0.0003,1e-05,-0.5,100.0,993,7,0.32232529375386515,2.614680029906185,0.015492460097548887,1.1788965020708289
0.15,0.1,0.0003,1e-05,-0.5,1000.0,995,5,0.28177865612648223,0.17299252678661617,0.024948622849911735,0.002149153489190555
0.15,0.1,0.0003,1e-05,-0.2,10.0,995,5,0.5316666666666666,169.02729124765995,0.07567777777777777,14872.441060673696
0.15,0.1,0.0003,1e-05,-0.2,100.0,991,9,0.4716710758377424,2.6662102648578823,0.10078567034952984,10.235494726292902
0.15,0.1,0.0003,1e-05,-0.2,1000.0,991,9,0.25539423270820727,0.17091839399865094,0.036564031551970765,0.0022384148846598473
0.15,0.1,0.0003,1e-05,-0.1,10.0,998,2,0.2976190476190476,164.13920223604126,0.017148526077097503,10924.293957903936
0.15,0.1,0.0003,1e-05,-0.1,100.0,992,8,0.556869939271255,2.5250130450905757,0.07572075145148781,0.9313161871854354
0.15,0.1,0.0003,1e-05,-0.1,1000.0,993,7,0.3237746380603524,0.173493618251415,0.019071049638441435,0.002179191511249635
0.15,0.1,0.0003,1e-05,0.0,10.0,998,2,0.47478991596638653,180.97350291570743,0.05735823741261211,16347.671001215775
0.15,0.1,0.0003,1e-05,0.0,100.0,993,7,0.22959183673469385,2.6399714360640765,0.028535563885418107,1.5854204824765321
0.15,0.1,0.0003,1e-05,0.0,1000.0,992,8,0.38149406144036563,0.17408787635492246,0.028024392245550866,0.002042946867343411
0.15,0.1,0.0003,1e-05,0.1,10.0,998,2,0.6,180.41775325340447,0.004444444444444443,12463.587697615669
0.15,0.1,0.0003,1e-05,0.1,100.0,988,12,0.259279967076069,2.5646330952225918,0.011971731736163643,1.1921973990811066
0.15,0.1,0.0003,1e-05,0.1,1000.0,991,9,0.3478995949584185,0.17289828492831463,0.029845854834563423,0.002097612294731811
0.15,0.1,0.0003,1e-05,0.2,10.0,999,1,0.3333333333333333,153.20810162758497,0.0,12040.921615421748
0.15,0.1,0.0003,1e-05,0.2,100.0,993,7,0.26495688755439234,2.569032960978598,0.03250889403178286,1.705843075402327
0.15,0.1,0.0003,1e-05,0.2,1000.0,988,12,0.4464195526695527,0.17287188296053438,0.0736642231263105,0.0021050238358795445
0.15,0.1,0.0003,1e-05,0.5,10.0,998,2,0.25625,161.97334583806193,0.0031640624999999993,15395.543734683486
0.15,0.1,0.0003,1e-05,0.5,100.0,995,5,0.2765079365079365,2.5598378546738214,0.03450380448475686,1.2271806424724743
0.15,0.1,0.0003,1e-05,0.5,1000.0,998,2,0.2062937062937063,0.1754597334779229,0.0005990512983519978,0.0021841970039553865
0.15,0.1,0.0003,1e-05,1.0,10.0,999,1,0.0,169.68613010764935,0.0,16800.107780831673
0.15,0.1,0.0003,1e-05,1.0,100.0,994,6,0.417437313089487,2.5943467084016603,0.03998744152923448,1.1862061841861695
0.15,0.1,0.0003,1e-05,1.0,1000.0,994,6,0.30913900913900916,0.17338660352698798,0.014464424820365177,0.001960683423285817
0.15,0.1,0.0003,0.001,-0.5,10.0,998,2,0.25555555555555554,145.2927436949893,0.0208641975308642,10512.663454742866
0.15,0.1,0.0003,0.001,-0.5,100.0,990,10,0.24805555555555556,2.632093969066923,0.058534027777777775,1.3977051385431425
0.15,0.1,0.0003,0.001,-0.5,1000.0,995,5,0.46877041087567406,0.17586534505646664,0.07972201424204638,0.002275533579187318
0.15,0.1,0.0003,0.001,-0.2,10.0,993,7,0.26594516594516593,175.6510178983324,0.014413897790521168,15589.800548281477
0.15,0.1,0.0003,0.001,-0.2,100.0,995,5,0.37019851116625313,2.6042693087257427,0.006599661348816876,1.2847832080402517
0.15,0.1,0.0003,0.001,-0.2,1000.0,991,9,0.3502476584175931,0.17532149558562957,0.009197431878832938,0.0022222708283993198
0.15,0.1,0.0003,0.001,-0.1,10.0,998,2,0.3350427350427351,182.77058642799201,0.0005727226240046752,20142.394997744894
0.15,0.1,0.0003,0.001,-0.1,100.0,996,4,0.28567258607581186,2.5876081726254077,0.010073030842600562,1.26579800759021
0.15,0.1,0.0003,0.001,-0.1,1000.0,990,10,0.32562275985663086,0.17500052236229874,0.023797670662474874,0.0024077691093278763
0.15,0.1,0.0003,0.001,0.0,10.0,996,4,0.20902777777777776,150.75810416093273,0.008855613425925925,8350.407228506485
0.15,0.1,0.0003,0.001,0.0,100.0,994,6,0.2344771241830065,2.6483552306820775,0.033067543466188225,1.6398059576553938
0.15,0.1,0.0003,0.001,0.0,1000.0,991,9,0.3078999632076035,0.17605120194170876,0.011692514409492866,0.002190352158532995
0.15,0.1,0.0003,0.001,0.1,10.0,1000,0,0.0,156.6176344657022,0.0,12864.568801702419
0.15,0.1,0.0003,0.001,0.1,100.0,995,5,0.35857142857142854,2.5619167218120817,0.031119274376417226,1.0803623636513613
0.15,0.1,0.0003,0.001,0.1,1000.0,993,7,0.4420791906506191,0.17382232919817683,0.002254858488632878,0.002279113950139041
0.15,0.1,0.0003,0.001,0.2,10.0,998,2,0.1388888888888889,159.96124255584832,0.019290123456790126,13037.93358365451
0.15,0.1,0.0003,0.001,0.2,100.0,995,5,0.27563025210084036,2.5846797044902856,0.004715140958344122,1.0084111037120944
0.15,0.1,0.0003,0.001,0.2,1000.0,989,11,0.2982702821149204,0.17269446926735946,0.03914374388657707,0.002025445577277433
0.15,0.1,0.0003,0.001,0.5,10.0,997,3,0.5833333333333333,171.93416238036886,0.032407407407407406,14167.742606132953
0.15,0.1,0.0003,0.001,0.5,100.0,996,4,0.31510217723453016,2.5594328092626717,0.0037982456062760554,1.0157433706865744
0.15,0.1,0.0003,0.001,0.5,1000.0,997,3,0.2490990990990991,0.1751537616951103,0.001578199821443065,0.0020973760178391327
0.15,0.1,0.0003,0.001,1.0,10.0,994,6,0.31005291005290997,162.95943887897124,0.030223118053805884,13132.441793546912
0.15,0.1,0.0003,0.001,1.0,100.0,994,6,0.335515873015873,2.6686184739853096,0.04403836766187957,1.2422756211968273
0.15,0.1,0.0003,0.001,1.0,1000.0,987,13,0.361172301208869,0.17317685515268216,0.002304344878158021,0.002160896858929403
0.15,0.1,0.0003,0.1,-0.5,10.0,1000,0,0.0,166.1639593211709,0.0,11115.874254979357
0.15,0.1,0.0003,0.1,-0.5,100.0,999,1,0.391304347826087,2.841796747445649,0.0,1.9502164850442938
0.15,0.1,0.0003,0.1,-0.5,1000.0,998,2,0.23214285714285715,0.17394048004898746,0.0003188775510204084,0.0022576340607185115
0.15,0.1,0.0003,0.1,-0.2,10.0,1000,0,0.0,149.1645201364819,0.0,9871.54671737651
0.15,0.1,0.0003,0.1,-0.2,100.0,997,3,0.638888888888889,2.709588219773165,0.06635802469135803,2.0716780515632482
0.15,0.1,0.0003,0.1,-0.2,1000.0,994,6,0.25067783094098883,0.1730454033541218,0.02883004847009506,0.0020491552910352545
0.15,0.1,0.0003,0.1,-0.1,10.0,1000,0,0.0,168.79131898578783,0.0,17128.810439030916
0.15,0.1,0.0003,0.1,-0.1,100.0,998,2,0.3385964912280702,2.6152272708305535,0.016401969836872886,1.5595401317257056
0.15,0.1,0.0003,0.1,-0.1,1000.0,998,2,0.4230769230769231,0.17236510249235856,0.00591715976331361,0.002147464947086438
0.15,0.1,0.0003,0.1,0.0,10.0,999,1,0.2631578947368421,160.61709895860804,0.0,13452.684458059375
0.15,0.1,0.0003,0.1,0.0,100.0,992,8,0.24525613275613278,2.597032560027342,0.013910793866827417,2.245167279010068
0.15,0.1,0.0003,0.1,0.0,1000.0,990,10,0.3880119047619047,0.17111526669623214,0.07345394571995464,0.0023331416762202703
0.15,0.1,0.0003,0.1,0.1,10.0,998,2,0.17647058823529413,150.79719893164153,0.031141868512110732,14306.536578403051
0.15,0.1,0.0003,0.1,0.1,100.0,994,6,0.3275462962962963,2.490134210895549,0.009619609482167354,1.1186558969128686
0.15,0.1,0.0003,0.1,0.1,1000.0,988,12,0.2669342095812684,0.17599796418305938,0.08945947683001217,0.0023419427497237467
0.15,0.1,0.0003,0.1,0.2,10.0,999,1,0.17647058823529413,163.75297953152037,0.0,17717.30997436866
0.15,0.1,0.0003,0.1,0.2,100.0,993,7,0.3577922077922078,2.5250067107806364,0.08757210322145388,1.2753452376404835
0.15,0.1,0.0003,0.1,0.2,1000.0,989,11,0.3858652710925438,0.17490727560133398,0.055934326335007785,0.0022732897730550895
0.15,0.1,0.0003,0.1,0.5,10.0,994,6,0.35912061794414735,137.11943577506602,0.0431664730207249,10285.388149122642
0.15,0.1,0.0003,0.1,0.5,100.0,979,21,0.34088165285698185,2.3525070085706474,0.04237444105103156,0.9324552566012964
0.15,0.1,0.0003,0.1,0.5,1000.0,989,11,0.5690774272749195,0.17410131090215872,0.05702142267114494,0.0023497354011568863
0.15,0.1,0.0003,0.1,1.0,10.0,986,14,0.30681390392343744,141.44107983000265,0.02108781752585872,11760.70378886008
0.15,0.1,0.0003,0.1,1.0,100.0,962,38,0.36351018099606486,2.30924910586996,0.026863941433610126,1.0530519807756136
0.15,0.1,0.0003,0.1,1.0,1000.0,952,48,0.3690920554963855,0.17068171122612216,0.049157444393578074,0.0022860358498386314
0.15,0.1,0.0003,1.0,-0.5,10.0,1000,0,0.0,36.30190637290938,0.0,0.0
0.15,0.1,0.0003,1.0,-0.5,100.0,1000,0,0.0,6.455646290557293,0.0,51.97320494644547
0.15,0.1,0.0003,1.0,-0.5,1000.0,1000,0,0.0,0.18117708154652234,0.0,0.0026727555183757505
0.15,0.1,0.0003,1.0,-0.2,10.0,1000,0,0.0,97.13145602342962,0.0,8868.777795554566
0.15,0.1,0.0003,1.0,-0.2,100.0,999,1,0.0,3.5356763269778644,0.0,8.484832462914948
0.15,0.1,0.0003,1.0,-0.2,1000.0,1000,0,0.0,0.17714750466563828,0.0,0.0025124404202885504
0.15,0.1,0.0003,1.0,-0.1,10.0,1000,0,0.0,87.56538701957652,0.0,5627.110849423513
0.15,0.1,0.0003,1.0,-0.1,100.0,999,1,0.2857142857142857,2.868295741001634,0.0,4.255922939579686
0.15,0.1,0.0003,1.0,-0.1,1000.0,1000,0,0.0,0.17512216210945988,0.0,0.002548239395680197
0.15,0.1,0.0003,1.0,0.0,10.0,997,3,0.28758169934640526,92.83973304263414,0.04775940877440301,6342.748689568999
0.15,0.1,0.0003,1.0,0.0,100.0,997,3,0.4424242424242424,2.403890322101369,0.12102387511478419,2.0519100149883824
0.15,0.1,0.0003,1.0,0.0,1000.0,996,4,0.5435049019607843,0.17523346997509903,0.06351861363417916,0.002553397414645759
0.15,0.1,0.0003,1.0,0.1,10.0,989,11,0.37789915905164567,82.55556634745686,0.038368551719528604,4172.4717305620225
0.15,0.1,0.0003,1.0,0.1,100.0,966,34,0.39865090371779355,2.1447540717252336,0.07152832555840281,1.2610245830348736
0.15,0.1,0.0003,1.0,0.1,1000.0,961,39,0.3191019627120655,0.1724446318403001,0.0699740910728981,0.0027594400992830403
0.15,0.1,0.0003,1.0,0.2,10.0,915,85,0.42554053349198867,78.90046591577718,0.05489567648418368,4121.354666195784
0.15,0.1,0.0003,1.0,0.2,100.0,821,179,0.4505148829410415,1.9636454836198778,0.05401819266844784,0.8753248702457711
0.15,0.1,0.0003,1.0,0.2,1000.0,815,185,0.4449267242177048,0.17219144302105305,0.05821713444563617,0.002502734661032735
0.15,0.1,0.0003,1.0,0.5,10.0,436,564,0.5905898685789979,53.71544201315925,0.015051689444784478,2282.688760699884
0.15,0.1,0.0003,1.0,0.5,100.0,110,890,0.5888163425830143,1.5611188078502285,0.016585726903361468,0.43547940989344536
0.15,0.1,0.0003,1.0,0.5,1000.0,98,902,0.5918884408028282,0.16663807913907244,0.01604436245218676,0.0024599426453188774
0.15,0.1,0.0003,1.0,1.0,10.0,211,789,0.6865288251131606,40.229244663820374,0.005064088266284791,970.3119360617059
0.15,0.1,0.0003,1.0,1.0,100.0,1,999,0.6907882263231994,1.20041837663042,0.005197161525514569,0.20050693483401955
0.15,0.1,0.0003,1.0,1.0,1000.0,1,999,0.6903027858334784,0.15703241474281038,0.00502644166359054,0.0019103512702867678
0.15,0.1,0.0001,1e-05,-0.5,10.0,981,19,0.31728436234085095,0.0,0.01288422315386047,0.0
0.15,0.1,0.0001,1e-05,-0.5,100.0,922,78,0.37080703327485554,64.28987848166076,0.03328497476947251,8950.574037848513
0.15,0.1,0.0001,1e-05,-0.5,1000.0,881,119,0.34579537479557915,0.5669622594830743,0.038179440707658205,0.009027763331027528
0.15,0.1,0.0001,1e-05,-0.2,10.0,989,11,0.27779146648254865,0.0,0.013969517106513445,0.0
0.15,0.1,0.0001,1e-05,-0.2,100.0,922,78,0.34997326683186214,94.09503695252529,0.02676187662748067,26231.786567252795
0.15,0.1,0.0001,1e-05,-0.2,1000.0,897,103,0.3566609818377096,0.5659848815619918,0.03839855179680346,0.009018075491578188
0.15,0.1,0.0001,1e-05,-0.1,10.0,983,17,0.3362910527325716,0.0,0.0101858964698036,0.0
0.15,0.1,0.0001,1e-05,-0.1,100.0,909,91,0.32706544375581825,73.23738099276822,0.01962399313349081,10797.823604831168
0.15,0.1,0.0001,1e-05,-0.1,1000.0,876,124,0.32702560867533526,0.5696437291270093,0.03467061756858566,0.009218281238520724
0.15,0.1,0.0001,1e-05,0.0,10.0,981,19,0.32532968651633204,0.0,0.013286984318450507,0.0
0.15,0.1,0.0001,1e-05,0.0,100.0,923,77,0.34589189034183826,81.53571137351214,0.02802872447539047,13329.610237152487
0.15,0.1,0.0001,1e-05,0.0,1000.0,902,98,0.34390519113763324,0.5755753514250805,0.020777517322858347,0.008252807158173725
0.15,0.1,0.0001,1e-05,0.1,10.0,982,18,0.2942801334359232,0.0,0.010984823621674102,0.0
0.15,0.1,0.0001,1e-05,0.1,100.0,921,79,0.35541848266024506,51.425906505761034,0.022221689793287182,1377.2743239250983
0.15,0.1,0.0001,1e-05,0.1,1000.0,885,115,0.35593833564776783,0.5692334382073961,0.022296449456545495,0.007938941192131154
0.15,0.1,0.0001,1e-05,0.2,10.0,976,24,0.3462728145436695,0.0,0.017027037091415263,0.0
0.15,0.1,0.0001,1e-05,0.2,100.0,928,72,0.3235327602937562,108.39629343432992,0.024533716227100544,31967.58787382004
0.15,0.1,0.0001,1e-05,0.2,1000.0,897,103,0.3449680949897039,0.5683200099404463,0.03182748168786856,0.008341508483707084
0.15,0.1,0.0001,1e-05,0.5,10.0,984,16,0.35548523150379474,0.0,0.010597348027427832,0.0
0.15,0.1,0.0001,1e-05,0.5,100.0,928,72,0.34698000119710287,112.6990141065767,0.010252591819392778,24637.65890475259
0.15,0.1,0.0001,1e-05,0.5,1000.0,893,107,0.316703613049255,0.5723542376383232,0.0210471698194331,0.00887433252843833
0.15,0.1,0.0001,1e-05,1.0,10.0,973,27,0.358393085621762,0.0,0.02608392976824363,0.0
0.15,0.1,0.0001,1e-05,1.0,100.0,927,73,0.34322913209993866,46.881737447963864,0.025553425540344264,1014.9274161181695
0.15,0.1,0.0001,1e-05,1.0,1000.0,897,103,0.32866337234494303,0.5635832143038297,0.02171377017066708,0.00813383299127987
0.15,0.1,0.0001,0.001,-0.5,10.0,981,19,0.3226227548097692,0.0,0.02802913003033548,0.0
0.15,0.1,0.0001,0.001,-0.5,100.0,910,90,0.3386544983469379,51.654236868489356,0.026936564270238526,2995.4805846335425
0.15,0.1,0.0001,0.001,-0.5,1000.0,892,108,0.3278873618834783,0.5611103169767289,0.03052282170587415,0.008034224277112825
0.15,0.1,0.0001,0.001,-0.2,10.0,977,23,0.346001416134546,0.0,0.03055368118369434,0.0
0.15,0.1,0.0001,0.001,-0.2,100.0,937,63,0.34712633862989356,52.68016291217959,0.03705623574876173,2340.378965608966
0.15,0.1,0.0001,0.001,-0.2,1000.0,901,99,0.3258520837696282,0.5689727964503902,0.029518818412895043,0.008763235275039574
0.15,0.1,0.0001,0.001,-0.1,10.0,988,12,0.294925936978157,261.191529486406,0.009460192403273471,0.0
0.15,0.1,0.0001,0.001,-0.1,100.0,925,75,0.3439203059279512,69.69395669448592,0.017589983531854685,4577.352045677023
0.15,0.1,0.0001,0.001,-0.1,1000.0,895,105,0.32615948248798315,0.5712153290443853,0.019271164100037586,0.008603418023418068
0.15,0.1,0.0001,0.001,0.0,10.0,983,17,0.38251753880557127,0.0,0.04095046141848777,0.0
0.15,0.1,0.0001,0.001,0.0,100.0,924,76,0.3547127511483439,90.45864679210722,0.03159945009385944,19074.55926297814
0.15,0.1,0.0001,0.001,0.0,1000.0,881,119,0.3560984949641103,0.5672110187949069,0.02520414069729467,0.008085217244714043
0.15,0.1,0.0001,0.001,0.1,10.0,985,15,0.33310364002120274,0.0,0.018891361806975464,0.0
0.15,0.1,0.0001,0.001,0.1,100.0,928,72,0.34635966572234766,104.99351103289452,0.028811191270231948,31151.31765729835
0.15,0.1,0.0001,0.001,0.1,1000.0,881,119,0.31965304848737225,0.5677145963991431,0.024826184503415345,0.00868277492729189
0.15,0.1,0.0001,0.001,0.2,10.0,978,22,0.32137384756949977,83.45603420295531,0.02904548142859085,0.0
0.15,0.1,0.0001,0.001,0.2,100.0,938,62,0.3119864355287037,59.83342151217329,0.015954635094649342,5157.973421053464
0.15,0.1,0.0001,0.001,0.2,1000.0,902,98,0.3336965387483479,0.5711012710921105,0.031044406467699796,0.00883752187403831
0.15,0.1,0.0001,0.001,0.5,10.0,980,20,0.3431349621411114,0.0,0.01835954116795615,0.0
0.15,0.1,0.0001,0.001,0.5,100.0,922,78,0.3439563783297261,53.995427441107495,0.025379467087025136,3315.274206729664
0.15,0.1,0.0001,0.001,0.5,1000.0,910,90,0.3391463135502615,0.5662287944402524,0.025926414436102874,0.008227307608122392
0.15,0.1,0.0001,0.001,1.0,10.0,974,26,0.3151030682128199,0.0,0.014713756519085562,0.0
0.15,0.1,0.0001,0.001,1.0,100.0,911,89,0.3310367484426653,56.18882800025305,0.023410838321604503,1965.994338973687
0.15,0.1,0.0001,0.001,1.0,1000.0,900,100,0.3353250768590814,0.5644107048444944,0.024644956367246628,0.008442163241079707
0.15,0.1,0.0001,0.1,-0.5,10.0,991,9,0.30068999659642937,0.0,0.029231404500741662,0.0
0.15,0.1,0.0001,0.1,-0.5,100.0,987,13,0.3320541086020962,30.03084331695096,0.009909735920599082,271.09524985938543
0.15,0.1,0.0001,0.1,-0.5,1000.0,979,21,0.3423577716152332,0.5797535464253829,0.033681682236242017,0.009586309039915612
0.15,0.1,0.0001,0.1,-0.2,10.0,989,11,0.40867106378470014,477.03923505514877,0.08788434327450773,28484.458597529403
0.15,0.1,0.0001,0.1,-0.2,100.0,964,36,0.3722383458477021,41.07017851927036,0.021083860028880203,1157.545146015911
0.15,0.1,0.0001,0.1,-0.2,1000.0,935,65,0.3432851554579906,0.5747505208528675,0.04964348579497645,0.009152754589458533
0.15,0.1,0.0001,0.1,-0.1,10.0,983,17,0.32559275708322116,0.0,0.010148262952016792,0.0
0.15,0.1,0.0001,0.1,-0.1,100.0,944,56,0.3287457133735661,66.0969877070976,0.022707731481947713,5548.711104400916
0.15,0.1,0.0001,0.1,-0.1,1000.0,922,78,0.35165648360988205,0.5717804499981548,0.03590460070477365,0.009427458990640705
0.15,0.1,0.0001,0.1,0.0,10.0,987,13,0.3588741742587897,374.1107851506589,0.02913997724395741,23169.559213501074
0.15,0.1,0.0001,0.1,0.0,100.0,944,56,0.3165124874517368,52.00271033252098,0.022029656141988686,3021.856028964345
0.15,0.1,0.0001,0.1,0.0,1000.0,918,82,0.32474643739373704,0.5677303280064848,0.024491856403059637,0.00854680262141061
0.15,0.1,0.0001,0.1,0.1,10.0,980,20,0.3395649861888697,0.0,0.05782910932245746,0.0
0.15,0.1,0.0001,0.1,0.1,100.0,895,105,0.3428128926296583,76.25226037541574,0.028809209556285832,11080.76276267906
0.15,0.1,0.0001,0.1,0.1,1000.0,868,132,0.3423781017402439,0.5676284961653326,0.043716096857751824,0.008502152569788674
0.15,0.1,0.0001,0.1,0.2,10.0,975,25,0.3225164999388966,490.5184246556681,0.016219144734973486,0.0
0.15,0.1,0.0001,0.1,0.2,100.0,881,119,0.33802123386712707,64.56868397435304,0.024644343118336097,8845.56087485014
0.15,0.1,0.0001,0.1,0.2,1000.0,849,151,0.3665553722266591,0.5695869643310812,0.031194693503554895,0.008957128142038997
0.15,0.1,0.0001,0.1,0.5,10.0,948,52,0.33608190705794905,401.2850645182216,0.023418410535485542,48462.36768781893
0.15,0.1,0.0001,0.1,0.5,100.0,788,212,0.33994379721072815,125.71868993516598,0.02615011844295716,36445.51216390338
0.15,0.1,0.0001,0.1,0.5,1000.0,759,241,0.3721087921192194,0.5542823959484285,0.024040951827601544,0.00803792805470134
0.15,0.1,0.0001,0.1,1.0,10.0,887,113,0.4008729550139213,510.5341585212792,0.018332054451108703,38217.21405046001
0.15,0.1,0.0001,0.1,1.0,100.0,665,335,0.3850066602977166,166.7669155050965,0.02034119909012571,50272.9318826698
0.15,0.1,0.0001,0.1,1.0,1000.0,592,408,0.3731325108291661,0.5546884272687584,0.019205038331504255,0.007983398868568293
0.15,0.1,0.0001,1.0,-0.5,10.0,1000,0,0.0,0.0,0.0,0.0
0.15,0.1,0.0001,1.0,-0.5,100.0,1000,0,0.0,0.0,0.0,0.0
0.15,0.1,0.0001,1.0,-0.5,1000.0,1000,0,0.0,0.689790975471042,0.0,0.023891588748511224
0.15,0.1,0.0001,1.0,-0.2,10.0,1000,0,0.0,0.0,0.0,0.0
0.15,0.1,0.0001,1.0,-0.2,100.0,999,1,0.5,14.311930458515455,0.0,43.89716574201154
0.15,0.1,0.0001,1.0,-0.2,1000.0,998,2,0.27192982456140347,0.6076064956762174,0.0037703908895044625,0.0162083024379848
0.15,0.1,0.0001,1.0,-0.1,10.0,1000,0,0.0,0.0,0.0,0.0
0.15,0.1,0.0001,1.0,-0.1,100.0,993,7,0.19838827838827838,26.626977269436736,0.06315600101973727,1023.940665222824
0.15,0.1,0.0001,1.0,-0.1,1000.0,984,16,0.18747948044578805,0.5825489639811746,0.058450108522629954,0.013565202979108022
0.15,0.1,0.0001,1.0,0.0,10.0,980,20,0.40914579294723225,424.07444716097234,0.05239934967902101,63254.92239593779
0.15,0.1,0.0001,1.0,0.0,100.0,931,69,0.36823171425744544,64.29180142943206,0.08555381971495342,14452.186010223288
0.15,0.1,0.0001,1.0,0.0,1000.0,904,96,0.32709632880383177,0.5699442005680869,0.05196844056292119,0.014099830071375745
0.15,0.1,0.0001,1.0,0.1,10.0,885,115,0.38596654077334797,400.307224169522,0.04216980988875313,53690.1759078371
0.15,0.1,0.0001,1.0,0.1,100.0,600,400,0.39451360322424145,59.30031825033051,0.036659526581114966,13213.341970521415
0.15,0.1,0.0001,1.0,0.1,1000.0,548,452,0.38743330503609125,0.5512990788205134,0.0363634811436059,0.011883826596903173
0.15,0.1,0.0001,1.0,0.2,10.0,636,364,0.4743535680942086,290.2515135222401,0.01800588858832071,27767.386098782954
0.15,0.1,0.0001,1.0,0.2,100.0,129,871,0.4644036568809306,22.656851478314675,0.015879616506411336,1844.701593338128
0.15,0.1,0.0001,1.0,0.2,1000.0,86,914,0.46113840233837106,0.5299078629673355,0.017536677703144966,0.010253875445277888
0.15,0.1,0.0001,1.0,0.5,10.0,338,662,0.5972878335809481,143.33471592204575,0.0036235343135012955,5544.033187669267
0.15,0.1,0.0001,1.0,0.5,100.0,0,1000,0.6027567183217512,6.087672072157724,0.0036400396946483487,12.161999311209575
0.15,0.1,0.0001,1.0,0.5,1000.0,0,1000,0.5984629406281684,0.4933830449832399,0.0035527558971370993,0.008560157538817439
0.15,0.1,0.0001,1.0,1.0,10.0,162,838,0.689697271060787,97.29008050199987,0.0016857957513167704,2193.870066634442
0.15,0.1,0.0001,1.0,1.0,100.0,0,1000,0.6884202623106787,3.591347464894721,0.0015438351032375653,1.3437203030988194
0.15,0.1,0.0001,1.0,1.0,1000.0,0,1000,0.6921115088601146,0.4399695234102037,0.0015780028996319345,0.005757000231449655
0.15,0.1,0.003,1e-05,-0.5,10.0,1000,0,0.0,1.7363129164234956,0.0,9.535420426845947
0.15,0.1,0.003,1e-05,-0.5,100.0,1000,0,0.0,0.11022470839236866,0.0,0.014474335293021025
0.15,0.1,0.003,1e-05,-0.5,1000.0,1000,0,0.0,0.01094318601588219,0.0,0.00014213345546253167
0.15,0.1,0.003,1e-05,-0.2,10.0,1000,0,0.0,1.7290539984829139,0.0,7.476099731311194
0.15,0.1,0.003,1e-05,-0.2,100.0,1000,0,0.0,0.10667469679269141,0.0,0.014342303663626833
0.15,0.1,0.003,1e-05,-0.2,1000.0,1000,0,0.0,0.010062947213856635,0.0,0.00012499238194699756
0.15,0.1,0.003,1e-05,-0.1,10.0,1000,0,0.0,1.4816952476927818,0.0,3.9974847916441396
0.15,0.1,0.003,1e-05,-0.1,100.0,1000,0,0.0,0.10677842922277897,0.0,0.013703967343098816
0.15,0.1,0.003,1e-05,-0.1,1000.0,1000,0,0.0,0.010340249613967099,0.0,0.00010791701703450959
0.15,0.1,0.003,1e-05,0.0,10.0,1000,0,0.0,1.6027711599616536,0.0,7.071267744966817
0.15,0.1,0.003,1e-05,0.0,100.0,1000,0,0.0,0.11309305097594759,0.0,0.015495477134891456
0.15,0.1,0.003,1e-05,0.0,1000.0,1000,0,0.0,0.01097554496653714,0.0,0.00012106277515852666
0.15,0.1,0.003,1e-05,0.1,10.0,1000,0,0.0,1.848019751775441,0.0,7.64193011641751
0.15,0.1,0.003,1e-05,0.1,100.0,1000,0,0.0,0.10551572134967442,0.0,0.015332917006488691
0.15,0.1,0.003,1e-05,0.1,1000.0,1000,0,0.0,0.011892719747663599,0.0,0.00016160617829091644
0.15,0.1,0.003,1e-05,0.2,10.0,1000,0,0.0,1.6153860824108268,0.0,6.8112779053982
0.15,0.1,0.003,1e-05,0.2,100.0,1000,0,0.0,0.11249917691193269,0.0,0.015918395318474513
0.15,0.1,0.003,1e-05,0.2,1000.0,1000,0,0.0,0.010229343752220498,0.0,0.000134862469185058
0.15,0.1,0.003,1e-05,0.5,10.0,1000,0,0.0,1.7053663874948972,0.0,7.552719386203232
0.15,0.1,0.003,1e-05,0.5,100.0,1000,0,0.0,0.10530465342509984,0.0,0.012863328254490875
0.15,0.1,0.003,1e-05,0.5,1000.0,1000,0,0.0,0.010323590129615137,0.0,0.00011911825707074077
0.15,0.1,0.003,1e-05,1.0,10.0,1000,0,0.0,1.6303088875594427,0.0,6.376099679738063
0.15,0.1,0.003,1e-05,1.0,100.0,1000,0,0.0,0.11059228949824762,0.0,0.016011156805938797
0.15,0.1,0.003,1e-05,1.0,1000.0,1000,0,0.0,0.010965712130407892,0.0,0.00013780220687268263
0.15,0.1,0.003,0.001,-0.5,10.0,1000,0,0.0,1.6105060162298572,0.0,6.984338421833845
0.15,0.1,0.003,0.001,-0.5,100.0,1000,0,0.0,0.11373225650374227,0.0,0.016075951991299114
0.15,0.1,0.003,0.001,-0.5,1000.0,1000,0,0.0,0.010476384348959911,0.0,0.00011693903410425773
0.15,0.1,0.003,0.001,-0.2,10.0,1000,0,0.0,1.5570458872171251,0.0,4.460795722791487
0.15,0.1,0.003,0.001,-0.2,100.0,1000,0,0.0,0.11314965834573212,0.0,0.015137593757796252
0.15,0.1,0.003,0.001,-0.2,1000.0,1000,0,0.0,0.010597292123542506,0.0,0.00013411736597062843
0.15,0.1,0.003,0.001,-0.1,10.0,1000,0,0.0,1.5330846263921039,0.0,4.538889751652574
0.15,0.1,0.003,0.001,-0.1,100.0,1000,0,0.0,0.11023620452516454,0.0,0.015135901598724688
0.15,0.1,0.003,0.001,-0.1,1000.0,1000,0,0.0,0.010400601215655213,0.0,0.0001180765301936455
0.15,0.1,0.003,0.001,0.0,10.0,1000,0,0.0,1.7043064558515761,0.0,8.433692387959798
0.15,0.1,0.003,0.001,0.0,100.0,1000,0,0.0,0.10851932421646887,0.0,0.012216817190903997
0.15,0.1,0.003,0.001,0.0,1000.0,1000,0,0.0,0.010503203497287157,0.0,0.00012055271293386615
0.15,0.1,0.003,0.001,0.1,10.0,1000,0,0.0,1.7130811517324704,0.0,14.446635127198343
0.15,0.1,0.003,0.001,0.1,100.0,1000,0,0.0,0.1094134635470069,0.0,0.01617247384768402
0.15,0.1,0.003,0.001,0.1,1000.0,1000,0,0.0,0.010804786298364037,0.0,0.00015229558304851598
0.15,0.1,0.003,0.001,0.2,10.0,1000,0,0.0,1.7405092625758607,0.0,7.2341144332778775
0.15,0.1,0.003,0.001,0.2,100.0,1000,0,0.0,0.11601640724226986,0.0,0.017273952253494863
0.15,0.1,0.003,0.001,0.2,1000.0,1000,0,0.0,0.010804175731453581,0.0,0.00013485228205920607
0.15,0.1,0.003,0.001,0.5,10.0,1000,0,0.0,1.4430139325365037,0.0,3.274939359213458
0.15,0.1,0.003,0.001,0.5,100.0,1000,0,0.0,0.108061398995275,0.0,0.015587623435821634
0.15,0.1,0.003,0.001,0.5,1000.0,1000,0,0.0,0.010693279268749111,0.0,0.00012412777010952435
0.15,0.1,0.003,0.001,1.0,10.0,1000,0,0.0,1.641560660314457,0.0,7.840030329389358
0.15,0.1,0.003,0.001,1.0,100.0,1000,0,0.0,0.10487660030201897,0.0,0.012417565771249296
0.15,0.1,0.003,0.001,1.0,1000.0,1000,0,0.0,0.010841839571027662,0.0,0.00013649655934003057
0.15,0.1,0.003,0.1,-0.5,10.0,1000,0,0.0,1.650989553762378,0.0,6.103426272219982
0.15,0.1,0.003,0.1,-0.5,100.0,1000,0,0.0,0.1082509539510233,0.0,0.016998098571989268
0.15,0.1,0.003,0.1,-0.5,1000.0,1000,0,0.0,0.010975753997782937,0.0,0.00012143466187259074
0.15,0.1,0.003,0.1,-0.2,10.0,1000,0,0.0,1.6968904540546765,0.0,7.865942601678251
0.15,0.1,0.003,0.1,-0.2,100.0,1000,0,0.0,0.11517613690323103,0.0,0.015024205800888384
0.15,0.1,0.003,0.1,-0.2,1000.0,1000,0,0.0,0.010277432923164135,0.0,0.00011855902598422469
0.15,0.1,0.003,0.1,-0.1,10.0,1000,0,0.0,1.586738416755281,0.0,6.04816756554712
0.15,0.1,0.003,0.1,-0.1,100.0,1000,0,0.0,0.11402250037704603,0.0,0.015278147326656935
0.15,0.1,0.003,0.1,-0.1,1000.0,1000,0,0.0,0.011251390269331476,0.0,0.00015326705227636058
0.15,0.1,0.003,0.1,0.0,10.0,1000,0,0.0,1.552783526125766,0.0,6.209930411133133
0.15,0.1,0.003,0.1,0.0,100.0,1000,0,0.0,0.11635480680527556,0.0,0.017588421312582973
0.15,0.1,0.003,0.1,0.0,1000.0,1000,0,0.0,0.011179052037301367,0.0,0.00014074125355354733
0.15,0.1,0.003,0.1,0.1,10.0,1000,0,0.0,1.5824752518014578,0.0,5.828105126336409
0.15,0.1,0.003,0.1,0.1,100.0,1000,0,0.0,0.11335893342942081,0.0,0.014481467350158629
0.15,0.1,0.003,0.1,0.1,1000.0,1000,0,0.0,0.010593604252427351,0.0,0.00011379525622546378
0.15,0.1,0.003,0.1,0.2,10.0,1000,0,0.0,1.5671147473697153,0.0,5.9173835696035155
0.15,0.1,0.003,0.1,0.2,100.0,1000,0,0.0,0.10494776658125188,0.0,0.012918176368558005
0.15,0.1,0.003,0.1,0.2,1000.0,1000,0,0.0,0.010857491813367658,0.0,0.00012752321538319044
0.15,0.1,0.003,0.1,0.5,10.0,1000,0,0.0,1.5243345422696042,0.0,7.6926459297709435
0.15,0.1,0.003,0.1,0.5,100.0,1000,0,0.0,0.11292618092771513,0.0,0.018352777857251323
0.15,0.1,0.003,0.1,0.5,1000.0,1000,0,0.0,0.010203555135923203,0.0,0.00011995362180245517
0.15,0.1,0.003,0.1,1.0,10.0,1000,0,0.0,1.322760084150052,0.0,3.4578769689498876
0.15,0.1,0.003,0.1,1.0,100.0,1000,0,0.0,0.10343331329545756,0.0,0.012032870518642106
0.15,0.1,0.003,0.1,1.0,1000.0,1000,0,0.0,0.010618214042473558,0.0,0.0001298514522002436
0.15,0.1,0.003,1.0,-0.5,10.0,1000,0,0.0,1.8087316170393155,0.0,8.653272338582287
0.15,0.1,0.003,1.0,-0.5,100.0,1000,0,0.0,0.12889252937420168,0.0,0.023273523936831148
0.15,0.1,0.003,1.0,-0.5,1000.0,1000,0,0.0,0.010841156896910089,0.0,0.00012972541181668811
0.15,0.1,0.003,1.0,-0.2,10.0,1000,0,0.0,1.6882793290426266,0.0,10.060266133237882
0.15,0.1,0.003,1.0,-0.2,100.0,1000,0,0.0,0.11735367064932407,0.0,0.019531693972615203
0.15,0.1,0.003,1.0,-0.2,1000.0,1000,0,0.0,0.010979194184661058,0.0,0.00013018523907191198
0.15,0.1,0.003,1.0,-0.1,10.0,1000,0,0.0,1.3789458572156663,0.0,4.596731679127117
0.15,0.1,0.003,1.0,-0.1,100.0,1000,0,0.0,0.11256887535195557,0.0,0.01731972994389723
0.15,0.1,0.003,1.0,-0.1,1000.0,1000,0,0.0,0.011010341827538309,0.0,0.00012446933694594957
0.15,0.1,0.003,1.0,0.0,10.0,1000,0,0.0,1.423322712319485,0.0,5.7082036518937525
0.15,0.1,0.003,1.0,0.0,100.0,1000,0,0.0,0.10721587611971443,0.0,0.014696147589704785
0.15,0.1,0.003,1.0,0.0,1000.0,1000,0,0.0,0.010665833067181541,0.0,0.00013126174290199806
0.15,0.1,0.003,1.0,0.1,10.0,1000,0,0.0,1.3502225896665252,0.0,4.702069861366031
0.15,0.1,0.003,1.0,0.1,100.0,1000,0,0.0,0.11398559316778258,0.0,0.017825703792645833
0.15,0.1,0.003,1.0,0.1,1000.0,1000,0,0.0,0.01052766254906145,0.0,0.0001233327863332386
0.15,0.1,0.003,1.0,0.2,10.0,1000,0,0.0,1.2565166210095942,0.0,3.540242793777157
0.15,0.1,0.003,1.0,0.2,100.0,1000,0,0.0,0.1010971193638632,0.0,0.013155868805817763
0.15,0.1,0.003,1.0,0.2,1000.0,1000,0,0.0,0.010378892641336592,0.0,0.00011950359627741904
0.15,0.1,0.003,1.0,0.5,10.0,1000,0,0.0,1.0797163731696677,0.0,3.474472757182448
0.15,0.1,0.003,1.0,0.5,100.0,1000,0,0.0,0.10868068386052801,0.0,0.016282390314563706
0.15,0.1,0.003,1.0,0.5,1000.0,1000,0,0.0,0.010689916775693746,0.0,0.0001486308032033084
0.15,0.1,0.003,1.0,1.0,10.0,1000,0,0.0,0.8422253396083932,0.0,2.3159570591536145
0.15,0.1,0.003,1.0,1.0,100.0,1000,0,0.0,0.10496315548518811,0.0,0.016472468321846116
0.15,0.1,0.003,1.0,1.0,1000.0,1000,0,0.0,0.011013358097698659,0.0,0.00015175022913128553
0.15,0.1,0.001,1e-05,-0.5,10.0,1000,0,0.0,15.29259098393919,0.0,421.3307712150525
0.15,0.1,0.001,1e-05,-0.5,100.0,1000,0,0.0,0.4739502355589986,0.0,0.06459089102433706
0.15,0.1,0.001,1e-05,-0.5,1000.0,1000,0,0.0,0.04334808737233383,0.0,0.0005292416521371775
0.15,0.1,0.001,1e-05,-0.2,10.0,1000,0,0.0,16.859378224219753,0.0,381.67046117403044
0.15,0.1,0.001,1e-05,-0.2,100.0,1000,0,0.0,0.46051379760082484,0.0,0.06856325458174337
0.15,0.1,0.001,1e-05,-0.2,1000.0,1000,0,0.0,0.04294108260125407,0.0,0.0005154503949395044
0.15,0.1,0.001,1e-05,-0.1,10.0,1000,0,0.0,15.548490292749115,0.0,464.1495842015327
0.15,0.1,0.001,1e-05,-0.1,100.0,1000,0,0.0,0.4733177887514739,0.0,0.07635800752707124
0.15,0.1,0.001,1e-05,-0.1,1000.0,1000,0,0.0,0.04289453067366797,0.0,0.0005065019932772485
0.15,0.1,0.001,1e-05,0.0,10.0,1000,0,0.0,14.745577882343413,0.0,334.05329230568543
0.15,0.1,0.001,1e-05,0.0,100.0,1000,0,0.0,0.4545851422889971,0.0,0.06631222994733878
0.15,0.1,0.001,1e-05,0.0,1000.0,1000,0,0.0,0.04274950954721732,0.0,0.0005071763655790947
0.15,0.1,0.001,1e-05,0.1,10.0,1000,0,0.0,15.2612109550411,0.0,382.71190086103917
0.15,0.1,0.001,1e-05,0.1,100.0,1000,0,0.0,0.453865588665287,0.0,0.06798658346465013
0.15,0.1,0.001,1e-05,0.1,1000.0,1000,0,0.0,0.04219345036192115,0.0,0.0004768381173504409
0.15,0.1,0.001,1e-05,0.2,10.0,1000,0,0.0,15.346899148973911,0.0,465.3524317553258
0.15,0.1,0.001,1e-05,0.2,100.0,1000,0,0.0,0.45631041475624134,0.0,0.07271714521756929
0.15,0.1,0.001,1e-05,0.2,1000.0,1000,0,0.0,0.04292963664929354,0.0,0.0005115821427843638
0.15,0.1,0.001,1e-05,0.5,10.0,1000,0,0.0,15.544409470895188,0.0,456.71296606198655
0.15,0.1,0.001,1e-05,0.5,100.0,1000,0,0.0,0.45328155744291304,0.0,0.061982563923491024
0.15,0.1,0.001,1e-05,0.5,1000.0,1000,0,0.0,0.04229039106479797,0.0,0.0005265012214393298
0.15,0.1,0.001,1e-05,1.0,10.0,1000,0,0.0,14.797214593775585,0.0,363.1508403139317
0.15,0.1,0.001,1e-05,1.0,100.0,1000,0,0.0,0.4732392899923284,0.0,0.07718449807347307
0.15,0.1,0.001,1e-05,1.0,1000.0,1000,0,0.0,0.04281070726162642,0.0,0.0004829169994670386
0.15,0.1,0.001,0.001,-0.5,10.0,1000,0,0.0,16.038717761342,0.0,431.1424947549495
0.15,0.1,0.001,0.001,-0.5,100.0,1000,0,0.0,0.45978878370314336,0.0,0.06601882985133008
0.15,0.1,0.001,0.001,-0.5,1000.0,1000,0,0.0,0.04259021650506572,0.0,0.0005626895592174106
0.15,0.1,0.001,0.001,-0.2,10.0,1000,0,0.0,15.12312134546459,0.0,318.5737036898626
0.15,0.1,0.001,0.001,-0.2,100.0,1000,0,0.0,0.45936843642149405,0.0,0.06314950109479295
0.15,0.1,0.001,0.001,-0.2,1000.0,1000,0,0.0,0.044258117155421786,0.0,0.0005528196688618502
0.15,0.1,0.001,0.001,-0.1,10.0,1000,0,0.0,15.155239204091146,0.0,368.20642488640954
0.15,0.1,0.001,0.001,-0.1,100.0,1000,0,0.0,0.4672251517120021,0.0,0.0774435273371501
0.15,0.1,0.001,0.001,-0.1,1000.0,1000,0,0.0,0.04240980853232206,0.0,0.0005075441197230933
0.15,0.1,0.001,0.001,0.0,10.0,1000,0,0.0,15.267129171449247,0.0,436.08264623493005
0.15,0.1,0.001,0.001,0.0,100.0,1000,0,0.0,0.4686510333842265,0.0,0.07232596915420446
0.15,0.1,0.001,0.001,0.0,1000.0,1000,0,0.0,0.04294712749077539,0.0,0.0004975287823223978
0.15,0.1,0.001,0.001,0.1,10.0,1000,0,0.0,14.392754665606914,0.0,342.7513122349902
0.15,0.1,0.001,0.001,0.1,100.0,1000,0,0.0,0.4533410753750461,0.0,0.06677127437262652
0.15,0.1,0.001,0.001,0.1,1000.0,1000,0,0.0,0.04241564009230556,0.0,0.0004999037402649244
0.15,0.1,0.001,0.001,0.2,10.0,1000,0,0.0,15.883823593720823,0.0,421.9465235009884
0.15,0.1,0.001,0.001,0.2,100.0,1000,0,0.0,0.468991671117486,0.0,0.07009033607684786
0.15,0.1,0.001,0.001,0.2,1000.0,999,1,0.6363636363636364,0.04148002818030646,0.0,0.0004501497751396096
0.15,0.1,0.001,0.001,0.5,10.0,1000,0,0.0,15.86322810414919,0.0,344.11700464006833
0.15,0.1,0.001,0.001,0.5,100.0,1000,0,0.0,0.4569463389286369,0.0,0.06821755808894205
0.15,0.1,0.001,0.001,0.5,1000.0,1000,0,0.0,0.044392122286329896,0.0,0.0005567023285392661
0.15,0.1,0.001,0.001,1.0,10.0,1000,0,0.0,15.178493107649654,0.0,367.9976780653703
0.15,0.1,0.001,0.001,1.0,100.0,1000,0,0.0,0.4563895088499251,0.0,0.0657185601716778
0.15,0.1,0.001,0.001,1.0,1000.0,1000,0,0.0,0.04165252030315272,0.0,0.00043487348259327937
0.15,0.1,0.001,0.1,-0.5,10.0,1000,0,0.0,14.93617112843651,0.0,252.32231015313369
0.15,0.1,0.001,0.1,-0.5,100.0,1000,0,0.0,0.48646791692886165,0.0,0.07820418196913659
0.15,0.1,0.001,0.1,-0.5,1000.0,1000,0,0.0,0.04252358883576177,0.0,0.0004965562945884308
0.15,0.1,0.001,0.1,-0.2,10.0,1000,0,0.0,14.39347757996924,0.0,392.12815935658523
0.15,0.1,0.001,0.1,-0.2,100.0,999,1,0.46153846153846156,0.45949571720267307,0.0,0.06987064805538674
0.15,0.1,0.001,0.1,-0.2,1000.0,1000,0,0.0,0.04269176093128073,0.0,0.0005646162874452003
0.15,0.1,0.001,0.1,-0.1,10.0,1000,0,0.0,11.87112263632213,0.0,199.50090128215285
0.15,0.1,0.001,0.1,-0.1,100.0,1000,0,0.0,0.46190043145054993,0.0,0.07563969546524861
0.15,0.1,0.001,0.1,-0.1,1000.0,1000,0,0.0,0.04331453554349549,0.0,0.0005121635877827739
0.15,0.1,0.001,0.1,0.0,10.0,1000,0,0.0,12.990192551471722,0.0,279.6648687461164
0.15,0.1,0.001,0.1,0.0,100.0,1000,0,0.0,0.4667331828887927,0.0,0.08100073011678467
0.15,0.1,0.001,0.1,0.0,1000.0,1000,0,0.0,0.042252787202079804,0.0,0.0005308855123433039
0.15,0.1,0.001,0.1,0.1,10.0,1000,0,0.0,12.872719915782975,0.0,279.3127183876536
0.15,0.1,0.001,0.1,0.1,100.0,1000,0,0.0,0.46855059886970296,0.0,0.07284823649415245
0.15,0.1,0.001,0.1,0.1,1000.0,1000,0,0.0,0.042247416598839044,0.0,0.0005469783125367659
0.15,0.1,0.001,0.1,0.2,10.0,1000,0,0.0,12.873938536371236,0.0,290.99492176405306
0.15,0.1,0.001,0.1,0.2,100.0,1000,0,0.0,0.4520626785814075,0.0,0.06807913902706011
0.15,0.1,0.001,0.1,0.2,1000.0,1000,0,0.0,0.04327039468404471,0.0,0.0005338731494735515
0.15,0.1,0.001,0.1,0.5,10.0,1000,0,0.0,11.198184341146073,0.0,208.8678269628765
0.15,0.1,0.001,0.1,0.5,100.0,1000,0,0.0,0.45562320324531524,0.0,0.07215725381498679
0.15,0.1,0.001,0.1,0.5,1000.0,1000,0,0.0,0.042521126969539365,0.0,0.0005072819034920137
0.15,0.1,0.001,0.1,1.0,10.0,1000,0,0.0,11.20780178613881,0.0,211.29704576485375
0.15,0.1,0.001,0.1,1.0,100.0,999,1,0.4,0.44366370269044114,0.0,0.06996615231521537
0.15,0.1,0.001,0.1,1.0,1000.0,1000,0,0.0,0.042669270744388074,0.0,0.0004917443890134935
0.15,0.1,0.001,1.0,-0.5,10.0,1000,0,0.0,17.46237533129716,0.0,445.082766557387
0.15,0.1,0.001,1.0,-0.5,100.0,1000,0,0.0,0.5179590349564237,0.0,0.15070738448828866
0.15,0.1,0.001,1.0,-0.5,1000.0,1000,0,0.0,0.043387133759491804,0.0,0.0005480740565711424
0.15,0.1,0.001,1.0,-0.2,10.0,1000,0,0.0,9.465201777391606,0.0,159.31694009032637
0.15,0.1,0.001,1.0,-0.2,100.0,1000,0,0.0,0.49302512896851364,0.0,0.10928672374705513
0.15,0.1,0.001,1.0,-0.2,1000.0,1000,0,0.0,0.04294344782708303,0.0,0.0004954530761239081
0.15,0.1,0.001,1.0,-0.1,10.0,1000,0,0.0,8.731157917897924,0.0,125.6370252132565
0.15,0.1,0.001,1.0,-0.1,100.0,1000,0,0.0,0.46627970037766786,0.0,0.10430690306466227
0.15,0.1,0.001,1.0,-0.1,1000.0,1000,0,0.0,0.04378320198219801,0.0,0.0005127585934404491
0.15,0.1,0.001,1.0,0.0,10.0,1000,0,0.0,8.040425849203473,0.0,121.81464656593539
0.15,0.1,0.001,1.0,0.0,100.0,1000,0,0.0,0.45588306414473856,0.0,0.09781578470658517
0.15,0.1,0.001,1.0,0.0,1000.0,1000,0,0.0,0.042842087007782116,0.0,0.0005160378697172448
0.15,0.1,0.001,1.0,0.1,10.0,1000,0,0.0,7.201468591421381,0.0,126.0901484732865
0.15,0.1,0.001,1.0,0.1,100.0,1000,0,0.0,0.44572999071481106,0.0,0.09430306964053596
0.15,0.1,0.001,1.0,0.1,1000.0,1000,0,0.0,0.04268679434427625,0.0,0.0005178601765643893
0.15,0.1,0.001,1.0,0.2,10.0,1000,0,0.0,5.795235918863896,0.0,72.97456396808879
0.15,0.1,0.001,1.0,0.2,100.0,1000,0,0.0,0.43304577449835735,0.0,0.07665540779396983
0.15,0.1,0.001,1.0,0.2,1000.0,999,1,0.8666666666666667,0.04161200301429017,0.0,0.0004983111820992191
0.15,0.1,0.001,1.0,0.5,10.0,974,26,0.4221647828039231,4.623621042948707,0.10204753164805817,36.830289607313915
0.15,0.1,0.001,1.0,0.5,100.0,962,38,0.5220519877017271,0.41313089826478244,0.09195030382459579,0.07548771991444832
0.15,0.1,0.001,1.0,0.5,1000.0,965,35,0.5262494395750508,0.04296809348041852,0.08920586847087282,0.0005755678604511996
0.15,0.1,0.001,1.0,1.0,10.0,823,177,0.6467776389235639,3.150769573787897,0.048719708862712825,17.173171315297523
0.15,0.1,0.001,1.0,1.0,100.0,710,290,0.6534733962642116,0.3769688207293374,0.04351337968780149,0.0636318300405909
0.15,0.1,0.001,1.0,1.0,1000.0,712,288,0.6412627437398459,0.04175172297541149,0.04136363976379284,0.0005331804065831141
0.2,0.0,0.0003,1e-05,-0.5,10.0,1000,0,0.0,0.0,0.0,0.0
0.2,0.0,0.0003,1e-05,-0.5,100.0,1000,0,0.0,0.0,0.0,0.0
0.2,0.0,0.0003,1e-05,-0.5,1000.0,1000,0,0.0,0.0,0.0,0.0
0.2,0.0,0.0003,1e-05,-0.2,10.0,1000,0,0.0,0.0,0.0,0.0
0.2,0.0,0.0003,1e-05,-0.2,100.0,1000,0,0.0,0.0,0.0,0.0
0.2,0.0,0.0003,1e-05,-0.2,1000.0,1000,0,0.0,0.0,0.0,0.0
0.2,0.0,0.0003,1e-05,-0.1,10.0,1000,0,0.0,0.0,0.0,0.0
0.2,0.0,0.0003,1e-05,-0.1,100.0,1000,0,0.0,0.0,0.0,0.0
0.2,0.0,0.0003,1e-05,-0.1,1000.0,1000,0,0.0,0.0,0.0,0.0
0.2,0.0,0.0003,1e-05,0.0,10.0,1000,0,0.0,0.0,0.0,0.0
0.2,0.0,0.0003,1e-05,0.0,100.0,1000,0,0.0,0.0,0.0,0.0
0.2,0.0,0.0003,1e-05,0.0,1000.0,1000,0,0.0,0.0,0.0,0.0
0.2,0.0,0.0003,1e-05,0.1,10.0,1000,0,0.0,0.0,0.0,0.0
0.2,0.0,0.0003,1e-05,0.1,100.0,1000,0,0.0,0.0,0.0,0.0
0.2,0.0,0.0003,1e-05,0.1,1000.0,1000,0,0.0,0.0,0.0,0.0
0.2,0.0,0.0003,1e-05,0.2,10.0,1000,0,0.0,0.0,0.0,0.0
0.2,0.0,0.0003,1e-05,0.2,100.0,1000,0,0.0,0.0,0.0,0.0
0.2,0.0,0.0003,1e-05,0.2,1000.0,1000,0,0.0,0.0,0.0,0.0
0.2,0.0,0.0003,1e-05,0.5,10.0,1000,0,0.0,0.0,0.0,0.0
0.2,0.0,0.0003,1e-05,0.5,100.0,1000,0,0.0,0.0,0.0,0.0
0.2,0.0,0.0003,1e-05,0.5,1000.0,1000,0,0.0,0.0,0.0,0.0
0.2,0.0,0.0003,1e-05,1.0,10.0,1000,0,0.0,0.0,0.0,0.0
0.2,0.0,0.0003,1e-05,1.0,100.0,1000,0,0.0,0.0,0.0,0.0
0.2,0.0,0.0003,1e-05,1.0,1000.0,1000,0,0.0,0.0,0.0,0.0
0.2,0.0,0.0003,0.001,-0.5,10.0,1000,0,0.0,0.0,0.0,0.0
0.2,0.0,0.0003,0.001,-0.5,100.0,1000,0,0.0,0.0,0.0,0.0
0.2,0.0,0.0003,0.001,-0.5,1000.0,1000,0,0.0,0.0,0.0,0.0
0.2,0.0,0.0003,0.001,-0.2,10.0,1000,0,0.0,0.0,0.0,0.0
0.2,0.0,0.0003,0.001,-0.2,100.0,1000,0,0.0,0.0,0.0,0.0
0.2,0.0,0.0003,0.001,-0.2,1000.0,1000,0,0.0,0.0,0.0,0.0
0.2,0.0,0.0003,0.001,-0.1,10.0,1000,0,0.0,0.0,0.0,0.0
0.2,0.0,0.0003,0.001,-0.1,100.0,1000,0,0.0,0.0,0.0,0.0
0.2,0.0,0.0003,0.001,-0.1,1000.0,1000,0,0.0,0.0,0.0,0.0
0.2,0.0,0.0003,0.001,0.0,10.0,1000,0,0.0,0.0,0.0,0.0
0.2,0.0,0.0003,0.001,0.0,100.0,1000,0,0.0,0.0,0.0,0.0
0.2,0.0,0.0003,0.001,0.0,1000.0,1000,0,0.0,0.0,0.0,0.0
0.2,0.0,0.0003,0.001,0.1,10.0,1000,0,0.0,0.0,0.0,0.0
0.2,0.0,0.0003,0.001,0.1,100.0,1000,0,0.0,0.0,0.0,0.0
0.2,0.0,0.0003,0.001,0.1,1000.0,1000,0,0.0,0.0,0.0,0.0
0.2,0.0,0.0003,0.001,0.2,10.0,1000,0,0.0,0.0,0.0,0.0
0.2,0.0,0.0003,0.001,0.2,100.0,1000,0,0.0,0.0,0.0,0.0
0.2,0.0,0.0003,0.001,0.2,1000.0,1000,0,0.0,0.0,0.0,0.0
0.2,0.0,0.0003,0.001,0.5,10.0,1000,0,0.0,0.0,0.0,0.0
0.2,0.0,0.0003,0.001,0.5,100.0,1000,0,0.0,0.0,0.0,0.0
0.2,0.0,0.0003,0.001,0.5,1000.0,1000,0,0.0,0.0,0.0,0.0
0.2,0.0,0.0003,0.001,1.0,10.0,1000,0,0.0,0.0,0.0,0.0
0.2,0.0,0.0003,0.001,1.0,100.0,1000,0,0.0,0.0,0.0,0.0
0.2,0.0,0.0003,0.001,1.0,1000.0,1000,0,0.0,0.0,0.0,0.0
0.2,0.0,0.0003,0.1,-0.5,10.0,1000,0,0.0,0.0,0.0,0.0
0.2,0.0,0.0003,0.1,-0.5,100.0,1000,0,0.0,0.0,0.0,0.0
0.2,0.0,0.0003,0.1,-0.5,1000.0,1000,0,0.0,0.0,0.0,0.0
0.2,0.0,0.0003,0.1,-0.2,10.0,1000,0,0.0,0.0,0.0,0.0
0.2,0.0,0.0003,0.1,-0.2,100.0,1000,0,0.0,0.0,0.0,0.0
0.2,0.0,0.0003,0.1,-0.2,1000.0,1000,0,0.0,0.0,0.0,0.0
0.2,0.0,0.0003,0.1,-0.1,10.0,1000,0,0.0,0.0,0.0,0.0
0.2,0.0,0.0003,0.1,-0.1,100.0,1000,0,0.0,0.0,0.0,0.0
0.2,0.0,0.0003,0.1,-0.1,1000.0,1000,0,0.0,0.0,0.0,0.0
0.2,0.0,0.0003,0.1,0.0,10.0,1000,0,0.0,0.0,0.0,0.0
0.2,0.0,0.0003,0.1,0.0,100.0,1000,0,0.0,0.0,0.0,0.0
0.2,0.0,0.0003,0.1,0.0,1000.0,1000,0,0.0,0.0,0.0,0.0
0.2,0.0,0.0003,0.1,0.1,10.0,1000,0,0.0,0.0,0.0,0.0
0.2,0.0,0.0003,0.1,0.1,100.0,1000,0,0.0,0.0,0.0,0.0
0.2,0.0,0.0003,0.1,0.1,1000.0,1000,0,0.0,0.0,0.0,0.0
0.2,0.0,0.0003,0.1,0.2,10.0,1000,0,0.0,0.0,0.0,0.0
0.2,0.0,0.0003,0.1,0.2,100.0,1000,0,0.0,0.0,0.0,0.0
0.2,0.0,0.0003,0.1,0.2,1000.0,1000,0,0.0,0.0,0.0,0.0
0.2,0.0,0.0003,0.1,0.5,10.0,1000,0,0.0,0.0,0.0,0.0
0.2,0.0,0.0003,0.1,0.5,100.0,1000,0,0.0,0.0,0.0,0.0
0.2,0.0,0.0003,0.1,0.5,1000.0,1000,0,0.0,0.0,0.0,0.0
0.2,0.0,0.0003,0.1,1.0,10.0,1000,0,0.0,0.0,0.0,0.0
0.2,0.0,0.0003,0.1,1.0,100.0,1000,0,0.0,0.0,0.0,0.0
0.2,0.0,0.0003,0.1,1.0,1000.0,1000,0,0.0,0.0,0.0,0.0
0.2,0.0,0.0003,1.0,-0.5,10.0,1000,0,0.0,0.0,0.0,0.0
0.2,0.0,0.0003,1.0,-0.5,100.0,1000,0,0.0,0.0,0.0,0.0
0.2,0.0,0.0003,1.0,-0.5,1000.0,1000,0,0.0,0.0,0.0,0.0
0.2,0.0,0.0003,1.0,-0.2,10.0,1000,0,0.0,0.0,0.0,0.0
0.2,0.0,0.0003,1.0,-0.2,100.0,1000,0,0.0,0.0,0.0,0.0
0.2,0.0,0.0003,1.0,-0.2,1000.0,1000,0,0.0,0.0,0.0,0.0
0.2,0.0,0.0003,1.0,-0.1,10.0,1000,0,0.0,0.0,0.0,0.0
0.2,0.0,0.0003,1.0,-0.1,100.0,1000,0,0.0,0.0,0.0,0.0
0.2,0.0,0.0003,1.0,-0.1,1000.0,1000,0,0.0,0.0,0.0,0.0
0.2,0.0,0.0003,1.0,0.0,10.0,1000,0,0.0,0.0,0.0,0.0
0.2,0.0,0.0003,1.0,0.0,100.0,1000,0,0.0,0.0,0.0,0.0
0.2,0.0,0.0003,1.0,0.0,1000.0,1000,0,0.0,0.0,0.0,0.0
0.2,0.0,0.0003,1.0,0.1,10.0,1000,0,0.0,32.13556797077116,0.0,0.0
0.2,0.0,0.0003,1.0,0.1,100.0,1000,0,0.0,18.965447965241207,0.0,77.98051136303938
0.2,0.0,0.0003,1.0,0.1,1000.0,1000,0,0.0,19.97716426204968,0.0,14.730476203182656
0.2,0.0,0.0003,1.0,0.2,10.0,1000,0,0.0,48.86020947079627,0.0,1091.8155604517608
0.2,0.0,0.0003,1.0,0.2,100.0,1000,0,0.0,21.43339896485505,0.0,160.83956329946156
0.2,0.0,0.0003,1.0,0.2,1000.0,1000,0,0.0,21.849326353953135,0.0,204.8646604362016
0.2,0.0,0.0003,1.0,0.5,10.0,842,158,0.602375190434767,40.533931756157706,0.004721187800947639,258.6746298527842
0.2,0.0,0.0003,1.0,0.5,100.0,763,237,0.6076334578498491,9.690269650060932,0.004885274539541974,26.983582955180708
0.2,0.0,0.0003,1.0,0.5,1000.0,843,157,0.6011761144763831,9.335139777247683,0.004756505006871981,17.51216069467766
0.2,0.0,0.0003,1.0,1.0,10.0,610,390,0.7142399353589719,33.35399363135659,0.002256565894509415,189.2250954524341
0.2,0.0,0.0003,1.0,1.0,100.0,554,446,0.7180275427623524,5.087670438231034,0.001861716409057818,3.7388507713466907
0.2,0.0,0.0003,1.0,1.0,1000.0,661,339,0.7207029558276786,4.276140160594123,0.0021696666033853016,3.6536113350828554
0.2,0.0,0.0001,1e-05,-0.5,10.0,1000,0,0.0,0.0,0.0,0.0
0.2,0.0,0.0001,1e-05,-0.5,100.0,1000,0,0.0,0.0,0.0,0.0
0.2,0.0,0.0001,1e-05,-0.5,1000.0,1000,0,0.0,0.0,0.0,0.0
0.2,0.0,0.0001,1e-05,-0.2,10.0,1000,0,0.0,0.0,0.0,0.0
0.2,0.0,0.0001,1e-05,-0.2,100.0,1000,0,0.0,0.0,0.0,0.0
0.2,0.0,0.0001,1e-05,-0.2,1000.0,1000,0,0.0,0.0,0.0,0.0
0.2,0.0,0.0001,1e-05,-0.1,10.0,1000,0,0.0,0.0,0.0,0.0
0.2,0.0,0.0001,1e-05,-0.1,100.0,1000,0,0.0,0.0,0.0,0.0
0.2,0.0,0.0001,1e-05,-0.1,1000.0,1000,0,0.0,0.0,0.0,0.0
0.2,0.0,0.0001,1e-05,0.0,10.0,1000,0,0.0,0.0,0.0,0.0
0.2,0.0,0.0001,1e-05,0.0,100.0,1000,0,0.0,0.0,0.0,0.0
0.2,0.0,0.0001,1e-05,0.0,1000.0,1000,0,0.0,0.0,0.0,0.0
0.2,0.0,0.0001,1e-05,0.1,10.0,1000,0,0.0,0.0,0.0,0.0
0.2,0.0,0.0001,1e-05,0.1,100.0,1000,0,0.0,0.0,0.0,0.0
0.2,0.0,0.0001,1e-05,0.1,1000.0,1000,0,0.0,0.0,0.0,0.0
0.2,0.0,0.0001,1e-05,0.2,10.0,1000,0,0.0,0.0,0.0,0.0
0.2,0.0,0.0001,1e-05,0.2,100.0,1000,0,0.0,0.0,0.0,0.0
0.2,0.0,0.0001,1e-05,0.2,1000.0,1000,0,0.0,0.0,0.0,0.0
0.2,0.0,0.0001,1e-05,0.5,10.0,1000,0,0.0,0.0,0.0,0.0
0.2,0.0,0.0001,1e-05,0.5,100.0,1000,0,0.0,0.0,0.0,0.0
0.2,0.0,0.0001,1e-05,0.5,1000.0,1000,0,0.0,0.0,0.0,0.0
0.2,0.0,0.0001,1e-05,1.0,10.0,1000,0,0.0,0.0,0.0,0.0
0.2,0.0,0.0001,1e-05,1.0,100.0,1000,0,0.0,0.0,0.0,0.0
0.2,0.0,0.0001,1e-05,1.0,1000.0,1000,0,0.0,0.0,0.0,0.0
0.2,0.0,0.0001,0.001,-0.5,10.0,1000,0,0.0,0.0,0.0,0.0
0.2,0.0,0.0001,0.001,-0.5,100.0,1000,0,0.0,0.0,0.0,0.0
0.2,0.0,0.0001,0.001,-0.5,1000.0,1000,0,0.0,0.0,0.0,0.0
0.2,0.0,0.0001,0.001,-0.2,10.0,1000,0,0.0,0.0,0.0,0.0
0.2,0.0,0.0001,0.001,-0.2,100.0,1000,0,0.0,0.0,0.0,0.0
0.2,0.0,0.0001,0.001,-0.2,1000.0,1000,0,0.0,0.0,0.0,0.0
0.2,0.0,0.0001,0.001,-0.1,10.0,1000,0,0.0,0.0,0.0,0.0
0.2,0.0,0.0001,0.001,-0.1,100.0,1000,0,0.0,0.0,0.0,0.0
0.2,0.0,0.0001,0.001,-0.1,1000.0,1000,0,0.0,0.0,0.0,0.0
0.2,0.0,0.0001,0.001,0.0,10.0,1000,0,0.0,0.0,0.0,0.0
0.2,0.0,0.0001,0.001,0.0,100.0,1000,0,0.0,0.0,0.0,0.0
0.2,0.0,0.0001,0.001,0.0,1000.0,1000,0,0.0,0.0,0.0,0.0
0.2,0.0,0.0001,0.001,0.1,10.0,1000,0,0.0,0.0,0.0,0.0
0.2,0.0,0.0001,0.001,0.1,100.0,1000,0,0.0,0.0,0.0,0.0
0.2,0.0,0.0001,0.001,0.1,1000.0,1000,0,0.0,0.0,0.0,0.0
0.2,0.0,0.0001,0.001,0.2,10.0,1000,0,0.0,0.0,0.0,0.0
0.2,0.0,0.0001,0.001,0.2,100.0,1000,0,0.0,0.0,0.0,0.0
0.2,0.0,0.0001,0.001,0.2,1000.0,1000,0,0.0,0.0,0.0,0.0
0.2,0.0,0.0001,0.001,0.5,10.0,1000,0,0.0,0.0,0.0,0.0
0.2,0.0,0.0001,0.001,0.5,100.0,1000,0,0.0,0.0,0.0,0.0
0.2,0.0,0.0001,0.001,0.5,1000.0,1000,0,0.0,0.0,0.0,0.0
0.2,0.0,0.0001,0.001,1.0,10.0,1000,0,0.0,0.0,0.0,0.0
0.2,0.0,0.0001,0.001,1.0,100.0,1000,0,0.0,0.0,0.0,0.0
0.2,0.0,0.0001,0.001,1.0,1000.0,1000,0,0.0,0.0,0.0,0.0
0.2,0.0,0.0001,0.1,-0.5,10.0,1000,0,0.0,0.0,0.0,0.0
0.2,0.0,0.0001,0.1,-0.5,100.0,1000,0,0.0,0.0,0.0,0.0
0.2,0.0,0.0001,0.1,-0.5,1000.0,1000,0,0.0,0.0,0.0,0.0
0.2,0.0,0.0001,0.1,-0.2,10.0,1000,0,0.0,0.0,0.0,0.0
0.2,0.0,0.0001,0.1,-0.2,100.0,1000,0,0.0,0.0,0.0,0.0
0.2,0.0,0.0001,0.1,-0.2,1000.0,1000,0,0.0,0.0,0.0,0.0
0.2,0.0,0.0001,0.1,-0.1,10.0,1000,0,0.0,0.0,0.0,0.0
0.2,0.0,0.0001,0.1,-0.1,100.0,1000,0,0.0,0.0,0.0,0.0
0.2,0.0,0.0001,0.1,-0.1,1000.0,1000,0,0.0,0.0,0.0,0.0
0.2,0.0,0.0001,0.1,0.0,10.0,1000,0,0.0,0.0,0.0,0.0
0.2,0.0,0.0001,0.1,0.0,100.0,1000,0,0.0,0.0,0.0,0.0
0.2,0.0,0.0001,0.1,0.0,1000.0,1000,0,0.0,0.0,0.0,0.0
0.2,0.0,0.0001,0.1,0.1,10.0,1000,0,0.0,0.0,0.0,0.0
0.2,0.0,0.0001,0.1,0.1,100.0,1000,0,0.0,0.0,0.0,0.0
0.2,0.0,0.0001,0.1,0.1,1000.0,1000,0,0.0,0.0,0.0,0.0
0.2,0.0,0.0001,0.1,0.2,10.0,1000,0,0.0,0.0,0.0,0.0
0.2,0.0,0.0001,0.1,0.2,100.0,1000,0,0.0,0.0,0.0,0.0
0.2,0.0,0.0001,0.1,0.2,1000.0,1000,0,0.0,0.0,0.0,0.0
0.2,0.0,0.0001,0.1,0.5,10.0,1000,0,0.0,0.0,0.0,0.0
0.2,0.0,0.0001,0.1,0.5,100.0,1000,0,0.0,0.0,0.0,0.0
0.2,0.0,0.0001,0.1,0.5,1000.0,1000,0,0.0,0.0,0.0,0.0
0.2,0.0,0.0001,0.1,1.0,10.0,1000,0,0.0,0.0,0.0,0.0
0.2,0.0,0.0001,0.1,1.0,100.0,1000,0,0.0,0.0,0.0,0.0
0.2,0.0,0.0001,0.1,1.0,1000.0,1000,0,0.0,0.0,0.0,0.0
0.2,0.0,0.0001,1.0,-0.5,10.0,1000,0,0.0,0.0,0.0,0.0
0.2,0.0,0.0001,1.0,-0.5,100.0,1000,0,0.0,0.0,0.0,0.0
0.2,0.0,0.0001,1.0,-0.5,1000.0,1000,0,0.0,0.0,0.0,0.0
0.2,0.0,0.0001,1.0,-0.2,10.0,1000,0,0.0,0.0,0.0,0.0
0.2,0.0,0.0001,1.0,-0.2,100.0,1000,0,0.0,0.0,0.0,0.0
0.2,0.0,0.0001,1.0,-0.2,1000.0,1000,0,0.0,0.0,0.0,0.0
0.2,0.0,0.0001,1.0,-0.1,10.0,1000,0,0.0,0.0,0.0,0.0
0.2,0.0,0.0001,1.0,-0.1,100.0,1000,0,0.0,0.0,0.0,0.0
0.2,0.0,0.0001,1.0,-0.1,1000.0,1000,0,0.0,0.0,0.0,0.0
0.2,0.0,0.0001,1.0,0.0,10.0,1000,0,0.0,0.0,0.0,0.0
0.2,0.0,0.0001,1.0,0.0,100.0,1000,0,0.0,0.0,0.0,0.0
0.2,0.0,0.0001,1.0,0.0,1000.0,1000,0,0.0,0.0,0.0,0.0
0.2,0.0,0.0001,1.0,0.1,10.0,1000,0,0.0,0.0,0.0,0.0
0.2,0.0,0.0001,1.0,0.1,100.0,1000,0,0.0,0.0,0.0,0.0
0.2,0.0,0.0001,1.0,0.1,1000.0,1000,0,0.0,0.0,0.0,0.0
0.2,0.0,0.0001,1.0,0.2,10.0,1000,0,0.0,145.039275662536,0.0,2161.1166555621157
0.2,0.0,0.0001,1.0,0.2,100.0,997,3,0.1711229946524064,124.24062981188919,0.04074084665465603,4101.153540740364
0.2,0.0,0.0001,1.0,0.2,1000.0,997,3,0.0,60.107739672140106,0.0,1952.9498413772212
0.2,0.0,0.0001,1.0,0.5,10.0,839,161,0.6025086885914435,65.36018529439643,0.001951754441686035,213.43116265016792
0.2,0.0,0.0001,1.0,0.5,100.0,750,250,0.6065743149307339,27.591680144585595,0.0017107009235870065,66.82109491469733
0.2,0.0,0.0001,1.0,0.5,1000.0,783,217,0.6021652094190866,12.57188690870563,0.0017869972146219908,16.17239485100851
0.2,0.0,0.0001,1.0,1.0,10.0,604,396,0.7184933554713517,48.99261122862066,0.0006104962406884405,132.33827189431705
0.2,0.0,0.0001,1.0,1.0,100.0,549,451,0.7153653014117902,14.749532789127768,0.0007006575829057533,18.088785252470856
0.2,0.0,0.0001,1.0,1.0,1000.0,585,415,0.7155534146220169,5.738117881592551,0.0006503760927631747,2.420817186572141
0.2,0.0,0.003,1e-05,-0.5,10.0,1000,0,0.0,0.0,0.0,0.0
0.2,0.0,0.003,1e-05,-0.5,100.0,1000,0,0.0,0.0,0.0,0.0
0.2,0.0,0.003,1e-05,-0.5,1000.0,1000,0,0.0,0.0,0.0,0.0
0.2,0.0,0.003,1e-05,-0.2,10.0,1000,0,0.0,0.0,0.0,0.0
0.2,0.0,0.003,1e-05,-0.2,100.0,1000,0,0.0,0.0,0.0,0.0
0.2,0.0,0.003,1e-05,-0.2,1000.0,1000,0,0.0,0.0,0.0,0.0
0.2,0.0,0.003,1e-05,-0.1,10.0,1000,0,0.0,0.0,0.0,0.0
0.2,0.0,0.003,1e-05,-0.1,100.0,1000,0,0.0,0.0,0.0,0.0
0.2,0.0,0.003,1e-05,-0.1,1000.0,1000,0,0.0,0.0,0.0,0.0
0.2,0.0,0.003,1e-05,0.0,10.0,1000,0,0.0,0.0,0.0,0.0
0.2,0.0,0.003,1e-05,0.0,100.0,1000,0,0.0,0.0,0.0,0.0
0.2,0.0,0.003,1e-05,0.0,1000.0,1000,0,0.0,0.0,0.0,0.0
0.2,0.0,0.003,1e-05,0.1,10.0,1000,0,0.0,0.0,0.0,0.0
0.2,0.0,0.003,1e-05,0.1,100.0,1000,0,0.0,0.0,0.0,0.0
0.2,0.0,0.003,1e-05,0.1,1000.0,1000,0,0.0,0.0,0.0,0.0
0.2,0.0,0.003,1e-05,0.2,10.0,1000,0,0.0,0.0,0.0,0.0
0.2,0.0,0.003,1e-05,0.2,100.0,1000,0,0.0,0.0,0.0,0.0
0.2,0.0,0.003,1e-05,0.2,1000.0,1000,0,0.0,0.0,0.0,0.0
0.2,0.0,0.003,1e-05,0.5,10.0,1000,0,0.0,0.0,0.0,0.0
0.2,0.0,0.003,1e-05,0.5,100.0,1000,0,0.0,0.0,0.0,0.0
0.2,0.0,0.003,1e-05,0.5,1000.0,1000,0,0.0,0.0,0.0,0.0
0.2,0.0,0.003,1e-05,1.0,10.0,1000,0,0.0,0.0,0.0,0.0
0.2,0.0,0.003,1e-05,1.0,100.0,1000,0,0.0,0.0,0.0,0.0
0.2,0.0,0.003,1e-05,1.0,1000.0,1000,0,0.0,0.0,0.0,0.0
0.2,0.0,0.003,0.001,-0.5,10.0,1000,0,0.0,0.0,0.0,0.0
0.2,0.0,0.003,0.001,-0.5,100.0,1000,0,0.0,0.0,0.0,0.0
0.2,0.0,0.003,0.001,-0.5,1000.0,1000,0,0.0,0.0,0.0,0.0
0.2,0.0,0.003,0.001,-0.2,10.0,1000,0,0.0,0.0,0.0,0.0
0.2,0.0,0.003,0.001,-0.2,100.0,1000,0,0.0,0.0,0.0,0.0
0.2,0.0,0.003,0.001,-0.2,1000.0,1000,0,0.0,0.0,0.0,0.0
0.2,0.0,0.003,0.001,-0.1,10.0,1000,0,0.0,0.0,0.0,0.0
0.2,0.0,0.003,0.001,-0.1,100.0,1000,0,0.0,0.0,0.0,0.0
0.2,0.0,0.003,0.001,-0.1,1000.0,1000,0,0.0,0.0,0.0,0.0
0.2,0.0,0.003,0.001,0.0,10.0,1000,0,0.0,0.0,0.0,0.0
0.2,0.0,0.003,0.001,0.0,100.0,1000,0,0.0,0.0,0.0,0.0
0.2,0.0,0.003,0.001,0.0,1000.0,1000,0,0.0,0.0,0.0,0.0
0.2,0.0,0.003,0.001,0.1,10.0,1000,0,0.0,0.0,0.0,0.0
0.2,0.0,0.003,0.001,0.1,100.0,1000,0,0.0,0.0,0.0,0.0
0.2,0.0,0.003,0.001,0.1,1000.0,1000,0,0.0,0.0,0.0,0.0
0.2,0.0,0.003,0.001,0.2,10.0,1000,0,0.0,0.0,0.0,0.0
0.2,0.0,0.003,0.001,0.2,100.0,1000,0,0.0,0.0,0.0,0.0
0.2,0.0,0.003,0.001,0.2,1000.0,1000,0,0.0,0.0,0.0,0.0
0.2,0.0,0.003,0.001,0.5,10.0,1000,0,0.0,0.0,0.0,0.0
0.2,0.0,0.003,0.001,0.5,100.0,1000,0,0.0,0.0,0.0,0.0
0.2,0.0,0.003,0.001,0.5,1000.0,1000,0,0.0,0.0,0.0,0.0
0.2,0.0,0.003,0.001,1.0,10.0,1000,0,0.0,0.0,0.0,0.0
0.2,0.0,0.003,0.001,1.0,100.0,1000,0,0.0,0.0,0.0,0.0
0.2,0.0,0.003,0.001,1.0,1000.0,1000,0,0.0,0.0,0.0,0.0
0.2,0.0,0.003,0.1,-0.5,10.0,1000,0,0.0,5.973631923122481,0.0,2.451138105024738
0.2,0.0,0.003,0.1,-0.5,100.0,1000,0,0.0,6.37530853010421,0.0,9.247797056236314
0.2,0.0,0.003,0.1,-0.5,1000.0,1000,0,0.0,0.0,0.0,0.0
0.2,0.0,0.003,0.1,-0.2,10.0,1000,0,0.0,8.345147493691847,0.0,43.63680559637925
0.2,0.0,0.003,0.1,-0.2,100.0,1000,0,0.0,6.650701039055573,0.0,24.151865928758788
0.2,0.0,0.003,0.1,-0.2,1000.0,1000,0,0.0,0.0,0.0,0.0
0.2,0.0,0.003,0.1,-0.1,10.0,1000,0,0.0,8.875978434511927,0.0,42.109380701674375
0.2,0.0,0.003,0.1,-0.1,100.0,1000,0,0.0,7.845049348677488,0.0,15.715129932429669
0.2,0.0,0.003,0.1,-0.1,1000.0,1000,0,0.0,8.380432054877407,0.0,12.74685475099508
0.2,0.0,0.003,0.1,0.0,10.0,1000,0,0.0,8.569686276571188,0.0,26.52120021562375
0.2,0.0,0.003,0.1,0.0,100.0,1000,0,0.0,8.939906655273088,0.0,67.21667735377443
0.2,0.0,0.003,0.1,0.0,1000.0,1000,0,0.0,4.100971239738244,0.0,5.496575879027906
0.2,0.0,0.003,0.1,0.1,10.0,1000,0,0.0,8.268104826124228,0.0,46.950788886262444
0.2,0.0,0.003,0.1,0.1,100.0,1000,0,0.0,6.981527557926108,0.0,37.77442430282949
0.2,0.0,0.003,0.1,0.1,1000.0,1000,0,0.0,12.078474207572954,0.0,10.008534457855152
0.2,0.0,0.003,0.1,0.2,10.0,1000,0,0.0,9.886497035247574,0.0,33.5572137793217
0.2,0.0,0.003,0.1,0.2,100.0,1000,0,0.0,7.076461945052824,0.0,26.663067830942467
0.2,0.0,0.003,0.1,0.2,1000.0,1000,0,0.0,6.536608961619198,0.0,34.52645650244017
0.2,0.0,0.003,0.1,0.5,10.0,1000,0,0.0,8.778810959230263,0.0,35.25716114360059
0.2,0.0,0.003,0.1,0.5,100.0,1000,0,0.0,7.401924635882003,0.0,39.04497027632292
0.2,0.0,0.003,0.1,0.5,1000.0,1000,0,0.0,6.625426259362789,0.0,0.0
0.2,0.0,0.003,0.1,1.0,10.0,1000,0,0.0,9.9236063881876,0.0,84.84530714529765
0.2,0.0,0.003,0.1,1.0,100.0,1000,0,0.0,5.751068118432364,0.0,18.767650768981174
0.2,0.0,0.003,0.1,1.0,1000.0,1000,0,0.0,5.533602968820012,0.0,16.85075357363131
0.2,0.0,0.003,1.0,-0.5,10.0,1000,0,0.0,1.730057799273839,0.0,1.687161951729384
0.2,0.0,0.003,1.0,-0.5,100.0,1000,0,0.0,1.427870064872519,0.0,0.7121795712079632
0.2,0.0,0.003,1.0,-0.5,1000.0,1000,0,0.0,1.877714825260418,0.0,1.9225621176860592
0.2,0.0,0.003,1.0,-0.2,10.0,1000,0,0.0,1.6808350228719193,0.0,1.3352586388438954
0.2,0.0,0.003,1.0,-0.2,100.0,1000,0,0.0,1.448842099961665,0.0,1.2406741174566986
0.2,0.0,0.003,1.0,-0.2,1000.0,1000,0,0.0,1.4179607745056564,0.0,1.411403460670359
0.2,0.0,0.003,1.0,-0.1,10.0,1000,0,0.0,1.8000251023895928,0.0,2.293738902137843
0.2,0.0,0.003,1.0,-0.1,100.0,1000,0,0.0,1.3020936077927472,0.0,0.7978877466583608
0.2,0.0,0.003,1.0,-0.1,1000.0,1000,0,0.0,1.349291070311684,0.0,0.6701760134987235
0.2,0.0,0.003,1.0,0.0,10.0,1000,0,0.0,1.6699631154030916,0.0,1.5397904385105528
0.2,0.0,0.003,1.0,0.0,100.0,1000,0,0.0,1.3308994024563954,0.0,0.9904287593290045
0.2,0.0,0.003,1.0,0.0,1000.0,1000,0,0.0,1.270328172508424,0.0,1.0103515315837182
0.2,0.0,0.003,1.0,0.1,10.0,1000,0,0.0,1.7214702563680413,0.0,1.6511373184824358
0.2,0.0,0.003,1.0,0.1,100.0,1000,0,0.0,1.2442153483903522,0.0,0.7739192574741636
0.2,0.0,0.003,1.0,0.1,1000.0,1000,0,0.0,1.3353352245008832,0.0,1.4401697769324342
0.2,0.0,0.003,1.0,0.2,10.0,1000,0,0.0,1.6933372802968951,0.0,1.7920438315800828
0.2,0.0,0.003,1.0,0.2,100.0,1000,0,0.0,1.2405242516232409,0.0,0.9891198579845374
0.2,0.0,0.003,1.0,0.2,1000.0,1000,0,0.0,1.1130704476367386,0.0,0.7686261688181224
0.2,0.0,0.003,1.0,0.5,10.0,1000,0,0.0,1.5221302744754746,0.0,1.669049407997877
0.2,0.0,0.003,1.0,0.5,100.0,1000,0,0.0,1.0520052815776748,0.0,0.5636896055018125
0.2,0.0,0.003,1.0,0.5,1000.0,1000,0,0.0,1.092706580365339,0.0,0.6152558826530765
0.2,0.0,0.003,1.0,1.0,10.0,993,7,0.5395488721804511,1.364973024539459,0.12337632552559344,1.0249117202153817
0.2,0.0,0.003,1.0,1.0,100.0,996,4,0.28409090909090906,0.9032664121933984,0.08303202479338842,0.4351210452882998
0.2,0.0,0.003,1.0,1.0,1000.0,995,5,0.38191632928475033,0.8863609784345647,0.10624734784121107,0.49891479552805035
0.2,0.0,0.001,1e-05,-0.5,10.0,1000,0,0.0,0.0,0.0,0.0
0.2,0.0,0.001,1e-05,-0.5,100.0,1000,0,0.0,0.0,0.0,0.0
0.2,0.0,0.001,1e-05,-0.5,1000.0,1000,0,0.0,0.0,0.0,0.0
0.2,0.0,0.001,1e-05,-0.2,10.0,1000,0,0.0,0.0,0.0,0.0
0.2,0.0,0.001,1e-05,-0.2,100.0,1000,0,0.0,0.0,0.0,0.0
0.2,0.0,0.001,1e-05,-0.2,1000.0,1000,0,0.0,0.0,0.0,0.0
0.2,0.0,0.001,1e-05,-0.1,10.0,1000,0,0.0,0.0,0.0,0.0
0.2,0.0,0.001,1e-05,-0.1,100.0,1000,0,0.0,0.0,0.0,0.0
0.2,0.0,0.001,1e-05,-0.1,1000.0,1000,0,0.0,0.0,0.0,0.0
0.2,0.0,0.001,1e-05,0.0,10.0,1000,0,0.0,0.0,0.0,0.0
0.2,0.0,0.001,1e-05,0.0,100.0,1000,0,0.0,0.0,0.0,0.0
0.2,0.0,0.001,1e-05,0.0,1000.0,1000,0,0.0,0.0,0.0,0.0
0.2,0.0,0.001,1e-05,0.1,10.0,1000,0,0.0,0.0,0.0,0.0
0.2,0.0,0.001,1e-05,0.1,100.0,1000,0,0.0,0.0,0.0,0.0
0.2,0.0,0.001,1e-05,0.1,1000.0,1000,0,0.0,0.0,0.0,0.0
0.2,0.0,0.001,1e-05,0.2,10.0,1000,0,0.0,0.0,0.0,0.0
0.2,0.0,0.001,1e-05,0.2,100.0,1000,0,0.0,0.0,0.0,0.0
0.2,0.0,0.001,1e-05,0.2,1000.0,1000,0,0.0,0.0,0.0,0.0
0.2,0.0,0.001,1e-05,0.5,10.0,1000,0,0.0,0.0,0.0,0.0
0.2,0.0,0.001,1e-05,0.5,100.0,1000,0,0.0,0.0,0.0,0.0
0.2,0.0,0.001,1e-05,0.5,1000.0,1000,0,0.0,0.0,0.0,0.0
0.2,0.0,0.001,1e-05,1.0,10.0,1000,0,0.0,0.0,0.0,0.0
0.2,0.0,0.001,1e-05,1.0,100.0,1000,0,0.0,0.0,0.0,0.0
0.2,0.0,0.001,1e-05,1.0,1000.0,1000,0,0.0,0.0,0.0,0.0
0.2,0.0,0.001,0.001,-0.5,10.0,1000,0,0.0,0.0,0.0,0.0
0.2,0.0,0.001,0.001,-0.5,100.0,1000,0,0.0,0.0,0.0,0.0
0.2,0.0,0.001,0.001,-0.5,1000.0,1000,0,0.0,0.0,0.0,0.0
0.2,0.0,0.001,0.001,-0.2,10.0,1000,0,0.0,0.0,0.0,0.0
0.2,0.0,0.001,0.001,-0.2,100.0,1000,0,0.0,0.0,0.0,0.0
0.2,0.0,0.001,0.001,-0.2,1000.0,1000,0,0.0,0.0,0.0,0.0
0.2,0.0,0.001,0.001,-0.1,10.0,1000,0,0.0,0.0,0.0,0.0
0.2,0.0,0.001,0.001,-0.1,100.0,1000,0,0.0,0.0,0.0,0.0
0.2,0.0,0.001,0.001,-0.1,1000.0,1000,0,0.0,0.0,0.0,0.0
0.2,0.0,0.001,0.001,0.0,10.0,1000,0,0.0,0.0,0.0,0.0
0.2,0.0,0.001,0.001,0.0,100.0,1000,0,0.0,0.0,0.0,0.0
0.2,0.0,0.001,0.001,0.0,1000.0,1000,0,0.0,0.0,0.0,0.0
0.2,0.0,0.001,0.001,0.1,10.0,1000,0,0.0,0.0,0.0,0.0
0.2,0.0,0.001,0.001,0.1,100.0,1000,0,0.0,0.0,0.0,0.0
0.2,0.0,0.001,0.001,0.1,1000.0,1000,0,0.0,0.0,0.0,0.0
0.2,0.0,0.001,0.001,0.2,10.0,1000,0,0.0,0.0,0.0,0.0
0.2,0.0,0.001,0.001,0.2,100.0,1000,0,0.0,0.0,0.0,0.0
0.2,0.0,0.001,0.001,0.2,1000.0,1000,0,0.0,0.0,0.0,0.0
0.2,0.0,0.001,0.001,0.5,10.0,1000,0,0.0,0.0,0.0,0.0
0.2,0.0,0.001,0.001,0.5,100.0,1000,0,0.0,0.0,0.0,0.0
0.2,0.0,0.001,0.001,0.5,1000.0,1000,0,0.0,0.0,0.0,0.0
0.2,0.0,0.001,0.001,1.0,10.0,1000,0,0.0,0.0,0.0,0.0
0.2,0.0,0.001,0.001,1.0,100.0,1000,0,0.0,0.0,0.0,0.0
0.2,0.0,0.001,0.001,1.0,1000.0,1000,0,0.0,0.0,0.0,0.0
0.2,0.0,0.001,0.1,-0.5,10.0,1000,0,0.0,0.0,0.0,0.0
0.2,0.0,0.001,0.1,-0.5,100.0,1000,0,0.0,0.0,0.0,0.0
0.2,0.0,0.001,0.1,-0.5,1000.0,1000,0,0.0,0.0,0.0,0.0
0.2,0.0,0.001,0.1,-0.2,10.0,1000,0,0.0,0.0,0.0,0.0
0.2,0.0,0.001,0.1,-0.2,100.0,1000,0,0.0,0.0,0.0,0.0
0.2,0.0,0.001,0.1,-0.2,1000.0,1000,0,0.0,0.0,0.0,0.0
0.2,0.0,0.001,0.1,-0.1,10.0,1000,0,0.0,0.0,0.0,0.0
0.2,0.0,0.001,0.1,-0.1,100.0,1000,0,0.0,0.0,0.0,0.0
0.2,0.0,0.001,0.1,-0.1,1000.0,1000,0,0.0,0.0,0.0,0.0
0.2,0.0,0.001,0.1,0.0,10.0,1000,0,0.0,0.0,0.0,0.0
0.2,0.0,0.001,0.1,0.0,100.0,1000,0,0.0,0.0,0.0,0.0
0.2,0.0,0.001,0.1,0.0,1000.0,1000,0,0.0,0.0,0.0,0.0
0.2,0.0,0.001,0.1,0.1,10.0,1000,0,0.0,0.0,0.0,0.0
0.2,0.0,0.001,0.1,0.1,100.0,1000,0,0.0,0.0,0.0,0.0
0.2,0.0,0.001,0.1,0.1,1000.0,1000,0,0.0,0.0,0.0,0.0
0.2,0.0,0.001,0.1,0.2,10.0,1000,0,0.0,0.0,0.0,0.0
0.2,0.0,0.001,0.1,0.2,100.0,1000,0,0.0,0.0,0.0,0.0
0.2,0.0,0.001,0.1,0.2,1000.0,1000,0,0.0,0.0,0.0,0.0
0.2,0.0,0.001,0.1,0.5,10.0,1000,0,0.0,59.98962348487221,0.0,0.0
0.2,0.0,0.001,0.1,0.5,100.0,1000,0,0.0,0.0,0.0,0.0
0.2,0.0,0.001,0.1,0.5,1000.0,1000,0,0.0,0.0,0.0,0.0
0.2,0.0,0.001,0.1,1.0,10.0,1000,0,0.0,22.476069300434634,0.0,7.351698360440051
0.2,0.0,0.001,0.1,1.0,100.0,1000,0,0.0,21.534471787228426,0.0,205.73397698970567
0.2,0.0,0.001,0.1,1.0,1000.0,1000,0,0.0,6.565706510447951,0.0,0.0
0.2,0.0,0.001,1.0,-0.5,10.0,1000,0,0.0,0.0,0.0,0.0
0.2,0.0,0.001,1.0,-0.5,100.0,1000,0,0.0,0.0,0.0,0.0
0.2,0.0,0.001,1.0,-0.5,1000.0,1000,0,0.0,0.0,0.0,0.0
0.2,0.0,0.001,1.0,-0.2,10.0,1000,0,0.0,6.625841253214064,0.0,13.402869721721618
0.2,0.0,0.001,1.0,-0.2,100.0,1000,0,0.0,3.2306956037239085,0.0,1.6189927430338478
0.2,0.0,0.001,1.0,-0.2,1000.0,1000,0,0.0,10.857622039193632,0.0,0.0
0.2,0.0,0.001,1.0,-0.1,10.0,1000,0,0.0,6.866599532037702,0.0,10.865829674736636
0.2,0.0,0.001,1.0,-0.1,100.0,1000,0,0.0,5.103183720451531,0.0,5.782153868246788
0.2,0.0,0.001,1.0,-0.1,1000.0,1000,0,0.0,6.911000846557101,0.0,3.016175101484866
0.2,0.0,0.001,1.0,0.0,10.0,1000,0,0.0,8.277513165268662,0.0,18.1835936606951
0.2,0.0,0.001,1.0,0.0,100.0,1000,0,0.0,5.93382440392563,0.0,9.070306782243623
0.2,0.0,0.001,1.0,0.0,1000.0,1000,0,0.0,4.900405792242195,0.0,13.595517366614246
0.2,0.0,0.001,1.0,0.1,10.0,1000,0,0.0,8.709282299312141,0.0,20.771591177176084
0.2,0.0,0.001,1.0,0.1,100.0,1000,0,0.0,4.833116973364198,0.0,7.662603893126214
0.2,0.0,0.001,1.0,0.1,1000.0,1000,0,0.0,4.974956920047752,0.0,14.0184550316775
0.2,0.0,0.001,1.0,0.2,10.0,1000,0,0.0,9.62003895753021,0.0,32.568667749814665
0.2,0.0,0.001,1.0,0.2,100.0,1000,0,0.0,4.191655992314668,0.0,5.742640845987078
0.2,0.0,0.001,1.0,0.2,1000.0,1000,0,0.0,4.628007520175521,0.0,8.586824875288599
0.2,0.0,0.001,1.0,0.5,10.0,975,25,0.5403113324180582,10.54867264239823,0.03793084944903944,64.04410968117155
0.2,0.0,0.001,1.0,0.5,100.0,960,40,0.478492692026302,3.9575515905391554,0.06925095920682585,5.750182639970644
0.2,0.0,0.001,1.0,0.5,1000.0,990,10,0.4781901766929617,3.9098737923342215,0.07496706618954932,5.52331346468132
0.2,0.0,0.001,1.0,1.0,10.0,645,355,0.7135331554724322,9.189390587939318,0.006564470460252336,48.03997895679188
0.2,0.0,0.001,1.0,1.0,100.0,630,370,0.7148828275234088,2.5370882114001296,0.00673835853511933,2.2930610743920643
0.2,0.0,0.001,1.0,1.0,1000.0,800,200,0.7183160495321821,2.5663535112476192,0.006344915493739246,1.8420003712211133
0.2,1e-05,0.0003,1e-05,-0.5,10.0,1000,0,0.0,0.0,0.0,0.0
0.2,1e-05,0.0003,1e-05,-0.5,100.0,1000,0,0.0,0.0,0.0,0.0
0.2,1e-05,0.0003,1e-05,-0.5,1000.0,1000,0,0.0,0.0,0.0,0.0
0.2,1e-05,0.0003,1e-05,-0.2,10.0,1000,0,0.0,0.0,0.0,0.0
0.2,1e-05,0.0003,1e-05,-0.2,100.0,1000,0,0.0,0.0,0.0,0.0
0.2,1e-05,0.0003,1e-05,-0.2,1000.0,1000,0,0.0,0.0,0.0,0.0
0.2,1e-05,0.0003,1e-05,-0.1,10.0,1000,0,0.0,0.0,0.0,0.0
0.2,1e-05,0.0003,1e-05,-0.1,100.0,1000,0,0.0,0.0,0.0,0.0
0.2,1e-05,0.0003,1e-05,-0.1,1000.0,1000,0,0.0,0.0,0.0,0.0
0.2,1e-05,0.0003,1e-05,0.0,10.0,1000,0,0.0,0.0,0.0,0.0
0.2,1e-05,0.0003,1e-05,0.0,100.0,1000,0,0.0,0.0,0.0,0.0
0.2,1e-05,0.0003,1e-05,0.0,1000.0,1000,0,0.0,0.0,0.0,0.0
0.2,1e-05,0.0003,1e-05,0.1,10.0,1000,0,0.0,0.0,0.0,0.0
0.2,1e-05,0.0003,1e-05,0.1,100.0,1000,0,0.0,0.0,0.0,0.0
0.2,1e-05,0.0003,1e-05,0.1,1000.0,1000,0,0.0,0.0,0.0,0.0
0.2,1e-05,0.0003,1e-05,0.2,10.0,1000,0,0.0,0.0,0.0,0.0
0.2,1e-05,0.0003,1e-05,0.2,100.0,1000,0,0.0,0.0,0.0,0.0
0.2,1e-05,0.0003,1e-05,0.2,1000.0,1000,0,0.0,0.0,0.0,0.0
0.2,1e-05,0.0003,1e-05,0.5,10.0,1000,0,0.0,0.0,0.0,0.0
0.2,1e-05,0.0003,1e-05,0.5,100.0,1000,0,0.0,0.0,0.0,0.0
0.2,1e-05,0.0003,1e-05,0.5,1000.0,1000,0,0.0,0.0,0.0,0.0
0.2,1e-05,0.0003,1e-05,1.0,10.0,1000,0,0.0,0.0,0.0,0.0
0.2,1e-05,0.0003,1e-05,1.0,100.0,1000,0,0.0,0.0,0.0,0.0
0.2,1e-05,0.0003,1e-05,1.0,1000.0,1000,0,0.0,0.0,0.0,0.0
0.2,1e-05,0.0003,0.001,-0.5,10.0,1000,0,0.0,0.0,0.0,0.0
0.2,1e-05,0.0003,0.001,-0.5,100.0,1000,0,0.0,0.0,0.0,0.0
0.2,1e-05,0.0003,0.001,-0.5,1000.0,1000,0,0.0,0.0,0.0,0.0
0.2,1e-05,0.0003,0.001,-0.2,10.0,1000,0,0.0,0.0,0.0,0.0
0.2,1e-05,0.0003,0.001,-0.2,100.0,1000,0,0.0,0.0,0.0,0.0
0.2,1e-05,0.0003,0.001,-0.2,1000.0,1000,0,0.0,0.0,0.0,0.0
0.2,1e-05,0.0003,0.001,-0.1,10.0,1000,0,0.0,0.0,0.0,0.0
0.2,1e-05,0.0003,0.001,-0.1,100.0,1000,0,0.0,0.0,0.0,0.0
0.2,1e-05,0.0003,0.001,-0.1,1000.0,1000,0,0.0,0.0,0.0,0.0
0.2,1e-05,0.0003,0.001,0.0,10.0,1000,0,0.0,0.0,0.0,0.0
0.2,1e-05,0.0003,0.001,0.0,100.0,1000,0,0.0,0.0,0.0,0.0
0.2,1e-05,0.0003,0.001,0.0,1000.0,1000,0,0.0,0.0,0.0,0.0
0.2,1e-05,0.0003,0.001,0.1,10.0,1000,0,0.0,0.0,0.0,0.0
0.2,1e-05,0.0003,0.001,0.1,100.0,1000,0,0.0,0.0,0.0,0.0
0.2,1e-05,0.0003,0.001,0.1,1000.0,1000,0,0.0,0.0,0.0,0.0
0.2,1e-05,0.0003,0.001,0.2,10.0,1000,0,0.0,0.0,0.0,0.0
0.2,1e-05,0.0003,0.001,0.2,100.0,1000,0,0.0,0.0,0.0,0.0
0.2,1e-05,0.0003,0.001,0.2,1000.0,1000,0,0.0,0.0,0.0,0.0
0.2,1e-05,0.0003,0.001,0.5,10.0,1000,0,0.0,0.0,0.0,0.0
0.2,1e-05,0.0003,0.001,0.5,100.0,1000,0,0.0,0.0,0.0,0.0
0.2,1e-05,0.0003,0.001,0.5,1000.0,1000,0,0.0,0.0,0.0,0.0
0.2,1e-05,0.0003,0.001,1.0,10.0,1000,0,0.0,0.0,0.0,0.0
0.2,1e-05,0.0003,0.001,1.0,100.0,1000,0,0.0,0.0,0.0,0.0
0.2,1e-05,0.0003,0.001,1.0,1000.0,1000,0,0.0,0.0,0.0,0.0
0.2,1e-05,0.0003,0.1,-0.5,10.0,1000,0,0.0,0.0,0.0,0.0
0.2,1e-05,0.0003,0.1,-0.5,100.0,1000,0,0.0,0.0,0.0,0.0
0.2,1e-05,0.0003,0.1,-0.5,1000.0,1000,0,0.0,0.0,0.0,0.0
0.2,1e-05,0.0003,0.1,-0.2,10.0,1000,0,0.0,0.0,0.0,0.0
0.2,1e-05,0.0003,0.1,-0.2,100.0,1000,0,0.0,0.0,0.0,0.0
0.2,1e-05,0.0003,0.1,-0.2,1000.0,1000,0,0.0,0.0,0.0,0.0
0.2,1e-05,0.0003,0.1,-0.1,10.0,1000,0,0.0,0.0,0.0,0.0
0.2,1e-05,0.0003,0.1,-0.1,100.0,1000,0,0.0,0.0,0.0,0.0
0.2,1e-05,0.0003,0.1,-0.1,1000.0,1000,0,0.0,0.0,0.0,0.0
0.2,1e-05,0.0003,0.1,0.0,10.0,1000,0,0.0,0.0,0.0,0.0
0.2,1e-05,0.0003,0.1,0.0,100.0,1000,0,0.0,0.0,0.0,0.0
0.2,1e-05,0.0003,0.1,0.0,1000.0,1000,0,0.0,0.0,0.0,0.0
0.2,1e-05,0.0003,0.1,0.1,10.0,1000,0,0.0,0.0,0.0,0.0
0.2,1e-05,0.0003,0.1,0.1,100.0,1000,0,0.0,0.0,0.0,0.0
0.2,1e-05,0.0003,0.1,0.1,1000.0,1000,0,0.0,0.0,0.0,0.0
0.2,1e-05,0.0003,0.1,0.2,10.0,1000,0,0.0,0.0,0.0,0.0
0.2,1e-05,0.0003,0.1,0.2,100.0,1000,0,0.0,0.0,0.0,0.0
0.2,1e-05,0.0003,0.1,0.2,1000.0,1000,0,0.0,0.0,0.0,0.0
0.2,1e-05,0.0003,0.1,0.5,10.0,1000,0,0.0,0.0,0.0,0.0
0.2,1e-05,0.0003,0.1,0.5,100.0,1000,0,0.0,0.0,0.0,0.0
0.2,1e-05,0.0003,0.1,0.5,1000.0,1000,0,0.0,0.0,0.0,0.0
0.2,1e-05,0.0003,0.1,1.0,10.0,1000,0,0.0,0.0,0.0,0.0
0.2,1e-05,0.0003,0.1,1.0,100.0,1000,0,0.0,0.0,0.0,0.0
0.2,1e-05,0.0003,0.1,1.0,1000.0,1000,0,0.0,0.0,0.0,0.0
0.2,1e-05,0.0003,1.0,-0.5,10.0,1000,0,0.0,0.0,0.0,0.0
0.2,1e-05,0.0003,1.0,-0.5,100.0,1000,0,0.0,0.0,0.0,0.0
0.2,1e-05,0.0003,1.0,-0.5,1000.0,1000,0,0.0,0.0,0.0,0.0
0.2,1e-05,0.0003,1.0,-0.2,10.0,1000,0,0.0,0.0,0.0,0.0
0.2,1e-05,0.0003,1.0,-0.2,100.0,1000,0,0.0,0.0,0.0,0.0
0.2,1e-05,0.0003,1.0,-0.2,1000.0,1000,0,0.0,0.0,0.0,0.0
0.2,1e-05,0.0003,1.0,-0.1,10.0,1000,0,0.0,0.0,0.0,0.0
0.2,1e-05,0.0003,1.0,-0.1,100.0,1000,0,0.0,0.0,0.0,0.0
0.2,1e-05,0.0003,1.0,-0.1,1000.0,1000,0,0.0,0.0,0.0,0.0
0.2,1e-05,0.0003,1.0,0.0,10.0,1000,0,0.0,0.0,0.0,0.0
0.2,1e-05,0.0003,1.0,0.0,100.0,1000,0,0.0,8.9852712490918,0.0,0.0
0.2,1e-05,0.0003,1.0,0.0,1000.0,1000,0,0.0,0.0,0.0,0.0
0.2,1e-05,0.0003,1.0,0.1,10.0,1000,0,0.0,50.0962143175972,0.0,0.0
0.2,1e-05,0.0003,1.0,0.1,100.0,1000,0,0.0,16.223583628027512,0.0,47.83293071038061
0.2,1e-05,0.0003,1.0,0.1,1000.0,1000,0,0.0,12.445628278600408,0.0,8.628448099217637
0.2,1e-05,0.0003,1.0,0.2,10.0,1000,0,0.0,49.03363760538957,0.0,489.11268836039983
0.2,1e-05,0.0003,1.0,0.2,100.0,1000,0,0.0,22.514433844866968,0.0,615.3059826142073
0.2,1e-05,0.0003,1.0,0.2,1000.0,1000,0,0.0,18.066448940543047,0.0,102.74587174812372
0.2,1e-05,0.0003,1.0,0.5,10.0,830,170,0.6127506019285834,40.30530551569426,0.004247193618010965,260.62519321687233
0.2,1e-05,0.0003,1.0,0.5,100.0,752,248,0.5945452990149914,10.10783927785854,0.0062735166050408,34.76000163560407
0.2,1e-05,0.0003,1.0,0.5,1000.0,837,163,0.6104835103428604,10.830135465220929,0.005883336326170564,79.45846700727762
0.2,1e-05,0.0003,1.0,1.0,10.0,624,376,0.7224670290871049,31.371556129023123,0.001827467197054207,155.22745404395965
0.2,1e-05,0.0003,1.0,1.0,100.0,596,404,0.7164704537544723,5.285806663406897,0.0020936073090617627,5.875183229002777
0.2,1e-05,0.0003,1.0,1.0,1000.0,644,356,0.7146714210379368,7.421134920833425,0.0018393525894510817,304.9636637834421
0.2,1e-05,0.0001,1e-05,-0.5,10.0,1000,0,0.0,0.0,0.0,0.0
0.2,1e-05,0.0001,1e-05,-0.5,100.0,1000,0,0.0,0.0,0.0,0.0
0.2,1e-05,0.0001,1e-05,-0.5,1000.0,1000,0,0.0,0.0,0.0,0.0
0.2,1e-05,0.0001,1e-05,-0.2,10.0,1000,0,0.0,0.0,0.0,0.0
0.2,1e-05,0.0001,1e-05,-0.2,100.0,1000,0,0.0,0.0,0.0,0.0
0.2,1e-05,0.0001,1e-05,-0.2,1000.0,1000,0,0.0,0.0,0.0,0.0
0.2,1e-05,0.0001,1e-05,-0.1,10.0,1000,0,0.0,0.0,0.0,0.0
0.2,1e-05,0.0001,1e-05,-0.1,100.0,1000,0,0.0,0.0,0.0,0.0
0.2,1e-05,0.0001,1e-05,-0.1,1000.0,1000,0,0.0,0.0,0.0,0.0
0.2,1e-05,0.0001,1e-05,0.0,10.0,1000,0,0.0,0.0,0.0,0.0
0.2,1e-05,0.0001,1e-05,0.0,100.0,1000,0,0.0,0.0,0.0,0.0
0.2,1e-05,0.0001,1e-05,0.0,1000.0,1000,0,0.0,0.0,0.0,0.0
0.2,1e-05,0.0001,1e-05,0.1,10.0,1000,0,0.0,0.0,0.0,0.0
0.2,1e-05,0.0001,1e-05,0.1,100.0,1000,0,0.0,0.0,0.0,0.0
0.2,1e-05,0.0001,1e-05,0.1,1000.0,1000,0,0.0,0.0,0.0,0.0
0.2,1e-05,0.0001,1e-05,0.2,10.0,1000,0,0.0,0.0,0.0,0.0
0.2,1e-05,0.0001,1e-05,0.2,100.0,1000,0,0.0,0.0,0.0,0.0
0.2,1e-05,0.0001,1e-05,0.2,1000.0,1000,0,0.0,0.0,0.0,0.0
0.2,1e-05,0.0001,1e-05,0.5,10.0,1000,0,0.0,0.0,0.0,0.0
0.2,1e-05,0.0001,1e-05,0.5,100.0,1000,0,0.0,0.0,0.0,0.0
0.2,1e-05,0.0001,1e-05,0.5,1000.0,1000,0,0.0,0.0,0.0,0.0
0.2,1e-05,0.0001,1e-05,1.0,10.0,1000,0,0.0,0.0,0.0,0.0
0.2,1e-05,0.0001,1e-05,1.0,100.0,1000,0,0.0,0.0,0.0,0.0
0.2,1e-05,0.0001,1e-05,1.0,1000.0,1000,0,0.0,0.0,0.0,0.0
0.2,1e-05,0.0001,0.001,-0.5,10.0,1000,0,0.0,0.0,0.0,0.0
0.2,1e-05,0.0001,0.001,-0.5,100.0,1000,0,0.0,0.0,0.0,0.0
0.2,1e-05,0.0001,0.001,-0.5,1000.0,1000,0,0.0,0.0,0.0,0.0
0.2,1e-05,0.0001,0.001,-0.2,10.0,1000,0,0.0,0.0,0.0,0.0
0.2,1e-05,0.0001,0.001,-0.2,100.0,1000,0,0.0,0.0,0.0,0.0
0.2,1e-05,0.0001,0.001,-0.2,1000.0,1000,0,0.0,0.0,0.0,0.0
0.2,1e-05,0.0001,0.001,-0.1,10.0,1000,0,0.0,0.0,0.0,0.0
0.2,1e-05,0.0001,0.001,-0.1,100.0,1000,0,0.0,0.0,0.0,0.0
0.2,1e-05,0.0001,0.001,-0.1,1000.0,1000,0,0.0,0.0,0.0,0.0
0.2,1e-05,0.0001,0.001,0.0,10.0,1000,0,0.0,0.0,0.0,0.0
0.2,1e-05,0.0001,0.001,0.0,100.0,1000,0,0.0,0.0,0.0,0.0
0.2,1e-05,0.0001,0.001,0.0,1000.0,1000,0,0.0,0.0,0.0,0.0
0.2,1e-05,0.0001,0.001,0.1,10.0,1000,0,0.0,0.0,0.0,0.0
0.2,1e-05,0.0001,0.001,0.1,100.0,1000,0,0.0,0.0,0.0,0.0
0.2,1e-05,0.0001,0.001,0.1,1000.0,1000,0,0.0,0.0,0.0,0.0
0.2,1e-05,0.0001,0.001,0.2,10.0,1000,0,0.0,0.0,0.0,0.0
0.2,1e-05,0.0001,0.001,0.2,100.0,1000,0,0.0,0.0,0.0,0.0
0.2,1e-05,0.0001,0.001,0.2,1000.0,1000,0,0.0,0.0,0.0,0.0
0.2,1e-05,0.0001,0.001,0.5,10.0,1000,0,0.0,0.0,0.0,0.0
0.2,1e-05,0.0001,0.001,0.5,100.0,1000,0,0.0,0.0,0.0,0.0
0.2,1e-05,0.0001,0.001,0.5,1000.0,1000,0,0.0,0.0,0.0,0.0
0.2,1e-05,0.0001,0.001,1.0,10.0,1000,0,0.0,0.0,0.0,0.0
0.2,1e-05,0.0001,0.001,1.0,100.0,1000,0,0.0,0.0,0.0,0.0
0.2,1e-05,0.0001,0.001,1.0,1000.0,1000,0,0.0,0.0,0.0,0.0
0.2,1e-05,0.0001,0.1,-0.5,10.0,1000,0,0.0,0.0,0.0,0.0
0.2,1e-05,0.0001,0.1,-0.5,100.0,1000,0,0.0,0.0,0.0,0.0
0.2,1e-05,0.0001,0.1,-0.5,1000.0,1000,0,0.0,0.0,0.0,0.0
0.2,1e-05,0.0001,0.1,-0.2,10.0,1000,0,0.0,0.0,0.0,0.0
0.2,1e-05,0.0001,0.1,-0.2,100.0,1000,0,0.0,0.0,0.0,0.0
0.2,1e-05,0.0001,0.1,-0.2,1000.0,1000,0,0.0,0.0,0.0,0.0
0.2,1e-05,0.0001,0.1,-0.1,10.0,1000,0,0.0,0.0,0.0,0.0
0.2,1e-05,0.0001,0.1,-0.1,100.0,1000,0,0.0,0.0,0.0,0.0
0.2,1e-05,0.0001,0.1,-0.1,1000.0,1000,0,0.0,0.0,0.0,0.0
0.2,1e-05,0.0001,0.1,0.0,10.0,1000,0,0.0,0.0,0.0,0.0
0.2,1e-05,0.0001,0.1,0.0,100.0,1000,0,0.0,0.0,0.0,0.0
0.2,1e-05,0.0001,0.1,0.0,1000.0,1000,0,0.0,0.0,0.0,0.0
0.2,1e-05,0.0001,0.1,0.1,10.0,1000,0,0.0,0.0,0.0,0.0
0.2,1e-05,0.0001,0.1,0.1,100.0,1000,0,0.0,0.0,0.0,0.0
0.2,1e-05,0.0001,0.1,0.1,1000.0,1000,0,0.0,0.0,0.0,0.0
0.2,1e-05,0.0001,0.1,0.2,10.0,1000,0,0.0,0.0,0.0,0.0
0.2,1e-05,0.0001,0.1,0.2,100.0,1000,0,0.0,0.0,0.0,0.0
0.2,1e-05,0.0001,0.1,0.2,1000.0,1000,0,0.0,0.0,0.0,0.0
0.2,1e-05,0.0001,0.1,0.5,10.0,1000,0,0.0,0.0,0.0,0.0
0.2,1e-05,0.0001,0.1,0.5,100.0,1000,0,0.0,0.0,0.0,0.0
0.2,1e-05,0.0001,0.1,0.5,1000.0,1000,0,0.0,0.0,0.0,0.0
0.2,1e-05,0.0001,0.1,1.0,10.0,1000,0,0.0,0.0,0.0,0.0
0.2,1e-05,0.0001,0.1,1.0,100.0,1000,0,0.0,0.0,0.0,0.0
0.2,1e-05,0.0001,0.1,1.0,1000.0,1000,0,0.0,0.0,0.0,0.0
0.2,1e-05,0.0001,1.0,-0.5,10.0,1000,0,0.0,0.0,0.0,0.0
0.2,1e-05,0.0001,1.0,-0.5,100.0,1000,0,0.0,0.0,0.0,0.0
0.2,1e-05,0.0001,1.0,-0.5,1000.0,1000,0,0.0,0.0,0.0,0.0
0.2,1e-05,0.0001,1.0,-0.2,10.0,1000,0,0.0,0.0,0.0,0.0
0.2,1e-05,0.0001,1.0,-0.2,100.0,1000,0,0.0,0.0,0.0,0.0
0.2,1e-05,0.0001,1.0,-0.2,1000.0,1000,0,0.0,0.0,0.0,0.0
0.2,1e-05,0.0001,1.0,-0.1,10.0,1000,0,0.0,0.0,0.0,0.0
0.2,1e-05,0.0001,1.0,-0.1,100.0,1000,0,0.0,0.0,0.0,0.0
0.2,1e-05,0.0001,1.0,-0.1,1000.0,1000,0,0.0,0.0,0.0,0.0
0.2,1e-05,0.0001,1.0,0.0,10.0,1000,0,0.0,0.0,0.0,0.0
0.2,1e-05,0.0001,1.0,0.0,100.0,1000,0,0.0,0.0,0.0,0.0
0.2,1e-05,0.0001,1.0,0.0,1000.0,1000,0,0.0,0.0,0.0,0.0
0.2,1e-05,0.0001,1.0,0.1,10.0,1000,0,0.0,0.0,0.0,0.0
0.2,1e-05,0.0001,1.0,0.1,100.0,1000,0,0.0,0.0,0.0,0.0
0.2,1e-05,0.0001,1.0,0.1,1000.0,1000,0,0.0,0.0,0.0,0.0
0.2,1e-05,0.0001,1.0,0.2,10.0,1000,0,0.0,146.05748355886197,0.0,1298.8083104763664
0.2,1e-05,0.0001,1.0,0.2,100.0,995,5,0.17674010669589152,137.61864976197947,0.03522304202064821,6348.352445169018
0.2,1e-05,0.0001,1.0,0.2,1000.0,996,4,0.10966981132075472,90.65384493120536,0.03608240254538983,7589.707857073753
0.2,1e-05,0.0001,1.0,0.5,10.0,827,173,0.6063286983825017,66.52270084974177,0.0018272638269021231,231.72558706267927
0.2,1e-05,0.0001,1.0,0.5,100.0,735,265,0.6056466787667081,29.704826618031838,0.0018418170288600742,173.96916710551557
0.2,1e-05,0.0001,1.0,0.5,1000.0,742,258,0.6049394105660609,14.500808294206138,0.0015073663402248416,302.91593907380786
0.2,1e-05,0.0001,1.0,1.0,10.0,576,424,0.7187513792287128,49.36694326188158,0.000553010488001156,144.82283256481864
0.2,1e-05,0.0001,1.0,1.0,100.0,552,448,0.7156481430538734,15.264580238189227,0.000664326950277184,81.81925700471818
0.2,1e-05,0.0001,1.0,1.0,1000.0,554,446,0.7151162589881601,8.340708501061611,0.0005785303024944057,177.2678273595849
0.2,1e-05,0.003,1e-05,-0.5,10.0,1000,0,0.0,0.0,0.0,0.0
0.2,1e-05,0.003,1e-05,-0.5,100.0,1000,0,0.0,0.0,0.0,0.0
0.2,1e-05,0.003,1e-05,-0.5,1000.0,1000,0,0.0,0.0,0.0,0.0
0.2,1e-05,0.003,1e-05,-0.2,10.0,1000,0,0.0,0.0,0.0,0.0
0.2,1e-05,0.003,1e-05,-0.2,100.0,1000,0,0.0,0.0,0.0,0.0
0.2,1e-05,0.003,1e-05,-0.2,1000.0,1000,0,0.0,0.0,0.0,0.0
0.2,1e-05,0.003,1e-05,-0.1,10.0,1000,0,0.0,0.0,0.0,0.0
0.2,1e-05,0.003,1e-05,-0.1,100.0,1000,0,0.0,0.0,0.0,0.0
0.2,1e-05,0.003,1e-05,-0.1,1000.0,1000,0,0.0,0.0,0.0,0.0
0.2,1e-05,0.003,1e-05,0.0,10.0,1000,0,0.0,0.0,0.0,0.0
0.2,1e-05,0.003,1e-05,0.0,100.0,1000,0,0.0,0.0,0.0,0.0
0.2,1e-05,0.003,1e-05,0.0,1000.0,1000,0,0.0,0.0,0.0,0.0
0.2,1e-05,0.003,1e-05,0.1,10.0,1000,0,0.0,0.0,0.0,0.0
0.2,1e-05,0.003,1e-05,0.1,100.0,1000,0,0.0,0.0,0.0,0.0
0.2,1e-05,0.003,1e-05,0.1,1000.0,1000,0,0.0,0.0,0.0,0.0
0.2,1e-05,0.003,1e-05,0.2,10.0,1000,0,0.0,0.0,0.0,0.0
0.2,1e-05,0.003,1e-05,0.2,100.0,1000,0,0.0,0.0,0.0,0.0
0.2,1e-05,0.003,1e-05,0.2,1000.0,1000,0,0.0,0.0,0.0,0.0
0.2,1e-05,0.003,1e-05,0.5,10.0,1000,0,0.0,0.0,0.0,0.0
0.2,1e-05,0.003,1e-05,0.5,100.0,1000,0,0.0,0.0,0.0,0.0
0.2,1e-05,0.003,1e-05,0.5,1000.0,1000,0,0.0,0.0,0.0,0.0
0.2,1e-05,0.003,1e-05,1.0,10.0,1000,0,0.0,0.0,0.0,0.0
0.2,1e-05,0.003,1e-05,1.0,100.0,1000,0,0.0,0.0,0.0,0.0
0.2,1e-05,0.003,1e-05,1.0,1000.0,1000,0,0.0,0.0,0.0,0.0
0.2,1e-05,0.003,0.001,-0.5,10.0,1000,0,0.0,0.0,0.0,0.0
0.2,1e-05,0.003,0.001,-0.5,100.0,1000,0,0.0,0.0,0.0,0.0
0.2,1e-05,0.003,0.001,-0.5,1000.0,1000,0,0.0,0.0,0.0,0.0
0.2,1e-05,0.003,0.001,-0.2,10.0,1000,0,0.0,0.0,0.0,0.0
0.2,1e-05,0.003,0.001,-0.2,100.0,1000,0,0.0,0.0,0.0,0.0
0.2,1e-05,0.003,0.001,-0.2,1000.0,1000,0,0.0,0.0,0.0,0.0
0.2,1e-05,0.003,0.001,-0.1,10.0,1000,0,0.0,0.0,0.0,0.0
0.2,1e-05,0.003,0.001,-0.1,100.0,1000,0,0.0,0.0,0.0,0.0
0.2,1e-05,0.003,0.001,-0.1,1000.0,1000,0,0.0,0.0,0.0,0.0
0.2,1e-05,0.003,0.001,0.0,10.0,1000,0,0.0,0.0,0.0,0.0
0.2,1e-05,0.003,0.001,0.0,100.0,1000,0,0.0,0.0,0.0,0.0
0.2,1e-05,0.003,0.001,0.0,1000.0,1000,0,0.0,0.0,0.0,0.0
0.2,1e-05,0.003,0.001,0.1,10.0,1000,0,0.0,0.0,0.0,0.0
0.2,1e-05,0.003,0.001,0.1,100.0,1000,0,0.0,0.0,0.0,0.0
0.2,1e-05,0.003,0.001,0.1,1000.0,1000,0,0.0,0.0,0.0,0.0
0.2,1e-05,0.003,0.001,0.2,10.0,1000,0,0.0,0.0,0.0,0.0
0.2,1e-05,0.003,0.001,0.2,100.0,1000,0,0.0,0.0,0.0,0.0
0.2,1e-05,0.003,0.001,0.2,1000.0,1000,0,0.0,0.0,0.0,0.0
0.2,1e-05,0.003,0.001,0.5,10.0,1000,0,0.0,0.0,0.0,0.0
0.2,1e-05,0.003,0.001,0.5,100.0,1000,0,0.0,0.0,0.0,0.0
0.2,1e-05,0.003,0.001,0.5,1000.0,1000,0,0.0,0.0,0.0,0.0
0.2,1e-05,0.003,0.001,1.0,10.0,1000,0,0.0,0.0,0.0,0.0
0.2,1e-05,0.003,0.001,1.0,100.0,1000,0,0.0,0.0,0.0,0.0
0.2,1e-05,0.003,0.001,1.0,1000.0,1000,0,0.0,0.0,0.0,0.0
0.2,1e-05,0.003,0.1,-0.5,10.0,1000,0,0.0,9.730685761047038,0.0,6.6358897935238925
0.2,1e-05,0.003,0.1,-0.5,100.0,1000,0,0.0,4.68801882317798,0.0,2.2150126948210294
0.2,1e-05,0.003,0.1,-0.5,1000.0,1000,0,0.0,0.0,0.0,0.0
0.2,1e-05,0.003,0.1,-0.2,10.0,1000,0,0.0,9.43680777532241,0.0,46.78788392502314
0.2,1e-05,0.003,0.1,-0.2,100.0,1000,0,0.0,9.106858222477673,0.0,11.819006935627849
0.2,1e-05,0.003,0.1,-0.2,1000.0,1000,0,0.0,9.245199324445403,0.0,0.0
0.2,1e-05,0.003,0.1,-0.1,10.0,1000,0,0.0,8.918862629389029,0.0,46.92628436526078
0.2,1e-05,0.003,0.1,-0.1,100.0,1000,0,0.0,6.066446079649219,0.0,22.968917369696285
0.2,1e-05,0.003,0.1,-0.1,1000.0,1000,0,0.0,9.899640993656396,0.0,14.465555881203604
0.2,1e-05,0.003,0.1,0.0,10.0,1000,0,0.0,7.054770587012623,0.0,18.791069415259717
0.2,1e-05,0.003,0.1,0.0,100.0,1000,0,0.0,9.330082484404276,0.0,29.36051712730609
0.2,1e-05,0.003,0.1,0.0,1000.0,1000,0,0.0,0.0,0.0,0.0
0.2,1e-05,0.003,0.1,0.1,10.0,1000,0,0.0,9.183192434439718,0.0,49.71839516409562
0.2,1e-05,0.003,0.1,0.1,100.0,1000,0,0.0,8.025302560991232,0.0,35.337144221127296
0.2,1e-05,0.003,0.1,0.1,1000.0,1000,0,0.0,8.751609778345001,0.0,102.08961690909254
0.2,1e-05,0.003,0.1,0.2,10.0,1000,0,0.0,9.986846177143935,0.0,50.75968820035669
0.2,1e-05,0.003,0.1,0.2,100.0,1000,0,0.0,7.971221711116115,0.0,45.26935477001848
0.2,1e-05,0.003,0.1,0.2,1000.0,1000,0,0.0,8.102947645673273,0.0,37.64174585548649
0.2,1e-05,0.003,0.1,0.5,10.0,1000,0,0.0,9.703367077478962,0.0,50.261019639734435
0.2,1e-05,0.003,0.1,0.5,100.0,1000,0,0.0,7.422632963855967,0.0,23.07491842309948
0.2,1e-05,0.003,0.1,0.5,1000.0,1000,0,0.0,4.357632215533932,0.0,18.29028417740748
0.2,1e-05,0.003,0.1,1.0,10.0,1000,0,0.0,9.24845505324748,0.0,39.93331137002833
0.2,1e-05,0.003,0.1,1.0,100.0,1000,0,0.0,6.40073230951654,0.0,34.27037210437512
0.2,1e-05,0.003,0.1,1.0,1000.0,1000,0,0.0,8.783042045783242,0.0,25.77808135359359
0.2,1e-05,0.003,1.0,-0.5,10.0,1000,0,0.0,1.7648822050767439,0.0,1.4899546971300857
0.2,1e-05,0.003,1.0,-0.5,100.0,1000,0,0.0,2.10114127113784,0.0,7.121222416873103
0.2,1e-05,0.003,1.0,-0.5,1000.0,1000,0,0.0,1.5180088812241475,0.0,3.391738699815619
0.2,1e-05,0.003,1.0,-0.2,10.0,1000,0,0.0,1.7253224406668757,0.0,1.5361700482034502
0.2,1e-05,0.003,1.0,-0.2,100.0,1000,0,0.0,1.604979796185083,0.0,1.2947172585559992
0.2,1e-05,0.003,1.0,-0.2,1000.0,1000,0,0.0,1.0600333996495226,0.0,0.47455448076242507
0.2,1e-05,0.003,1.0,-0.1,10.0,1000,0,0.0,1.8338727358373847,0.0,2.0246357821383563
0.2,1e-05,0.003,1.0,-0.1,100.0,1000,0,0.0,1.4941787388710919,0.0,1.7564065930727844
0.2,1e-05,0.003,1.0,-0.1,1000.0,1000,0,0.0,3.01950214932203,0.0,132.10625102619167
0.2,1e-05,0.003,1.0,0.0,10.0,1000,0,0.0,1.8154619058750643,0.0,1.6389957776296546
0.2,1e-05,0.003,1.0,0.0,100.0,1000,0,0.0,1.6906729791075015,0.0,9.450357023772423
0.2,1e-05,0.003,1.0,0.0,1000.0,1000,0,0.0,1.724515502196772,0.0,10.760454578523042
0.2,1e-05,0.003,1.0,0.1,10.0,1000,0,0.0,1.9347334127766265,0.0,3.055657124675642
0.2,1e-05,0.003,1.0,0.1,100.0,1000,0,0.0,1.7024041346764724,0.0,6.6872144889216125
0.2,1e-05,0.003,1.0,0.1,1000.0,1000,0,0.0,1.100215560228591,0.0,0.6506196168450126
0.2,1e-05,0.003,1.0,0.2,10.0,1000,0,0.0,1.5992697271194194,0.0,1.4363481523305943
0.2,1e-05,0.003,1.0,0.2,100.0,1000,0,0.0,1.2221812854445573,0.0,0.6351809011985107
0.2,1e-05,0.003,1.0,0.2,1000.0,1000,0,0.0,1.3103735126588,0.0,3.1774769778236043
0.2,1e-05,0.003,1.0,0.5,10.0,1000,0,0.0,1.4765593233443226,0.0,1.4619318454569818
0.2,1e-05,0.003,1.0,0.5,100.0,1000,0,0.0,1.1647038905412772,0.0,1.0046425554494702
0.2,1e-05,0.003,1.0,0.5,1000.0,1000,0,0.0,1.0337190368005285,0.0,1.0886604833605338
0.2,1e-05,0.003,1.0,1.0,10.0,994,6,0.568982683982684,1.3717781364200239,0.08132050483186846,1.0995226109337066
0.2,1e-05,0.003,1.0,1.0,100.0,991,9,0.5594588468151687,1.0437042526059048,0.10107459930316998,1.7795994991694517
0.2,1e-05,0.003,1.0,1.0,1000.0,997,3,0.7346999405822935,1.0418450676842606,0.00232498696376226,4.190088398580917
0.2,1e-05,0.001,1e-05,-0.5,10.0,1000,0,0.0,0.0,0.0,0.0
0.2,1e-05,0.001,1e-05,-0.5,100.0,1000,0,0.0,0.0,0.0,0.0
0.2,1e-05,0.001,1e-05,-0.5,1000.0,1000,0,0.0,0.0,0.0,0.0
0.2,1e-05,0.001,1e-05,-0.2,10.0,1000,0,0.0,0.0,0.0,0.0
0.2,1e-05,0.001,1e-05,-0.2,100.0,1000,0,0.0,0.0,0.0,0.0
0.2,1e-05,0.001,1e-05,-0.2,1000.0,1000,0,0.0,0.0,0.0,0.0
0.2,1e-05,0.001,1e-05,-0.1,10.0,1000,0,0.0,0.0,0.0,0.0
0.2,1e-05,0.001,1e-05,-0.1,100.0,1000,0,0.0,0.0,0.0,0.0
0.2,1e-05,0.001,1e-05,-0.1,1000.0,1000,0,0.0,0.0,0.0,0.0
0.2,1e-05,0.001,1e-05,0.0,10.0,1000,0,0.0,0.0,0.0,0.0
0.2,1e-05,0.001,1e-05,0.0,100.0,1000,0,0.0,0.0,0.0,0.0
0.2,1e-05,0.001,1e-05,0.0,1000.0,1000,0,0.0,0.0,0.0,0.0
0.2,1e-05,0.001,1e-05,0.1,10.0,1000,0,0.0,0.0,0.0,0.0
0.2,1e-05,0.001,1e-05,0.1,100.0,1000,0,0.0,0.0,0.0,0.0
0.2,1e-05,0.001,1e-05,0.1,1000.0,1000,0,0.0,0.0,0.0,0.0
0.2,1e-05,0.001,1e-05,0.2,10.0,1000,0,0.0,0.0,0.0,0.0
0.2,1e-05,0.001,1e-05,0.2,100.0,1000,0,0.0,0.0,0.0,0.0
0.2,1e-05,0.001,1e-05,0.2,1000.0,1000,0,0.0,0.0,0.0,0.0
0.2,1e-05,0.001,1e-05,0.5,10.0,1000,0,0.0,0.0,0.0,0.0
0.2,1e-05,0.001,1e-05,0.5,100.0,1000,0,0.0,0.0,0.0,0.0
0.2,1e-05,0.001,1e-05,0.5,1000.0,1000,0,0.0,0.0,0.0,0.0
0.2,1e-05,0.001,1e-05,1.0,10.0,1000,0,0.0,0.0,0.0,0.0
0.2,1e-05,0.001,1e-05,1.0,100.0,1000,0,0.0,0.0,0.0,0.0
0.2,1e-05,0.001,1e-05,1.0,1000.0,1000,0,0.0,0.0,0.0,0.0
0.2,1e-05,0.001,0.001,-0.5,10.0,1000,0,0.0,0.0,0.0,0.0
0.2,1e-05,0.001,0.001,-0.5,100.0,1000,0,0.0,0.0,0.0,0.0
0.2,1e-05,0.001,0.001,-0.5,1000.0,1000,0,0.0,0.0,0.0,0.0
0.2,1e-05,0.001,0.001,-0.2,10.0,1000,0,0.0,0.0,0.0,0.0
0.2,1e-05,0.001,0.001,-0.2,100.0,1000,0,0.0,0.0,0.0,0.0
0.2,1e-05,0.001,0.001,-0.2,1000.0,1000,0,0.0,0.0,0.0,0.0
0.2,1e-05,0.001,0.001,-0.1,10.0,1000,0,0.0,0.0,0.0,0.0
0.2,1e-05,0.001,0.001,-0.1,100.0,1000,0,0.0,0.0,0.0,0.0
0.2,1e-05,0.001,0.001,-0.1,1000.0,1000,0,0.0,0.0,0.0,0.0
0.2,1e-05,0.001,0.001,0.0,10.0,1000,0,0.0,0.0,0.0,0.0
0.2,1e-05,0.001,0.001,0.0,100.0,1000,0,0.0,0.0,0.0,0.0
0.2,1e-05,0.001,0.001,0.0,1000.0,1000,0,0.0,0.0,0.0,0.0
0.2,1e-05,0.001,0.001,0.1,10.0,1000,0,0.0,0.0,0.0,0.0
0.2,1e-05,0.001,0.001,0.1,100.0,1000,0,0.0,0.0,0.0,0.0
0.2,1e-05,0.001,0.001,0.1,1000.0,1000,0,0.0,0.0,0.0,0.0
0.2,1e-05,0.001,0.001,0.2,10.0,1000,0,0.0,0.0,0.0,0.0
0.2,1e-05,0.001,0.001,0.2,100.0,1000,0,0.0,0.0,0.0,0.0
0.2,1e-05,0.001,0.001,0.2,1000.0,1000,0,0.0,0.0,0.0,0.0
0.2,1e-05,0.001,0.001,0.5,10.0,1000,0,0.0,0.0,0.0,0.0
0.2,1e-05,0.001,0.001,0.5,100.0,1000,0,0.0,0.0,0.0,0.0
0.2,1e-05,0.001,0.001,0.5,1000.0,1000,0,0.0,0.0,0.0,0.0
0.2,1e-05,0.001,0.001,1.0,10.0,1000,0,0.0,0.0,0.0,0.0
0.2,1e-05,0.001,0.001,1.0,100.0,1000,0,0.0,0.0,0.0,0.0
0.2,1e-05,0.001,0.001,1.0,1000.0,1000,0,0.0,0.0,0.0,0.0
0.2,1e-05,0.001,0.1,-0.5,10.0,1000,0,0.0,0.0,0.0,0.0
0.2,1e-05,0.001,0.1,-0.5,100.0,1000,0,0.0,0.0,0.0,0.0
0.2,1e-05,0.001,0.1,-0.5,1000.0,1000,0,0.0,0.0,0.0,0.0
0.2,1e-05,0.001,0.1,-0.2,10.0,1000,0,0.0,0.0,0.0,0.0
0.2,1e-05,0.001,0.1,-0.2,100.0,1000,0,0.0,0.0,0.0,0.0
0.2,1e-05,0.001,0.1,-0.2,1000.0,1000,0,0.0,0.0,0.0,0.0
0.2,1e-05,0.001,0.1,-0.1,10.0,1000,0,0.0,0.0,0.0,0.0
0.2,1e-05,0.001,0.1,-0.1,100.0,1000,0,0.0,0.0,0.0,0.0
0.2,1e-05,0.001,0.1,-0.1,1000.0,1000,0,0.0,0.0,0.0,0.0
0.2,1e-05,0.001,0.1,0.0,10.0,1000,0,0.0,0.0,0.0,0.0
0.2,1e-05,0.001,0.1,0.0,100.0,1000,0,0.0,0.0,0.0,0.0
0.2,1e-05,0.001,0.1,0.0,1000.0,1000,0,0.0,0.0,0.0,0.0
0.2,1e-05,0.001,0.1,0.1,10.0,1000,0,0.0,0.0,0.0,0.0
0.2,1e-05,0.001,0.1,0.1,100.0,1000,0,0.0,0.0,0.0,0.0
0.2,1e-05,0.001,0.1,0.1,1000.0,1000,0,0.0,0.0,0.0,0.0
0.2,1e-05,0.001,0.1,0.2,10.0,1000,0,0.0,0.0,0.0,0.0
0.2,1e-05,0.001,0.1,0.2,100.0,1000,0,0.0,0.0,0.0,0.0
0.2,1e-05,0.001,0.1,0.2,1000.0,1000,0,0.0,0.0,0.0,0.0
0.2,1e-05,0.001,0.1,0.5,10.0,1000,0,0.0,0.0,0.0,0.0
0.2,1e-05,0.001,0.1,0.5,100.0,1000,0,0.0,0.0,0.0,0.0
0.2,1e-05,0.001,0.1,0.5,1000.0,1000,0,0.0,0.0,0.0,0.0
0.2,1e-05,0.001,0.1,1.0,10.0,1000,0,0.0,26.85860639363634,0.0,50.6917619032782
0.2,1e-05,0.001,0.1,1.0,100.0,1000,0,0.0,22.90604167890612,0.0,134.9475799923434
0.2,1e-05,0.001,0.1,1.0,1000.0,1000,0,0.0,12.208721903041058,0.0,0.0
0.2,1e-05,0.001,1.0,-0.5,10.0,1000,0,0.0,2.776498395603526,0.0,0.0
0.2,1e-05,0.001,1.0,-0.5,100.0,1000,0,0.0,0.0,0.0,0.0
0.2,1e-05,0.001,1.0,-0.5,1000.0,1000,0,0.0,0.0,0.0,0.0
0.2,1e-05,0.001,1.0,-0.2,10.0,1000,0,0.0,6.433054066430652,0.0,4.982931051272418
0.2,1e-05,0.001,1.0,-0.2,100.0,1000,0,0.0,5.1983897577203795,0.0,4.534248253212555
0.2,1e-05,0.001,1.0,-0.2,1000.0,1000,0,0.0,7.025971781543103,0.0,7.569526933309524
0.2,1e-05,0.001,1.0,-0.1,10.0,1000,0,0.0,13.18501388101267,0.0,60.300264133341216
0.2,1e-05,0.001,1.0,-0.1,100.0,1000,0,0.0,5.501418081031344,0.0,6.490038575218997
0.2,1e-05,0.001,1.0,-0.1,1000.0,1000,0,0.0,7.5496930995516935,0.0,17.96206169543705
0.2,1e-05,0.001,1.0,0.0,10.0,1000,0,0.0,7.994334029787712,0.0,19.20033389730572
0.2,1e-05,0.001,1.0,0.0,100.0,1000,0,0.0,4.810672942387746,0.0,5.414176100431838
0.2,1e-05,0.001,1.0,0.0,1000.0,1000,0,0.0,3.7981370916018085,0.0,2.890812011767745
0.2,1e-05,0.001,1.0,0.1,10.0,1000,0,0.0,10.003973064930033,0.0,41.918583004974046
0.2,1e-05,0.001,1.0,0.1,100.0,1000,0,0.0,4.843303104508691,0.0,9.3564563943315
0.2,1e-05,0.001,1.0,0.1,1000.0,1000,0,0.0,4.359596605362392,0.0,6.619435081034695
0.2,1e-05,0.001,1.0,0.2,10.0,1000,0,0.0,9.37445617231178,0.0,25.399888436171178
0.2,1e-05,0.001,1.0,0.2,100.0,1000,0,0.0,5.4386159629832695,0.0,14.467183798388167
0.2,1e-05,0.001,1.0,0.2,1000.0,1000,0,0.0,5.135348883651222,0.0,12.731289575737472
0.2,1e-05,0.001,1.0,0.5,10.0,980,20,0.4841743600265966,10.463480943497416,0.06579751198523288,150.89121264750725
0.2,1e-05,0.001,1.0,0.5,100.0,954,46,0.4925691485436586,4.292785185410354,0.07357842852334179,30.16465419802158
0.2,1e-05,0.001,1.0,0.5,1000.0,987,13,0.5234328821857842,6.322932483663216,0.02812106886012677,136.777724332955
0.2,1e-05,0.001,1.0,1.0,10.0,653,347,0.7029007606574059,9.661873967346569,0.007258566991779272,74.10485551622446
0.2,1e-05,0.001,1.0,1.0,100.0,593,407,0.7099141944736003,2.9010756909462123,0.007423478983768672,48.583821547832606
0.2,1e-05,0.001,1.0,1.0,1000.0,774,226,0.7032659737687896,3.5219725254896925,0.006283917063693992,28.792627206959594
0.2,0.0001,0.0003,1e-05,-0.5,10.0,1000,0,0.0,0.0,0.0,0.0
0.2,0.0001,0.0003,1e-05,-0.5,100.0,1000,0,0.0,0.0,0.0,0.0
0.2,0.0001,0.0003,1e-05,-0.5,1000.0,1000,0,0.0,0.0,0.0,0.0
0.2,0.0001,0.0003,1e-05,-0.2,10.0,1000,0,0.0,0.0,0.0,0.0
0.2,0.0001,0.0003,1e-05,-0.2,100.0,1000,0,0.0,0.0,0.0,0.0
0.2,0.0001,0.0003,1e-05,-0.2,1000.0,1000,0,0.0,0.0,0.0,0.0
0.2,0.0001,0.0003,1e-05,-0.1,10.0,1000,0,0.0,0.0,0.0,0.0
0.2,0.0001,0.0003,1e-05,-0.1,100.0,1000,0,0.0,0.0,0.0,0.0
0.2,0.0001,0.0003,1e-05,-0.1,1000.0,1000,0,0.0,0.0,0.0,0.0
0.2,0.0001,0.0003,1e-05,0.0,10.0,1000,0,0.0,0.0,0.0,0.0
0.2,0.0001,0.0003,1e-05,0.0,100.0,1000,0,0.0,0.0,0.0,0.0
0.2,0.0001,0.0003,1e-05,0.0,1000.0,1000,0,0.0,0.0,0.0,0.0
0.2,0.0001,0.0003,1e-05,0.1,10.0,1000,0,0.0,0.0,0.0,0.0
0.2,0.0001,0.0003,1e-05,0.1,100.0,1000,0,0.0,0.0,0.0,0.0
0.2,0.0001,0.0003,1e-05,0.1,1000.0,1000,0,0.0,0.0,0.0,0.0
0.2,0.0001,0.0003,1e-05,0.2,10.0,1000,0,0.0,0.0,0.0,0.0
0.2,0.0001,0.0003,1e-05,0.2,100.0,1000,0,0.0,0.0,0.0,0.0
0.2,0.0001,0.0003,1e-05,0.2,1000.0,1000,0,0.0,0.0,0.0,0.0
0.2,0.0001,0.0003,1e-05,0.5,10.0,1000,0,0.0,0.0,0.0,0.0
0.2,0.0001,0.0003,1e-05,0.5,100.0,1000,0,0.0,0.0,0.0,0.0
0.2,0.0001,0.0003,1e-05,0.5,1000.0,1000,0,0.0,0.0,0.0,0.0
0.2,0.0001,0.0003,1e-05,1.0,10.0,1000,0,0.0,0.0,0.0,0.0
0.2,0.0001,0.0003,1e-05,1.0,100.0,1000,0,0.0,0.0,0.0,0.0
0.2,0.0001,0.0003,1e-05,1.0,1000.0,1000,0,0.0,0.0,0.0,0.0
0.2,0.0001,0.0003,0.001,-0.5,10.0,1000,0,0.0,0.0,0.0,0.0
0.2,0.0001,0.0003,0.001,-0.5,100.0,1000,0,0.0,0.0,0.0,0.0
0.2,0.0001,0.0003,0.001,-0.5,1000.0,1000,0,0.0,0.0,0.0,0.0
0.2,0.0001,0.0003,0.001,-0.2,10.0,1000,0,0.0,0.0,0.0,0.0
0.2,0.0001,0.0003,0.001,-0.2,100.0,1000,0,0.0,0.0,0.0,0.0
0.2,0.0001,0.0003,0.001,-0.2,1000.0,1000,0,0.0,0.0,0.0,0.0
0.2,0.0001,0.0003,0.001,-0.1,10.0,1000,0,0.0,0.0,0.0,0.0
0.2,0.0001,0.0003,0.001,-0.1,100.0,1000,0,0.0,0.0,0.0,0.0
0.2,0.0001,0.0003,0.001,-0.1,1000.0,1000,0,0.0,0.0,0.0,0.0
0.2,0.0001,0.0003,0.001,0.0,10.0,1000,0,0.0,0.0,0.0,0.0
0.2,0.0001,0.0003,0.001,0.0,100.0,1000,0,0.0,0.0,0.0,0.0
0.2,0.0001,0.0003,0.001,0.0,1000.0,1000,0,0.0,0.0,0.0,0.0
0.2,0.0001,0.0003,0.001,0.1,10.0,1000,0,0.0,0.0,0.0,0.0
0.2,0.0001,0.0003,0.001,0.1,100.0,1000,0,0.0,0.0,0.0,0.0
0.2,0.0001,0.0003,0.001,0.1,1000.0,1000,0,0.0,0.0,0.0,0.0
0.2,0.0001,0.0003,0.001,0.2,10.0,1000,0,0.0,0.0,0.0,0.0
0.2,0.0001,0.0003,0.001,0.2,100.0,1000,0,0.0,0.0,0.0,0.0
0.2,0.0001,0.0003,0.001,0.2,1000.0,1000,0,0.0,0.0,0.0,0.0
0.2,0.0001,0.0003,0.001,0.5,10.0,1000,0,0.0,0.0,0.0,0.0
0.2,0.0001,0.0003,0.001,0.5,100.0,1000,0,0.0,0.0,0.0,0.0
0.2,0.0001,0.0003,0.001,0.5,1000.0,1000,0,0.0,0.0,0.0,0.0
0.2,0.0001,0.0003,0.001,1.0,10.0,1000,0,0.0,0.0,0.0,0.0
0.2,0.0001,0.0003,0.001,1.0,100.0,1000,0,0.0,0.0,0.0,0.0
0.2,0.0001,0.0003,0.001,1.0,1000.0,1000,0,0.0,0.0,0.0,0.0
0.2,0.0001,0.0003,0.1,-0.5,10.0,1000,0,0.0,0.0,0.0,0.0
0.2,0.0001,0.0003,0.1,-0.5,100.0,1000,0,0.0,0.0,0.0,0.0
0.2,0.0001,0.0003,0.1,-0.5,1000.0,1000,0,0.0,0.0,0.0,0.0
0.2,0.0001,0.0003,0.1,-0.2,10.0,1000,0,0.0,0.0,0.0,0.0
0.2,0.0001,0.0003,0.1,-0.2,100.0,1000,0,0.0,0.0,0.0,0.0
0.2,0.0001,0.0003,0.1,-0.2,1000.0,1000,0,0.0,0.0,0.0,0.0
0.2,0.0001,0.0003,0.1,-0.1,10.0,1000,0,0.0,0.0,0.0,0.0
0.2,0.0001,0.0003,0.1,-0.1,100.0,1000,0,0.0,0.0,0.0,0.0
0.2,0.0001,0.0003,0.1,-0.1,1000.0,1000,0,0.0,0.0,0.0,0.0
0.2,0.0001,0.0003,0.1,0.0,10.0,1000,0,0.0,0.0,0.0,0.0
0.2,0.0001,0.0003,0.1,0.0,100.0,1000,0,0.0,0.0,0.0,0.0
0.2,0.0001,0.0003,0.1,0.0,1000.0,1000,0,0.0,0.0,0.0,0.0
0.2,0.0001,0.0003,0.1,0.1,10.0,1000,0,0.0,0.0,0.0,0.0
0.2,0.0001,0.0003,0.1,0.1,100.0,1000,0,0.0,0.0,0.0,0.0
0.2,0.0001,0.0003,0.1,0.1,1000.0,1000,0,0.0,0.0,0.0,0.0
0.2,0.0001,0.0003,0.1,0.2,10.0,1000,0,0.0,0.0,0.0,0.0
0.2,0.0001,0.0003,0.1,0.2,100.0,1000,0,0.0,0.0,0.0,0.0
0.2,0.0001,0.0003,0.1,0.2,1000.0,1000,0,0.0,0.0,0.0,0.0
0.2,0.0001,0.0003,0.1,0.5,10.0,1000,0,0.0,0.0,0.0,0.0
0.2,0.0001,0.0003,0.1,0.5,100.0,1000,0,0.0,0.0,0.0,0.0
0.2,0.0001,0.0003,0.1,0.5,1000.0,1000,0,0.0,0.0,0.0,0.0
0.2,0.0001,0.0003,0.1,1.0,10.0,1000,0,0.0,0.0,0.0,0.0
0.2,0.0001,0.0003,0.1,1.0,100.0,1000,0,0.0,0.0,0.0,0.0
0.2,0.0001,0.0003,0.1,1.0,1000.0,1000,0,0.0,0.0,0.0,0.0
0.2,0.0001,0.0003,1.0,-0.5,10.0,1000,0,0.0,0.0,0.0,0.0
0.2,0.0001,0.0003,1.0,-0.5,100.0,1000,0,0.0,0.0,0.0,0.0
0.2,0.0001,0.0003,1.0,-0.5,1000.0,1000,0,0.0,0.0,0.0,0.0
0.2,0.0001,0.0003,1.0,-0.2,10.0,1000,0,0.0,0.0,0.0,0.0
0.2,0.0001,0.0003,1.0,-0.2,100.0,1000,0,0.0,0.0,0.0,0.0
0.2,0.0001,0.0003,1.0,-0.2,1000.0,1000,0,0.0,0.0,0.0,0.0
0.2,0.0001,0.0003,1.0,-0.1,10.0,1000,0,0.0,0.0,0.0,0.0
0.2,0.0001,0.0003,1.0,-0.1,100.0,1000,0,0.0,17.210450569821102,0.0,0.0
0.2,0.0001,0.0003,1.0,-0.1,1000.0,1000,0,0.0,0.0,0.0,0.0
0.2,0.0001,0.0003,1.0,0.0,10.0,1000,0,0.0,0.0,0.0,0.0
0.2,0.0001,0.0003,1.0,0.0,100.0,1000,0,0.0,0.0,0.0,0.0
0.2,0.0001,0.0003,1.0,0.0,1000.0,1000,0,0.0,10.115343565725944,0.0,0.0
0.2,0.0001,0.0003,1.0,0.1,10.0,1000,0,0.0,19.097073144720998,0.0,0.0
0.2,0.0001,0.0003,1.0,0.1,100.0,1000,0,0.0,25.717609869957236,0.0,304.69583090183727
0.2,0.0001,0.0003,1.0,0.1,1000.0,1000,0,0.0,29.073014239684447,0.0,230.50818181208484
0.2,0.0001,0.0003,1.0,0.2,10.0,1000,0,0.0,52.393771047702444,0.0,280.9978809371414
0.2,0.0001,0.0003,1.0,0.2,100.0,1000,0,0.0,20.164049323379523,0.0,135.84502015518203
0.2,0.0001,0.0003,1.0,0.2,1000.0,1000,0,0.0,24.24383000877054,0.0,251.64911933892373
0.2,0.0001,0.0003,1.0,0.5,10.0,817,183,0.5892164952323049,42.08588595848568,0.005770508823033073,473.69167451396817
0.2,0.0001,0.0003,1.0,0.5,100.0,721,279,0.6034419054544018,14.096340733160538,0.005644655984121997,215.652088703577
0.2,0.0001,0.0003,1.0,0.5,1000.0,726,274,0.6021525578192164,19.082497469079545,0.004795739291219164,612.2870299900048
0.2,0.0001,0.0003,1.0,1.0,10.0,618,382,0.7147712590055587,32.04574652886395,0.002078952002591364,174.3483073344096
0.2,0.0001,0.0003,1.0,1.0,100.0,518,482,0.7141769951929108,10.290732336818936,0.002063172702553162,412.8687106938993
0.2,0.0001,0.0003,1.0,1.0,1000.0,448,552,0.7167510095100731,10.466676362778013,0.0018893886849827765,267.18328405818454
0.2,0.0001,0.0001,1e-05,-0.5,10.0,1000,0,0.0,0.0,0.0,0.0
0.2,0.0001,0.0001,1e-05,-0.5,100.0,1000,0,0.0,0.0,0.0,0.0
0.2,0.0001,0.0001,1e-05,-0.5,1000.0,1000,0,0.0,0.0,0.0,0.0
0.2,0.0001,0.0001,1e-05,-0.2,10.0,1000,0,0.0,0.0,0.0,0.0
0.2,0.0001,0.0001,1e-05,-0.2,100.0,1000,0,0.0,0.0,0.0,0.0
0.2,0.0001,0.0001,1e-05,-0.2,1000.0,1000,0,0.0,0.0,0.0,0.0
0.2,0.0001,0.0001,1e-05,-0.1,10.0,1000,0,0.0,0.0,0.0,0.0
0.2,0.0001,0.0001,1e-05,-0.1,100.0,1000,0,0.0,0.0,0.0,0.0
0.2,0.0001,0.0001,1e-05,-0.1,1000.0,1000,0,0.0,0.0,0.0,0.0
0.2,0.0001,0.0001,1e-05,0.0,10.0,1000,0,0.0,0.0,0.0,0.0
0.2,0.0001,0.0001,1e-05,0.0,100.0,1000,0,0.0,0.0,0.0,0.0
0.2,0.0001,0.0001,1e-05,0.0,1000.0,1000,0,0.0,0.0,0.0,0.0
0.2,0.0001,0.0001,1e-05,0.1,10.0,1000,0,0.0,0.0,0.0,0.0
0.2,0.0001,0.0001,1e-05,0.1,100.0,1000,0,0.0,0.0,0.0,0.0
0.2,0.0001,0.0001,1e-05,0.1,1000.0,1000,0,0.0,0.0,0.0,0.0
0.2,0.0001,0.0001,1e-05,0.2,10.0,1000,0,0.0,0.0,0.0,0.0
0.2,0.0001,0.0001,1e-05,0.2,100.0,1000,0,0.0,0.0,0.0,0.0
0.2,0.0001,0.0001,1e-05,0.2,1000.0,1000,0,0.0,0.0,0.0,0.0
0.2,0.0001,0.0001,1e-05,0.5,10.0,1000,0,0.0,0.0,0.0,0.0
0.2,0.0001,0.0001,1e-05,0.5,100.0,1000,0,0.0,0.0,0.0,0.0
0.2,0.0001,0.0001,1e-05,0.5,1000.0,1000,0,0.0,0.0,0.0,0.0
0.2,0.0001,0.0001,1e-05,1.0,10.0,1000,0,0.0,0.0,0.0,0.0
0.2,0.0001,0.0001,1e-05,1.0,100.0,1000,0,0.0,0.0,0.0,0.0
0.2,0.0001,0.0001,1e-05,1.0,1000.0,1000,0,0.0,0.0,0.0,0.0
0.2,0.0001,0.0001,0.001,-0.5,10.0,1000,0,0.0,0.0,0.0,0.0
0.2,0.0001,0.0001,0.001,-0.5,100.0,1000,0,0.0,0.0,0.0,0.0
0.2,0.0001,0.0001,0.001,-0.5,1000.0,1000,0,0.0,0.0,0.0,0.0
0.2,0.0001,0.0001,0.001,-0.2,10.0,1000,0,0.0,0.0,0.0,0.0
0.2,0.0001,0.0001,0.001,-0.2,100.0,1000,0,0.0,0.0,0.0,0.0
0.2,0.0001,0.0001,0.001,-0.2,1000.0,1000,0,0.0,0.0,0.0,0.0
0.2,0.0001,0.0001,0.001,-0.1,10.0,1000,0,0.0,0.0,0.0,0.0
0.2,0.0001,0.0001,0.001,-0.1,100.0,1000,0,0.0,0.0,0.0,0.0
0.2,0.0001,0.0001,0.001,-0.1,1000.0,1000,0,0.0,0.0,0.0,0.0
0.2,0.0001,0.0001,0.001,0.0,10.0,1000,0,0.0,0.0,0.0,0.0
0.2,0.0001,0.0001,0.001,0.0,100.0,1000,0,0.0,0.0,0.0,0.0
0.2,0.0001,0.0001,0.001,0.0,1000.0,1000,0,0.0,0.0,0.0,0.0
0.2,0.0001,0.0001,0.001,0.1,10.0,1000,0,0.0,0.0,0.0,0.0
0.2,0.0001,0.0001,0.001,0.1,100.0,1000,0,0.0,0.0,0.0,0.0
0.2,0.0001,0.0001,0.001,0.1,1000.0,1000,0,0.0,0.0,0.0,0.0
0.2,0.0001,0.0001,0.001,0.2,10.0,1000,0,0.0,0.0,0.0,0.0
0.2,0.0001,0.0001,0.001,0.2,100.0,1000,0,0.0,0.0,0.0,0.0
0.2,0.0001,0.0001,0.001,0.2,1000.0,1000,0,0.0,0.0,0.0,0.0
0.2,0.0001,0.0001,0.001,0.5,10.0,1000,0,0.0,0.0,0.0,0.0
0.2,0.0001,0.0001,0.001,0.5,100.0,1000,0,0.0,0.0,0.0,0.0
0.2,0.0001,0.0001,0.001,0.5,1000.0,1000,0,0.0,0.0,0.0,0.0
0.2,0.0001,0.0001,0.001,1.0,10.0,1000,0,0.0,0.0,0.0,0.0
0.2,0.0001,0.0001,0.001,1.0,100.0,1000,0,0.0,0.0,0.0,0.0
0.2,0.0001,0.0001,0.001,1.0,1000.0,1000,0,0.0,0.0,0.0,0.0
0.2,0.0001,0.0001,0.1,-0.5,10.0,1000,0,0.0,0.0,0.0,0.0
0.2,0.0001,0.0001,0.1,-0.5,100.0,1000,0,0.0,0.0,0.0,0.0
0.2,0.0001,0.0001,0.1,-0.5,1000.0,1000,0,0.0,0.0,0.0,0.0
0.2,0.0001,0.0001,0.1,-0.2,10.0,1000,0,0.0,0.0,0.0,0.0
0.2,0.0001,0.0001,0.1,-0.2,100.0,1000,0,0.0,0.0,0.0,0.0
0.2,0.0001,0.0001,0.1,-0.2,1000.0,1000,0,0.0,0.0,0.0,0.0
0.2,0.0001,0.0001,0.1,-0.1,10.0,1000,0,0.0,0.0,0.0,0.0
0.2,0.0001,0.0001,0.1,-0.1,100.0,1000,0,0.0,0.0,0.0,0.0
0.2,0.0001,0.0001,0.1,-0.1,1000.0,1000,0,0.0,0.0,0.0,0.0
0.2,0.0001,0.0001,0.1,0.0,10.0,1000,0,0.0,0.0,0.0,0.0
0.2,0.0001,0.0001,0.1,0.0,100.0,1000,0,0.0,0.0,0.0,0.0
0.2,0.0001,0.0001,0.1,0.0,1000.0,1000,0,0.0,0.0,0.0,0.0
0.2,0.0001,0.0001,0.1,0.1,10.0,1000,0,0.0,0.0,0.0,0.0
0.2,0.0001,0.0001,0.1,0.1,100.0,1000,0,0.0,0.0,0.0,0.0
0.2,0.0001,0.0001,0.1,0.1,1000.0,1000,0,0.0,0.0,0.0,0.0
0.2,0.0001,0.0001,0.1,0.2,10.0,1000,0,0.0,0.0,0.0,0.0
0.2,0.0001,0.0001,0.1,0.2,100.0,1000,0,0.0,0.0,0.0,0.0
0.2,0.0001,0.0001,0.1,0.2,1000.0,1000,0,0.0,0.0,0.0,0.0
0.2,0.0001,0.0001,0.1,0.5,10.0,1000,0,0.0,0.0,0.0,0.0
0.2,0.0001,0.0001,0.1,0.5,100.0,1000,0,0.0,0.0,0.0,0.0
0.2,0.0001,0.0001,0.1,0.5,1000.0,1000,0,0.0,0.0,0.0,0.0
0.2,0.0001,0.0001,0.1,1.0,10.0,1000,0,0.0,0.0,0.0,0.0
0.2,0.0001,0.0001,0.1,1.0,100.0,1000,0,0.0,0.0,0.0,0.0
0.2,0.0001,0.0001,0.1,1.0,1000.0,1000,0,0.0,0.0,0.0,0.0
0.2,0.0001,0.0001,1.0,-0.5,10.0,1000,0,0.0,0.0,0.0,0.0
0.2,0.0001,0.0001,1.0,-0.5,100.0,1000,0,0.0,0.0,0.0,0.0
0.2,0.0001,0.0001,1.0,-0.5,1000.0,1000,0,0.0,0.0,0.0,0.0
0.2,0.0001,0.0001,1.0,-0.2,10.0,1000,0,0.0,0.0,0.0,0.0
0.2,0.0001,0.0001,1.0,-0.2,100.0,1000,0,0.0,0.0,0.0,0.0
0.2,0.0001,0.0001,1.0,-0.2,1000.0,1000,0,0.0,0.0,0.0,0.0
0.2,0.0001,0.0001,1.0,-0.1,10.0,1000,0,0.0,0.0,0.0,0.0
0.2,0.0001,0.0001,1.0,-0.1,100.0,1000,0,0.0,0.0,0.0,0.0
0.2,0.0001,0.0001,1.0,-0.1,1000.0,1000,0,0.0,0.0,0.0,0.0
0.2,0.0001,0.0001,1.0,0.0,10.0,1000,0,0.0,0.0,0.0,0.0
0.2,0.0001,0.0001,1.0,0.0,100.0,1000,0,0.0,0.0,0.0,0.0
0.2,0.0001,0.0001,1.0,0.0,1000.0,1000,0,0.0,0.0,0.0,0.0
0.2,0.0001,0.0001,1.0,0.1,10.0,1000,0,0.0,0.0,0.0,0.0
0.2,0.0001,0.0001,1.0,0.1,100.0,1000,0,0.0,0.0,0.0,0.0
0.2,0.0001,0.0001,1.0,0.1,1000.0,1000,0,0.0,0.0,0.0,0.0
0.2,0.0001,0.0001,1.0,0.2,10.0,1000,0,0.0,143.03652337245882,0.0,1522.657173852091
0.2,0.0001,0.0001,1.0,0.2,100.0,996,4,0.2480208182422034,120.7636813062211,0.04161519485572707,4231.634347952444
0.2,0.0001,0.0001,1.0,0.2,1000.0,989,11,0.24497056041068646,100.69602909886027,0.02566332277814755,8364.814359527658
0.2,0.0001,0.0001,1.0,0.5,10.0,826,174,0.6087902097598943,68.85470872904224,0.0018641078716056835,650.3418614994208
0.2,0.0001,0.0001,1.0,0.5,100.0,668,332,0.604375398297539,38.17268947591025,0.001596612384244513,840.0697858664446
0.2,0.0001,0.0001,1.0,0.5,1000.0,535,465,0.6084458019909689,28.697930727307,0.0014479175893827433,1345.6451756765457
0.2,0.0001,0.0001,1.0,1.0,10.0,607,393,0.7185051647849813,49.97563136088567,0.0006922486779488287,259.94991339261406
0.2,0.0001,0.0001,1.0,1.0,100.0,475,525,0.7158110892760239,20.652625818642882,0.0006219745968723524,451.0272951110579
0.2,0.0001,0.0001,1.0,1.0,1000.0,314,686,0.716940425660552,16.270913975728924,0.0006337675305023529,642.7075101756626
0.2,0.0001,0.003,1e-05,-0.5,10.0,1000,0,0.0,0.0,0.0,0.0
0.2,0.0001,0.003,1e-05,-0.5,100.0,1000,0,0.0,0.0,0.0,0.0
0.2,0.0001,0.003,1e-05,-0.5,1000.0,1000,0,0.0,0.0,0.0,0.0
0.2,0.0001,0.003,1e-05,-0.2,10.0,1000,0,0.0,0.0,0.0,0.0
0.2,0.0001,0.003,1e-05,-0.2,100.0,1000,0,0.0,0.0,0.0,0.0
0.2,0.0001,0.003,1e-05,-0.2,1000.0,1000,0,0.0,0.0,0.0,0.0
0.2,0.0001,0.003,1e-05,-0.1,10.0,1000,0,0.0,0.0,0.0,0.0
0.2,0.0001,0.003,1e-05,-0.1,100.0,1000,0,0.0,0.0,0.0,0.0
0.2,0.0001,0.003,1e-05,-0.1,1000.0,1000,0,0.0,0.0,0.0,0.0
0.2,0.0001,0.003,1e-05,0.0,10.0,1000,0,0.0,0.0,0.0,0.0
0.2,0.0001,0.003,1e-05,0.0,100.0,1000,0,0.0,0.0,0.0,0.0
0.2,0.0001,0.003,1e-05,0.0,1000.0,1000,0,0.0,0.0,0.0,0.0
0.2,0.0001,0.003,1e-05,0.1,10.0,1000,0,0.0,0.0,0.0,0.0
0.2,0.0001,0.003,1e-05,0.1,100.0,1000,0,0.0,0.0,0.0,0.0
0.2,0.0001,0.003,1e-05,0.1,1000.0,1000,0,0.0,0.0,0.0,0.0
0.2,0.0001,0.003,1e-05,0.2,10.0,1000,0,0.0,0.0,0.0,0.0
0.2,0.0001,0.003,1e-05,0.2,100.0,1000,0,0.0,0.0,0.0,0.0
0.2,0.0001,0.003,1e-05,0.2,1000.0,1000,0,0.0,0.0,0.0,0.0
0.2,0.0001,0.003,1e-05,0.5,10.0,1000,0,0.0,0.0,0.0,0.0
0.2,0.0001,0.003,1e-05,0.5,100.0,1000,0,0.0,0.0,0.0,0.0
0.2,0.0001,0.003,1e-05,0.5,1000.0,1000,0,0.0,0.0,0.0,0.0
0.2,0.0001,0.003,1e-05,1.0,10.0,1000,0,0.0,0.0,0.0,0.0
0.2,0.0001,0.003,1e-05,1.0,100.0,1000,0,0.0,0.0,0.0,0.0
0.2,0.0001,0.003,1e-05,1.0,1000.0,1000,0,0.0,0.0,0.0,0.0
0.2,0.0001,0.003,0.001,-0.5,10.0,1000,0,0.0,0.0,0.0,0.0
0.2,0.0001,0.003,0.001,-0.5,100.0,1000,0,0.0,0.0,0.0,0.0
0.2,0.0001,0.003,0.001,-0.5,1000.0,1000,0,0.0,0.0,0.0,0.0
0.2,0.0001,0.003,0.001,-0.2,10.0,1000,0,0.0,0.0,0.0,0.0
0.2,0.0001,0.003,0.001,-0.2,100.0,1000,0,0.0,0.0,0.0,0.0
0.2,0.0001,0.003,0.001,-0.2,1000.0,1000,0,0.0,0.0,0.0,0.0
0.2,0.0001,0.003,0.001,-0.1,10.0,1000,0,0.0,0.0,0.0,0.0
0.2,0.0001,0.003,0.001,-0.1,100.0,1000,0,0.0,0.0,0.0,0.0
0.2,0.0001,0.003,0.001,-0.1,1000.0,1000,0,0.0,0.0,0.0,0.0
0.2,0.0001,0.003,0.001,0.0,10.0,1000,0,0.0,0.0,0.0,0.0
0.2,0.0001,0.003,0.001,0.0,100.0,1000,0,0.0,0.0,0.0,0.0
0.2,0.0001,0.003,0.001,0.0,1000.0,1000,0,0.0,0.0,0.0,0.0
0.2,0.0001,0.003,0.001,0.1,10.0,1000,0,0.0,0.0,0.0,0.0
0.2,0.0001,0.003,0.001,0.1,100.0,1000,0,0.0,0.0,0.0,0.0
0.2,0.0001,0.003,0.001,0.1,1000.0,1000,0,0.0,0.0,0.0,0.0
0.2,0.0001,0.003,0.001,0.2,10.0,1000,0,0.0,0.0,0.0,0.0
0.2,0.0001,0.003,0.001,0.2,100.0,1000,0,0.0,0.0,0.0,0.0
0.2,0.0001,0.003,0.001,0.2,1000.0,1000,0,0.0,0.0,0.0,0.0
0.2,0.0001,0.003,0.001,0.5,10.0,1000,0,0.0,0.0,0.0,0.0
0.2,0.0001,0.003,0.001,0.5,100.0,1000,0,0.0,0.0,0.0,0.0
0.2,0.0001,0.003,0.001,0.5,1000.0,1000,0,0.0,0.0,0.0,0.0
0.2,0.0001,0.003,0.001,1.0,10.0,1000,0,0.0,0.0,0.0,0.0
0.2,0.0001,0.003,0.001,1.0,100.0,1000,0,0.0,0.0,0.0,0.0
0.2,0.0001,0.003,0.001,1.0,1000.0,1000,0,0.0,0.0,0.0,0.0
0.2,0.0001,0.003,0.1,-0.5,10.0,1000,0,0.0,7.601978884071994,0.0,20.670920325089682
0.2,0.0001,0.003,0.1,-0.5,100.0,1000,0,0.0,8.201807976064043,0.0,0.8759993691680377
0.2,0.0001,0.003,0.1,-0.5,1000.0,1000,0,0.0,0.0,0.0,0.0
0.2,0.0001,0.003,0.1,-0.2,10.0,1000,0,0.0,7.973877563333532,0.0,29.430316026146702
0.2,0.0001,0.003,0.1,-0.2,100.0,1000,0,0.0,12.179870365518052,0.0,205.09929773747908
0.2,0.0001,0.003,0.1,-0.2,1000.0,1000,0,0.0,10.338135214653176,0.0,56.740533559386165
0.2,0.0001,0.003,0.1,-0.1,10.0,1000,0,0.0,9.505801017952734,0.0,35.38749168754521
0.2,0.0001,0.003,0.1,-0.1,100.0,1000,0,0.0,5.615819740930581,0.0,9.976011340233075
0.2,0.0001,0.003,0.1,-0.1,1000.0,1000,0,0.0,17.238180270172688,0.0,205.15817416404315
0.2,0.0001,0.003,0.1,0.0,10.0,1000,0,0.0,11.589411228323055,0.0,218.96000176357967
0.2,0.0001,0.003,0.1,0.0,100.0,1000,0,0.0,7.848099207000672,0.0,37.34124014641843
0.2,0.0001,0.003,0.1,0.0,1000.0,1000,0,0.0,9.598401028023352,0.0,3.1449454398971843
0.2,0.0001,0.003,0.1,0.1,10.0,1000,0,0.0,12.11609839357728,0.0,68.9892160213633
0.2,0.0001,0.003,0.1,0.1,100.0,1000,0,0.0,11.977884508004763,0.0,428.04815828801424
0.2,0.0001,0.003,0.1,0.1,1000.0,1000,0,0.0,14.35960207940857,0.0,223.2750589772502
0.2,0.0001,0.003,0.1,0.2,10.0,1000,0,0.0,8.864710322382257,0.0,36.1365603381253
0.2,0.0001,0.003,0.1,0.2,100.0,1000,0,0.0,8.586860120754592,0.0,35.119701725154506
0.2,0.0001,0.003,0.1,0.2,1000.0,1000,0,0.0,19.08027140441112,0.0,412.79235688194314
0.2,0.0001,0.003,0.1,0.5,10.0,1000,0,0.0,9.354321059886063,0.0,87.83690680546833
0.2,0.0001,0.003,0.1,0.5,100.0,1000,0,0.0,6.620580805606456,0.0,48.55361637214856
0.2,0.0001,0.003,0.1,0.5,1000.0,1000,0,0.0,12.036687931412878,0.0,209.73460156418787
0.2,0.0001,0.003,0.1,1.0,10.0,1000,0,0.0,10.097258611667861,0.0,55.74506604281818
0.2,0.0001,0.003,0.1,1.0,100.0,1000,0,0.0,7.662325625020293,0.0,54.87243023664196
0.2,0.0001,0.003,0.1,1.0,1000.0,1000,0,0.0,14.46566717083744,0.0,368.7129766026059
0.2,0.0001,0.003,1.0,-0.5,10.0,1000,0,0.0,2.325948960574104,0.0,14.255963179085263
0.2,0.0001,0.003,1.0,-0.5,100.0,1000,0,0.0,2.547557011680469,0.0,19.18558498249114
0.2,0.0001,0.003,1.0,-0.5,1000.0,1000,0,0.0,2.908892276215956,0.0,44.146960216382595
0.2,0.0001,0.003,1.0,-0.2,10.0,1000,0,0.0,1.8356507036665564,0.0,7.291776308464602
0.2,0.0001,0.003,1.0,-0.2,100.0,1000,0,0.0,2.901116700028333,0.0,75.4109952868944
0.2,0.0001,0.003,1.0,-0.2,1000.0,1000,0,0.0,2.5315676762634363,0.0,28.949700213504112
0.2,0.0001,0.003,1.0,-0.1,10.0,1000,0,0.0,2.188294841739095,0.0,9.481056714264454
0.2,0.0001,0.003,1.0,-0.1,100.0,1000,0,0.0,2.3031907977102253,0.0,34.791452967657975
0.2,0.0001,0.003,1.0,-0.1,1000.0,1000,0,0.0,7.577800651805846,0.0,385.340096286559
0.2,0.0001,0.003,1.0,0.0,10.0,1000,0,0.0,1.9646653917883392,0.0,11.141487328495845
0.2,0.0001,0.003,1.0,0.0,100.0,1000,0,0.0,3.306333467772751,0.0,75.99899166470657
0.2,0.0001,0.003,1.0,0.0,1000.0,1000,0,0.0,3.979457742709061,0.0,62.2718261894381
0.2,0.0001,0.003,1.0,0.1,10.0,1000,0,0.0,2.998681377058456,0.0,126.17392694180204
0.2,0.0001,0.003,1.0,0.1,100.0,1000,0,0.0,2.384091537563843,0.0,33.02222194425447
0.2,0.0001,0.003,1.0,0.1,1000.0,1000,0,0.0,3.844478347785974,0.0,51.73072945618156
0.2,0.0001,0.003,1.0,0.2,10.0,1000,0,0.0,2.3199387361347323,0.0,68.19763921398656
0.2,0.0001,0.003,1.0,0.2,100.0,1000,0,0.0,2.95451297642184,0.0,63.361178281334695
0.2,0.0001,0.003,1.0,0.2,1000.0,1000,0,0.0,4.639328364052116,0.0,75.0856700836231
0.2,0.0001,0.003,1.0,0.5,10.0,1000,0,0.0,1.6910827311934817,0.0,5.316969635653502
0.2,0.0001,0.003,1.0,0.5,100.0,1000,0,0.0,1.9205687173565502,0.0,21.4565156555763
0.2,0.0001,0.003,1.0,0.5,1000.0,1000,0,0.0,4.026360872291808,0.0,69.64409414937253
0.2,0.0001,0.003,1.0,1.0,10.0,993,7,0.4772639996169407,1.6777341806646797,0.09746803021561419,11.804925999863782
0.2,0.0001,0.003,1.0,1.0,100.0,991,9,0.7010160080335519,1.9026846758266325,0.04731681043436273,47.00568379669539
0.2,0.0001,0.003,1.0,1.0,1000.0,997,3,0.6564027370478983,2.675505157102084,0.01226674081654689,32.35108902272449
0.2,0.0001,0.001,1e-05,-0.5,10.0,1000,0,0.0,0.0,0.0,0.0
0.2,0.0001,0.001,1e-05,-0.5,100.0,1000,0,0.0,0.0,0.0,0.0
0.2,0.0001,0.001,1e-05,-0.5,1000.0,1000,0,0.0,0.0,0.0,0.0
0.2,0.0001,0.001,1e-05,-0.2,10.0,1000,0,0.0,0.0,0.0,0.0
0.2,0.0001,0.001,1e-05,-0.2,100.0,1000,0,0.0,0.0,0.0,0.0
0.2,0.0001,0.001,1e-05,-0.2,1000.0,1000,0,0.0,0.0,0.0,0.0
0.2,0.0001,0.001,1e-05,-0.1,10.0,1000,0,0.0,0.0,0.0,0.0
0.2,0.0001,0.001,1e-05,-0.1,100.0,1000,0,0.0,0.0,0.0,0.0
0.2,0.0001,0.001,1e-05,-0.1,1000.0,1000,0,0.0,0.0,0.0,0.0
0.2,0.0001,0.001,1e-05,0.0,10.0,1000,0,0.0,0.0,0.0,0.0
0.2,0.0001,0.001,1e-05,0.0,100.0,1000,0,0.0,0.0,0.0,0.0
0.2,0.0001,0.001,1e-05,0.0,1000.0,1000,0,0.0,0.0,0.0,0.0
0.2,0.0001,0.001,1e-05,0.1,10.0,1000,0,0.0,0.0,0.0,0.0
0.2,0.0001,0.001,1e-05,0.1,100.0,1000,0,0.0,0.0,0.0,0.0
0.2,0.0001,0.001,1e-05,0.1,1000.0,1000,0,0.0,0.0,0.0,0.0
0.2,0.0001,0.001,1e-05,0.2,10.0,1000,0,0.0,0.0,0.0,0.0
0.2,0.0001,0.001,1e-05,0.2,100.0,1000,0,0.0,0.0,0.0,0.0
0.2,0.0001,0.001,1e-05,0.2,1000.0,1000,0,0.0,0.0,0.0,0.0
0.2,0.0001,0.001,1e-05,0.5,10.0,1000,0,0.0,0.0,0.0,0.0
0.2,0.0001,0.001,1e-05,0.5,100.0,1000,0,0.0,0.0,0.0,0.0
0.2,0.0001,0.001,1e-05,0.5,1000.0,1000,0,0.0,0.0,0.0,0.0
0.2,0.0001,0.001,1e-05,1.0,10.0,1000,0,0.0,0.0,0.0,0.0
0.2,0.0001,0.001,1e-05,1.0,100.0,1000,0,0.0,0.0,0.0,0.0
0.2,0.0001,0.001,1e-05,1.0,1000.0,1000,0,0.0,0.0,0.0,0.0
0.2,0.0001,0.001,0.001,-0.5,10.0,1000,0,0.0,0.0,0.0,0.0
0.2,0.0001,0.001,0.001,-0.5,100.0,1000,0,0.0,0.0,0.0,0.0
0.2,0.0001,0.001,0.001,-0.5,1000.0,1000,0,0.0,0.0,0.0,0.0
0.2,0.0001,0.001,0.001,-0.2,10.0,1000,0,0.0,0.0,0.0,0.0
0.2,0.0001,0.001,0.001,-0.2,100.0,1000,0,0.0,0.0,0.0,0.0
0.2,0.0001,0.001,0.001,-0.2,1000.0,1000,0,0.0,0.0,0.0,0.0
0.2,0.0001,0.001,0.001,-0.1,10.0,1000,0,0.0,0.0,0.0,0.0
0.2,0.0001,0.001,0.001,-0.1,100.0,1000,0,0.0,0.0,0.0,0.0
0.2,0.0001,0.001,0.001,-0.1,1000.0,1000,0,0.0,0.0,0.0,0.0
0.2,0.0001,0.001,0.001,0.0,10.0,1000,0,0.0,0.0,0.0,0.0
0.2,0.0001,0.001,0.001,0.0,100.0,1000,0,0.0,0.0,0.0,0.0
0.2,0.0001,0.001,0.001,0.0,1000.0,1000,0,0.0,0.0,0.0,0.0
0.2,0.0001,0.001,0.001,0.1,10.0,1000,0,0.0,0.0,0.0,0.0
0.2,0.0001,0.001,0.001,0.1,100.0,1000,0,0.0,0.0,0.0,0.0
0.2,0.0001,0.001,0.001,0.1,1000.0,1000,0,0.0,0.0,0.0,0.0
0.2,0.0001,0.001,0.001,0.2,10.0,1000,0,0.0,0.0,0.0,0.0
0.2,0.0001,0.001,0.001,0.2,100.0,1000,0,0.0,0.0,0.0,0.0
0.2,0.0001,0.001,0.001,0.2,1000.0,1000,0,0.0,0.0,0.0,0.0
0.2,0.0001,0.001,0.001,0.5,10.0,1000,0,0.0,0.0,0.0,0.0
0.2,0.0001,0.001,0.001,0.5,100.0,1000,0,0.0,0.0,0.0,0.0
0.2,0.0001,0.001,0.001,0.5,1000.0,1000,0,0.0,0.0,0.0,0.0
0.2,0.0001,0.001,0.001,1.0,10.0,1000,0,0.0,0.0,0.0,0.0
0.2,0.0001,0.001,0.001,1.0,100.0,1000,0,0.0,0.0,0.0,0.0
0.2,0.0001,0.001,0.001,1.0,1000.0,1000,0,0.0,0.0,0.0,0.0
0.2,0.0001,0.001,0.1,-0.5,10.0,1000,0,0.0,0.0,0.0,0.0
0.2,0.0001,0.001,0.1,-0.5,100.0,1000,0,0.0,0.0,0.0,0.0
0.2,0.0001,0.001,0.1,-0.5,1000.0,1000,0,0.0,0.0,0.0,0.0
0.2,0.0001,0.001,0.1,-0.2,10.0,1000,0,0.0,0.0,0.0,0.0
0.2,0.0001,0.001,0.1,-0.2,100.0,1000,0,0.0,0.0,0.0,0.0
0.2,0.0001,0.001,0.1,-0.2,1000.0,1000,0,0.0,0.0,0.0,0.0
0.2,0.0001,0.001,0.1,-0.1,10.0,1000,0,0.0,0.0,0.0,0.0
0.2,0.0001,0.001,0.1,-0.1,100.0,1000,0,0.0,0.0,0.0,0.0
0.2,0.0001,0.001,0.1,-0.1,1000.0,1000,0,0.0,0.0,0.0,0.0
0.2,0.0001,0.001,0.1,0.0,10.0,1000,0,0.0,0.0,0.0,0.0
0.2,0.0001,0.001,0.1,0.0,100.0,1000,0,0.0,0.0,0.0,0.0
0.2,0.0001,0.001,0.1,0.0,1000.0,1000,0,0.0,0.0,0.0,0.0
0.2,0.0001,0.001,0.1,0.1,10.0,1000,0,0.0,0.0,0.0,0.0
0.2,0.0001,0.001,0.1,0.1,100.0,1000,0,0.0,0.0,0.0,0.0
0.2,0.0001,0.001,0.1,0.1,1000.0,1000,0,0.0,0.0,0.0,0.0
0.2,0.0001,0.001,0.1,0.2,10.0,1000,0,0.0,0.0,0.0,0.0
0.2,0.0001,0.001,0.1,0.2,100.0,1000,0,0.0,0.0,0.0,0.0
0.2,0.0001,0.001,0.1,0.2,1000.0,1000,0,0.0,0.0,0.0,0.0
0.2,0.0001,0.001,0.1,0.5,10.0,1000,0,0.0,0.0,0.0,0.0
0.2,0.0001,0.001,0.1,0.5,100.0,1000,0,0.0,7.660249578797672,0.0,0.0
0.2,0.0001,0.001,0.1,0.5,1000.0,1000,0,0.0,0.0,0.0,0.0
0.2,0.0001,0.001,0.1,1.0,10.0,1000,0,0.0,0.0,0.0,0.0
0.2,0.0001,0.001,0.1,1.0,100.0,1000,0,0.0,17.976005652228388,0.0,74.05645682094591
0.2,0.0001,0.001,0.1,1.0,1000.0,1000,0,0.0,25.126440800192416,0.0,87.73216307746758
0.2,0.0001,0.001,1.0,-0.5,10.0,1000,0,0.0,13.423926434410744,0.0,0.0
0.2,0.0001,0.001,1.0,-0.5,100.0,1000,0,0.0,0.0,0.0,0.0
0.2,0.0001,0.001,1.0,-0.5,1000.0,1000,0,0.0,0.0,0.0,0.0
0.2,0.0001,0.001,1.0,-0.2,10.0,1000,0,0.0,7.464000970923774,0.0,5.955140522070877
0.2,0.0001,0.001,1.0,-0.2,100.0,1000,0,0.0,5.268061739450215,0.0,6.439381058997145
0.2,0.0001,0.001,1.0,-0.2,1000.0,1000,0,0.0,12.333858313460917,0.0,128.40624370947583
0.2,0.0001,0.001,1.0,-0.1,10.0,1000,0,0.0,8.649727881550895,0.0,15.612059276384874
0.2,0.0001,0.001,1.0,-0.1,100.0,1000,0,0.0,5.443489360129983,0.0,17.85277004804326
0.2,0.0001,0.001,1.0,-0.1,1000.0,1000,0,0.0,13.172488789384923,0.0,62.26955041915358
0.2,0.0001,0.001,1.0,0.0,10.0,1000,0,0.0,8.196655377618065,0.0,18.057181903879766
0.2,0.0001,0.001,1.0,0.0,100.0,1000,0,0.0,9.356449801376126,0.0,151.2720122293187
0.2,0.0001,0.001,1.0,0.0,1000.0,1000,0,0.0,13.375972527876286,0.0,173.19309094521523
0.2,0.0001,0.001,1.0,0.1,10.0,1000,0,0.0,10.866430760800727,0.0,279.97181971448606
0.2,0.0001,0.001,1.0,0.1,100.0,1000,0,0.0,5.229897729171489,0.0,80.1892175531674
0.2,0.0001,0.001,1.0,0.1,1000.0,1000,0,0.0,13.432970880861529,0.0,311.75103340405246
0.2,0.0001,0.001,1.0,0.2,10.0,1000,0,0.0,9.516910133486157,0.0,41.560597217109056
0.2,0.0001,0.001,1.0,0.2,100.0,1000,0,0.0,8.921345427947006,0.0,815.1881825761727
0.2,0.0001,0.001,1.0,0.2,1000.0,1000,0,0.0,14.974701147017358,0.0,487.4898410336552
0.2,0.0001,0.001,1.0,0.5,10.0,976,24,0.511631883520235,9.999312901665517,0.04214649595503738,62.02036617845617
0.2,0.0001,0.001,1.0,0.5,100.0,969,31,0.5503744250697271,6.887381328211632,0.03606804830132574,204.33438116953275
0.2,0.0001,0.001,1.0,0.5,1000.0,972,28,0.48429211862516797,9.335878006675003,0.07733730473593374,224.40777163469465
0.2,0.0001,0.001,1.0,1.0,10.0,643,357,0.7052671185772348,9.871833956392901,0.008288695756261592,89.26545482184109
0.2,0.0001,0.001,1.0,1.0,100.0,548,452,0.7068774748260072,4.761349681382426,0.007620487640153462,88.16879032592242
0.2,0.0001,0.001,1.0,1.0,1000.0,719,281,0.71135923651258,7.037152658690781,0.008102535844667278,183.9735762396924
0.2,0.001,0.0003,1e-05,-0.5,10.0,1000,0,0.0,0.0,0.0,0.0
0.2,0.001,0.0003,1e-05,-0.5,100.0,1000,0,0.0,0.0,0.0,0.0
0.2,0.001,0.0003,1e-05,-0.5,1000.0,1000,0,0.0,0.0,0.0,0.0
0.2,0.001,0.0003,1e-05,-0.2,10.0,1000,0,0.0,0.0,0.0,0.0
0.2,0.001,0.0003,1e-05,-0.2,100.0,1000,0,0.0,0.0,0.0,0.0
0.2,0.001,0.0003,1e-05,-0.2,1000.0,1000,0,0.0,0.0,0.0,0.0
0.2,0.001,0.0003,1e-05,-0.1,10.0,1000,0,0.0,0.0,0.0,0.0
0.2,0.001,0.0003,1e-05,-0.1,100.0,1000,0,0.0,0.0,0.0,0.0
0.2,0.001,0.0003,1e-05,-0.1,1000.0,1000,0,0.0,0.0,0.0,0.0
0.2,0.001,0.0003,1e-05,0.0,10.0,1000,0,0.0,0.0,0.0,0.0
0.2,0.001,0.0003,1e-05,0.0,100.0,1000,0,0.0,0.0,0.0,0.0
0.2,0.001,0.0003,1e-05,0.0,1000.0,1000,0,0.0,0.0,0.0,0.0
0.2,0.001,0.0003,1e-05,0.1,10.0,1000,0,0.0,0.0,0.0,0.0
0.2,0.001,0.0003,1e-05,0.1,100.0,1000,0,0.0,0.0,0.0,0.0
0.2,0.001,0.0003,1e-05,0.1,1000.0,1000,0,0.0,0.0,0.0,0.0
0.2,0.001,0.0003,1e-05,0.2,10.0,1000,0,0.0,0.0,0.0,0.0
0.2,0.001,0.0003,1e-05,0.2,100.0,1000,0,0.0,0.0,0.0,0.0
0.2,0.001,0.0003,1e-05,0.2,1000.0,1000,0,0.0,0.0,0.0,0.0
0.2,0.001,0.0003,1e-05,0.5,10.0,1000,0,0.0,0.0,0.0,0.0
0.2,0.001,0.0003,1e-05,0.5,100.0,1000,0,0.0,0.0,0.0,0.0
0.2,0.001,0.0003,1e-05,0.5,1000.0,1000,0,0.0,0.0,0.0,0.0
0.2,0.001,0.0003,1e-05,1.0,10.0,1000,0,0.0,0.0,0.0,0.0
0.2,0.001,0.0003,1e-05,1.0,100.0,1000,0,0.0,0.0,0.0,0.0
0.2,0.001,0.0003,1e-05,1.0,1000.0,1000,0,0.0,0.0,0.0,0.0
0.2,0.001,0.0003,0.001,-0.5,10.0,1000,0,0.0,0.0,0.0,0.0
0.2,0.001,0.0003,0.001,-0.5,100.0,1000,0,0.0,0.0,0.0,0.0
0.2,0.001,0.0003,0.001,-0.5,1000.0,1000,0,0.0,0.0,0.0,0.0
0.2,0.001,0.0003,0.001,-0.2,10.0,1000,0,0.0,0.0,0.0,0.0
0.2,0.001,0.0003,0.001,-0.2,100.0,1000,0,0.0,0.0,0.0,0.0
0.2,0.001,0.0003,0.001,-0.2,1000.0,1000,0,0.0,0.0,0.0,0.0
0.2,0.001,0.0003,0.001,-0.1,10.0,1000,0,0.0,0.0,0.0,0.0
0.2,0.001,0.0003,0.001,-0.1,100.0,1000,0,0.0,0.0,0.0,0.0
0.2,0.001,0.0003,0.001,-0.1,1000.0,1000,0,0.0,0.0,0.0,0.0
0.2,0.001,0.0003,0.001,0.0,10.0,1000,0,0.0,0.0,0.0,0.0
0.2,0.001,0.0003,0.001,0.0,100.0,1000,0,0.0,0.0,0.0,0.0
0.2,0.001,0.0003,0.001,0.0,1000.0,1000,0,0.0,0.0,0.0,0.0
0.2,0.001,0.0003,0.001,0.1,10.0,1000,0,0.0,0.0,0.0,0.0
0.2,0.001,0.0003,0.001,0.1,100.0,1000,0,0.0,0.0,0.0,0.0
0.2,0.001,0.0003,0.001,0.1,1000.0,1000,0,0.0,0.0,0.0,0.0
0.2,0.001,0.0003,0.001,0.2,10.0,1000,0,0.0,0.0,0.0,0.0
0.2,0.001,0.0003,0.001,0.2,100.0,1000,0,0.0,0.0,0.0,0.0
0.2,0.001,0.0003,0.001,0.2,1000.0,1000,0,0.0,0.0,0.0,0.0
0.2,0.001,0.0003,0.001,0.5,10.0,1000,0,0.0,0.0,0.0,0.0
0.2,0.001,0.0003,0.001,0.5,100.0,1000,0,0.0,0.0,0.0,0.0
0.2,0.001,0.0003,0.001,0.5,1000.0,1000,0,0.0,0.0,0.0,0.0
0.2,0.001,0.0003,0.001,1.0,10.0,1000,0,0.0,0.0,0.0,0.0
0.2,0.001,0.0003,0.001,1.0,100.0,1000,0,0.0,0.0,0.0,0.0
0.2,0.001,0.0003,0.001,1.0,1000.0,1000,0,0.0,0.0,0.0,0.0
0.2,0.001,0.0003,0.1,-0.5,10.0,1000,0,0.0,0.0,0.0,0.0
0.2,0.001,0.0003,0.1,-0.5,100.0,1000,0,0.0,0.0,0.0,0.0
0.2,0.001,0.0003,0.1,-0.5,1000.0,1000,0,0.0,0.0,0.0,0.0
0.2,0.001,0.0003,0.1,-0.2,10.0,1000,0,0.0,0.0,0.0,0.0
0.2,0.001,0.0003,0.1,-0.2,100.0,1000,0,0.0,0.0,0.0,0.0
0.2,0.001,0.0003,0.1,-0.2,1000.0,1000,0,0.0,0.0,0.0,0.0
0.2,0.001,0.0003,0.1,-0.1,10.0,1000,0,0.0,0.0,0.0,0.0
0.2,0.001,0.0003,0.1,-0.1,100.0,1000,0,0.0,0.0,0.0,0.0
0.2,0.001,0.0003,0.1,-0.1,1000.0,1000,0,0.0,0.0,0.0,0.0
0.2,0.001,0.0003,0.1,0.0,10.0,1000,0,0.0,0.0,0.0,0.0
0.2,0.001,0.0003,0.1,0.0,100.0,1000,0,0.0,0.0,0.0,0.0
0.2,0.001,0.0003,0.1,0.0,1000.0,1000,0,0.0,0.0,0.0,0.0
0.2,0.001,0.0003,0.1,0.1,10.0,1000,0,0.0,0.0,0.0,0.0
0.2,0.001,0.0003,0.1,0.1,100.0,1000,0,0.0,0.0,0.0,0.0
0.2,0.001,0.0003,0.1,0.1,1000.0,1000,0,0.0,0.0,0.0,0.0
0.2,0.001,0.0003,0.1,0.2,10.0,1000,0,0.0,0.0,0.0,0.0
0.2,0.001,0.0003,0.1,0.2,100.0,1000,0,0.0,0.0,0.0,0.0
0.2,0.001,0.0003,0.1,0.2,1000.0,1000,0,0.0,0.0,0.0,0.0
0.2,0.001,0.0003,0.1,0.5,10.0,1000,0,0.0,0.0,0.0,0.0
0.2,0.001,0.0003,0.1,0.5,100.0,1000,0,0.0,0.0,0.0,0.0
0.2,0.001,0.0003,0.1,0.5,1000.0,1000,0,0.0,0.0,0.0,0.0
0.2,0.001,0.0003,0.1,1.0,10.0,1000,0,0.0,0.0,0.0,0.0
0.2,0.001,0.0003,0.1,1.0,100.0,1000,0,0.0,0.0,0.0,0.0
0.2,0.001,0.0003,0.1,1.0,1000.0,1000,0,0.0,0.0,0.0,0.0
0.2,0.001,0.0003,1.0,-0.5,10.0,1000,0,0.0,0.0,0.0,0.0
0.2,0.001,0.0003,1.0,-0.5,100.0,1000,0,0.0,0.0,0.0,0.0
0.2,0.001,0.0003,1.0,-0.5,1000.0,1000,0,0.0,0.0,0.0,0.0
0.2,0.001,0.0003,1.0,-0.2,10.0,1000,0,0.0,0.0,0.0,0.0
0.2,0.001,0.0003,1.0,-0.2,100.0,1000,0,0.0,0.0,0.0,0.0
0.2,0.001,0.0003,1.0,-0.2,1000.0,1000,0,0.0,0.0,0.0,0.0
0.2,0.001,0.0003,1.0,-0.1,10.0,1000,0,0.0,0.0,0.0,0.0
0.2,0.001,0.0003,1.0,-0.1,100.0,1000,0,0.0,0.0,0.0,0.0
0.2,0.001,0.0003,1.0,-0.1,1000.0,1000,0,0.0,0.0,0.0,0.0
0.2,0.001,0.0003,1.0,0.0,10.0,1000,0,0.0,0.0,0.0,0.0
0.2,0.001,0.0003,1.0,0.0,100.0,1000,0,0.0,20.00195146872977,0.0,0.0
0.2,0.001,0.0003,1.0,0.0,1000.0,1000,0,0.0,31.4211689637173,0.0,219.59936029749696
0.2,0.001,0.0003,1.0,0.1,10.0,1000,0,0.0,44.26009670038689,0.0,0.0
0.2,0.001,0.0003,1.0,0.1,100.0,1000,0,0.0,28.769810428114514,0.0,408.47941352315934
0.2,0.001,0.0003,1.0,0.1,1000.0,1000,0,0.0,31.07111860627158,0.0,513.5266210854151
0.2,0.001,0.0003,1.0,0.2,10.0,1000,0,0.0,56.746023590299906,0.0,505.3887130782532
0.2,0.001,0.0003,1.0,0.2,100.0,1000,0,0.0,37.591232124774734,0.0,1179.7264925120953
0.2,0.001,0.0003,1.0,0.2,1000.0,1000,0,0.0,34.6620975929638,0.0,1134.6925326433734
0.2,0.001,0.0003,1.0,0.5,10.0,787,213,0.6052407333512716,46.353853446140505,0.005664447958937257,594.3448791480532
0.2,0.001,0.0003,1.0,0.5,100.0,443,557,0.6043812203159619,27.47970675606849,0.004527796438242726,965.7587843994716
0.2,0.001,0.0003,1.0,0.5,1000.0,150,850,0.6073415890152174,17.688710999017193,0.005339081908715501,432.0913184406028
0.2,0.001,0.0003,1.0,1.0,10.0,522,478,0.7159797909561388,37.29864913232538,0.0021085860256861645,610.3433089690512
0.2,0.001,0.0003,1.0,1.0,100.0,182,818,0.7159437596177082,18.23166034515322,0.0018865009309098563,812.3196857218073
0.2,0.001,0.0003,1.0,1.0,1000.0,27,973,0.7150597897244514,7.988021514623677,0.002052815175457475,87.02738052589773
0.2,0.001,0.0001,1e-05,-0.5,10.0,1000,0,0.0,0.0,0.0,0.0
0.2,0.001,0.0001,1e-05,-0.5,100.0,1000,0,0.0,0.0,0.0,0.0
0.2,0.001,0.0001,1e-05,-0.5,1000.0,1000,0,0.0,0.0,0.0,0.0
0.2,0.001,0.0001,1e-05,-0.2,10.0,1000,0,0.0,0.0,0.0,0.0
0.2,0.001,0.0001,1e-05,-0.2,100.0,1000,0,0.0,0.0,0.0,0.0
0.2,0.001,0.0001,1e-05,-0.2,1000.0,1000,0,0.0,0.0,0.0,0.0
0.2,0.001,0.0001,1e-05,-0.1,10.0,1000,0,0.0,0.0,0.0,0.0
0.2,0.001,0.0001,1e-05,-0.1,100.0,1000,0,0.0,0.0,0.0,0.0
0.2,0.001,0.0001,1e-05,-0.1,1000.0,1000,0,0.0,0.0,0.0,0.0
0.2,0.001,0.0001,1e-05,0.0,10.0,1000,0,0.0,0.0,0.0,0.0
0.2,0.001,0.0001,1e-05,0.0,100.0,1000,0,0.0,0.0,0.0,0.0
0.2,0.001,0.0001,1e-05,0.0,1000.0,1000,0,0.0,0.0,0.0,0.0
0.2,0.001,0.0001,1e-05,0.1,10.0,1000,0,0.0,0.0,0.0,0.0
0.2,0.001,0.0001,1e-05,0.1,100.0,1000,0,0.0,0.0,0.0,0.0
0.2,0.001,0.0001,1e-05,0.1,1000.0,1000,0,0.0,0.0,0.0,0.0
0.2,0.001,0.0001,1e-05,0.2,10.0,1000,0,0.0,0.0,0.0,0.0
0.2,0.001,0.0001,1e-05,0.2,100.0,1000,0,0.0,0.0,0.0,0.0
0.2,0.001,0.0001,1e-05,0.2,1000.0,1000,0,0.0,0.0,0.0,0.0
0.2,0.001,0.0001,1e-05,0.5,10.0,1000,0,0.0,0.0,0.0,0.0
0.2,0.001,0.0001,1e-05,0.5,100.0,1000,0,0.0,0.0,0.0,0.0
0.2,0.001,0.0001,1e-05,0.5,1000.0,1000,0,0.0,0.0,0.0,0.0
0.2,0.001,0.0001,1e-05,1.0,10.0,1000,0,0.0,0.0,0.0,0.0
0.2,0.001,0.0001,1e-05,1.0,100.0,1000,0,0.0,0.0,0.0,0.0
0.2,0.001,0.0001,1e-05,1.0,1000.0,1000,0,0.0,0.0,0.0,0.0
0.2,0.001,0.0001,0.001,-0.5,10.0,1000,0,0.0,0.0,0.0,0.0
0.2,0.001,0.0001,0.001,-0.5,100.0,1000,0,0.0,0.0,0.0,0.0
0.2,0.001,0.0001,0.001,-0.5,1000.0,1000,0,0.0,0.0,0.0,0.0
0.2,0.001,0.0001,0.001,-0.2,10.0,1000,0,0.0,0.0,0.0,0.0
0.2,0.001,0.0001,0.001,-0.2,100.0,1000,0,0.0,0.0,0.0,0.0
0.2,0.001,0.0001,0.001,-0.2,1000.0,1000,0,0.0,0.0,0.0,0.0
0.2,0.001,0.0001,0.001,-0.1,10.0,1000,0,0.0,0.0,0.0,0.0
0.2,0.001,0.0001,0.001,-0.1,100.0,1000,0,0.0,0.0,0.0,0.0
0.2,0.001,0.0001,0.001,-0.1,1000.0,1000,0,0.0,0.0,0.0,0.0
0.2,0.001,0.0001,0.001,0.0,10.0,1000,0,0.0,0.0,0.0,0.0
0.2,0.001,0.0001,0.001,0.0,100.0,1000,0,0.0,0.0,0.0,0.0
0.2,0.001,0.0001,0.001,0.0,1000.0,1000,0,0.0,0.0,0.0,0.0
0.2,0.001,0.0001,0.001,0.1,10.0,1000,0,0.0,0.0,0.0,0.0
0.2,0.001,0.0001,0.001,0.1,100.0,1000,0,0.0,0.0,0.0,0.0
0.2,0.001,0.0001,0.001,0.1,1000.0,1000,0,0.0,0.0,0.0,0.0
0.2,0.001,0.0001,0.001,0.2,10.0,1000,0,0.0,0.0,0.0,0.0
0.2,0.001,0.0001,0.001,0.2,100.0,1000,0,0.0,0.0,0.0,0.0
0.2,0.001,0.0001,0.001,0.2,1000.0,1000,0,0.0,0.0,0.0,0.0
0.2,0.001,0.0001,0.001,0.5,10.0,1000,0,0.0,0.0,0.0,0.0
0.2,0.001,0.0001,0.001,0.5,100.0,1000,0,0.0,0.0,0.0,0.0
0.2,0.001,0.0001,0.001,0.5,1000.0,1000,0,0.0,0.0,0.0,0.0
0.2,0.001,0.0001,0.001,1.0,10.0,1000,0,0.0,0.0,0.0,0.0
0.2,0.001,0.0001,0.001,1.0,100.0,1000,0,0.0,0.0,0.0,0.0
0.2,0.001,0.0001,0.001,1.0,1000.0,1000,0,0.0,0.0,0.0,0.0
0.2,0.001,0.0001,0.1,-0.5,10.0,1000,0,0.0,0.0,0.0,0.0
0.2,0.001,0.0001,0.1,-0.5,100.0,1000,0,0.0,0.0,0.0,0.0
0.2,0.001,0.0001,0.1,-0.5,1000.0,1000,0,0.0,0.0,0.0,0.0
0.2,0.001,0.0001,0.1,-0.2,10.0,1000,0,0.0,0.0,0.0,0.0
0.2,0.001,0.0001,0.1,-0.2,100.0,1000,0,0.0,0.0,0.0,0.0
0.2,0.001,0.0001,0.1,-0.2,1000.0,1000,0,0.0,0.0,0.0,0.0
0.2,0.001,0.0001,0.1,-0.1,10.0,1000,0,0.0,0.0,0.0,0.0
0.2,0.001,0.0001,0.1,-0.1,100.0,1000,0,0.0,0.0,0.0,0.0
0.2,0.001,0.0001,0.1,-0.1,1000.0,1000,0,0.0,0.0,0.0,0.0
0.2,0.001,0.0001,0.1,0.0,10.0,1000,0,0.0,0.0,0.0,0.0
0.2,0.001,0.0001,0.1,0.0,100.0,1000,0,0.0,0.0,0.0,0.0
0.2,0.001,0.0001,0.1,0.0,1000.0,1000,0,0.0,0.0,0.0,0.0
0.2,0.001,0.0001,0.1,0.1,10.0,1000,0,0.0,0.0,0.0,0.0
0.2,0.001,0.0001,0.1,0.1,100.0,1000,0,0.0,0.0,0.0,0.0
0.2,0.001,0.0001,0.1,0.1,1000.0,1000,0,0.0,0.0,0.0,0.0
0.2,0.001,0.0001,0.1,0.2,10.0,1000,0,0.0,0.0,0.0,0.0
0.2,0.001,0.0001,0.1,0.2,100.0,1000,0,0.0,0.0,0.0,0.0
0.2,0.001,0.0001,0.1,0.2,1000.0,1000,0,0.0,0.0,0.0,0.0
0.2,0.001,0.0001,0.1,0.5,10.0,1000,0,0.0,0.0,0.0,0.0
0.2,0.001,0.0001,0.1,0.5,100.0,1000,0,0.0,0.0,0.0,0.0
0.2,0.001,0.0001,0.1,0.5,1000.0,1000,0,0.0,0.0,0.0,0.0
0.2,0.001,0.0001,0.1,1.0,10.0,1000,0,0.0,0.0,0.0,0.0
0.2,0.001,0.0001,0.1,1.0,100.0,1000,0,0.0,0.0,0.0,0.0
0.2,0.001,0.0001,0.1,1.0,1000.0,1000,0,0.0,0.0,0.0,0.0
0.2,0.001,0.0001,1.0,-0.5,10.0,1000,0,0.0,0.0,0.0,0.0
0.2,0.001,0.0001,1.0,-0.5,100.0,1000,0,0.0,0.0,0.0,0.0
0.2,0.001,0.0001,1.0,-0.5,1000.0,1000,0,0.0,0.0,0.0,0.0
0.2,0.001,0.0001,1.0,-0.2,10.0,1000,0,0.0,0.0,0.0,0.0
0.2,0.001,0.0001,1.0,-0.2,100.0,1000,0,0.0,0.0,0.0,0.0
0.2,0.001,0.0001,1.0,-0.2,1000.0,1000,0,0.0,0.0,0.0,0.0
0.2,0.001,0.0001,1.0,-0.1,10.0,1000,0,0.0,0.0,0.0,0.0
0.2,0.001,0.0001,1.0,-0.1,100.0,1000,0,0.0,0.0,0.0,0.0
0.2,0.001,0.0001,1.0,-0.1,1000.0,1000,0,0.0,0.0,0.0,0.0
0.2,0.001,0.0001,1.0,0.0,10.0,1000,0,0.0,0.0,0.0,0.0
0.2,0.001,0.0001,1.0,0.0,100.0,1000,0,0.0,0.0,0.0,0.0
0.2,0.001,0.0001,1.0,0.0,1000.0,1000,0,0.0,0.0,0.0,0.0
0.2,0.001,0.0001,1.0,0.1,10.0,1000,0,0.0,0.0,0.0,0.0
0.2,0.001,0.0001,1.0,0.1,100.0,1000,0,0.0,0.0,0.0,0.0
0.2,0.001,0.0001,1.0,0.1,1000.0,1000,0,0.0,36.03923493897841,0.0,161.72995011740892
0.2,0.001,0.0001,1.0,0.2,10.0,997,3,0.13060428849902533,204.75838814293158,0.034114960348673284,10956.95639508987
0.2,0.001,0.0001,1.0,0.2,100.0,980,20,0.16046532434830096,167.14122749420733,0.028752534678544987,9707.787358760987
0.2,0.001,0.0001,1.0,0.2,1000.0,925,75,0.26810616071474663,95.69019533653362,0.03472832475278227,6240.671098430061
0.2,0.001,0.0001,1.0,0.5,10.0,763,237,0.6092855596678322,71.35760830431592,0.0016483597053800231,570.1303883743846
0.2,0.001,0.0001,1.0,0.5,100.0,355,645,0.605164217396387,51.32401939448962,0.001785340950788611,1255.2781465205974
0.2,0.001,0.0001,1.0,0.5,1000.0,13,987,0.6034793445054791,18.74866306040856,0.001537039777300297,353.6833441464957
0.2,0.001,0.0001,1.0,1.0,10.0,569,431,0.7148783807034398,54.5227029362471,0.0005998903397352379,314.22156257227175
0.2,0.001,0.0001,1.0,1.0,100.0,155,845,0.7149563433753919,29.855241982014597,0.000638995851962876,839.6616152869275
0.2,0.001,0.0001,1.0,1.0,1000.0,0,1000,0.7172512411785789,7.848979852873988,0.0006498052606882843,84.88799806207285
0.2,0.001,0.003,1e-05,-0.5,10.0,1000,0,0.0,0.0,0.0,0.0
0.2,0.001,0.003,1e-05,-0.5,100.0,1000,0,0.0,9.050980095075591,0.0,1.3819610018735604
0.2,0.001,0.003,1e-05,-0.5,1000.0,1000,0,0.0,3.723597228112362,0.0,9.571963759766735
0.2,0.001,0.003,1e-05,-0.2,10.0,1000,0,0.0,0.0,0.0,0.0
0.2,0.001,0.003,1e-05,-0.2,100.0,1000,0,0.0,1.8438277116751869,0.0,0.0
0.2,0.001,0.003,1e-05,-0.2,1000.0,1000,0,0.0,3.2402925707594554,0.0,7.871112567203928
0.2,0.001,0.003,1e-05,-0.1,10.0,1000,0,0.0,0.0,0.0,0.0
0.2,0.001,0.003,1e-05,-0.1,100.0,1000,0,0.0,0.0,0.0,0.0
0.2,0.001,0.003,1e-05,-0.1,1000.0,1000,0,0.0,0.18729851369399753,0.0,0.012233040456121827
0.2,0.001,0.003,1e-05,0.0,10.0,1000,0,0.0,0.0,0.0,0.0
0.2,0.001,0.003,1e-05,0.0,100.0,1000,0,0.0,0.0,0.0,0.0
0.2,0.001,0.003,1e-05,0.0,1000.0,1000,0,0.0,4.071567997442586,0.0,0.31097161262925166
0.2,0.001,0.003,1e-05,0.1,10.0,1000,0,0.0,0.0,0.0,0.0
0.2,0.001,0.003,1e-05,0.1,100.0,1000,0,0.0,5.118347762685808,0.0,1.3073296705732915
0.2,0.001,0.003,1e-05,0.1,1000.0,1000,0,0.0,1.136005754079204,0.0,1.3821738252801619
0.2,0.001,0.003,1e-05,0.2,10.0,1000,0,0.0,0.0,0.0,0.0
0.2,0.001,0.003,1e-05,0.2,100.0,1000,0,0.0,1.7550244947079112,0.0,0.0
0.2,0.001,0.003,1e-05,0.2,1000.0,1000,0,0.0,6.5969829483915925,0.0,58.97396666230392
0.2,0.001,0.003,1e-05,0.5,10.0,1000,0,0.0,0.0,0.0,0.0
0.2,0.001,0.003,1e-05,0.5,100.0,1000,0,0.0,0.0,0.0,0.0
0.2,0.001,0.003,1e-05,0.5,1000.0,1000,0,0.0,1.0212982728068585,0.0,0.15818533064605486
0.2,0.001,0.003,1e-05,1.0,10.0,1000,0,0.0,0.0,0.0,0.0
0.2,0.001,0.003,1e-05,1.0,100.0,1000,0,0.0,3.6620065870588854,0.0,0.7138484852216243
0.2,0.001,0.003,1e-05,1.0,1000.0,1000,0,0.0,0.9062425563647386,0.0,0.4352460261528569
0.2,0.001,0.003,0.001,-0.5,10.0,1000,0,0.0,0.0,0.0,0.0
0.2,0.001,0.003,0.001,-0.5,100.0,1000,0,0.0,0.0,0.0,0.0
0.2,0.001,0.003,0.001,-0.5,1000.0,1000,0,0.0,1.386644135560779,0.0,0.4229835424490091
0.2,0.001,0.003,0.001,-0.2,10.0,1000,0,0.0,0.0,0.0,0.0
0.2,0.001,0.003,0.001,-0.2,100.0,1000,0,0.0,2.919649115714386,0.0,0.0
0.2,0.001,0.003,0.001,-0.2,1000.0,1000,0,0.0,3.630424700735349,0.0,12.990538607330308
0.2,0.001,0.003,0.001,-0.1,10.0,1000,0,0.0,0.0,0.0,0.0
0.2,0.001,0.003,0.001,-0.1,100.0,1000,0,0.0,0.0,0.0,0.0
0.2,0.001,0.003,0.001,-0.1,1000.0,1000,0,0.0,1.8790384873977368,0.0,2.659171693435149
0.2,0.001,0.003,0.001,0.0,10.0,1000,0,0.0,0.0,0.0,0.0
0.2,0.001,0.003,0.001,0.0,100.0,1000,0,0.0,3.0400389050373002,0.0,0.0
0.2,0.001,0.003,0.001,0.0,1000.0,1000,0,0.0,3.098224701363949,0.0,13.160459330666594
0.2,0.001,0.003,0.001,0.1,10.0,1000,0,0.0,0.0,0.0,0.0
0.2,0.001,0.003,0.001,0.1,100.0,1000,0,0.0,4.34747439914214,0.0,2.9819965563604347
0.2,0.001,0.003,0.001,0.1,1000.0,1000,0,0.0,1.1478899059277246,0.0,0.36172691438113913
0.2,0.001,0.003,0.001,0.2,10.0,1000,0,0.0,0.0,0.0,0.0
0.2,0.001,0.003,0.001,0.2,100.0,1000,0,0.0,2.8233604512721495,0.0,0.0
0.2,0.001,0.003,0.001,0.2,1000.0,1000,0,0.0,1.1862947803835158,0.0,0.5778947768233655
0.2,0.001,0.003,0.001,0.5,10.0,1000,0,0.0,0.0,0.0,0.0
0.2,0.001,0.003,0.001,0.5,100.0,1000,0,0.0,1.3215429797763856,0.0,0.0
0.2,0.001,0.003,0.001,0.5,1000.0,1000,0,0.0,2.7179369969844833,0.0,4.496884954116648
0.2,0.001,0.003,0.001,1.0,10.0,1000,0,0.0,0.0,0.0,0.0
0.2,0.001,0.003,0.001,1.0,100.0,1000,0,0.0,24.614298477721583,0.0,0.0
0.2,0.001,0.003,0.001,1.0,1000.0,1000,0,0.0,0.6691426577558482,0.0,0.0
0.2,0.001,0.003,0.1,-0.5,10.0,1000,0,0.0,12.80575701366688,0.0,85.6943574911007
0.2,0.001,0.003,0.1,-0.5,100.0,1000,0,0.0,11.306531452708171,0.0,420.6296855905036
0.2,0.001,0.003,0.1,-0.5,1000.0,1000,0,0.0,11.2954913236808,0.0,180.22301394263792
0.2,0.001,0.003,0.1,-0.2,10.0,1000,0,0.0,7.462252457085549,0.0,20.66403022670761
0.2,0.001,0.003,0.1,-0.2,100.0,1000,0,0.0,13.297546858397185,0.0,215.35140037869905
0.2,0.001,0.003,0.1,-0.2,1000.0,1000,0,0.0,14.19247059576051,0.0,252.3361291123533
0.2,0.001,0.003,0.1,-0.1,10.0,1000,0,0.0,10.644453098390313,0.0,65.43903471330921
0.2,0.001,0.003,0.1,-0.1,100.0,1000,0,0.0,18.188283809363334,0.0,415.5487666187878
0.2,0.001,0.003,0.1,-0.1,1000.0,1000,0,0.0,10.787952277627976,0.0,170.95150341084243
0.2,0.001,0.003,0.1,0.0,10.0,1000,0,0.0,9.441055390439484,0.0,49.21309193719697
0.2,0.001,0.003,0.1,0.0,100.0,1000,0,0.0,13.219808969874707,0.0,226.62785785808956
0.2,0.001,0.003,0.1,0.0,1000.0,1000,0,0.0,13.988372041969702,0.0,301.64577561467945
0.2,0.001,0.003,0.1,0.1,10.0,1000,0,0.0,12.656517943330108,0.0,410.76419434591963
0.2,0.001,0.003,0.1,0.1,100.0,1000,0,0.0,12.523183464207944,0.0,186.44361745792298
0.2,0.001,0.003,0.1,0.1,1000.0,1000,0,0.0,16.466748721729704,0.0,367.05094502203144
0.2,0.001,0.003,0.1,0.2,10.0,1000,0,0.0,11.997900884812598,0.0,94.06711830557003
0.2,0.001,0.003,0.1,0.2,100.0,1000,0,0.0,14.057626579242683,0.0,295.4124599229732
0.2,0.001,0.003,0.1,0.2,1000.0,1000,0,0.0,15.290998483255958,0.0,362.41824082594957
0.2,0.001,0.003,0.1,0.5,10.0,1000,0,0.0,11.764272916983723,0.0,161.92462038953227
0.2,0.001,0.003,0.1,0.5,100.0,1000,0,0.0,14.178197908046966,0.0,302.0774818967601
0.2,0.001,0.003,0.1,0.5,1000.0,1000,0,0.0,17.90670168303067,0.0,436.22205584388195
0.2,0.001,0.003,0.1,1.0,10.0,1000,0,0.0,11.624321797143589,0.0,177.3919826397236
0.2,0.001,0.003,0.1,1.0,100.0,1000,0,0.0,12.07654364917817,0.0,207.20071706059872
0.2,0.001,0.003,0.1,1.0,1000.0,1000,0,0.0,13.609861722080842,0.0,215.26038635070407
0.2,0.001,0.003,1.0,-0.5,10.0,1000,0,0.0,4.547586543775847,0.0,79.55866976164437
0.2,0.001,0.003,1.0,-0.5,100.0,1000,0,0.0,8.374834271754303,0.0,301.8220653947354
0.2,0.001,0.003,1.0,-0.5,1000.0,1000,0,0.0,11.106197232984659,0.0,337.2153066959212
0.2,0.001,0.003,1.0,-0.2,10.0,1000,0,0.0,3.9581433213008896,0.0,91.53207607444114
0.2,0.001,0.003,1.0,-0.2,100.0,1000,0,0.0,7.847536570513166,0.0,240.07021806798585
0.2,0.001,0.003,1.0,-0.2,1000.0,1000,0,0.0,10.662795778286844,0.0,354.8413481998748
0.2,0.001,0.003,1.0,-0.1,10.0,1000,0,0.0,3.81814137025693,0.0,84.47655814860215
0.2,0.001,0.003,1.0,-0.1,100.0,1000,0,0.0,8.072103251897575,0.0,242.5205660908321
0.2,0.001,0.003,1.0,-0.1,1000.0,1000,0,0.0,9.530222060379096,0.0,187.9543987104173
0.2,0.001,0.003,1.0,0.0,10.0,1000,0,0.0,5.257926501926652,0.0,210.56091547583165
0.2,0.001,0.003,1.0,0.0,100.0,1000,0,0.0,6.855785940712146,0.0,222.6503010727122
0.2,0.001,0.003,1.0,0.0,1000.0,1000,0,0.0,11.755741085174286,0.0,325.32647653286006
0.2,0.001,0.003,1.0,0.1,10.0,1000,0,0.0,4.721418399830656,0.0,165.31575108150398
0.2,0.001,0.003,1.0,0.1,100.0,1000,0,0.0,6.983387082804982,0.0,135.40055614168458
0.2,0.001,0.003,1.0,0.1,1000.0,1000,0,0.0,9.974148065626046,0.0,309.2263517076408
0.2,0.001,0.003,1.0,0.2,10.0,1000,0,0.0,4.257170465032751,0.0,133.85374523803245
0.2,0.001,0.003,1.0,0.2,100.0,1000,0,0.0,8.604264125786107,0.0,365.39082983797107
0.2,0.001,0.003,1.0,0.2,1000.0,1000,0,0.0,8.72726985455031,0.0,230.55846481175027
0.2,0.001,0.003,1.0,0.5,10.0,1000,0,0.0,4.100007527895287,0.0,124.65280637826831
0.2,0.001,0.003,1.0,0.5,100.0,1000,0,0.0,5.488076197287834,0.0,110.54044030381486
0.2,0.001,0.003,1.0,0.5,1000.0,1000,0,0.0,9.018457942234011,0.0,245.69566218339924
0.2,0.001,0.003,1.0,1.0,10.0,996,4,0.6093681917211329,3.976477658723908,0.13700983952041237,124.3110737216573
0.2,0.001,0.003,1.0,1.0,100.0,979,21,0.6273550832565252,5.7312520987571665,0.08491681544973402,160.48875006843855
0.2,0.001,0.003,1.0,1.0,1000.0,985,15,0.4786522289970566,6.773223597522715,0.12873958835816868,171.55856963108957
0.2,0.001,0.001,1e-05,-0.5,10.0,1000,0,0.0,0.0,0.0,0.0
0.2,0.001,0.001,1e-05,-0.5,100.0,1000,0,0.0,0.0,0.0,0.0
0.2,0.001,0.001,1e-05,-0.5,1000.0,1000,0,0.0,0.0,0.0,0.0
0.2,0.001,0.001,1e-05,-0.2,10.0,1000,0,0.0,0.0,0.0,0.0
0.2,0.001,0.001,1e-05,-0.2,100.0,1000,0,0.0,0.0,0.0,0.0
0.2,0.001,0.001,1e-05,-0.2,1000.0,1000,0,0.0,0.0,0.0,0.0
0.2,0.001,0.001,1e-05,-0.1,10.0,1000,0,0.0,0.0,0.0,0.0
0.2,0.001,0.001,1e-05,-0.1,100.0,1000,0,0.0,0.0,0.0,0.0
0.2,0.001,0.001,1e-05,-0.1,1000.0,1000,0,0.0,0.0,0.0,0.0
0.2,0.001,0.001,1e-05,0.0,10.0,1000,0,0.0,0.0,0.0,0.0
0.2,0.001,0.001,1e-05,0.0,100.0,1000,0,0.0,0.0,0.0,0.0
0.2,0.001,0.001,1e-05,0.0,1000.0,1000,0,0.0,0.0,0.0,0.0
0.2,0.001,0.001,1e-05,0.1,10.0,1000,0,0.0,0.0,0.0,0.0
0.2,0.001,0.001,1e-05,0.1,100.0,1000,0,0.0,0.0,0.0,0.0
0.2,0.001,0.001,1e-05,0.1,1000.0,1000,0,0.0,0.0,0.0,0.0
0.2,0.001,0.001,1e-05,0.2,10.0,1000,0,0.0,0.0,0.0,0.0
0.2,0.001,0.001,1e-05,0.2,100.0,1000,0,0.0,0.0,0.0,0.0
0.2,0.001,0.001,1e-05,0.2,1000.0,1000,0,0.0,0.0,0.0,0.0
0.2,0.001,0.001,1e-05,0.5,10.0,1000,0,0.0,0.0,0.0,0.0
0.2,0.001,0.001,1e-05,0.5,100.0,1000,0,0.0,0.0,0.0,0.0
0.2,0.001,0.001,1e-05,0.5,1000.0,1000,0,0.0,0.0,0.0,0.0
0.2,0.001,0.001,1e-05,1.0,10.0,1000,0,0.0,0.0,0.0,0.0
0.2,0.001,0.001,1e-05,1.0,100.0,1000,0,0.0,0.0,0.0,0.0
0.2,0.001,0.001,1e-05,1.0,1000.0,1000,0,0.0,0.0,0.0,0.0
0.2,0.001,0.001,0.001,-0.5,10.0,1000,0,0.0,0.0,0.0,0.0
0.2,0.001,0.001,0.001,-0.5,100.0,1000,0,0.0,0.0,0.0,0.0
0.2,0.001,0.001,0.001,-0.5,1000.0,1000,0,0.0,0.0,0.0,0.0
0.2,0.001,0.001,0.001,-0.2,10.0,1000,0,0.0,0.0,0.0,0.0
0.2,0.001,0.001,0.001,-0.2,100.0,1000,0,0.0,0.0,0.0,0.0
0.2,0.001,0.001,0.001,-0.2,1000.0,1000,0,0.0,0.0,0.0,0.0
0.2,0.001,0.001,0.001,-0.1,10.0,1000,0,0.0,0.0,0.0,0.0
0.2,0.001,0.001,0.001,-0.1,100.0,1000,0,0.0,0.0,0.0,0.0
0.2,0.001,0.001,0.001,-0.1,1000.0,1000,0,0.0,0.0,0.0,0.0
0.2,0.001,0.001,0.001,0.0,10.0,1000,0,0.0,0.0,0.0,0.0
0.2,0.001,0.001,0.001,0.0,100.0,1000,0,0.0,0.0,0.0,0.0
0.2,0.001,0.001,0.001,0.0,1000.0,1000,0,0.0,0.0,0.0,0.0
0.2,0.001,0.001,0.001,0.1,10.0,1000,0,0.0,0.0,0.0,0.0
0.2,0.001,0.001,0.001,0.1,100.0,1000,0,0.0,0.0,0.0,0.0
0.2,0.001,0.001,0.001,0.1,1000.0,1000,0,0.0,0.0,0.0,0.0
0.2,0.001,0.001,0.001,0.2,10.0,1000,0,0.0,0.0,0.0,0.0
0.2,0.001,0.001,0.001,0.2,100.0,1000,0,0.0,0.0,0.0,0.0
0.2,0.001,0.001,0.001,0.2,1000.0,1000,0,0.0,0.0,0.0,0.0
0.2,0.001,0.001,0.001,0.5,10.0,1000,0,0.0,0.0,0.0,0.0
0.2,0.001,0.001,0.001,0.5,100.0,1000,0,0.0,0.0,0.0,0.0
0.2,0.001,0.001,0.001,0.5,1000.0,1000,0,0.0,0.0,0.0,0.0
0.2,0.001,0.001,0.001,1.0,10.0,1000,0,0.0,0.0,0.0,0.0
0.2,0.001,0.001,0.001,1.0,100.0,1000,0,0.0,0.0,0.0,0.0
0.2,0.001,0.001,0.001,1.0,1000.0,1000,0,0.0,0.0,0.0,0.0
0.2,0.001,0.001,0.1,-0.5,10.0,1000,0,0.0,0.0,0.0,0.0
0.2,0.001,0.001,0.1,-0.5,100.0,1000,0,0.0,0.0,0.0,0.0
0.2,0.001,0.001,0.1,-0.5,1000.0,1000,0,0.0,0.0,0.0,0.0
0.2,0.001,0.001,0.1,-0.2,10.0,1000,0,0.0,0.0,0.0,0.0
0.2,0.001,0.001,0.1,-0.2,100.0,1000,0,0.0,0.0,0.0,0.0
0.2,0.001,0.001,0.1,-0.2,1000.0,1000,0,0.0,0.0,0.0,0.0
0.2,0.001,0.001,0.1,-0.1,10.0,1000,0,0.0,0.0,0.0,0.0
0.2,0.001,0.001,0.1,-0.1,100.0,1000,0,0.0,0.0,0.0,0.0
0.2,0.001,0.001,0.1,-0.1,1000.0,1000,0,0.0,0.0,0.0,0.0
0.2,0.001,0.001,0.1,0.0,10.0,1000,0,0.0,0.0,0.0,0.0
0.2,0.001,0.001,0.1,0.0,100.0,1000,0,0.0,0.0,0.0,0.0
0.2,0.001,0.001,0.1,0.0,1000.0,1000,0,0.0,0.0,0.0,0.0
0.2,0.001,0.001,0.1,0.1,10.0,1000,0,0.0,0.0,0.0,0.0
0.2,0.001,0.001,0.1,0.1,100.0,1000,0,0.0,0.0,0.0,0.0
0.2,0.001,0.001,0.1,0.1,1000.0,1000,0,0.0,22.748723698102964,0.0,97.65252428879722
0.2,0.001,0.001,0.1,0.2,10.0,1000,0,0.0,0.0,0.0,0.0
0.2,0.001,0.001,0.1,0.2,100.0,1000,0,0.0,12.349844168495983,0.0,11.609985571244803
0.2,0.001,0.001,0.1,0.2,1000.0,1000,0,0.0,0.0,0.0,0.0
0.2,0.001,0.001,0.1,0.5,10.0,1000,0,0.0,0.0,0.0,0.0
0.2,0.001,0.001,0.1,0.5,100.0,1000,0,0.0,21.39625399355159,0.0,143.94080588427232
0.2,0.001,0.001,0.1,0.5,1000.0,1000,0,0.0,30.197101812793345,0.0,354.58822413337236
0.2,0.001,0.001,0.1,1.0,10.0,1000,0,0.0,31.48698112132247,0.0,38.57652934934073
0.2,0.001,0.001,0.1,1.0,100.0,1000,0,0.0,17.481907155033934,0.0,77.47923048023301
0.2,0.001,0.001,0.1,1.0,1000.0,1000,0,0.0,29.86096771382447,0.0,376.05422614224335
0.2,0.001,0.001,1.0,-0.5,10.0,1000,0,0.0,0.0,0.0,0.0
0.2,0.001,0.001,1.0,-0.5,100.0,1000,0,0.0,32.451163065233004,0.0,0.0
0.2,0.001,0.001,1.0,-0.5,1000.0,1000,0,0.0,0.0,0.0,0.0
0.2,0.001,0.001,1.0,-0.2,10.0,1000,0,0.0,8.078371716270372,0.0,9.492516815387363
0.2,0.001,0.001,1.0,-0.2,100.0,1000,0,0.0,13.31879512397458,0.0,167.8572271804434
0.2,0.001,0.001,1.0,-0.2,1000.0,1000,0,0.0,13.294721936639824,0.0,105.07984200099276
0.2,0.001,0.001,1.0,-0.1,10.0,1000,0,0.0,9.781163276671874,0.0,12.050438795189486
0.2,0.001,0.001,1.0,-0.1,100.0,1000,0,0.0,10.662038681806905,0.0,110.23514904847234
0.2,0.001,0.001,1.0,-0.1,1000.0,1000,0,0.0,18.33687183074967,0.0,255.23166170320104
0.2,0.001,0.001,1.0,0.0,10.0,1000,0,0.0,13.757210380820675,0.0,131.84103905377725
0.2,0.001,0.001,1.0,0.0,100.0,1000,0,0.0,19.02246553359997,0.0,1500.0595462882834
0.2,0.001,0.001,1.0,0.0,1000.0,1000,0,0.0,22.430768570576852,0.0,1141.8603229331331
0.2,0.001,0.001,1.0,0.1,10.0,1000,0,0.0,14.387556050462477,0.0,275.78829704790144
0.2,0.001,0.001,1.0,0.1,100.0,1000,0,0.0,12.467414605208884,0.0,180.98729958220366
0.2,0.001,0.001,1.0,0.1,1000.0,1000,0,0.0,20.199742741568627,0.0,520.1820589342934
0.2,0.001,0.001,1.0,0.2,10.0,1000,0,0.0,18.463541317537526,0.0,651.7290220316656
0.2,0.001,0.001,1.0,0.2,100.0,1000,0,0.0,15.00752785554247,0.0,387.5672797703526
0.2,0.001,0.001,1.0,0.2,1000.0,1000,0,0.0,18.063064006474367,0.0,553.9774730838046
0.2,0.001,0.001,1.0,0.5,10.0,964,36,0.4731569011343809,13.72004468007693,0.07221685099783634,344.5139857107244
0.2,0.001,0.001,1.0,0.5,100.0,901,99,0.5291740181118009,11.829147994829382,0.061482718645086,271.9512256251299
0.2,0.001,0.001,1.0,0.5,1000.0,910,90,0.4919020108602809,13.969494665047106,0.06799433976370006,404.61515926625896
0.2,0.001,0.001,1.0,1.0,10.0,596,404,0.7164449903434531,13.73150838615701,0.007445214284206533,309.6273204417503
0.2,0.001,0.001,1.0,1.0,100.0,302,698,0.711389815368236,10.36639284047196,0.007215958788485327,382.1906381494706
0.2,0.001,0.001,1.0,1.0,1000.0,223,777,0.7099037593022607,9.202386625481507,0.00724033440172811,233.64289117142047
0.2,0.1,0.0003,1e-05,-0.5,10.0,537,463,0.3195512085029173,492.7189641191267,0.010531999312927321,55900.97756765718
0.2,0.1,0.0003,1e-05,-0.5,100.0,266,734,0.317926664211959,150.0408351248466,0.008174966148653278,55986.18258153825
0.2,0.1,0.0003,1e-05,-0.5,1000.0,239,761,0.31760942849763174,0.3992526689905861,0.006824787449772813,0.006882963397023994
0.2,0.1,0.0003,1e-05,-0.2,10.0,523,477,0.31725785462433115,502.18469623660945,0.006960387909750292,62524.63479195032
0.2,0.1,0.0003,1e-05,-0.2,100.0,252,748,0.32010860025760574,163.13767653821486,0.007331150624719745,56117.57893275054
0.2,0.1,0.0003,1e-05,-0.2,1000.0,243,757,0.31779426522817295,0.3950729596830602,0.008114416459598579,0.006335308581040301
0.2,0.1,0.0003,1e-05,-0.1,10.0,520,480,0.3153326589035942,495.52321938377025,0.006508232328754728,55882.09664111864
0.2,0.1,0.0003,1e-05,-0.1,100.0,296,704,0.32338220447901517,157.95474702272338,0.007938841530770945,57307.86182534554
0.2,0.1,0.0003,1e-05,-0.1,1000.0,250,750,0.3157528613307587,0.3937297737774406,0.006841127299720283,0.0062611668460300345
0.2,0.1,0.0003,1e-05,0.0,10.0,549,451,0.31543605865579105,495.70605190654544,0.008054774077270638,60995.17588416334
0.2,0.1,0.0003,1e-05,0.0,100.0,256,744,0.32650958498922,155.31595241295753,0.010800258881985393,56634.901559934726
0.2,0.1,0.0003,1e-05,0.0,1000.0,236,764,0.3227489231207813,0.3979192911883118,0.008277252748978768,0.006653312343842712
0.2,0.1,0.0003,1e-05,0.1,10.0,519,481,0.3201328188505856,467.7053115233924,0.009877635803180303,57841.34486254592
0.2,0.1,0.0003,1e-05,0.1,100.0,277,723,0.3213242097576897,158.1617505550816,0.008942578130465593,56906.924121086005
0.2,0.1,0.0003,1e-05,0.1,1000.0,239,761,0.32324206815782996,0.39308337595935394,0.007354231111876798,0.006581009734945288
0.2,0.1,0.0003,1e-05,0.2,10.0,548,452,0.31118006467151865,486.9166188701386,0.006593445294193012,56052.856418883144
0.2,0.1,0.0003,1e-05,0.2,100.0,266,734,0.3180688394540388,144.6824687299998,0.00891480842488179,50695.677856952454
0.2,0.1,0.0003,1e-05,0.2,1000.0,251,749,0.31759530332841146,0.3974351941154893,0.007467955568572274,0.007000495017312601
0.2,0.1,0.0003,1e-05,0.5,10.0,536,464,0.32057779577181905,503.156071505729,0.006895068175469019,64004.329686114696
0.2,0.1,0.0003,1e-05,0.5,100.0,275,725,0.31878723644036056,154.92533816583483,0.008007236152832014,57803.128672215214
0.2,0.1,0.0003,1e-05,0.5,1000.0,255,745,0.3202091055378224,0.39455862171740064,0.008800879631111695,0.007062314670008184
0.2,0.1,0.0003,1e-05,1.0,10.0,527,473,0.31678996942167964,494.3331618731621,0.006648529625151481,55895.21475875509
0.2,0.1,0.0003,1e-05,1.0,100.0,242,758,0.32003978230022834,172.54159437803517,0.007932737398935174,63328.90634627285
0.2,0.1,0.0003,1e-05,1.0,1000.0,253,747,0.3186941275471944,0.3979518608570324,0.007320386899028293,0.006606222481031286
0.2,0.1,0.0003,0.001,-0.5,10.0,509,491,0.32003515294824153,497.6216375326272,0.008008393761489093,55670.123042331164
0.2,0.1,0.0003,0.001,-0.5,100.0,265,735,0.3224484270497563,163.49508917019352,0.009608172468961992,59640.222711866605
0.2,0.1,0.0003,0.001,-0.5,1000.0,258,742,0.31453069737208805,0.39298971805893546,0.007425043090256227,0.006494885815905475
0.2,0.1,0.0003,0.001,-0.2,10.0,541,459,0.3182718443806777,497.39526563412437,0.009130303979540753,58451.420444422634
0.2,0.1,0.0003,0.001,-0.2,100.0,285,715,0.3240728044030883,163.35168328449234,0.007076896956595818,57113.084158314996
0.2,0.1,0.0003,0.001,-0.2,1000.0,272,728,0.32672745474326825,0.38995277891328295,0.008058609282204247,0.006428048977711312
0.2,0.1,0.0003,0.001,-0.1,10.0,531,469,0.32019969169641876,517.8627832890731,0.007679745977657764,61534.23031433415
0.2,0.1,0.0003,0.001,-0.1,100.0,258,742,0.3191210892509849,156.04968829826765,0.007647323713254236,58546.5697326015
0.2,0.1,0.0003,0.001,-0.1,1000.0,278,722,0.31901411211436836,0.39403955461516194,0.008431134811208782,0.007237470590980903
0.2,0.1,0.0003,0.001,0.0,10.0,554,446,0.3144982796648712,471.22376347886734,0.0064150961083257385,54487.72397464489
0.2,0.1,0.0003,0.001,0.0,100.0,250,750,0.31957922721009063,157.6173980821272,0.008752329706241624,57345.27918905961
0.2,0.1,0.0003,0.001,0.0,1000.0,256,744,0.32409440224495034,0.3933874382786067,0.007360884492222331,0.0069279883830844595
0.2,0.1,0.0003,0.001,0.1,10.0,527,473,0.32344128914213593,497.7235132129772,0.006631787460270535,55991.43481730438
0.2,0.1,0.0003,0.001,0.1,100.0,273,727,0.31743695943633615,151.99081634426057,0.006714819025560978,52019.36535888446
0.2,0.1,0.0003,0.001,0.1,1000.0,267,733,0.3205635723339953,0.39568727315536445,0.0065548454910535296,0.006525112387234991
0.2,0.1,0.0003,0.001,0.2,10.0,533,467,0.32097049105116165,488.19796531610933,0.008767214593604777,58988.889587624224
0.2,0.1,0.0003,0.001,0.2,100.0,262,738,0.3256972551349914,153.38419605364592,0.0069563035196532,55579.260784724946
0.2,0.1,0.0003,0.001,0.2,1000.0,262,738,0.3204503240725069,0.3913290474371114,0.010551737256370873,0.006655639231606285
0.2,0.1,0.0003,0.001,0.5,10.0,532,468,0.3201335775584603,473.04348114076004,0.00773705455934568,51804.77764044905
0.2,0.1,0.0003,0.001,0.5,100.0,285,715,0.3213307873664259,157.50482386237078,0.008529814828887624,60486.987317801875
0.2,0.1,0.0003,0.001,0.5,1000.0,268,732,0.3204968394503241,0.39185707095213534,0.007569355201512277,0.006519461963274275
0.2,0.1,0.0003,0.001,1.0,10.0,535,465,0.3165941381923822,473.561451853994,0.007525564442297556,59498.20281535889
0.2,0.1,0.0003,0.001,1.0,100.0,245,755,0.3207973052202895,162.0770000614831,0.008026436261579778,58203.22535620785
0.2,0.1,0.0003,0.001,1.0,1000.0,235,765,0.3263851922812136,0.39271069504262085,0.008791887456627396,0.006517732268107359
0.2,0.1,0.0003,0.1,-0.5,10.0,777,223,0.28355033224717124,447.6836993970315,0.012493935716480288,58593.01684804981
0.2,0.1,0.0003,0.1,-0.5,100.0,612,388,0.2857715270860203,93.57879826729244,0.019514932886983347,36995.02587172694
0.2,0.1,0.0003,0.1,-0.5,1000.0,589,411,0.28364676800666444,0.40216764184914167,0.01429387152588617,0.007550349690620031
0.2,0.1,0.0003,0.1,-0.2,10.0,639,361,0.3135304935871558,443.30902845088366,0.01474893505198715,49548.280753305444
0.2,0.1,0.0003,0.1,-0.2,100.0,408,592,0.31049489655833845,127.78582608480568,0.013626710117525118,47316.52891420082
0.2,0.1,0.0003,0.1,-0.2,1000.0,387,613,0.30805987242282296,0.398364887762104,0.013637293513264084,0.006660234200882402
0.2,0.1,0.0003,0.1,-0.1,10.0,595,405,0.3130670475745633,503.9780930115215,0.009233145196214494,67790.13284786823
0.2,0.1,0.0003,0.1,-0.1,100.0,379,621,0.31578431120448663,133.0267833794463,0.010594835942631307,51850.667350762094
0.2,0.1,0.0003,0.1,-0.1,1000.0,339,661,0.3169843283575567,0.39836190290668994,0.00902081539268116,0.006794458673131149
0.2,0.1,0.0003,0.1,0.0,10.0,555,445,0.3188954235663517,464.6186860299141,0.00957208123533046,58599.30624431782
0.2,0.1,0.0003,0.1,0.0,100.0,296,704,0.3236076401966082,124.62987858159042,0.008261108146226647,42004.37599754934
0.2,0.1,0.0003,0.1,0.0,1000.0,261,739,0.31877540513953906,0.39656012755688413,0.010106223788437828,0.006769836341998677
0.2,0.1,0.0003,0.1,0.1,10.0,492,508,0.32820355655872757,441.1485565564065,0.008791251814220585,57257.32300472765
0.2,0.1,0.0003,0.1,0.1,100.0,249,751,0.32257739100742167,116.27834318486667,0.010336444919449047,42480.23442851091
0.2,0.1,0.0003,0.1,0.1,1000.0,216,784,0.3222739251588124,0.3923606528156124,0.010000176196840852,0.00691452529181241
0.2,0.1,0.0003,0.1,0.2,10.0,464,536,0.3259698832678861,401.3650542129538,0.007978318481899786,49580.510746049586
0.2,0.1,0.0003,0.1,0.2,100.0,171,829,0.3279243140680953,94.07682129019244,0.009393732857030167,29978.4931082046
0.2,0.1,0.0003,0.1,0.2,1000.0,162,838,0.3276606149738969,0.3971862486751299,0.006717359226069532,0.006600812372890781
0.2,0.1,0.0003,0.1,0.5,10.0,404,596,0.35085767622328157,334.69950608488995,0.00807014162230099,37164.68887028691
0.2,0.1,0.0003,0.1,0.5,100.0,104,896,0.3404107315017399,61.89750606589361,0.006334789090890137,16949.41046669944
0.2,0.1,0.0003,0.1,0.5,1000.0,103,897,0.3511774642364855,0.38738256452205483,0.007168444551446549,0.0062820102591195125
0.2,0.1,0.0003,0.1,1.0,10.0,258,742,0.3658225958577754,251.7680795660064,0.004426843294806995,21180.270047512033
0.2,0.1,0.0003,0.1,1.0,100.0,41,959,0.36314028995187203,25.628022433782853,0.005636715324572153,3074.3856984369795
0.2,0.1,0.0003,0.1,1.0,1000.0,31,969,0.3653850869607074,0.3861573547821214,0.004948930256321483,0.006138626472073822
0.2,0.1,0.0003,1.0,-0.5,10.0,1000,0,0.0,0.0,0.0,0.0
0.2,0.1,0.0003,1.0,-0.5,100.0,1000,0,0.0,5.686778610906908,0.0,0.0
0.2,0.1,0.0003,1.0,-0.5,1000.0,1000,0,0.0,0.4516354146707986,0.0,0.013397108673946874
0.2,0.1,0.0003,1.0,-0.2,10.0,985,15,0.2563690733823883,349.3607974061365,0.03979680908920715,75646.77006664875
0.2,0.1,0.0003,1.0,-0.2,100.0,974,26,0.22472804911819214,33.837364349173875,0.06121939242697589,7085.4390720785805
0.2,0.1,0.0003,1.0,-0.2,1000.0,954,46,0.27340305858586467,0.4129099715302462,0.04849175098950452,0.009700246641081938
0.2,0.1,0.0003,1.0,-0.1,10.0,900,100,0.22996390307159337,386.48151356284615,0.04411272599080492,61215.96648189722
0.2,0.1,0.0003,1.0,-0.1,100.0,812,188,0.2564414278203283,62.18320290678405,0.03336051137996373,22257.945484704942
0.2,0.1,0.0003,1.0,-0.1,1000.0,809,191,0.2666301552798886,0.40314958772145215,0.037219261489660094,0.009843393810963172
0.2,0.1,0.0003,1.0,0.0,10.0,616,384,0.317198239321868,267.9718569809282,0.029796685437362247,31985.074373992975
0.2,0.1,0.0003,1.0,0.0,100.0,403,597,0.3033351513153115,31.56811425303901,0.029658044640630758,6981.493713089592
0.2,0.1,0.0003,1.0,0.0,1000.0,396,604,0.3159874198866232,0.3931269859194341,0.024789711957780968,0.009451385512378615
0.2,0.1,0.0003,1.0,0.1,10.0,372,628,0.366893973274731,162.95786365295598,0.016855871691350558,10935.993315855485
0.2,0.1,0.0003,1.0,0.1,100.0,56,944,0.3704272583086547,9.308585441114786,0.016327281534182128,194.94905014690698
0.2,0.1,0.0003,1.0,0.1,1000.0,56,944,0.3759434241483906,0.3827764183252404,0.015449646490064913,0.007666913699949214
0.2,0.1,0.0003,1.0,0.2,10.0,221,779,0.4346644447276661,107.86386545415306,0.010100239485131392,3193.266450283392
0.2,0.1,0.0003,1.0,0.2,100.0,6,994,0.4409768890737226,6.1341332779800135,0.010894693746269748,28.94117607402693
0.2,0.1,0.0003,1.0,0.2,1000.0,3,997,0.43057866640660775,0.37628608171544703,0.01003939884593167,0.00853090681199192
0.2,0.1,0.0003,1.0,0.5,10.0,107,893,0.5610436900175555,60.11594930306107,0.004816040504476443,907.7682505698854
0.2,0.1,0.0003,1.0,0.5,100.0,0,1000,0.5621951219797233,3.5186816873933813,0.004766306743093793,2.1783692014694447
0.2,0.1,0.0003,1.0,0.5,1000.0,0,1000,0.5605277003765267,0.3552639665173621,0.004849169066399541,0.006686217511401809
0.2,0.1,0.0003,1.0,1.0,10.0,53,947,0.659646728911031,41.47514745398541,0.002418351350325183,396.64203215867474
0.2,0.1,0.0003,1.0,1.0,100.0,0,1000,0.6556373296706051,2.335808957583454,0.00243452399603652,0.5799955168616339
0.2,0.1,0.0003,1.0,1.0,1000.0,0,1000,0.6592707836072272,0.32524069664421645,0.002224794272768853,0.005014468047783569
0.2,0.1,0.0001,1e-05,-0.5,10.0,300,700,0.32284961687769986,577.4145964927926,0.001461424242971521,28131.11025257988
0.2,0.1,0.0001,1e-05,-0.5,100.0,1,999,0.3186541450692567,624.4655760743362,0.001468442221058977,29475.559672157935
0.2,0.1,0.0001,1e-05,-0.5,1000.0,1,999,0.31713362619069196,1.4300375549053184,0.0015043193102128852,0.04308260245110022
0.2,0.1,0.0001,1e-05,-0.2,10.0,318,682,0.3191225512791869,597.1362537401047,0.00159836765069419,31001.706551200437
0.2,0.1,0.0001,1e-05,-0.2,100.0,0,1000,0.31749422123813975,509.35149385515314,0.0014430686510570913,39861.76711003629
0.2,0.1,0.0001,1e-05,-0.2,1000.0,0,1000,0.3162394874535754,1.425578010504958,0.001573319227428853,0.03915950651602224
0.2,0.1,0.0001,1e-05,-0.1,10.0,289,711,0.3163631454269882,588.8740849375188,0.001650981281265121,12520.515889765618
0.2,0.1,0.0001,1e-05,-0.1,100.0,1,999,0.31814177511179625,567.5370107927062,0.0014655112892954167,63067.16059350673
0.2,0.1,0.0001,1e-05,-0.1,1000.0,0,1000,0.3166946671057812,1.434332891429716,0.0015628849763767213,0.047176174341512396
0.2,0.1,0.0001,1e-05,0.0,10.0,285,715,0.318774139933653,486.750280319399,0.0015918179650975096,3469.444660731862
0.2,0.1,0.0001,1e-05,0.0,100.0,0,1000,0.3152402037724824,534.8740348637086,0.001476489145988951,63487.350819929205
0.2,0.1,0.0001,1e-05,0.0,1000.0,0,1000,0.3192569491261072,1.4340507374128069,0.0015382655715957246,0.043316936084132444
0.2,0.1,0.0001,1e-05,0.1,10.0,293,707,0.31670704878529427,621.6952774194746,0.0015763118477281012,24613.45887102382
0.2,0.1,0.0001,1e-05,0.1,100.0,0,1000,0.31872007101712435,664.2328012663193,0.0015369993921895801,93602.18407092159
0.2,0.1,0.0001,1e-05,0.1,1000.0,0,1000,0.31730269827507335,1.434746669435232,0.0014819149815527841,0.040681089631036685
0.2,0.1,0.0001,1e-05,0.2,10.0,297,703,0.31827011132902333,757.653195076388,0.0017327024601829866,54688.09666476308
0.2,0.1,0.0001,1e-05,0.2,100.0,2,998,0.3193959761110867,686.1106226365871,0.0015310439055762676,62697.2240951831
0.2,0.1,0.0001,1e-05,0.2,1000.0,1,999,0.31724070895975265,1.4191307335212686,0.001481164028727519,0.042005914909611586
0.2,0.1,0.0001,1e-05,0.5,10.0,305,695,0.31908458265357204,469.6320686092515,0.0016343240629365984,166.96927537211522
0.2,0.1,0.0001,1e-05,0.5,100.0,0,1000,0.3178272570775598,574.6930806068955,0.0014684181211464704,92970.83521235536
0.2,0.1,0.0001,1e-05,0.5,1000.0,1,999,0.31946840976235263,1.426874721663888,0.001458830498122832,0.040695601728168385
0.2,0.1,0.0001,1e-05,1.0,10.0,297,703,0.3166002876999257,603.4245212594346,0.001455470412039189,33492.70927694759
0.2,0.1,0.0001,1e-05,1.0,100.0,4,996,0.3189500102964266,504.9165553951251,0.001590269787968095,56878.91291483195
0.2,0.1,0.0001,1e-05,1.0,1000.0,0,1000,0.31877978337916363,1.4216092294068663,0.0014495605642393123,0.04042193623676382
0.2,0.1,0.0001,0.001,-0.5,10.0,294,706,0.31592554269648776,435.94455949124915,0.001602737696065713,0.0
0.2,0.1,0.0001,0.001,-0.5,100.0,2,998,0.3164287500006675,525.8671499051247,0.0015681178894940177,41834.586359528585
0.2,0.1,0.0001,0.001,-0.5,1000.0,1,999,0.3184277388651416,1.4274290985917315,0.0015814873416859978,0.040729135470434295
0.2,0.1,0.0001,0.001,-0.2,10.0,290,710,0.31741952733680023,652.81473707048,0.0015118404890350967,47518.64171303801
0.2,0.1,0.0001,0.001,-0.2,100.0,1,999,0.3167513888346085,580.8123001470926,0.001543975929768427,46097.17904117706
0.2,0.1,0.0001,0.001,-0.2,1000.0,1,999,0.31844520692224254,1.416641401279186,0.001501541456096967,0.03971606250435274
0.2,0.1,0.0001,0.001,-0.1,10.0,296,704,0.31857172087556546,427.3980120865186,0.0014540572893646261,25579.55539403178
0.2,0.1,0.0001,0.001,-0.1,100.0,3,997,0.3176735665427827,556.3960620162275,0.0015046132112140529,84582.06787740909
0.2,0.1,0.0001,0.001,-0.1,1000.0,0,1000,0.3175938826547284,1.4231682728801154,0.0014043980765192172,0.04014394760478994
0.2,0.1,0.0001,0.001,0.0,10.0,297,703,0.31666578986112065,977.9465514392851,0.0014825007721733455,0.0
0.2,0.1,0.0001,0.001,0.0,100.0,0,1000,0.31640167872583447,673.6413009597676,0.0016542609204875842,28285.704934624802
0.2,0.1,0.0001,0.001,0.0,1000.0,0,1000,0.3158611551058541,1.4248811209595296,0.0015809701471383205,0.04189056623637994
0.2,0.1,0.0001,0.001,0.1,10.0,295,705,0.31912998594980585,904.4978147948553,0.0015710983069255025,4057.4447426690967
0.2,0.1,0.0001,0.001,0.1,100.0,3,997,0.3200740830450493,612.3014868356379,0.001487776496037118,82397.26819353411
0.2,0.1,0.0001,0.001,0.1,1000.0,2,998,0.3179140470251372,1.423829845983606,0.0016386007692680764,0.04028475441904243
0.2,0.1,0.0001,0.001,0.2,10.0,308,692,0.3158807698802388,865.1593639965778,0.001501416915516966,0.0
0.2,0.1,0.0001,0.001,0.2,100.0,0,1000,0.31856697190876365,559.2351835473838,0.0014643731192256508,71525.50684645363
0.2,0.1,0.0001,0.001,0.2,1000.0,0,1000,0.31565572237805795,1.4287709412321687,0.0014940696549814226,0.04389461722931259
0.2,0.1,0.0001,0.001,0.5,10.0,288,712,0.31983309744136584,737.6985829438833,0.0014016132118902745,2151.0452097380557
0.2,0.1,0.0001,0.001,0.5,100.0,1,999,0.31790050089020944,657.3470966132737,0.0014574296293357054,54548.63378065254
0.2,0.1,0.0001,0.001,0.5,1000.0,0,1000,0.315715239922096,1.4346670844380474,0.0015763095619444846,0.04523979647214286
0.2,0.1,0.0001,0.001,1.0,10.0,296,704,0.31967010159332987,697.4513665391385,0.0014472793923234243,18826.576548885383
0.2,0.1,0.0001,0.001,1.0,100.0,1,999,0.3187220407783693,491.8313218936408,0.0013715812913749432,37355.362060099535
0.2,0.1,0.0001,0.001,1.0,1000.0,0,1000,0.31949436075131543,1.4193920975753505,0.0014973509244577139,0.04071391333856407
0.2,0.1,0.0001,0.1,-0.5,10.0,460,540,0.28583136367792333,0.0,0.0032375904424425117,0.0
0.2,0.1,0.0001,0.1,-0.5,100.0,37,963,0.2858394358125918,0.0,0.0033002730939432497,0.0
0.2,0.1,0.0001,0.1,-0.5,1000.0,31,969,0.28619758455302646,1.5117086940789073,0.0033896700837162596,0.06505801674651242
0.2,0.1,0.0001,0.1,-0.2,10.0,367,633,0.3079981488160631,0.0,0.0021629117083482364,0.0
0.2,0.1,0.0001,0.1,-0.2,100.0,6,994,0.3063081436152937,280.1306460488955,0.0023901945501601705,0.0
0.2,0.1,0.0001,0.1,-0.2,1000.0,5,995,0.30616689906198064,1.4511147347423552,0.002309467640442472,0.05195074793443182
0.2,0.1,0.0001,0.1,-0.1,10.0,317,683,0.31021768505801023,687.7459392810811,0.002051796929066145,58855.417255410255
0.2,0.1,0.0001,0.1,-0.1,100.0,6,994,0.31215390646514884,609.2090929026433,0.0023418809440457307,49735.22902737133
0.2,0.1,0.0001,0.1,-0.1,1000.0,3,997,0.3144623142919882,1.4323029707547543,0.0027491075956688716,0.04822549750333411
0.2,0.1,0.0001,0.1,0.0,10.0,300,700,0.31872638464875425,727.9942709813533,0.001980632850564153,22248.771272019945
0.2,0.1,0.0001,0.1,0.0,100.0,0,1000,0.31681286139783565,571.1680496321425,0.0018876201280014797,62109.56906173722
0.2,0.1,0.0001,0.1,0.0,1000.0,1,999,0.31926051834316693,1.4315454636970348,0.002025181441818416,0.04315936243420222
0.2,0.1,0.0001,0.1,0.1,10.0,302,698,0.3238397129329682,608.6705919001993,0.001759481009679451,47340.89760376751
0.2,0.1,0.0001,0.1,0.1,100.0,1,999,0.3250880221952599,558.1994995399292,0.0019410866592715834,66849.4596449055
0.2,0.1,0.0001,0.1,0.1,1000.0,0,1000,0.3237080043183425,1.4039355580189072,0.001923327944075388,0.045552621698391915
0.2,0.1,0.0001,0.1,0.2,10.0,281,719,0.3305287853536863,641.4426668393266,0.001726844465298282,43586.3925612512
0.2,0.1,0.0001,0.1,0.2,100.0,0,1000,0.32746657070746293,596.6187842440995,0.0017091552747515557,56196.756690607755
0.2,0.1,0.0001,0.1,0.2,1000.0,1,999,0.3292851959906396,1.3968653646009972,0.001790457920466115,0.04617326428224052
0.2,0.1,0.0001,0.1,0.5,10.0,223,777,0.34600661059389015,601.2890067231289,0.001667711680360794,45701.791623266225
0.2,0.1,0.0001,0.1,0.5,100.0,0,1000,0.3448582252832845,518.3883304502174,0.0015837991526373768,65716.1984551347
0.2,0.1,0.0001,0.1,0.5,1000.0,0,1000,0.3450950770603351,1.3663049868331147,0.0016203682701246913,0.043078545381950155
0.2,0.1,0.0001,0.1,1.0,10.0,199,801,0.36641897688678593,440.2880225639802,0.0015341487261772084,30817.003148545275
0.2,0.1,0.0001,0.1,1.0,100.0,0,1000,0.36426804286753406,297.92545001024183,0.0014418203113261785,32037.870406168535
0.2,0.1,0.0001,0.1,1.0,1000.0,0,1000,0.3644349581911422,1.3110124368903748,0.0014991790259639968,0.035213124531802496
0.2,0.1,0.0001,1.0,-0.5,10.0,1000,0,0.0,0.0,0.0,0.0
0.2,0.1,0.0001,1.0,-0.5,100.0,1000,0,0.0,0.0,0.0,0.0
0.2,0.1,0.0001,1.0,-0.5,1000.0,998,2,0.0,2.9310439666126262,0.0,1.4543717850653433
0.2,0.1,0.0001,1.0,-0.2,10.0,920,80,0.22376507570138465,0.0,0.027964427091702205,0.0
0.2,0.1,0.0001,1.0,-0.2,100.0,756,244,0.22870949670889465,0.0,0.03359878493083936,0.0
0.2,0.1,0.0001,1.0,-0.2,1000.0,731,269,0.24047416214471748,1.767859395051586,0.044709999406583927,0.20440287815566835
0.2,0.1,0.0001,1.0,-0.1,10.0,648,352,0.2619625164597693,0.0,0.01692090399156055,0.0
0.2,0.1,0.0001,1.0,-0.1,100.0,227,773,0.26344574547959176,0.0,0.01618863404355774,0.0
0.2,0.1,0.0001,1.0,-0.1,1000.0,173,827,0.26274674751958355,1.5622196346429968,0.015179393998933047,0.12713339362279114
0.2,0.1,0.0001,1.0,0.0,10.0,364,636,0.3226402515209606,603.533342265207,0.006016638845126737,48035.306472216995
0.2,0.1,0.0001,1.0,0.0,100.0,5,995,0.31645668628942125,496.5322754370138,0.0063789239021733906,69185.3779391947
0.2,0.1,0.0001,1.0,0.0,1000.0,3,997,0.32033433413611695,1.4279747722230316,0.0067152320563479,0.08456280735386724
0.2,0.1,0.0001,1.0,0.1,10.0,237,763,0.37981319032519023,257.55702941921066,0.004643879667140976,8553.07148610473
0.2,0.1,0.0001,1.0,0.1,100.0,0,1000,0.3814952906718518,120.54442188613214,0.004075367286762702,3549.828727694002
0.2,0.1,0.0001,1.0,0.1,1000.0,0,1000,0.37733346278166174,1.300518491760717,0.004479184012942459,0.05973432872324682
0.2,0.1,0.0001,1.0,0.2,10.0,170,830,0.4402406043464623,155.49600375678594,0.0029874408655343604,2538.1059093505028
0.2,0.1,0.0001,1.0,0.2,100.0,0,1000,0.43805707501693686,55.436467435373,0.003097720193501498,528.2923178752568
0.2,0.1,0.0001,1.0,0.2,1000.0,0,1000,0.44111333647127027,1.2131342113618424,0.0034007282608217435,0.046750967305265734
0.2,0.1,0.0001,1.0,0.5,10.0,105,895,0.5635209459025705,87.21862584843772,0.0014251979017380135,812.1793372345638
0.2,0.1,0.0001,1.0,0.5,100.0,0,1000,0.5652494717046886,22.248834055908237,0.0014118592797372565,50.739387609788345
0.2,0.1,0.0001,1.0,0.5,1000.0,0,1000,0.5640978966025405,1.030606457842854,0.001449114480725714,0.024515055900358625
0.2,0.1,0.0001,1.0,1.0,10.0,41,959,0.6597076180627426,62.041454497453614,0.000819994051964328,306.2084607269437
0.2,0.1,0.0001,1.0,1.0,100.0,0,1000,0.6583246299572392,13.022536798808934,0.0007276603143713091,14.828227453333838
0.2,0.1,0.0001,1.0,1.0,1000.0,0,1000,0.659283420327876,0.8504191798392392,0.0007610465206072473,0.01612571454578244
0.2,0.1,0.003,1e-05,-0.5,10.0,1000,0,0.0,9.898490757972754,0.0,184.62160649285073
0.2,0.1,0.003,1e-05,-0.5,100.0,1000,0,0.0,0.3761667941578609,0.0,0.07217368602565225
0.2,0.1,0.003,1e-05,-0.5,1000.0,1000,0,0.0,0.03333756489892425,0.0,0.0005206974386223854
0.2,0.1,0.003,1e-05,-0.2,10.0,1000,0,0.0,9.932575077884097,0.0,199.30270048260266
0.2,0.1,0.003,1e-05,-0.2,100.0,1000,0,0.0,0.36236836611864964,0.0,0.06433054611754972
0.2,0.1,0.003,1e-05,-0.2,1000.0,1000,0,0.0,0.034108841607691384,0.0,0.0005001309894095232
0.2,0.1,0.003,1e-05,-0.1,10.0,1000,0,0.0,10.45798769619277,0.0,245.50618530781176
0.2,0.1,0.003,1e-05,-0.1,100.0,1000,0,0.0,0.3740376101255148,0.0,0.07094668305486886
0.2,0.1,0.003,1e-05,-0.1,1000.0,1000,0,0.0,0.034569336217727314,0.0,0.0005600199767984071
0.2,0.1,0.003,1e-05,0.0,10.0,1000,0,0.0,9.953790035683717,0.0,161.7355598639099
0.2,0.1,0.003,1e-05,0.0,100.0,1000,0,0.0,0.36320092178386193,0.0,0.06301983019460321
0.2,0.1,0.003,1e-05,0.0,1000.0,1000,0,0.0,0.03450805153443855,0.0,0.0004994230791941726
0.2,0.1,0.003,1e-05,0.1,10.0,1000,0,0.0,9.91073724090126,0.0,184.8141072407635
0.2,0.1,0.003,1e-05,0.1,100.0,1000,0,0.0,0.36553512555854434,0.0,0.061728491419840756
0.2,0.1,0.003,1e-05,0.1,1000.0,1000,0,0.0,0.03345660269103311,0.0,0.0004486977183196255
0.2,0.1,0.003,1e-05,0.2,10.0,1000,0,0.0,10.488666137156706,0.0,204.86653475305823
0.2,0.1,0.003,1e-05,0.2,100.0,1000,0,0.0,0.3703055514744975,0.0,0.06717842128448956
0.2,0.1,0.003,1e-05,0.2,1000.0,1000,0,0.0,0.03422128650395071,0.0,0.0005169514645175956
0.2,0.1,0.003,1e-05,0.5,10.0,1000,0,0.0,9.429428239494051,0.0,179.17472123773933
0.2,0.1,0.003,1e-05,0.5,100.0,1000,0,0.0,0.3700601918018044,0.0,0.06688664509218846
0.2,0.1,0.003,1e-05,0.5,1000.0,1000,0,0.0,0.0348018080370631,0.0,0.0005196647337969726
0.2,0.1,0.003,1e-05,1.0,10.0,1000,0,0.0,10.132858444427479,0.0,253.89477731750642
0.2,0.1,0.003,1e-05,1.0,100.0,1000,0,0.0,0.3645166882497627,0.0,0.06599871984639069
0.2,0.1,0.003,1e-05,1.0,1000.0,1000,0,0.0,0.03439731234389653,0.0,0.00047422164081671624
0.2,0.1,0.003,0.001,-0.5,10.0,1000,0,0.0,9.47923468807265,0.0,159.9631929361259
0.2,0.1,0.003,0.001,-0.5,100.0,1000,0,0.0,0.37305471835139997,0.0,0.0744402077516801
0.2,0.1,0.003,0.001,-0.5,1000.0,1000,0,0.0,0.036084168142372336,0.0,0.0005730178466106301
0.2,0.1,0.003,0.001,-0.2,10.0,1000,0,0.0,9.010445425877602,0.0,167.53692601163968
0.2,0.1,0.003,0.001,-0.2,100.0,1000,0,0.0,0.36736923409097594,0.0,0.06624063255236373
0.2,0.1,0.003,0.001,-0.2,1000.0,1000,0,0.0,0.033088128349886926,0.0,0.000516171075544375
0.2,0.1,0.003,0.001,-0.1,10.0,1000,0,0.0,9.881706155828972,0.0,191.95352750993004
0.2,0.1,0.003,0.001,-0.1,100.0,1000,0,0.0,0.36932267711950567,0.0,0.06538098093164939
0.2,0.1,0.003,0.001,-0.1,1000.0,1000,0,0.0,0.034484366349244455,0.0,0.0005236973329901303
0.2,0.1,0.003,0.001,0.0,10.0,1000,0,0.0,9.446456181443944,0.0,162.85089081442067
0.2,0.1,0.003,0.001,0.0,100.0,1000,0,0.0,0.36924596158534917,0.0,0.06930548075086232
0.2,0.1,0.003,0.001,0.0,1000.0,1000,0,0.0,0.036829811505270614,0.0,0.0006254245342701033
0.2,0.1,0.003,0.001,0.1,10.0,1000,0,0.0,9.488779509526934,0.0,169.07690036584808
0.2,0.1,0.003,0.001,0.1,100.0,1000,0,0.0,0.35828820659604393,0.0,0.06402425425907844
0.2,0.1,0.003,0.001,0.1,1000.0,1000,0,0.0,0.033713397347745575,0.0,0.0005144199196243004
0.2,0.1,0.003,0.001,0.2,10.0,1000,0,0.0,10.045174405164104,0.0,205.9952452580527
0.2,0.1,0.003,0.001,0.2,100.0,1000,0,0.0,0.38547118894993543,0.0,0.06633281142663315
0.2,0.1,0.003,0.001,0.2,1000.0,1000,0,0.0,0.033756532078613635,0.0,0.00045391698399085766
0.2,0.1,0.003,0.001,0.5,10.0,1000,0,0.0,9.528840751185447,0.0,165.11750468616736
0.2,0.1,0.003,0.001,0.5,100.0,1000,0,0.0,0.38179964511625825,0.0,0.0746694783449913
0.2,0.1,0.003,0.001,0.5,1000.0,1000,0,0.0,0.03461378133798858,0.0,0.0005105417938886135
0.2,0.1,0.003,0.001,1.0,10.0,1000,0,0.0,10.267370152214768,0.0,207.86868515206555
0.2,0.1,0.003,0.001,1.0,100.0,1000,0,0.0,0.3751425932577948,0.0,0.06541666989733716
0.2,0.1,0.003,0.001,1.0,1000.0,1000,0,0.0,0.03451869961148725,0.0,0.0004966169620246524
0.2,0.1,0.003,0.1,-0.5,10.0,1000,0,0.0,9.250649121669834,0.0,165.64334174717592
0.2,0.1,0.003,0.1,-0.5,100.0,1000,0,0.0,0.38906814628743835,0.0,0.07994757576147217
0.2,0.1,0.003,0.1,-0.5,1000.0,1000,0,0.0,0.03258822729609968,0.0,0.00044485457328827894
0.2,0.1,0.003,0.1,-0.2,10.0,1000,0,0.0,8.236304912454344,0.0,102.46376618657803
0.2,0.1,0.003,0.1,-0.2,100.0,1000,0,0.0,0.3631633420873475,0.0,0.07314375017387374
0.2,0.1,0.003,0.1,-0.2,1000.0,1000,0,0.0,0.03272489330560529,0.0,0.0004975190248754936
0.2,0.1,0.003,0.1,-0.1,10.0,1000,0,0.0,8.875722530135189,0.0,157.6954055993899
0.2,0.1,0.003,0.1,-0.1,100.0,1000,0,0.0,0.3578913261412245,0.0,0.06230186043383573
0.2,0.1,0.003,0.1,-0.1,1000.0,1000,0,0.0,0.03491563049498315,0.0,0.0005003255021615457
0.2,0.1,0.003,0.1,0.0,10.0,1000,0,0.0,8.256288701962397,0.0,126.90246518765126
0.2,0.1,0.003,0.1,0.0,100.0,1000,0,0.0,0.35908490531409976,0.0,0.06921982335057035
0.2,0.1,0.003,0.1,0.0,1000.0,1000,0,0.0,0.034265830265407624,0.0,0.0004707276583365762
0.2,0.1,0.003,0.1,0.1,10.0,1000,0,0.0,8.289469174547568,0.0,110.9198923850664
0.2,0.1,0.003,0.1,0.1,100.0,1000,0,0.0,0.3652345164149061,0.0,0.06754178605323753
0.2,0.1,0.003,0.1,0.1,1000.0,1000,0,0.0,0.03451204934668621,0.0,0.0005732534895879825
0.2,0.1,0.003,0.1,0.2,10.0,1000,0,0.0,8.396770068957183,0.0,146.55283525593043
0.2,0.1,0.003,0.1,0.2,100.0,1000,0,0.0,0.35890042799466876,0.0,0.0676878095114638
0.2,0.1,0.003,0.1,0.2,1000.0,1000,0,0.0,0.03334678160815649,0.0,0.0004890057942400736
0.2,0.1,0.003,0.1,0.5,10.0,1000,0,0.0,7.597236602191144,0.0,112.9136809028189
0.2,0.1,0.003,0.1,0.5,100.0,1000,0,0.0,0.3671432817981867,0.0,0.06272327842591094
0.2,0.1,0.003,0.1,0.5,1000.0,1000,0,0.0,0.034362678334774036,0.0,0.000507086258835543
0.2,0.1,0.003,0.1,1.0,10.0,1000,0,0.0,7.972774399573948,0.0,132.6888514506682
0.2,0.1,0.003,0.1,1.0,100.0,1000,0,0.0,0.36436766630797723,0.0,0.07577000010186642
0.2,0.1,0.003,0.1,1.0,1000.0,1000,0,0.0,0.03453527639479719,0.0,0.0005280627272897776
0.2,0.1,0.003,1.0,-0.5,10.0,1000,0,0.0,10.192999564050051,0.0,184.92483966710412
0.2,0.1,0.003,1.0,-0.5,100.0,1000,0,0.0,0.4101052252393389,0.0,0.11273406829312665
0.2,0.1,0.003,1.0,-0.5,1000.0,1000,0,0.0,0.035836134111582235,0.0,0.000591574619123686
0.2,0.1,0.003,1.0,-0.2,10.0,1000,0,0.0,7.029461701185421,0.0,108.1566025943056
0.2,0.1,0.003,1.0,-0.2,100.0,1000,0,0.0,0.3809322149531419,0.0,0.08180259420809964
0.2,0.1,0.003,1.0,-0.2,1000.0,1000,0,0.0,0.03327721887240712,0.0,0.0005030605238848492
0.2,0.1,0.003,1.0,-0.1,10.0,1000,0,0.0,6.127254482069165,0.0,85.03114467668864
0.2,0.1,0.003,1.0,-0.1,100.0,1000,0,0.0,0.3733220934124505,0.0,0.0859158353360259
0.2,0.1,0.003,1.0,-0.1,1000.0,1000,0,0.0,0.0351761728033387,0.0,0.0005593769578375181
0.2,0.1,0.003,1.0,0.0,10.0,1000,0,0.0,5.573435084443967,0.0,64.49760669183541
0.2,0.1,0.003,1.0,0.0,100.0,1000,0,0.0,0.37126065305985134,0.0,0.08892053159425835
0.2,0.1,0.003,1.0,0.0,1000.0,1000,0,0.0,0.03417679315966936,0.0,0.0004749413358511433
0.2,0.1,0.003,1.0,0.1,10.0,1000,0,0.0,5.4447831719468445,0.0,64.65393750502128
0.2,0.1,0.003,1.0,0.1,100.0,1000,0,0.0,0.3707586188909455,0.0,0.08477146696976964
0.2,0.1,0.003,1.0,0.1,1000.0,1000,0,0.0,0.03431980994988889,0.0,0.00051791814232339
0.2,0.1,0.003,1.0,0.2,10.0,1000,0,0.0,4.617804924028329,0.0,48.56567978419409
0.2,0.1,0.003,1.0,0.2,100.0,1000,0,0.0,0.34571341525648674,0.0,0.07005545506830892
0.2,0.1,0.003,1.0,0.2,1000.0,998,2,0.4166666666666667,0.03414892370155085,0.17361111111111113,0.0006347147949078092
0.2,0.1,0.003,1.0,0.5,10.0,994,6,0.40088023088023084,3.450171439267157,0.09678227023898019,32.530830440352325
0.2,0.1,0.003,1.0,0.5,100.0,987,13,0.5385424517003464,0.3383911323228896,0.07182628117103614,0.06898681187795688
0.2,0.1,0.003,1.0,0.5,1000.0,989,11,0.5303147832559597,0.0332723209287447,0.07185773373400625,0.000496436864462137
0.2,0.1,0.003,1.0,1.0,10.0,866,134,0.599822401141488,2.6247440929791424,0.06055403992588238,19.700635239785612
0.2,0.1,0.003,1.0,1.0,100.0,826,174,0.646566064117656,0.29251876884829076,0.05282013639007094,0.048966452444828855
0.2,0.1,0.003,1.0,1.0,1000.0,827,173,0.6427378510928156,0.03394315896270996,0.048217545339593756,0.0006240762627798932
0.2,0.1,0.001,1e-05,-0.5,10.0,982,18,0.2742315728874869,104.36399484701252,0.02532696416192852,9381.278444722364
0.2,0.1,0.001,1e-05,-0.5,100.0,972,28,0.37701445518690624,1.47694136681092,0.02538798432115311,0.5357390757616837
0.2,0.1,0.001,1e-05,-0.5,1000.0,968,32,0.2865318275824716,0.1147646805423185,0.026841011938761483,0.0018752614531289775
0.2,0.1,0.001,1e-05,-0.2,10.0,978,22,0.35493296773432104,104.32856189858823,0.03853935833518101,7844.94686787044
0.2,0.1,0.001,1e-05,-0.2,100.0,966,34,0.31689860925883506,1.5233584218366687,0.023980387792014748,0.6077860018320373
0.2,0.1,0.001,1e-05,-0.2,1000.0,965,35,0.32326525202724654,0.11461430980146405,0.030575627516677382,0.0017198801677047856
0.2,0.1,0.001,1e-05,-0.1,10.0,977,23,0.36656928548265094,107.69319824997744,0.03822204987552838,8676.514744052894
0.2,0.1,0.001,1e-05,-0.1,100.0,974,26,0.31213265900765896,1.4927265530354084,0.03536063047952225,0.5141279599780894
0.2,0.1,0.001,1e-05,-0.1,1000.0,965,35,0.34706649043530724,0.11661123258446275,0.030946810141981588,0.0017246655117609442
0.2,0.1,0.001,1e-05,0.0,10.0,986,14,0.35521278254492106,104.76151701035731,0.006209260273266826,8836.067314648848
0.2,0.1,0.001,1e-05,0.0,100.0,971,29,0.354338030393238,1.4559136848251664,0.044726786825352936,0.42257258693322863
0.2,0.1,0.001,1e-05,0.0,1000.0,960,40,0.3412632068306512,0.11411716251873082,0.03239936434582375,0.0017236901383701495
0.2,0.1,0.001,1e-05,0.1,10.0,984,16,0.3970657076799318,101.346344178575,0.03457057727535788,8877.685391905205
0.2,0.1,0.001,1e-05,0.1,100.0,962,38,0.3561611599870273,1.4659871931723407,0.03930168043023577,0.5004673446866164
0.2,0.1,0.001,1e-05,0.1,1000.0,976,24,0.2900100599695364,0.11621096210456983,0.024648689150066447,0.0018467281116604415
0.2,0.1,0.001,1e-05,0.2,10.0,980,20,0.29589912280701747,98.38325466901972,0.03697079854480778,6667.536527631324
0.2,0.1,0.001,1e-05,0.2,100.0,969,31,0.3546599632698222,1.4953768740412703,0.056039366265144476,0.4874709361244627
0.2,0.1,0.001,1e-05,0.2,1000.0,964,36,0.33683652542967946,0.1152973542402652,0.03443901170498555,0.0017598856417143777
0.2,0.1,0.001,1e-05,0.5,10.0,975,25,0.39171694071085555,104.60081863390018,0.05164603158594761,7791.4930186363945
0.2,0.1,0.001,1e-05,0.5,100.0,973,27,0.3232490363231503,1.4760162852972554,0.029636388106610467,0.5860880631802103
0.2,0.1,0.001,1e-05,0.5,1000.0,966,34,0.34380041194433125,0.11322377205962104,0.035886595403947175,0.001550779867442205
0.2,0.1,0.001,1e-05,1.0,10.0,981,19,0.379131041319407,99.20750113668981,0.04902892991163281,6092.407439610525
0.2,0.1,0.001,1e-05,1.0,100.0,967,33,0.29702798357704197,1.4774627130687434,0.045910989958107794,0.5068713691800117
0.2,0.1,0.001,1e-05,1.0,1000.0,964,36,0.33191604106751704,0.11526050371535192,0.030825732889770457,0.001727757095395595
0.2,0.1,0.001,0.001,-0.5,10.0,984,16,0.3406326599855264,105.54452264646008,0.009689824016608195,7285.8917296821755
0.2,0.1,0.001,0.001,-0.5,100.0,974,26,0.384518296031454,1.4748798117939974,0.03593536238790356,0.5329226256223473
0.2,0.1,0.001,0.001,-0.5,1000.0,972,28,0.3144844592848794,0.11553193226340877,0.0430865035563495,0.0017399439540486314
0.2,0.1,0.001,0.001,-0.2,10.0,975,25,0.33394338334745804,101.65462589767866,0.03563324855530592,7623.5521143990745
0.2,0.1,0.001,0.001,-0.2,100.0,971,29,0.3247403901387255,1.4853200047521065,0.022249248163816474,0.48475633673507545
0.2,0.1,0.001,0.001,-0.2,1000.0,968,32,0.3403442682080294,0.11612850546572556,0.02732647592468175,0.0019413845215929025
0.2,0.1,0.001,0.001,-0.1,10.0,971,29,0.339175234839535,99.76212671954906,0.02523998447261428,7473.969042125919
0.2,0.1,0.001,0.001,-0.1,100.0,974,26,0.2656241553656958,1.505336257508923,0.027826457839731537,0.6015084799814865
0.2,0.1,0.001,0.001,-0.1,1000.0,965,35,0.2457589116327027,0.11590082199371668,0.017645817878876327,0.0017686413052515055
0.2,0.1,0.001,0.001,0.0,10.0,975,25,0.3008872682872683,100.45171007068151,0.036620755703460094,7003.503417971115
0.2,0.1,0.001,0.001,0.0,100.0,967,33,0.3564176683467812,1.4775499936046244,0.036497537122598366,0.5068238706007032
0.2,0.1,0.001,0.001,0.0,1000.0,971,29,0.34267146040619406,0.11520074135950717,0.030180887514465002,0.0018732283578330518
0.2,0.1,0.001,0.001,0.1,10.0,972,28,0.3199960713725089,103.57002115099843,0.04228896444721214,8380.877142683803
0.2,0.1,0.001,0.001,0.1,100.0,969,31,0.38144628885915216,1.4828910230814287,0.030568883658088554,0.5672919419195874
0.2,0.1,0.001,0.001,0.1,1000.0,968,32,0.28314264317553794,0.1139959012823914,0.04300926499142546,0.0017288482706326338
0.2,0.1,0.001,0.001,0.2,10.0,976,24,0.3364177991895383,101.66853915788684,0.04207940464913043,6867.940185331174
0.2,0.1,0.001,0.001,0.2,100.0,969,31,0.32997440254630905,1.4676704883526073,0.03546586193219298,0.5121316628733487
0.2,0.1,0.001,0.001,0.2,1000.0,964,36,0.34026173709087304,0.11398763798755739,0.022763121154892603,0.001569652945795955
0.2,0.1,0.001,0.001,0.5,10.0,980,20,0.3755926066270894,101.24266259983173,0.03633967905778902,8418.904009683893
0.2,0.1,0.001,0.001,0.5,100.0,966,34,0.33425037679086217,1.5039442932234457,0.03828003224452922,0.4506314974190946
0.2,0.1,0.001,0.001,0.5,1000.0,967,33,0.33408414493828725,0.1164166798944563,0.031970520788631614,0.0018893572459592275
0.2,0.1,0.001,0.001,1.0,10.0,970,30,0.4045567432236231,108.27600430780664,0.05771136015220155,8247.055434870354
0.2,0.1,0.001,0.001,1.0,100.0,968,32,0.3693150820376443,1.5133209302153354,0.025380113326899698,0.4708893597086771
0.2,0.1,0.001,0.001,1.0,1000.0,973,27,0.3173142720412835,0.11595220618371996,0.019976903778318417,0.0018484228364780524
0.2,0.1,0.001,0.1,-0.5,10.0,995,5,0.32224157955865274,105.67957232774575,0.01018183755754929,7926.427043972085
0.2,0.1,0.001,0.1,-0.5,100.0,992,8,0.2876923076923077,1.5660182338191853,0.027696157498721605,0.7111590150532145
0.2,0.1,0.001,0.1,-0.5,1000.0,988,12,0.2881258647276954,0.11545032174977286,0.04561206405684264,0.0016730236815343895
0.2,0.1,0.001,0.1,-0.2,10.0,988,12,0.2544762501452355,97.17073792744245,0.018252854799246872,7253.857074157995
0.2,0.1,0.001,0.1,-0.2,100.0,983,17,0.307683467203591,1.4690900562565903,0.053742794522514126,0.554708269353384
0.2,0.1,0.001,0.1,-0.2,1000.0,986,14,0.2707095637297981,0.11574529165446373,0.013866192256510462,0.0018887046014412067
0.2,0.1,0.001,0.1,-0.1,10.0,984,16,0.2627412518037518,96.51749979098602,0.0308425299328366,6424.10142206615
0.2,0.1,0.001,0.1,-0.1,100.0,974,26,0.31161403459867376,1.5047735495504277,0.027974758761328225,0.5673647701784998
0.2,0.1,0.001,0.1,-0.1,1000.0,975,25,0.26742845545693844,0.1142847318561141,0.019556141293757896,0.0018722160259969963
0.2,0.1,0.001,0.1,0.0,10.0,977,23,0.35766778439099606,90.59765554536429,0.041488203144340804,6308.983113361491
0.2,0.1,0.001,0.1,0.0,100.0,965,35,0.329130904265358,1.5026772314660157,0.03728812113818589,0.5361424116325504
0.2,0.1,0.001,0.1,0.0,1000.0,970,30,0.33649534561299266,0.11323670260543497,0.04837021157212813,0.0016003989660172242
0.2,0.1,0.001,0.1,0.1,10.0,977,23,0.31739844514009363,86.5033850697873,0.03933613137046078,6079.8315188139395
0.2,0.1,0.001,0.1,0.1,100.0,957,43,0.35783557806129623,1.4882803902747923,0.048334872984561336,0.6142999880935915
0.2,0.1,0.001,0.1,0.1,1000.0,967,33,0.2964704721965463,0.11623887294043303,0.03407112731517505,0.0018134366240570223
0.2,0.1,0.001,0.1,0.2,10.0,961,39,0.29283952352243087,89.47471044472712,0.02060147711333759,5245.482232245934
0.2,0.1,0.001,0.1,0.2,100.0,946,54,0.32732264163573144,1.4718544563252771,0.03702891198444361,0.5427038662897391
0.2,0.1,0.001,0.1,0.2,1000.0,963,37,0.3247522272285297,0.11523052797834814,0.03627415517944795,0.0016950899377955286
0.2,0.1,0.001,0.1,0.5,10.0,952,48,0.31975125431856494,75.83617988240997,0.020795611060054536,4286.251392466485
0.2,0.1,0.001,0.1,0.5,100.0,920,80,0.37659187039628217,1.4485465520064644,0.033967113004160825,0.4302824352141817
0.2,0.1,0.001,0.1,0.5,1000.0,929,71,0.3157711392255845,0.11404089417745458,0.029336831055489107,0.0017713252027981119
0.2,0.1,0.001,0.1,1.0,10.0,930,70,0.3763095252078844,71.55725852701529,0.031139242768875145,4256.41364062378
0.2,0.1,0.001,0.1,1.0,100.0,879,121,0.3900177726211849,1.3680117236746854,0.030061110369196252,0.410525530294622
0.2,0.1,0.001,0.1,1.0,1000.0,867,133,0.34573015756171266,0.11409924805910886,0.029327098091705736,0.0018654746953474172
0.2,0.1,0.001,1.0,-0.5,10.0,1000,0,0.0,73.37621823148348,0.0,10155.488464207223
0.2,0.1,0.001,1.0,-0.5,100.0,1000,0,0.0,3.019942544354837,0.0,22.29966030558476
0.2,0.1,0.001,1.0,-0.5,1000.0,1000,0,0.0,0.12115139022199624,0.0,0.00230546638493876
0.2,0.1,0.001,1.0,-0.2,10.0,999,1,0.0,61.16129832675335,0.0,4666.382506936508
0.2,0.1,0.001,1.0,-0.2,100.0,1000,0,0.0,1.708813219787733,0.0,1.8139509421314957
0.2,0.1,0.001,1.0,-0.2,1000.0,999,1,0.6363636363636364,0.11604060358329325,0.0,0.0018780284571947188
0.2,0.1,0.001,1.0,-0.1,10.0,997,3,0.17797166713575385,54.86438012438146,0.017940191867253028,2593.186386423633
0.2,0.1,0.001,1.0,-0.1,100.0,997,3,0.460955710955711,1.533120272396608,0.04966895963399461,0.9589586071564155
0.2,0.1,0.001,1.0,-0.1,1000.0,997,3,0.30256410256410254,0.1165033690626363,0.06001314924391848,0.0020152944646426
0.2,0.1,0.001,1.0,0.0,10.0,995,5,0.2319047619047619,44.457354731200425,0.04162721088435374,1875.3835937804088
0.2,0.1,0.001,1.0,0.0,100.0,982,18,0.3415923827443435,1.4468560037837623,0.06680054816454588,0.798880871878503
0.2,0.1,0.001,1.0,0.0,1000.0,972,28,0.35784686111932024,0.11603686248799236,0.07755701559156737,0.002159730672571318
0.2,0.1,0.001,1.0,0.1,10.0,951,49,0.3325226857220262,39.37333726721675,0.061480625792206145,1590.0820528004406
0.2,0.1,0.001,1.0,0.1,100.0,911,89,0.38373312248375163,1.3320679996141727,0.060120085736786316,0.5789903004675798
0.2,0.1,0.001,1.0,0.1,1000.0,912,88,0.33960276583676224,0.11363874721953143,0.062383402372037274,0.0018696799212098792
0.2,0.1,0.001,1.0,0.2,10.0,781,219,0.42865255209793496,31.62561240090526,0.05141322391801716,963.905431281846
0.2,0.1,0.001,1.0,0.2,100.0,711,289,0.39736775404674196,1.2179104633968572,0.051339852609984284,0.5503469301759925
0.2,0.1,0.001,1.0,0.2,1000.0,695,305,0.3907846734736762,0.1117170495926325,0.05613151130542304,0.0016620072913807351
0.2,0.1,0.001,1.0,0.5,10.0,233,767,0.5532702497184361,22.321302880200143,0.02076774802512801,571.5137265067192
0.2,0.1,0.001,1.0,0.5,100.0,63,937,0.5496454183378882,1.0179466804652264,0.021110707948067273,0.25734002712424975
0.2,0.1,0.001,1.0,0.5,1000.0,81,919,0.5542909155627891,0.11185573261110152,0.01973372848242286,0.0019466890850990896
0.2,0.1,0.001,1.0,1.0,10.0,75,925,0.6553675487555398,14.254867909056722,0.00890282784008733,200.7187775390033
0.2,0.1,0.001,1.0,1.0,100.0,1,999,0.6600603782328367,0.8425914548660951,0.00820937276513058,0.1596180928261376
0.2,0.1,0.001,1.0,1.0,1000.0,2,998,0.6557704595591829,0.1082082753445138,0.009833386150540864,0.0014881023374005312
0.25,0.0,0.0003,1e-05,-0.5,10.0,1000,0,0.0,0.0,0.0,0.0
0.25,0.0,0.0003,1e-05,-0.5,100.0,1000,0,0.0,0.0,0.0,0.0
0.25,0.0,0.0003,1e-05,-0.5,1000.0,1000,0,0.0,0.0,0.0,0.0
0.25,0.0,0.0003,1e-05,-0.2,10.0,1000,0,0.0,0.0,0.0,0.0
0.25,0.0,0.0003,1e-05,-0.2,100.0,1000,0,0.0,0.0,0.0,0.0
0.25,0.0,0.0003,1e-05,-0.2,1000.0,1000,0,0.0,0.0,0.0,0.0
0.25,0.0,0.0003,1e-05,-0.1,10.0,1000,0,0.0,0.0,0.0,0.0
0.25,0.0,0.0003,1e-05,-0.1,100.0,1000,0,0.0,0.0,0.0,0.0
0.25,0.0,0.0003,1e-05,-0.1,1000.0,1000,0,0.0,0.0,0.0,0.0
0.25,0.0,0.0003,1e-05,0.0,10.0,1000,0,0.0,0.0,0.0,0.0
0.25,0.0,0.0003,1e-05,0.0,100.0,1000,0,0.0,0.0,0.0,0.0
0.25,0.0,0.0003,1e-05,0.0,1000.0,1000,0,0.0,0.0,0.0,0.0
0.25,0.0,0.0003,1e-05,0.1,10.0,1000,0,0.0,0.0,0.0,0.0
0.25,0.0,0.0003,1e-05,0.1,100.0,1000,0,0.0,0.0,0.0,0.0
0.25,0.0,0.0003,1e-05,0.1,1000.0,1000,0,0.0,0.0,0.0,0.0
0.25,0.0,0.0003,1e-05,0.2,10.0,1000,0,0.0,0.0,0.0,0.0
0.25,0.0,0.0003,1e-05,0.2,100.0,1000,0,0.0,0.0,0.0,0.0
0.25,0.0,0.0003,1e-05,0.2,1000.0,1000,0,0.0,0.0,0.0,0.0
0.25,0.0,0.0003,1e-05,0.5,10.0,1000,0,0.0,0.0,0.0,0.0
0.25,0.0,0.0003,1e-05,0.5,100.0,1000,0,0.0,0.0,0.0,0.0
0.25,0.0,0.0003,1e-05,0.5,1000.0,1000,0,0.0,0.0,0.0,0.0
0.25,0.0,0.0003,1e-05,1.0,10.0,1000,0,0.0,0.0,0.0,0.0
0.25,0.0,0.0003,1e-05,1.0,100.0,1000,0,0.0,0.0,0.0,0.0
0.25,0.0,0.0003,1e-05,1.0,1000.0,1000,0,0.0,0.0,0.0,0.0
0.25,0.0,0.0003,0.001,-0.5,10.0,1000,0,0.0,0.0,0.0,0.0
0.25,0.0,0.0003,0.001,-0.5,100.0,1000,0,0.0,0.0,0.0,0.0
0.25,0.0,0.0003,0.001,-0.5,1000.0,1000,0,0.0,0.0,0.0,0.0
0.25,0.0,0.0003,0.001,-0.2,10.0,1000,0,0.0,0.0,0.0,0.0
0.25,0.0,0.0003,0.001,-0.2,100.0,1000,0,0.0,0.0,0.0,0.0
0.25,0.0,0.0003,0.001,-0.2,1000.0,1000,0,0.0,0.0,0.0,0.0
0.25,0.0,0.0003,0.001,-0.1,10.0,1000,0,0.0,0.0,0.0,0.0
0.25,0.0,0.0003,0.001,-0.1,100.0,1000,0,0.0,0.0,0.0,0.0
0.25,0.0,0.0003,0.001,-0.1,1000.0,1000,0,0.0,0.0,0.0,0.0
0.25,0.0,0.0003,0.001,0.0,10.0,1000,0,0.0,0.0,0.0,0.0
0.25,0.0,0.0003,0.001,0.0,100.0,1000,0,0.0,0.0,0.0,0.0
0.25,0.0,0.0003,0.001,0.0,1000.0,1000,0,0.0,0.0,0.0,0.0
0.25,0.0,0.0003,0.001,0.1,10.0,1000,0,0.0,0.0,0.0,0.0
0.25,0.0,0.0003,0.001,0.1,100.0,1000,0,0.0,0.0,0.0,0.0
0.25,0.0,0.0003,0.001,0.1,1000.0,1000,0,0.0,0.0,0.0,0.0
0.25,0.0,0.0003,0.001,0.2,10.0,1000,0,0.0,0.0,0.0,0.0
0.25,0.0,0.0003,0.001,0.2,100.0,1000,0,0.0,0.0,0.0,0.0
0.25,0.0,0.0003,0.001,0.2,1000.0,1000,0,0.0,0.0,0.0,0.0
0.25,0.0,0.0003,0.001,0.5,10.0,1000,0,0.0,0.0,0.0,0.0
0.25,0.0,0.0003,0.001,0.5,100.0,1000,0,0.0,0.0,0.0,0.0
0.25,0.0,0.0003,0.001,0.5,1000.0,1000,0,0.0,0.0,0.0,0.0
0.25,0.0,0.0003,0.001,1.0,10.0,1000,0,0.0,0.0,0.0,0.0
0.25,0.0,0.0003,0.001,1.0,100.0,1000,0,0.0,0.0,0.0,0.0
0.25,0.0,0.0003,0.001,1.0,1000.0,1000,0,0.0,0.0,0.0,0.0
0.25,0.0,0.0003,0.1,-0.5,10.0,1000,0,0.0,0.0,0.0,0.0
0.25,0.0,0.0003,0.1,-0.5,100.0,1000,0,0.0,0.0,0.0,0.0
0.25,0.0,0.0003,0.1,-0.5,1000.0,1000,0,0.0,0.0,0.0,0.0
0.25,0.0,0.0003,0.1,-0.2,10.0,1000,0,0.0,0.0,0.0,0.0
0.25,0.0,0.0003,0.1,-0.2,100.0,1000,0,0.0,0.0,0.0,0.0
0.25,0.0,0.0003,0.1,-0.2,1000.0,1000,0,0.0,0.0,0.0,0.0
0.25,0.0,0.0003,0.1,-0.1,10.0,1000,0,0.0,0.0,0.0,0.0
0.25,0.0,0.0003,0.1,-0.1,100.0,1000,0,0.0,0.0,0.0,0.0
0.25,0.0,0.0003,0.1,-0.1,1000.0,1000,0,0.0,0.0,0.0,0.0
0.25,0.0,0.0003,0.1,0.0,10.0,1000,0,0.0,0.0,0.0,0.0
0.25,0.0,0.0003,0.1,0.0,100.0,1000,0,0.0,0.0,0.0,0.0
0.25,0.0,0.0003,0.1,0.0,1000.0,1000,0,0.0,0.0,0.0,0.0
0.25,0.0,0.0003,0.1,0.1,10.0,1000,0,0.0,0.0,0.0,0.0
0.25,0.0,0.0003,0.1,0.1,100.0,1000,0,0.0,0.0,0.0,0.0
0.25,0.0,0.0003,0.1,0.1,1000.0,1000,0,0.0,0.0,0.0,0.0
0.25,0.0,0.0003,0.1,0.2,10.0,1000,0,0.0,0.0,0.0,0.0
0.25,0.0,0.0003,0.1,0.2,100.0,1000,0,0.0,0.0,0.0,0.0
0.25,0.0,0.0003,0.1,0.2,1000.0,1000,0,0.0,0.0,0.0,0.0
0.25,0.0,0.0003,0.1,0.5,10.0,1000,0,0.0,0.0,0.0,0.0
0.25,0.0,0.0003,0.1,0.5,100.0,1000,0,0.0,0.0,0.0,0.0
0.25,0.0,0.0003,0.1,0.5,1000.0,1000,0,0.0,0.0,0.0,0.0
0.25,0.0,0.0003,0.1,1.0,10.0,1000,0,0.0,0.0,0.0,0.0
0.25,0.0,0.0003,0.1,1.0,100.0,1000,0,0.0,0.0,0.0,0.0
0.25,0.0,0.0003,0.1,1.0,1000.0,1000,0,0.0,0.0,0.0,0.0
0.25,0.0,0.0003,1.0,-0.5,10.0,1000,0,0.0,0.0,0.0,0.0
0.25,0.0,0.0003,1.0,-0.5,100.0,1000,0,0.0,0.0,0.0,0.0
0.25,0.0,0.0003,1.0,-0.5,1000.0,1000,0,0.0,0.0,0.0,0.0
0.25,0.0,0.0003,1.0,-0.2,10.0,1000,0,0.0,0.0,0.0,0.0
0.25,0.0,0.0003,1.0,-0.2,100.0,1000,0,0.0,0.0,0.0,0.0
0.25,0.0,0.0003,1.0,-0.2,1000.0,1000,0,0.0,0.0,0.0,0.0
0.25,0.0,0.0003,1.0,-0.1,10.0,1000,0,0.0,0.0,0.0,0.0
0.25,0.0,0.0003,1.0,-0.1,100.0,1000,0,0.0,0.0,0.0,0.0
0.25,0.0,0.0003,1.0,-0.1,1000.0,1000,0,0.0,0.0,0.0,0.0
0.25,0.0,0.0003,1.0,0.0,10.0,1000,0,0.0,0.0,0.0,0.0
0.25,0.0,0.0003,1.0,0.0,100.0,1000,0,0.0,0.0,0.0,0.0
0.25,0.0,0.0003,1.0,0.0,1000.0,1000,0,0.0,0.0,0.0,0.0
0.25,0.0,0.0003,1.0,0.1,10.0,1000,0,0.0,66.60348492683413,0.0,0.0
0.25,0.0,0.0003,1.0,0.1,100.0,1000,0,0.0,47.28514812731146,0.0,424.0187187250315
0.25,0.0,0.0003,1.0,0.1,1000.0,1000,0,0.0,18.062911249828367,0.0,0.0
0.25,0.0,0.0003,1.0,0.2,10.0,1000,0,0.0,53.095839333746085,0.0,171.61947922249516
0.25,0.0,0.0003,1.0,0.2,100.0,1000,0,0.0,34.95497243008927,0.0,763.4677363032231
0.25,0.0,0.0003,1.0,0.2,1000.0,1000,0,0.0,33.531310676519944,0.0,270.42550220674764
0.25,0.0,0.0003,1.0,0.5,10.0,803,197,0.5495535889589677,37.98580282543437,0.004083479053060192,134.82361593607405
0.25,0.0,0.0003,1.0,0.5,100.0,768,232,0.5453349405863105,15.191928883998425,0.003492736697420229,49.97375197889002
0.25,0.0,0.0003,1.0,0.5,1000.0,867,133,0.5517705812561402,11.464846137906386,0.003764970227483819,23.256959618747256
0.25,0.0,0.0003,1.0,1.0,10.0,585,415,0.6751590042456641,28.01400982114394,0.0012846702935164307,55.08812351541561
0.25,0.0,0.0003,1.0,1.0,100.0,577,423,0.6758954778015649,6.6551052307702365,0.0013351362708193138,4.843297402743009
0.25,0.0,0.0003,1.0,1.0,1000.0,655,345,0.6782305014538847,5.142793449666869,0.0014818213320415999,2.882123907812873
0.25,0.0,0.0001,1e-05,-0.5,10.0,1000,0,0.0,0.0,0.0,0.0
0.25,0.0,0.0001,1e-05,-0.5,100.0,1000,0,0.0,0.0,0.0,0.0
0.25,0.0,0.0001,1e-05,-0.5,1000.0,1000,0,0.0,0.0,0.0,0.0
0.25,0.0,0.0001,1e-05,-0.2,10.0,1000,0,0.0,0.0,0.0,0.0
0.25,0.0,0.0001,1e-05,-0.2,100.0,1000,0,0.0,0.0,0.0,0.0
0.25,0.0,0.0001,1e-05,-0.2,1000.0,1000,0,0.0,0.0,0.0,0.0
0.25,0.0,0.0001,1e-05,-0.1,10.0,1000,0,0.0,0.0,0.0,0.0
0.25,0.0,0.0001,1e-05,-0.1,100.0,1000,0,0.0,0.0,0.0,0.0
0.25,0.0,0.0001,1e-05,-0.1,1000.0,1000,0,0.0,0.0,0.0,0.0
0.25,0.0,0.0001,1e-05,0.0,10.0,1000,0,0.0,0.0,0.0,0.0
0.25,0.0,0.0001,1e-05,0.0,100.0,1000,0,0.0,0.0,0.0,0.0
0.25,0.0,0.0001,1e-05,0.0,1000.0,1000,0,0.0,0.0,0.0,0.0
0.25,0.0,0.0001,1e-05,0.1,10.0,1000,0,0.0,0.0,0.0,0.0
0.25,0.0,0.0001,1e-05,0.1,100.0,1000,0,0.0,0.0,0.0,0.0
0.25,0.0,0.0001,1e-05,0.1,1000.0,1000,0,0.0,0.0,0.0,0.0
0.25,0.0,0.0001,1e-05,0.2,10.0,1000,0,0.0,0.0,0.0,0.0
0.25,0.0,0.0001,1e-05,0.2,100.0,1000,0,0.0,0.0,0.0,0.0
0.25,0.0,0.0001,1e-05,0.2,1000.0,1000,0,0.0,0.0,0.0,0.0
0.25,0.0,0.0001,1e-05,0.5,10.0,1000,0,0.0,0.0,0.0,0.0
0.25,0.0,0.0001,1e-05,0.5,100.0,1000,0,0.0,0.0,0.0,0.0
0.25,0.0,0.0001,1e-05,0.5,1000.0,1000,0,0.0,0.0,0.0,0.0
0.25,0.0,0.0001,1e-05,1.0,10.0,1000,0,0.0,0.0,0.0,0.0
0.25,0.0,0.0001,1e-05,1.0,100.0,1000,0,0.0,0.0,0.0,0.0
0.25,0.0,0.0001,1e-05,1.0,1000.0,1000,0,0.0,0.0,0.0,0.0
0.25,0.0,0.0001,0.001,-0.5,10.0,1000,0,0.0,0.0,0.0,0.0
0.25,0.0,0.0001,0.001,-0.5,100.0,1000,0,0.0,0.0,0.0,0.0
0.25,0.0,0.0001,0.001,-0.5,1000.0,1000,0,0.0,0.0,0.0,0.0
0.25,0.0,0.0001,0.001,-0.2,10.0,1000,0,0.0,0.0,0.0,0.0
0.25,0.0,0.0001,0.001,-0.2,100.0,1000,0,0.0,0.0,0.0,0.0
0.25,0.0,0.0001,0.001,-0.2,1000.0,1000,0,0.0,0.0,0.0,0.0
0.25,0.0,0.0001,0.001,-0.1,10.0,1000,0,0.0,0.0,0.0,0.0
0.25,0.0,0.0001,0.001,-0.1,100.0,1000,0,0.0,0.0,0.0,0.0
0.25,0.0,0.0001,0.001,-0.1,1000.0,1000,0,0.0,0.0,0.0,0.0
0.25,0.0,0.0001,0.001,0.0,10.0,1000,0,0.0,0.0,0.0,0.0
0.25,0.0,0.0001,0.001,0.0,100.0,1000,0,0.0,0.0,0.0,0.0
0.25,0.0,0.0001,0.001,0.0,1000.0,1000,0,0.0,0.0,0.0,0.0
0.25,0.0,0.0001,0.001,0.1,10.0,1000,0,0.0,0.0,0.0,0.0
0.25,0.0,0.0001,0.001,0.1,100.0,1000,0,0.0,0.0,0.0,0.0
0.25,0.0,0.0001,0.001,0.1,1000.0,1000,0,0.0,0.0,0.0,0.0
0.25,0.0,0.0001,0.001,0.2,10.0,1000,0,0.0,0.0,0.0,0.0
0.25,0.0,0.0001,0.001,0.2,100.0,1000,0,0.0,0.0,0.0,0.0
0.25,0.0,0.0001,0.001,0.2,1000.0,1000,0,0.0,0.0,0.0,0.0
0.25,0.0,0.0001,0.001,0.5,10.0,1000,0,0.0,0.0,0.0,0.0
0.25,0.0,0.0001,0.001,0.5,100.0,1000,0,0.0,0.0,0.0,0.0
0.25,0.0,0.0001,0.001,0.5,1000.0,1000,0,0.0,0.0,0.0,0.0
0.25,0.0,0.0001,0.001,1.0,10.0,1000,0,0.0,0.0,0.0,0.0
0.25,0.0,0.0001,0.001,1.0,100.0,1000,0,0.0,0.0,0.0,0.0
0.25,0.0,0.0001,0.001,1.0,1000.0,1000,0,0.0,0.0,0.0,0.0
0.25,0.0,0.0001,0.1,-0.5,10.0,1000,0,0.0,0.0,0.0,0.0
0.25,0.0,0.0001,0.1,-0.5,100.0,1000,0,0.0,0.0,0.0,0.0
0.25,0.0,0.0001,0.1,-0.5,1000.0,1000,0,0.0,0.0,0.0,0.0
0.25,0.0,0.0001,0.1,-0.2,10.0,1000,0,0.0,0.0,0.0,0.0
0.25,0.0,0.0001,0.1,-0.2,100.0,1000,0,0.0,0.0,0.0,0.0
0.25,0.0,0.0001,0.1,-0.2,1000.0,1000,0,0.0,0.0,0.0,0.0
0.25,0.0,0.0001,0.1,-0.1,10.0,1000,0,0.0,0.0,0.0,0.0
0.25,0.0,0.0001,0.1,-0.1,100.0,1000,0,0.0,0.0,0.0,0.0
0.25,0.0,0.0001,0.1,-0.1,1000.0,1000,0,0.0,0.0,0.0,0.0
0.25,0.0,0.0001,0.1,0.0,10.0,1000,0,0.0,0.0,0.0,0.0
0.25,0.0,0.0001,0.1,0.0,100.0,1000,0,0.0,0.0,0.0,0.0
0.25,0.0,0.0001,0.1,0.0,1000.0,1000,0,0.0,0.0,0.0,0.0
0.25,0.0,0.0001,0.1,0.1,10.0,1000,0,0.0,0.0,0.0,0.0
0.25,0.0,0.0001,0.1,0.1,100.0,1000,0,0.0,0.0,0.0,0.0
0.25,0.0,0.0001,0.1,0.1,1000.0,1000,0,0.0,0.0,0.0,0.0
0.25,0.0,0.0001,0.1,0.2,10.0,1000,0,0.0,0.0,0.0,0.0
0.25,0.0,0.0001,0.1,0.2,100.0,1000,0,0.0,0.0,0.0,0.0
0.25,0.0,0.0001,0.1,0.2,1000.0,1000,0,0.0,0.0,0.0,0.0
0.25,0.0,0.0001,0.1,0.5,10.0,1000,0,0.0,0.0,0.0,0.0
0.25,0.0,0.0001,0.1,0.5,100.0,1000,0,0.0,0.0,0.0,0.0
0.25,0.0,0.0001,0.1,0.5,1000.0,1000,0,0.0,0.0,0.0,0.0
0.25,0.0,0.0001,0.1,1.0,10.0,1000,0,0.0,0.0,0.0,0.0
0.25,0.0,0.0001,0.1,1.0,100.0,1000,0,0.0,0.0,0.0,0.0
0.25,0.0,0.0001,0.1,1.0,1000.0,1000,0,0.0,0.0,0.0,0.0
0.25,0.0,0.0001,1.0,-0.5,10.0,1000,0,0.0,0.0,0.0,0.0
0.25,0.0,0.0001,1.0,-0.5,100.0,1000,0,0.0,0.0,0.0,0.0
0.25,0.0,0.0001,1.0,-0.5,1000.0,1000,0,0.0,0.0,0.0,0.0
0.25,0.0,0.0001,1.0,-0.2,10.0,1000,0,0.0,0.0,0.0,0.0
0.25,0.0,0.0001,1.0,-0.2,100.0,1000,0,0.0,0.0,0.0,0.0
0.25,0.0,0.0001,1.0,-0.2,1000.0,1000,0,0.0,0.0,0.0,0.0
0.25,0.0,0.0001,1.0,-0.1,10.0,1000,0,0.0,0.0,0.0,0.0
0.25,0.0,0.0001,1.0,-0.1,100.0,1000,0,0.0,0.0,0.0,0.0
0.25,0.0,0.0001,1.0,-0.1,1000.0,1000,0,0.0,0.0,0.0,0.0
0.25,0.0,0.0001,1.0,0.0,10.0,1000,0,0.0,0.0,0.0,0.0
0.25,0.0,0.0001,1.0,0.0,100.0,1000,0,0.0,0.0,0.0,0.0
0.25,0.0,0.0001,1.0,0.0,1000.0,1000,0,0.0,0.0,0.0,0.0
0.25,0.0,0.0001,1.0,0.1,10.0,1000,0,0.0,0.0,0.0,0.0
0.25,0.0,0.0001,1.0,0.1,100.0,1000,0,0.0,0.0,0.0,0.0
0.25,0.0,0.0001,1.0,0.1,1000.0,1000,0,0.0,0.0,0.0,0.0
0.25,0.0,0.0001,1.0,0.2,10.0,997,3,0.22911360066364805,175.4206298668199,0.007634788223037612,4031.169995092321
0.25,0.0,0.0001,1.0,0.2,100.0,989,11,0.10631354003715314,208.68219438330036,0.015587983534230186,14639.508050857397
0.25,0.0,0.0001,1.0,0.2,1000.0,989,11,0.24402163312416672,195.08600211393886,0.0391230173452891,28388.27664959355
0.25,0.0,0.0001,1.0,0.5,10.0,821,179,0.5551128017673456,54.320117853575816,0.0011858376682116864,94.0619015504199
0.25,0.0,0.0001,1.0,0.5,100.0,732,268,0.556286702318721,30.66284605093121,0.0009914806767036103,50.34814034206158
0.25,0.0,0.0001,1.0,0.5,1000.0,783,217,0.5558739864456134,14.997610193796412,0.0010418972540729527,26.681403601231075
0.25,0.0,0.0001,1.0,1.0,10.0,604,396,0.6762468997070448,39.709700408014875,0.0004926823318680099,47.4034012056038
0.25,0.0,0.0001,1.0,1.0,100.0,557,443,0.6746418441630692,17.069126034730782,0.00044050623585766745,9.989625886158152
0.25,0.0,0.0001,1.0,1.0,1000.0,614,386,0.6760598563647803,6.459971519988619,0.0004349095468285889,2.9962440757675677
0.25,0.0,0.003,1e-05,-0.5,10.0,1000,0,0.0,0.0,0.0,0.0
0.25,0.0,0.003,1e-05,-0.5,100.0,1000,0,0.0,0.0,0.0,0.0
0.25,0.0,0.003,1e-05,-0.5,1000.0,1000,0,0.0,0.0,0.0,0.0
0.25,0.0,0.003,1e-05,-0.2,10.0,1000,0,0.0,0.0,0.0,0.0
0.25,0.0,0.003,1e-05,-0.2,100.0,1000,0,0.0,0.0,0.0,0.0
0.25,0.0,0.003,1e-05,-0.2,1000.0,1000,0,0.0,0.0,0.0,0.0
0.25,0.0,0.003,1e-05,-0.1,10.0,1000,0,0.0,0.0,0.0,0.0
0.25,0.0,0.003,1e-05,-0.1,100.0,1000,0,0.0,0.0,0.0,0.0
0.25,0.0,0.003,1e-05,-0.1,1000.0,1000,0,0.0,0.0,0.0,0.0
0.25,0.0,0.003,1e-05,0.0,10.0,1000,0,0.0,0.0,0.0,0.0
0.25,0.0,0.003,1e-05,0.0,100.0,1000,0,0.0,0.0,0.0,0.0
0.25,0.0,0.003,1e-05,0.0,1000.0,1000,0,0.0,0.0,0.0,0.0
0.25,0.0,0.003,1e-05,0.1,10.0,1000,0,0.0,0.0,0.0,0.0
0.25,0.0,0.003,1e-05,0.1,100.0,1000,0,0.0,0.0,0.0,0.0
0.25,0.0,0.003,1e-05,0.1,1000.0,1000,0,0.0,0.0,0.0,0.0
0.25,0.0,0.003,1e-05,0.2,10.0,1000,0,0.0,0.0,0.0,0.0
0.25,0.0,0.003,1e-05,0.2,100.0,1000,0,0.0,0.0,0.0,0.0
0.25,0.0,0.003,1e-05,0.2,1000.0,1000,0,0.0,0.0,0.0,0.0
0.25,0.0,0.003,1e-05,0.5,10.0,1000,0,0.0,0.0,0.0,0.0
0.25,0.0,0.003,1e-05,0.5,100.0,1000,0,0.0,0.0,0.0,0.0
0.25,0.0,0.003,1e-05,0.5,1000.0,1000,0,0.0,0.0,0.0,0.0
0.25,0.0,0.003,1e-05,1.0,10.0,1000,0,0.0,0.0,0.0,0.0
0.25,0.0,0.003,1e-05,1.0,100.0,1000,0,0.0,0.0,0.0,0.0
0.25,0.0,0.003,1e-05,1.0,1000.0,1000,0,0.0,0.0,0.0,0.0
0.25,0.0,0.003,0.001,-0.5,10.0,1000,0,0.0,0.0,0.0,0.0
0.25,0.0,0.003,0.001,-0.5,100.0,1000,0,0.0,0.0,0.0,0.0
0.25,0.0,0.003,0.001,-0.5,1000.0,1000,0,0.0,0.0,0.0,0.0
0.25,0.0,0.003,0.001,-0.2,10.0,1000,0,0.0,0.0,0.0,0.0
0.25,0.0,0.003,0.001,-0.2,100.0,1000,0,0.0,0.0,0.0,0.0
0.25,0.0,0.003,0.001,-0.2,1000.0,1000,0,0.0,0.0,0.0,0.0
0.25,0.0,0.003,0.001,-0.1,10.0,1000,0,0.0,0.0,0.0,0.0
0.25,0.0,0.003,0.001,-0.1,100.0,1000,0,0.0,0.0,0.0,0.0
0.25,0.0,0.003,0.001,-0.1,1000.0,1000,0,0.0,0.0,0.0,0.0
0.25,0.0,0.003,0.001,0.0,10.0,1000,0,0.0,0.0,0.0,0.0
0.25,0.0,0.003,0.001,0.0,100.0,1000,0,0.0,0.0,0.0,0.0
0.25,0.0,0.003,0.001,0.0,1000.0,1000,0,0.0,0.0,0.0,0.0
0.25,0.0,0.003,0.001,0.1,10.0,1000,0,0.0,0.0,0.0,0.0
0.25,0.0,0.003,0.001,0.1,100.0,1000,0,0.0,0.0,0.0,0.0
0.25,0.0,0.003,0.001,0.1,1000.0,1000,0,0.0,0.0,0.0,0.0
0.25,0.0,0.003,0.001,0.2,10.0,1000,0,0.0,0.0,0.0,0.0
0.25,0.0,0.003,0.001,0.2,100.0,1000,0,0.0,0.0,0.0,0.0
0.25,0.0,0.003,0.001,0.2,1000.0,1000,0,0.0,0.0,0.0,0.0
0.25,0.0,0.003,0.001,0.5,10.0,1000,0,0.0,0.0,0.0,0.0
0.25,0.0,0.003,0.001,0.5,100.0,1000,0,0.0,0.0,0.0,0.0
0.25,0.0,0.003,0.001,0.5,1000.0,1000,0,0.0,0.0,0.0,0.0
0.25,0.0,0.003,0.001,1.0,10.0,1000,0,0.0,0.0,0.0,0.0
0.25,0.0,0.003,0.001,1.0,100.0,1000,0,0.0,0.0,0.0,0.0
0.25,0.0,0.003,0.001,1.0,1000.0,1000,0,0.0,0.0,0.0,0.0
0.25,0.0,0.003,0.1,-0.5,10.0,1000,0,0.0,0.0,0.0,0.0
0.25,0.0,0.003,0.1,-0.5,100.0,1000,0,0.0,0.0,0.0,0.0
0.25,0.0,0.003,0.1,-0.5,1000.0,1000,0,0.0,0.0,0.0,0.0
0.25,0.0,0.003,0.1,-0.2,10.0,1000,0,0.0,4.663483868760975,0.0,0.0
0.25,0.0,0.003,0.1,-0.2,100.0,1000,0,0.0,7.173206793398339,0.0,0.0
0.25,0.0,0.003,0.1,-0.2,1000.0,1000,0,0.0,0.0,0.0,0.0
0.25,0.0,0.003,0.1,-0.1,10.0,1000,0,0.0,20.07105487742413,0.0,0.0
0.25,0.0,0.003,0.1,-0.1,100.0,1000,0,0.0,14.672079379296337,0.0,35.020735366285834
0.25,0.0,0.003,0.1,-0.1,1000.0,1000,0,0.0,0.0,0.0,0.0
0.25,0.0,0.003,0.1,0.0,10.0,1000,0,0.0,5.916799544276918,0.0,0.0018322063792672626
0.25,0.0,0.003,0.1,0.0,100.0,1000,0,0.0,0.0,0.0,0.0
0.25,0.0,0.003,0.1,0.0,1000.0,1000,0,0.0,0.0,0.0,0.0
0.25,0.0,0.003,0.1,0.1,10.0,1000,0,0.0,16.06461203399243,0.0,43.8924141704577
0.25,0.0,0.003,0.1,0.1,100.0,1000,0,0.0,10.403682594627448,0.0,74.69428144942282
0.25,0.0,0.003,0.1,0.1,1000.0,1000,0,0.0,0.0,0.0,0.0
0.25,0.0,0.003,0.1,0.2,10.0,1000,0,0.0,16.228796809400933,0.0,98.41704430063497
0.25,0.0,0.003,0.1,0.2,100.0,1000,0,0.0,11.446009742031768,0.0,91.54649331083623
0.25,0.0,0.003,0.1,0.2,1000.0,1000,0,0.0,0.0,0.0,0.0
0.25,0.0,0.003,0.1,0.5,10.0,1000,0,0.0,10.85322184903233,0.0,50.24294011049769
0.25,0.0,0.003,0.1,0.5,100.0,1000,0,0.0,14.137845717404145,0.0,77.33109858962297
0.25,0.0,0.003,0.1,0.5,1000.0,1000,0,0.0,18.90118260441825,0.0,0.0
0.25,0.0,0.003,0.1,1.0,10.0,1000,0,0.0,12.787232132584547,0.0,57.288104414910585
0.25,0.0,0.003,0.1,1.0,100.0,1000,0,0.0,13.569897339716176,0.0,100.19043761193096
0.25,0.0,0.003,0.1,1.0,1000.0,1000,0,0.0,5.878771254813657,0.0,24.633129411589568
0.25,0.0,0.003,1.0,-0.5,10.0,1000,0,0.0,3.8527742594041006,0.0,19.312552644833687
0.25,0.0,0.003,1.0,-0.5,100.0,1000,0,0.0,2.491720713137142,0.0,3.170915870262147
0.25,0.0,0.003,1.0,-0.5,1000.0,1000,0,0.0,2.6167905542350596,0.0,0.0
0.25,0.0,0.003,1.0,-0.2,10.0,1000,0,0.0,2.8942157694010646,0.0,4.701899089056565
0.25,0.0,0.003,1.0,-0.2,100.0,1000,0,0.0,2.084549587456258,0.0,1.0809209809761458
0.25,0.0,0.003,1.0,-0.2,1000.0,1000,0,0.0,4.061207320834169,0.0,4.740016871833505
0.25,0.0,0.003,1.0,-0.1,10.0,1000,0,0.0,2.9313138108503334,0.0,4.387567252072522
0.25,0.0,0.003,1.0,-0.1,100.0,1000,0,0.0,2.517961418941773,0.0,2.080247864167039
0.25,0.0,0.003,1.0,-0.1,1000.0,1000,0,0.0,2.8803293208302345,0.0,2.0523375593996
0.25,0.0,0.003,1.0,0.0,10.0,1000,0,0.0,3.024849801652297,0.0,3.99462411936781
0.25,0.0,0.003,1.0,0.0,100.0,1000,0,0.0,2.423027544013798,0.0,3.186999998887912
0.25,0.0,0.003,1.0,0.0,1000.0,1000,0,0.0,2.8186759581527827,0.0,2.785818075725635
0.25,0.0,0.003,1.0,0.1,10.0,1000,0,0.0,3.1700879118935763,0.0,4.153925811190525
0.25,0.0,0.003,1.0,0.1,100.0,1000,0,0.0,2.13279539642928,0.0,2.4106324166646593
0.25,0.0,0.003,1.0,0.1,1000.0,1000,0,0.0,2.082429983521775,0.0,3.712037560772537
0.25,0.0,0.003,1.0,0.2,10.0,1000,0,0.0,3.446485428909261,0.0,6.913066527282682
0.25,0.0,0.003,1.0,0.2,100.0,1000,0,0.0,2.0158448392761725,0.0,2.68604928195476
0.25,0.0,0.003,1.0,0.2,1000.0,1000,0,0.0,2.049018988491768,0.0,1.6943686989109157
0.25,0.0,0.003,1.0,0.5,10.0,1000,0,0.0,2.905837264926611,0.0,3.9776930493871596
0.25,0.0,0.003,1.0,0.5,100.0,1000,0,0.0,1.8297212419682987,0.0,1.5845018392524663
0.25,0.0,0.003,1.0,0.5,1000.0,1000,0,0.0,2.080041106076863,0.0,1.5919714067812771
0.25,0.0,0.003,1.0,1.0,10.0,848,152,0.6258352964300067,2.729741757652163,0.03579048245166172,3.6120995787596977
0.25,0.0,0.003,1.0,1.0,100.0,869,131,0.5893881183892739,1.4955126960354674,0.048753310469172445,0.8973118347766355
0.25,0.0,0.003,1.0,1.0,1000.0,952,48,0.5888871606519125,1.596872689261689,0.05753505141516227,1.0341972842140503
0.25,0.0,0.001,1e-05,-0.5,10.0,1000,0,0.0,0.0,0.0,0.0
0.25,0.0,0.001,1e-05,-0.5,100.0,1000,0,0.0,0.0,0.0,0.0
0.25,0.0,0.001,1e-05,-0.5,1000.0,1000,0,0.0,0.0,0.0,0.0
0.25,0.0,0.001,1e-05,-0.2,10.0,1000,0,0.0,0.0,0.0,0.0
0.25,0.0,0.001,1e-05,-0.2,100.0,1000,0,0.0,0.0,0.0,0.0
0.25,0.0,0.001,1e-05,-0.2,1000.0,1000,0,0.0,0.0,0.0,0.0
0.25,0.0,0.001,1e-05,-0.1,10.0,1000,0,0.0,0.0,0.0,0.0
0.25,0.0,0.001,1e-05,-0.1,100.0,1000,0,0.0,0.0,0.0,0.0
0.25,0.0,0.001,1e-05,-0.1,1000.0,1000,0,0.0,0.0,0.0,0.0
0.25,0.0,0.001,1e-05,0.0,10.0,1000,0,0.0,0.0,0.0,0.0
0.25,0.0,0.001,1e-05,0.0,100.0,1000,0,0.0,0.0,0.0,0.0
0.25,0.0,0.001,1e-05,0.0,1000.0,1000,0,0.0,0.0,0.0,0.0
0.25,0.0,0.001,1e-05,0.1,10.0,1000,0,0.0,0.0,0.0,0.0
0.25,0.0,0.001,1e-05,0.1,100.0,1000,0,0.0,0.0,0.0,0.0
0.25,0.0,0.001,1e-05,0.1,1000.0,1000,0,0.0,0.0,0.0,0.0
0.25,0.0,0.001,1e-05,0.2,10.0,1000,0,0.0,0.0,0.0,0.0
0.25,0.0,0.001,1e-05,0.2,100.0,1000,0,0.0,0.0,0.0,0.0
0.25,0.0,0.001,1e-05,0.2,1000.0,1000,0,0.0,0.0,0.0,0.0
0.25,0.0,0.001,1e-05,0.5,10.0,1000,0,0.0,0.0,0.0,0.0
0.25,0.0,0.001,1e-05,0.5,100.0,1000,0,0.0,0.0,0.0,0.0
0.25,0.0,0.001,1e-05,0.5,1000.0,1000,0,0.0,0.0,0.0,0.0
0.25,0.0,0.001,1e-05,1.0,10.0,1000,0,0.0,0.0,0.0,0.0
0.25,0.0,0.001,1e-05,1.0,100.0,1000,0,0.0,0.0,0.0,0.0
0.25,0.0,0.001,1e-05,1.0,1000.0,1000,0,0.0,0.0,0.0,0.0
0.25,0.0,0.001,0.001,-0.5,10.0,1000,0,0.0,0.0,0.0,0.0
0.25,0.0,0.001,0.001,-0.5,100.0,1000,0,0.0,0.0,0.0,0.0
0.25,0.0,0.001,0.001,-0.5,1000.0,1000,0,0.0,0.0,0.0,0.0
0.25,0.0,0.001,0.001,-0.2,10.0,1000,0,0.0,0.0,0.0,0.0
0.25,0.0,0.001,0.001,-0.2,100.0,1000,0,0.0,0.0,0.0,0.0
0.25,0.0,0.001,0.001,-0.2,1000.0,1000,0,0.0,0.0,0.0,0.0
0.25,0.0,0.001,0.001,-0.1,10.0,1000,0,0.0,0.0,0.0,0.0
0.25,0.0,0.001,0.001,-0.1,100.0,1000,0,0.0,0.0,0.0,0.0
0.25,0.0,0.001,0.001,-0.1,1000.0,1000,0,0.0,0.0,0.0,0.0
0.25,0.0,0.001,0.001,0.0,10.0,1000,0,0.0,0.0,0.0,0.0
0.25,0.0,0.001,0.001,0.0,100.0,1000,0,0.0,0.0,0.0,0.0
0.25,0.0,0.001,0.001,0.0,1000.0,1000,0,0.0,0.0,0.0,0.0
0.25,0.0,0.001,0.001,0.1,10.0,1000,0,0.0,0.0,0.0,0.0
0.25,0.0,0.001,0.001,0.1,100.0,1000,0,0.0,0.0,0.0,0.0
0.25,0.0,0.001,0.001,0.1,1000.0,1000,0,0.0,0.0,0.0,0.0
0.25,0.0,0.001,0.001,0.2,10.0,1000,0,0.0,0.0,0.0,0.0
0.25,0.0,0.001,0.001,0.2,100.0,1000,0,0.0,0.0,0.0,0.0
0.25,0.0,0.001,0.001,0.2,1000.0,1000,0,0.0,0.0,0.0,0.0
0.25,0.0,0.001,0.001,0.5,10.0,1000,0,0.0,0.0,0.0,0.0
0.25,0.0,0.001,0.001,0.5,100.0,1000,0,0.0,0.0,0.0,0.0
0.25,0.0,0.001,0.001,0.5,1000.0,1000,0,0.0,0.0,0.0,0.0
0.25,0.0,0.001,0.001,1.0,10.0,1000,0,0.0,0.0,0.0,0.0
0.25,0.0,0.001,0.001,1.0,100.0,1000,0,0.0,0.0,0.0,0.0
0.25,0.0,0.001,0.001,1.0,1000.0,1000,0,0.0,0.0,0.0,0.0
0.25,0.0,0.001,0.1,-0.5,10.0,1000,0,0.0,0.0,0.0,0.0
0.25,0.0,0.001,0.1,-0.5,100.0,1000,0,0.0,0.0,0.0,0.0
0.25,0.0,0.001,0.1,-0.5,1000.0,1000,0,0.0,0.0,0.0,0.0
0.25,0.0,0.001,0.1,-0.2,10.0,1000,0,0.0,0.0,0.0,0.0
0.25,0.0,0.001,0.1,-0.2,100.0,1000,0,0.0,0.0,0.0,0.0
0.25,0.0,0.001,0.1,-0.2,1000.0,1000,0,0.0,0.0,0.0,0.0
0.25,0.0,0.001,0.1,-0.1,10.0,1000,0,0.0,0.0,0.0,0.0
0.25,0.0,0.001,0.1,-0.1,100.0,1000,0,0.0,0.0,0.0,0.0
0.25,0.0,0.001,0.1,-0.1,1000.0,1000,0,0.0,0.0,0.0,0.0
0.25,0.0,0.001,0.1,0.0,10.0,1000,0,0.0,0.0,0.0,0.0
0.25,0.0,0.001,0.1,0.0,100.0,1000,0,0.0,0.0,0.0,0.0
0.25,0.0,0.001,0.1,0.0,1000.0,1000,0,0.0,0.0,0.0,0.0
0.25,0.0,0.001,0.1,0.1,10.0,1000,0,0.0,0.0,0.0,0.0
0.25,0.0,0.001,0.1,0.1,100.0,1000,0,0.0,0.0,0.0,0.0
0.25,0.0,0.001,0.1,0.1,1000.0,1000,0,0.0,0.0,0.0,0.0
0.25,0.0,0.001,0.1,0.2,10.0,1000,0,0.0,0.0,0.0,0.0
0.25,0.0,0.001,0.1,0.2,100.0,1000,0,0.0,0.0,0.0,0.0
0.25,0.0,0.001,0.1,0.2,1000.0,1000,0,0.0,0.0,0.0,0.0
0.25,0.0,0.001,0.1,0.5,10.0,1000,0,0.0,0.0,0.0,0.0
0.25,0.0,0.001,0.1,0.5,100.0,1000,0,0.0,0.0,0.0,0.0
0.25,0.0,0.001,0.1,0.5,1000.0,1000,0,0.0,0.0,0.0,0.0
0.25,0.0,0.001,0.1,1.0,10.0,1000,0,0.0,0.0,0.0,0.0
0.25,0.0,0.001,0.1,1.0,100.0,1000,0,0.0,0.0,0.0,0.0
0.25,0.0,0.001,0.1,1.0,1000.0,1000,0,0.0,0.0,0.0,0.0
0.25,0.0,0.001,1.0,-0.5,10.0,1000,0,0.0,0.0,0.0,0.0
0.25,0.0,0.001,1.0,-0.5,100.0,1000,0,0.0,0.0,0.0,0.0
0.25,0.0,0.001,1.0,-0.5,1000.0,1000,0,0.0,0.0,0.0,0.0
0.25,0.0,0.001,1.0,-0.2,10.0,1000,0,0.0,0.0,0.0,0.0
0.25,0.0,0.001,1.0,-0.2,100.0,1000,0,0.0,4.84953134848713,0.0,0.3847465988448036
0.25,0.0,0.001,1.0,-0.2,1000.0,1000,0,0.0,0.0,0.0,0.0
0.25,0.0,0.001,1.0,-0.1,10.0,1000,0,0.0,16.799765355238254,0.0,110.06085067643356
0.25,0.0,0.001,1.0,-0.1,100.0,1000,0,0.0,6.666329647544387,0.0,5.81926944263714
0.25,0.0,0.001,1.0,-0.1,1000.0,1000,0,0.0,0.0,0.0,0.0
0.25,0.0,0.001,1.0,0.0,10.0,1000,0,0.0,21.922933647069037,0.0,152.85337660222484
0.25,0.0,0.001,1.0,0.0,100.0,1000,0,0.0,6.864097949005895,0.0,7.522493581371432
0.25,0.0,0.001,1.0,0.0,1000.0,1000,0,0.0,9.476941268597505,0.0,19.368721767483674
0.25,0.0,0.001,1.0,0.1,10.0,1000,0,0.0,15.220002747914112,0.0,84.31109585859043
0.25,0.0,0.001,1.0,0.1,100.0,1000,0,0.0,6.31339268621711,0.0,7.195976467200148
0.25,0.0,0.001,1.0,0.1,1000.0,1000,0,0.0,7.963469617081719,0.0,6.449093646956714
0.25,0.0,0.001,1.0,0.2,10.0,1000,0,0.0,14.887721881297631,0.0,69.83634216615687
0.25,0.0,0.001,1.0,0.2,100.0,1000,0,0.0,7.992369153057635,0.0,24.300063676056368
0.25,0.0,0.001,1.0,0.2,1000.0,1000,0,0.0,6.537215774370221,0.0,9.336529606427833
0.25,0.0,0.001,1.0,0.5,10.0,935,65,0.5276694575691304,15.017560253478148,0.028789688439417236,53.17951211941199
0.25,0.0,0.001,1.0,0.5,100.0,888,112,0.49917545200831065,5.536963044615937,0.032525472790174106,9.962825941254616
0.25,0.0,0.001,1.0,0.5,1000.0,956,44,0.5347778892153724,5.923548339306261,0.015056882650982035,9.179168408044394
0.25,0.0,0.001,1.0,1.0,10.0,652,348,0.6720595795453492,13.875421473097084,0.004687493706974822,47.983203599049574
0.25,0.0,0.001,1.0,1.0,100.0,585,415,0.6745805596048821,3.351460744015073,0.005136126587355368,2.7959124155970976
0.25,0.0,0.001,1.0,1.0,1000.0,787,213,0.6693934028785391,3.262972112275202,0.0052960917615523665,2.1358337099186215
0.25,1e-05,0.0003,1e-05,-0.5,10.0,1000,0,0.0,0.0,0.0,0.0
0.25,1e-05,0.0003,1e-05,-0.5,100.0,1000,0,0.0,0.0,0.0,0.0
0.25,1e-05,0.0003,1e-05,-0.5,1000.0,1000,0,0.0,0.0,0.0,0.0
0.25,1e-05,0.0003,1e-05,-0.2,10.0,1000,0,0.0,0.0,0.0,0.0
0.25,1e-05,0.0003,1e-05,-0.2,100.0,1000,0,0.0,0.0,0.0,0.0
0.25,1e-05,0.0003,1e-05,-0.2,1000.0,1000,0,0.0,0.0,0.0,0.0
0.25,1e-05,0.0003,1e-05,-0.1,10.0,1000,0,0.0,0.0,0.0,0.0
0.25,1e-05,0.0003,1e-05,-0.1,100.0,1000,0,0.0,0.0,0.0,0.0
0.25,1e-05,0.0003,1e-05,-0.1,1000.0,1000,0,0.0,0.0,0.0,0.0
0.25,1e-05,0.0003,1e-05,0.0,10.0,1000,0,0.0,0.0,0.0,0.0
0.25,1e-05,0.0003,1e-05,0.0,100.0,1000,0,0.0,0.0,0.0,0.0
0.25,1e-05,0.0003,1e-05,0.0,1000.0,1000,0,0.0,0.0,0.0,0.0
0.25,1e-05,0.0003,1e-05,0.1,10.0,1000,0,0.0,0.0,0.0,0.0
0.25,1e-05,0.0003,1e-05,0.1,100.0,1000,0,0.0,0.0,0.0,0.0
0.25,1e-05,0.0003,1e-05,0.1,1000.0,1000,0,0.0,0.0,0.0,0.0
0.25,1e-05,0.0003,1e-05,0.2,10.0,1000,0,0.0,0.0,0.0,0.0
0.25,1e-05,0.0003,1e-05,0.2,100.0,1000,0,0.0,0.0,0.0,0.0
0.25,1e-05,0.0003,1e-05,0.2,1000.0,1000,0,0.0,0.0,0.0,0.0
0.25,1e-05,0.0003,1e-05,0.5,10.0,1000,0,0.0,0.0,0.0,0.0
0.25,1e-05,0.0003,1e-05,0.5,100.0,1000,0,0.0,0.0,0.0,0.0
0.25,1e-05,0.0003,1e-05,0.5,1000.0,1000,0,0.0,0.0,0.0,0.0
0.25,1e-05,0.0003,1e-05,1.0,10.0,1000,0,0.0,0.0,0.0,0.0
0.25,1e-05,0.0003,1e-05,1.0,100.0,1000,0,0.0,0.0,0.0,0.0
0.25,1e-05,0.0003,1e-05,1.0,1000.0,1000,0,0.0,0.0,0.0,0.0
0.25,1e-05,0.0003,0.001,-0.5,10.0,1000,0,0.0,0.0,0.0,0.0
0.25,1e-05,0.0003,0.001,-0.5,100.0,1000,0,0.0,0.0,0.0,0.0
0.25,1e-05,0.0003,0.001,-0.5,1000.0,1000,0,0.0,0.0,0.0,0.0
0.25,1e-05,0.0003,0.001,-0.2,10.0,1000,0,0.0,0.0,0.0,0.0
0.25,1e-05,0.0003,0.001,-0.2,100.0,1000,0,0.0,0.0,0.0,0.0
0.25,1e-05,0.0003,0.001,-0.2,1000.0,1000,0,0.0,0.0,0.0,0.0
0.25,1e-05,0.0003,0.001,-0.1,10.0,1000,0,0.0,0.0,0.0,0.0
0.25,1e-05,0.0003,0.001,-0.1,100.0,1000,0,0.0,0.0,0.0,0.0
0.25,1e-05,0.0003,0.001,-0.1,1000.0,1000,0,0.0,0.0,0.0,0.0
0.25,1e-05,0.0003,0.001,0.0,10.0,1000,0,0.0,0.0,0.0,0.0
0.25,1e-05,0.0003,0.001,0.0,100.0,1000,0,0.0,0.0,0.0,0.0
0.25,1e-05,0.0003,0.001,0.0,1000.0,1000,0,0.0,0.0,0.0,0.0
0.25,1e-05,0.0003,0.001,0.1,10.0,1000,0,0.0,0.0,0.0,0.0
0.25,1e-05,0.0003,0.001,0.1,100.0,1000,0,0.0,0.0,0.0,0.0
0.25,1e-05,0.0003,0.001,0.1,1000.0,1000,0,0.0,0.0,0.0,0.0
0.25,1e-05,0.0003,0.001,0.2,10.0,1000,0,0.0,0.0,0.0,0.0
0.25,1e-05,0.0003,0.001,0.2,100.0,1000,0,0.0,0.0,0.0,0.0
0.25,1e-05,0.0003,0.001,0.2,1000.0,1000,0,0.0,0.0,0.0,0.0
0.25,1e-05,0.0003,0.001,0.5,10.0,1000,0,0.0,0.0,0.0,0.0
0.25,1e-05,0.0003,0.001,0.5,100.0,1000,0,0.0,0.0,0.0,0.0
0.25,1e-05,0.0003,0.001,0.5,1000.0,1000,0,0.0,0.0,0.0,0.0
0.25,1e-05,0.0003,0.001,1.0,10.0,1000,0,0.0,0.0,0.0,0.0
0.25,1e-05,0.0003,0.001,1.0,100.0,1000,0,0.0,0.0,0.0,0.0
0.25,1e-05,0.0003,0.001,1.0,1000.0,1000,0,0.0,0.0,0.0,0.0
0.25,1e-05,0.0003,0.1,-0.5,10.0,1000,0,0.0,0.0,0.0,0.0
0.25,1e-05,0.0003,0.1,-0.5,100.0,1000,0,0.0,0.0,0.0,0.0
0.25,1e-05,0.0003,0.1,-0.5,1000.0,1000,0,0.0,0.0,0.0,0.0
0.25,1e-05,0.0003,0.1,-0.2,10.0,1000,0,0.0,0.0,0.0,0.0
0.25,1e-05,0.0003,0.1,-0.2,100.0,1000,0,0.0,0.0,0.0,0.0
0.25,1e-05,0.0003,0.1,-0.2,1000.0,1000,0,0.0,0.0,0.0,0.0
0.25,1e-05,0.0003,0.1,-0.1,10.0,1000,0,0.0,0.0,0.0,0.0
0.25,1e-05,0.0003,0.1,-0.1,100.0,1000,0,0.0,0.0,0.0,0.0
0.25,1e-05,0.0003,0.1,-0.1,1000.0,1000,0,0.0,0.0,0.0,0.0
0.25,1e-05,0.0003,0.1,0.0,10.0,1000,0,0.0,0.0,0.0,0.0
0.25,1e-05,0.0003,0.1,0.0,100.0,1000,0,0.0,0.0,0.0,0.0
0.25,1e-05,0.0003,0.1,0.0,1000.0,1000,0,0.0,0.0,0.0,0.0
0.25,1e-05,0.0003,0.1,0.1,10.0,1000,0,0.0,0.0,0.0,0.0
0.25,1e-05,0.0003,0.1,0.1,100.0,1000,0,0.0,0.0,0.0,0.0
0.25,1e-05,0.0003,0.1,0.1,1000.0,1000,0,0.0,0.0,0.0,0.0
0.25,1e-05,0.0003,0.1,0.2,10.0,1000,0,0.0,0.0,0.0,0.0
0.25,1e-05,0.0003,0.1,0.2,100.0,1000,0,0.0,0.0,0.0,0.0
0.25,1e-05,0.0003,0.1,0.2,1000.0,1000,0,0.0,0.0,0.0,0.0
0.25,1e-05,0.0003,0.1,0.5,10.0,1000,0,0.0,0.0,0.0,0.0
0.25,1e-05,0.0003,0.1,0.5,100.0,1000,0,0.0,0.0,0.0,0.0
0.25,1e-05,0.0003,0.1,0.5,1000.0,1000,0,0.0,0.0,0.0,0.0
0.25,1e-05,0.0003,0.1,1.0,10.0,1000,0,0.0,0.0,0.0,0.0
0.25,1e-05,0.0003,0.1,1.0,100.0,1000,0,0.0,0.0,0.0,0.0
0.25,1e-05,0.0003,0.1,1.0,1000.0,1000,0,0.0,0.0,0.0,0.0
0.25,1e-05,0.0003,1.0,-0.5,10.0,1000,0,0.0,0.0,0.0,0.0
0.25,1e-05,0.0003,1.0,-0.5,100.0,1000,0,0.0,0.0,0.0,0.0
0.25,1e-05,0.0003,1.0,-0.5,1000.0,1000,0,0.0,0.0,0.0,0.0
0.25,1e-05,0.0003,1.0,-0.2,10.0,1000,0,0.0,0.0,0.0,0.0
0.25,1e-05,0.0003,1.0,-0.2,100.0,1000,0,0.0,0.0,0.0,0.0
0.25,1e-05,0.0003,1.0,-0.2,1000.0,1000,0,0.0,0.0,0.0,0.0
0.25,1e-05,0.0003,1.0,-0.1,10.0,1000,0,0.0,0.0,0.0,0.0
0.25,1e-05,0.0003,1.0,-0.1,100.0,1000,0,0.0,0.0,0.0,0.0
0.25,1e-05,0.0003,1.0,-0.1,1000.0,1000,0,0.0,0.0,0.0,0.0
0.25,1e-05,0.0003,1.0,0.0,10.0,1000,0,0.0,0.0,0.0,0.0
0.25,1e-05,0.0003,1.0,0.0,100.0,1000,0,0.0,0.0,0.0,0.0
0.25,1e-05,0.0003,1.0,0.0,1000.0,1000,0,0.0,0.0,0.0,0.0
0.25,1e-05,0.0003,1.0,0.1,10.0,1000,0,0.0,0.0,0.0,0.0
0.25,1e-05,0.0003,1.0,0.1,100.0,1000,0,0.0,0.0,0.0,0.0
0.25,1e-05,0.0003,1.0,0.1,1000.0,1000,0,0.0,39.143479677782224,0.0,0.0
0.25,1e-05,0.0003,1.0,0.2,10.0,1000,0,0.0,72.14382054122902,0.0,1945.5002720411612
0.25,1e-05,0.0003,1.0,0.2,100.0,1000,0,0.0,35.486406593036115,0.0,486.552177893534
0.25,1e-05,0.0003,1.0,0.2,1000.0,1000,0,0.0,37.91873173753531,0.0,1780.2075614720336
0.25,1e-05,0.0003,1.0,0.5,10.0,823,177,0.551206513344177,39.64342106776591,0.003397875274277796,145.1179883188442
0.25,1e-05,0.0003,1.0,0.5,100.0,754,246,0.549712543080916,15.24137357837127,0.003431256325993926,117.398710584482
0.25,1e-05,0.0003,1.0,0.5,1000.0,830,170,0.5493026280838567,12.14347849176374,0.0045379716344765685,85.9379394863092
0.25,1e-05,0.0003,1.0,1.0,10.0,596,404,0.6742282822205025,27.811968657466153,0.0013386357290364286,81.88840247370975
0.25,1e-05,0.0003,1.0,1.0,100.0,561,439,0.6737341119072966,7.055850438010423,0.0013746047743312347,7.054595904758849
0.25,1e-05,0.0003,1.0,1.0,1000.0,662,338,0.6733890272630703,6.109281991580661,0.0014250687239380545,34.117229168483426
0.25,1e-05,0.0001,1e-05,-0.5,10.0,1000,0,0.0,0.0,0.0,0.0
0.25,1e-05,0.0001,1e-05,-0.5,100.0,1000,0,0.0,0.0,0.0,0.0
0.25,1e-05,0.0001,1e-05,-0.5,1000.0,1000,0,0.0,0.0,0.0,0.0
0.25,1e-05,0.0001,1e-05,-0.2,10.0,1000,0,0.0,0.0,0.0,0.0
0.25,1e-05,0.0001,1e-05,-0.2,100.0,1000,0,0.0,0.0,0.0,0.0
0.25,1e-05,0.0001,1e-05,-0.2,1000.0,1000,0,0.0,0.0,0.0,0.0
0.25,1e-05,0.0001,1e-05,-0.1,10.0,1000,0,0.0,0.0,0.0,0.0
0.25,1e-05,0.0001,1e-05,-0.1,100.0,1000,0,0.0,0.0,0.0,0.0
0.25,1e-05,0.0001,1e-05,-0.1,1000.0,1000,0,0.0,0.0,0.0,0.0
0.25,1e-05,0.0001,1e-05,0.0,10.0,1000,0,0.0,0.0,0.0,0.0
0.25,1e-05,0.0001,1e-05,0.0,100.0,1000,0,0.0,0.0,0.0,0.0
0.25,1e-05,0.0001,1e-05,0.0,1000.0,1000,0,0.0,0.0,0.0,0.0
0.25,1e-05,0.0001,1e-05,0.1,10.0,1000,0,0.0,0.0,0.0,0.0
0.25,1e-05,0.0001,1e-05,0.1,100.0,1000,0,0.0,0.0,0.0,0.0
0.25,1e-05,0.0001,1e-05,0.1,1000.0,1000,0,0.0,0.0,0.0,0.0
0.25,1e-05,0.0001,1e-05,0.2,10.0,1000,0,0.0,0.0,0.0,0.0
0.25,1e-05,0.0001,1e-05,0.2,100.0,1000,0,0.0,0.0,0.0,0.0
0.25,1e-05,0.0001,1e-05,0.2,1000.0,1000,0,0.0,0.0,0.0,0.0
0.25,1e-05,0.0001,1e-05,0.5,10.0,1000,0,0.0,0.0,0.0,0.0
0.25,1e-05,0.0001,1e-05,0.5,100.0,1000,0,0.0,0.0,0.0,0.0
0.25,1e-05,0.0001,1e-05,0.5,1000.0,1000,0,0.0,0.0,0.0,0.0
0.25,1e-05,0.0001,1e-05,1.0,10.0,1000,0,0.0,0.0,0.0,0.0
0.25,1e-05,0.0001,1e-05,1.0,100.0,1000,0,0.0,0.0,0.0,0.0
0.25,1e-05,0.0001,1e-05,1.0,1000.0,1000,0,0.0,0.0,0.0,0.0
0.25,1e-05,0.0001,0.001,-0.5,10.0,1000,0,0.0,0.0,0.0,0.0
0.25,1e-05,0.0001,0.001,-0.5,100.0,1000,0,0.0,0.0,0.0,0.0
0.25,1e-05,0.0001,0.001,-0.5,1000.0,1000,0,0.0,0.0,0.0,0.0
0.25,1e-05,0.0001,0.001,-0.2,10.0,1000,0,0.0,0.0,0.0,0.0
0.25,1e-05,0.0001,0.001,-0.2,100.0,1000,0,0.0,0.0,0.0,0.0
0.25,1e-05,0.0001,0.001,-0.2,1000.0,1000,0,0.0,0.0,0.0,0.0
0.25,1e-05,0.0001,0.001,-0.1,10.0,1000,0,0.0,0.0,0.0,0.0
0.25,1e-05,0.0001,0.001,-0.1,100.0,1000,0,0.0,0.0,0.0,0.0
0.25,1e-05,0.0001,0.001,-0.1,1000.0,1000,0,0.0,0.0,0.0,0.0
0.25,1e-05,0.0001,0.001,0.0,10.0,1000,0,0.0,0.0,0.0,0.0
0.25,1e-05,0.0001,0.001,0.0,100.0,1000,0,0.0,0.0,0.0,0.0
0.25,1e-05,0.0001,0.001,0.0,1000.0,1000,0,0.0,0.0,0.0,0.0
0.25,1e-05,0.0001,0.001,0.1,10.0,1000,0,0.0,0.0,0.0,0.0
0.25,1e-05,0.0001,0.001,0.1,100.0,1000,0,0.0,0.0,0.0,0.0
0.25,1e-05,0.0001,0.001,0.1,1000.0,1000,0,0.0,0.0,0.0,0.0
0.25,1e-05,0.0001,0.001,0.2,10.0,1000,0,0.0,0.0,0.0,0.0
0.25,1e-05,0.0001,0.001,0.2,100.0,1000,0,0.0,0.0,0.0,0.0
0.25,1e-05,0.0001,0.001,0.2,1000.0,1000,0,0.0,0.0,0.0,0.0
0.25,1e-05,0.0001,0.001,0.5,10.0,1000,0,0.0,0.0,0.0,0.0
0.25,1e-05,0.0001,0.001,0.5,100.0,1000,0,0.0,0.0,0.0,0.0
0.25,1e-05,0.0001,0.001,0.5,1000.0,1000,0,0.0,0.0,0.0,0.0
0.25,1e-05,0.0001,0.001,1.0,10.0,1000,0,0.0,0.0,0.0,0.0
0.25,1e-05,0.0001,0.001,1.0,100.0,1000,0,0.0,0.0,0.0,0.0
0.25,1e-05,0.0001,0.001,1.0,1000.0,1000,0,0.0,0.0,0.0,0.0
0.25,1e-05,0.0001,0.1,-0.5,10.0,1000,0,0.0,0.0,0.0,0.0
0.25,1e-05,0.0001,0.1,-0.5,100.0,1000,0,0.0,0.0,0.0,0.0
0.25,1e-05,0.0001,0.1,-0.5,1000.0,1000,0,0.0,0.0,0.0,0.0
0.25,1e-05,0.0001,0.1,-0.2,10.0,1000,0,0.0,0.0,0.0,0.0
0.25,1e-05,0.0001,0.1,-0.2,100.0,1000,0,0.0,0.0,0.0,0.0
0.25,1e-05,0.0001,0.1,-0.2,1000.0,1000,0,0.0,0.0,0.0,0.0
0.25,1e-05,0.0001,0.1,-0.1,10.0,1000,0,0.0,0.0,0.0,0.0
0.25,1e-05,0.0001,0.1,-0.1,100.0,1000,0,0.0,0.0,0.0,0.0
0.25,1e-05,0.0001,0.1,-0.1,1000.0,1000,0,0.0,0.0,0.0,0.0
0.25,1e-05,0.0001,0.1,0.0,10.0,1000,0,0.0,0.0,0.0,0.0
0.25,1e-05,0.0001,0.1,0.0,100.0,1000,0,0.0,0.0,0.0,0.0
0.25,1e-05,0.0001,0.1,0.0,1000.0,1000,0,0.0,0.0,0.0,0.0
0.25,1e-05,0.0001,0.1,0.1,10.0,1000,0,0.0,0.0,0.0,0.0
0.25,1e-05,0.0001,0.1,0.1,100.0,1000,0,0.0,0.0,0.0,0.0
0.25,1e-05,0.0001,0.1,0.1,1000.0,1000,0,0.0,0.0,0.0,0.0
0.25,1e-05,0.0001,0.1,0.2,10.0,1000,0,0.0,0.0,0.0,0.0
0.25,1e-05,0.0001,0.1,0.2,100.0,1000,0,0.0,0.0,0.0,0.0
0.25,1e-05,0.0001,0.1,0.2,1000.0,1000,0,0.0,0.0,0.0,0.0
0.25,1e-05,0.0001,0.1,0.5,10.0,1000,0,0.0,0.0,0.0,0.0
0.25,1e-05,0.0001,0.1,0.5,100.0,1000,0,0.0,0.0,0.0,0.0
0.25,1e-05,0.0001,0.1,0.5,1000.0,1000,0,0.0,0.0,0.0,0.0
0.25,1e-05,0.0001,0.1,1.0,10.0,1000,0,0.0,0.0,0.0,0.0
0.25,1e-05,0.0001,0.1,1.0,100.0,1000,0,0.0,0.0,0.0,0.0
0.25,1e-05,0.0001,0.1,1.0,1000.0,1000,0,0.0,0.0,0.0,0.0
0.25,1e-05,0.0001,1.0,-0.5,10.0,1000,0,0.0,0.0,0.0,0.0
0.25,1e-05,0.0001,1.0,-0.5,100.0,1000,0,0.0,0.0,0.0,0.0
0.25,1e-05,0.0001,1.0,-0.5,1000.0,1000,0,0.0,0.0,0.0,0.0
0.25,1e-05,0.0001,1.0,-0.2,10.0,1000,0,0.0,0.0,0.0,0.0
0.25,1e-05,0.0001,1.0,-0.2,100.0,1000,0,0.0,0.0,0.0,0.0
0.25,1e-05,0.0001,1.0,-0.2,1000.0,1000,0,0.0,0.0,0.0,0.0
0.25,1e-05,0.0001,1.0,-0.1,10.0,1000,0,0.0,0.0,0.0,0.0
0.25,1e-05,0.0001,1.0,-0.1,100.0,1000,0,0.0,0.0,0.0,0.0
0.25,1e-05,0.0001,1.0,-0.1,1000.0,1000,0,0.0,0.0,0.0,0.0
0.25,1e-05,0.0001,1.0,0.0,10.0,1000,0,0.0,0.0,0.0,0.0
0.25,1e-05,0.0001,1.0,0.0,100.0,1000,0,0.0,0.0,0.0,0.0
0.25,1e-05,0.0001,1.0,0.0,1000.0,1000,0,0.0,0.0,0.0,0.0
0.25,1e-05,0.0001,1.0,0.1,10.0,1000,0,0.0,0.0,0.0,0.0
0.25,1e-05,0.0001,1.0,0.1,100.0,1000,0,0.0,0.0,0.0,0.0
0.25,1e-05,0.0001,1.0,0.1,1000.0,1000,0,0.0,0.0,0.0,0.0
0.25,1e-05,0.0001,1.0,0.2,10.0,995,5,0.2450041446799481,287.0202975156798,0.01648408624560409,24333.033942724713
0.25,1e-05,0.0001,1.0,0.2,100.0,992,8,0.19651291193175843,170.8508152337693,0.03587546279515687,7327.552375250947
0.25,1e-05,0.0001,1.0,0.2,1000.0,990,10,0.19753425635379887,196.93166619852124,0.03015628350641114,16354.138711301106
0.25,1e-05,0.0001,1.0,0.5,10.0,829,171,0.5566399090216738,54.587305114356,0.001075666020365866,91.15280997517911
0.25,1e-05,0.0001,1.0,0.5,100.0,760,240,0.5583244111409637,32.15002270235794,0.000954885300402645,233.07660890882659
0.25,1e-05,0.0001,1.0,0.5,1000.0,759,241,0.5558404914995585,18.000172258045,0.001043030528529947,179.01968945580066
0.25,1e-05,0.0001,1.0,1.0,10.0,596,404,0.6760868412979212,40.1340219197225,0.0005067486783612847,62.76785650834533
0.25,1e-05,0.0001,1.0,1.0,100.0,543,457,0.6761302213755771,17.74226004086552,0.00039951496176995015,58.162375248021604
0.25,1e-05,0.0001,1.0,1.0,1000.0,531,469,0.6775961724555523,9.416037186320555,0.0004667339887932143,218.6526490011675
0.25,1e-05,0.003,1e-05,-0.5,10.0,1000,0,0.0,0.0,0.0,0.0
0.25,1e-05,0.003,1e-05,-0.5,100.0,1000,0,0.0,0.0,0.0,0.0
0.25,1e-05,0.003,1e-05,-0.5,1000.0,1000,0,0.0,0.0,0.0,0.0
0.25,1e-05,0.003,1e-05,-0.2,10.0,1000,0,0.0,0.0,0.0,0.0
0.25,1e-05,0.003,1e-05,-0.2,100.0,1000,0,0.0,0.0,0.0,0.0
0.25,1e-05,0.003,1e-05,-0.2,1000.0,1000,0,0.0,0.0,0.0,0.0
0.25,1e-05,0.003,1e-05,-0.1,10.0,1000,0,0.0,0.0,0.0,0.0
0.25,1e-05,0.003,1e-05,-0.1,100.0,1000,0,0.0,0.0,0.0,0.0
0.25,1e-05,0.003,1e-05,-0.1,1000.0,1000,0,0.0,0.0,0.0,0.0
0.25,1e-05,0.003,1e-05,0.0,10.0,1000,0,0.0,0.0,0.0,0.0
0.25,1e-05,0.003,1e-05,0.0,100.0,1000,0,0.0,0.0,0.0,0.0
0.25,1e-05,0.003,1e-05,0.0,1000.0,1000,0,0.0,0.0,0.0,0.0
0.25,1e-05,0.003,1e-05,0.1,10.0,1000,0,0.0,0.0,0.0,0.0
0.25,1e-05,0.003,1e-05,0.1,100.0,1000,0,0.0,0.0,0.0,0.0
0.25,1e-05,0.003,1e-05,0.1,1000.0,1000,0,0.0,0.0,0.0,0.0
0.25,1e-05,0.003,1e-05,0.2,10.0,1000,0,0.0,0.0,0.0,0.0
0.25,1e-05,0.003,1e-05,0.2,100.0,1000,0,0.0,0.0,0.0,0.0
0.25,1e-05,0.003,1e-05,0.2,1000.0,1000,0,0.0,0.0,0.0,0.0
0.25,1e-05,0.003,1e-05,0.5,10.0,1000,0,0.0,0.0,0.0,0.0
0.25,1e-05,0.003,1e-05,0.5,100.0,1000,0,0.0,0.0,0.0,0.0
0.25,1e-05,0.003,1e-05,0.5,1000.0,1000,0,0.0,0.0,0.0,0.0
0.25,1e-05,0.003,1e-05,1.0,10.0,1000,0,0.0,0.0,0.0,0.0
0.25,1e-05,0.003,1e-05,1.0,100.0,1000,0,0.0,0.0,0.0,0.0
0.25,1e-05,0.003,1e-05,1.0,1000.0,1000,0,0.0,0.0,0.0,0.0
0.25,1e-05,0.003,0.001,-0.5,10.0,1000,0,0.0,0.0,0.0,0.0
0.25,1e-05,0.003,0.001,-0.5,100.0,1000,0,0.0,0.0,0.0,0.0
0.25,1e-05,0.003,0.001,-0.5,1000.0,1000,0,0.0,0.0,0.0,0.0
0.25,1e-05,0.003,0.001,-0.2,10.0,1000,0,0.0,0.0,0.0,0.0
0.25,1e-05,0.003,0.001,-0.2,100.0,1000,0,0.0,0.0,0.0,0.0
0.25,1e-05,0.003,0.001,-0.2,1000.0,1000,0,0.0,0.0,0.0,0.0
0.25,1e-05,0.003,0.001,-0.1,10.0,1000,0,0.0,0.0,0.0,0.0
0.25,1e-05,0.003,0.001,-0.1,100.0,1000,0,0.0,0.0,0.0,0.0
0.25,1e-05,0.003,0.001,-0.1,1000.0,1000,0,0.0,0.0,0.0,0.0
0.25,1e-05,0.003,0.001,0.0,10.0,1000,0,0.0,0.0,0.0,0.0
0.25,1e-05,0.003,0.001,0.0,100.0,1000,0,0.0,0.0,0.0,0.0
0.25,1e-05,0.003,0.001,0.0,1000.0,1000,0,0.0,0.0,0.0,0.0
0.25,1e-05,0.003,0.001,0.1,10.0,1000,0,0.0,0.0,0.0,0.0
0.25,1e-05,0.003,0.001,0.1,100.0,1000,0,0.0,0.0,0.0,0.0
0.25,1e-05,0.003,0.001,0.1,1000.0,1000,0,0.0,0.0,0.0,0.0
0.25,1e-05,0.003,0.001,0.2,10.0,1000,0,0.0,0.0,0.0,0.0
0.25,1e-05,0.003,0.001,0.2,100.0,1000,0,0.0,0.0,0.0,0.0
0.25,1e-05,0.003,0.001,0.2,1000.0,1000,0,0.0,0.0,0.0,0.0
0.25,1e-05,0.003,0.001,0.5,10.0,1000,0,0.0,0.0,0.0,0.0
0.25,1e-05,0.003,0.001,0.5,100.0,1000,0,0.0,0.0,0.0,0.0
0.25,1e-05,0.003,0.001,0.5,1000.0,1000,0,0.0,0.0,0.0,0.0
0.25,1e-05,0.003,0.001,1.0,10.0,1000,0,0.0,0.0,0.0,0.0
0.25,1e-05,0.003,0.001,1.0,100.0,1000,0,0.0,0.0,0.0,0.0
0.25,1e-05,0.003,0.001,1.0,1000.0,1000,0,0.0,0.0,0.0,0.0
0.25,1e-05,0.003,0.1,-0.5,10.0,1000,0,0.0,0.0,0.0,0.0
0.25,1e-05,0.003,0.1,-0.5,100.0,1000,0,0.0,0.0,0.0,0.0
0.25,1e-05,0.003,0.1,-0.5,1000.0,1000,0,0.0,0.0,0.0,0.0
0.25,1e-05,0.003,0.1,-0.2,10.0,1000,0,0.0,13.083978492860362,0.0,106.04830076498057
0.25,1e-05,0.003,0.1,-0.2,100.0,1000,0,0.0,0.0,0.0,0.0
0.25,1e-05,0.003,0.1,-0.2,1000.0,1000,0,0.0,0.0,0.0,0.0
0.25,1e-05,0.003,0.1,-0.1,10.0,1000,0,0.0,14.143026538204602,0.0,4.296695633242761
0.25,1e-05,0.003,0.1,-0.1,100.0,1000,0,0.0,5.5779205431975685,0.0,0.7603726344016256
0.25,1e-05,0.003,0.1,-0.1,1000.0,1000,0,0.0,0.0,0.0,0.0
0.25,1e-05,0.003,0.1,0.0,10.0,1000,0,0.0,10.797075863668171,0.0,46.79344991919396
0.25,1e-05,0.003,0.1,0.0,100.0,1000,0,0.0,0.0,0.0,0.0
0.25,1e-05,0.003,0.1,0.0,1000.0,1000,0,0.0,11.437252344929643,0.0,0.0
0.25,1e-05,0.003,0.1,0.1,10.0,1000,0,0.0,0.0,0.0,0.0
0.25,1e-05,0.003,0.1,0.1,100.0,1000,0,0.0,12.30512957452081,0.0,121.84243990542518
0.25,1e-05,0.003,0.1,0.1,1000.0,1000,0,0.0,0.0,0.0,0.0
0.25,1e-05,0.003,0.1,0.2,10.0,1000,0,0.0,15.616306420314839,0.0,216.45460322809626
0.25,1e-05,0.003,0.1,0.2,100.0,1000,0,0.0,11.295119924016259,0.0,0.0
0.25,1e-05,0.003,0.1,0.2,1000.0,1000,0,0.0,22.59953201410718,0.0,0.0
0.25,1e-05,0.003,0.1,0.5,10.0,1000,0,0.0,22.596170823014123,0.0,328.1273506198625
0.25,1e-05,0.003,0.1,0.5,100.0,1000,0,0.0,11.146416594218392,0.0,53.01388106977363
0.25,1e-05,0.003,0.1,0.5,1000.0,1000,0,0.0,9.913686188442513,0.0,0.0
0.25,1e-05,0.003,0.1,1.0,10.0,1000,0,0.0,14.530493460544005,0.0,106.7367099649865
0.25,1e-05,0.003,0.1,1.0,100.0,1000,0,0.0,10.41055451704165,0.0,78.24407520377703
0.25,1e-05,0.003,0.1,1.0,1000.0,1000,0,0.0,11.053389481987981,0.0,3.2045334211028313
0.25,1e-05,0.003,1.0,-0.5,10.0,1000,0,0.0,3.5620107708468,0.0,4.913068216812666
0.25,1e-05,0.003,1.0,-0.5,100.0,1000,0,0.0,1.8272367909088023,0.0,0.38823676968601945
0.25,1e-05,0.003,1.0,-0.5,1000.0,1000,0,0.0,0.9418440255961309,0.0,0.0
0.25,1e-05,0.003,1.0,-0.2,10.0,1000,0,0.0,3.3277725517545376,0.0,7.1043955384521125
0.25,1e-05,0.003,1.0,-0.2,100.0,1000,0,0.0,2.0130565921545758,0.0,1.6804914323696163
0.25,1e-05,0.003,1.0,-0.2,1000.0,1000,0,0.0,6.665587704865571,0.0,0.2801141810912279
0.25,1e-05,0.003,1.0,-0.1,10.0,1000,0,0.0,3.1456034056477096,0.0,4.970052599419499
0.25,1e-05,0.003,1.0,-0.1,100.0,1000,0,0.0,2.517413351092459,0.0,3.1772647681546657
0.25,1e-05,0.003,1.0,-0.1,1000.0,1000,0,0.0,2.409876609955626,0.0,2.4006696338407916
0.25,1e-05,0.003,1.0,0.0,10.0,1000,0,0.0,3.3109378194598227,0.0,6.4048905022118054
0.25,1e-05,0.003,1.0,0.0,100.0,1000,0,0.0,2.7123214568171545,0.0,5.394773997016105
0.25,1e-05,0.003,1.0,0.0,1000.0,1000,0,0.0,1.7211297389717815,0.0,0.9173578370625948
0.25,1e-05,0.003,1.0,0.1,10.0,1000,0,0.0,3.4607461486526,0.0,7.694013958891291
0.25,1e-05,0.003,1.0,0.1,100.0,1000,0,0.0,2.27568540084895,0.0,7.094385743568772
0.25,1e-05,0.003,1.0,0.1,1000.0,1000,0,0.0,1.7053758656098115,0.0,0.9467457522384477
0.25,1e-05,0.003,1.0,0.2,10.0,1000,0,0.0,3.2641305083737424,0.0,6.343078917781293
0.25,1e-05,0.003,1.0,0.2,100.0,1000,0,0.0,2.6230105412137847,0.0,15.209118945672598
0.25,1e-05,0.003,1.0,0.2,1000.0,1000,0,0.0,2.6684636685927563,0.0,19.665344545755577
0.25,1e-05,0.003,1.0,0.5,10.0,1000,0,0.0,3.0088396811134075,0.0,4.715104574143322
0.25,1e-05,0.003,1.0,0.5,100.0,1000,0,0.0,2.16051956921474,0.0,3.2118994909395946
0.25,1e-05,0.003,1.0,0.5,1000.0,1000,0,0.0,1.7589628627089626,0.0,1.3964978090360107
0.25,1e-05,0.003,1.0,1.0,10.0,864,136,0.6404483284101495,2.6621875833254256,0.033927356510510286,4.630740315534648
0.25,1e-05,0.003,1.0,1.0,100.0,866,134,0.6287738973303343,1.6111274489280567,0.031684472989104484,3.5349424958902422
0.25,1e-05,0.003,1.0,1.0,1000.0,957,43,0.6627022351537137,2.074312480662765,0.023284067596838185,12.374930919188538
0.25,1e-05,0.001,1e-05,-0.5,10.0,1000,0,0.0,0.0,0.0,0.0
0.25,1e-05,0.001,1e-05,-0.5,100.0,1000,0,0.0,0.0,0.0,0.0
0.25,1e-05,0.001,1e-05,-0.5,1000.0,1000,0,0.0,0.0,0.0,0.0
0.25,1e-05,0.001,1e-05,-0.2,10.0,1000,0,0.0,0.0,0.0,0.0
0.25,1e-05,0.001,1e-05,-0.2,100.0,1000,0,0.0,0.0,0.0,0.0
0.25,1e-05,0.001,1e-05,-0.2,1000.0,1000,0,0.0,0.0,0.0,0.0
0.25,1e-05,0.001,1e-05,-0.1,10.0,1000,0,0.0,0.0,0.0,0.0
0.25,1e-05,0.001,1e-05,-0.1,100.0,1000,0,0.0,0.0,0.0,0.0
0.25,1e-05,0.001,1e-05,-0.1,1000.0,1000,0,0.0,0.0,0.0,0.0
0.25,1e-05,0.001,1e-05,0.0,10.0,1000,0,0.0,0.0,0.0,0.0
0.25,1e-05,0.001,1e-05,0.0,100.0,1000,0,0.0,0.0,0.0,0.0
0.25,1e-05,0.001,1e-05,0.0,1000.0,1000,0,0.0,0.0,0.0,0.0
0.25,1e-05,0.001,1e-05,0.1,10.0,1000,0,0.0,0.0,0.0,0.0
0.25,1e-05,0.001,1e-05,0.1,100.0,1000,0,0.0,0.0,0.0,0.0
0.25,1e-05,0.001,1e-05,0.1,1000.0,1000,0,0.0,0.0,0.0,0.0
0.25,1e-05,0.001,1e-05,0.2,10.0,1000,0,0.0,0.0,0.0,0.0
0.25,1e-05,0.001,1e-05,0.2,100.0,1000,0,0.0,0.0,0.0,0.0
0.25,1e-05,0.001,1e-05,0.2,1000.0,1000,0,0.0,0.0,0.0,0.0
0.25,1e-05,0.001,1e-05,0.5,10.0,1000,0,0.0,0.0,0.0,0.0
0.25,1e-05,0.001,1e-05,0.5,100.0,1000,0,0.0,0.0,0.0,0.0
0.25,1e-05,0.001,1e-05,0.5,1000.0,1000,0,0.0,0.0,0.0,0.0
0.25,1e-05,0.001,1e-05,1.0,10.0,1000,0,0.0,0.0,0.0,0.0
0.25,1e-05,0.001,1e-05,1.0,100.0,1000,0,0.0,0.0,0.0,0.0
0.25,1e-05,0.001,1e-05,1.0,1000.0,1000,0,0.0,0.0,0.0,0.0
0.25,1e-05,0.001,0.001,-0.5,10.0,1000,0,0.0,0.0,0.0,0.0
0.25,1e-05,0.001,0.001,-0.5,100.0,1000,0,0.0,0.0,0.0,0.0
0.25,1e-05,0.001,0.001,-0.5,1000.0,1000,0,0.0,0.0,0.0,0.0
0.25,1e-05,0.001,0.001,-0.2,10.0,1000,0,0.0,0.0,0.0,0.0
0.25,1e-05,0.001,0.001,-0.2,100.0,1000,0,0.0,0.0,0.0,0.0
0.25,1e-05,0.001,0.001,-0.2,1000.0,1000,0,0.0,0.0,0.0,0.0
0.25,1e-05,0.001,0.001,-0.1,10.0,1000,0,0.0,0.0,0.0,0.0
0.25,1e-05,0.001,0.001,-0.1,100.0,1000,0,0.0,0.0,0.0,0.0
0.25,1e-05,0.001,0.001,-0.1,1000.0,1000,0,0.0,0.0,0.0,0.0
0.25,1e-05,0.001,0.001,0.0,10.0,1000,0,0.0,0.0,0.0,0.0
0.25,1e-05,0.001,0.001,0.0,100.0,1000,0,0.0,0.0,0.0,0.0
0.25,1e-05,0.001,0.001,0.0,1000.0,1000,0,0.0,0.0,0.0,0.0
0.25,1e-05,0.001,0.001,0.1,10.0,1000,0,0.0,0.0,0.0,0.0
0.25,1e-05,0.001,0.001,0.1,100.0,1000,0,0.0,0.0,0.0,0.0
0.25,1e-05,0.001,0.001,0.1,1000.0,1000,0,0.0,0.0,0.0,0.0
0.25,1e-05,0.001,0.001,0.2,10.0,1000,0,0.0,0.0,0.0,0.0
0.25,1e-05,0.001,0.001,0.2,100.0,1000,0,0.0,0.0,0.0,0.0
0.25,1e-05,0.001,0.001,0.2,1000.0,1000,0,0.0,0.0,0.0,0.0
0.25,1e-05,0.001,0.001,0.5,10.0,1000,0,0.0,0.0,0.0,0.0
0.25,1e-05,0.001,0.001,0.5,100.0,1000,0,0.0,0.0,0.0,0.0
0.25,1e-05,0.001,0.001,0.5,1000.0,1000,0,0.0,0.0,0.0,0.0
0.25,1e-05,0.001,0.001,1.0,10.0,1000,0,0.0,0.0,0.0,0.0
0.25,1e-05,0.001,0.001,1.0,100.0,1000,0,0.0,0.0,0.0,0.0
0.25,1e-05,0.001,0.001,1.0,1000.0,1000,0,0.0,0.0,0.0,0.0
0.25,1e-05,0.001,0.1,-0.5,10.0,1000,0,0.0,0.0,0.0,0.0
0.25,1e-05,0.001,0.1,-0.5,100.0,1000,0,0.0,0.0,0.0,0.0
0.25,1e-05,0.001,0.1,-0.5,1000.0,1000,0,0.0,0.0,0.0,0.0
0.25,1e-05,0.001,0.1,-0.2,10.0,1000,0,0.0,0.0,0.0,0.0
0.25,1e-05,0.001,0.1,-0.2,100.0,1000,0,0.0,0.0,0.0,0.0
0.25,1e-05,0.001,0.1,-0.2,1000.0,1000,0,0.0,0.0,0.0,0.0
0.25,1e-05,0.001,0.1,-0.1,10.0,1000,0,0.0,0.0,0.0,0.0
0.25,1e-05,0.001,0.1,-0.1,100.0,1000,0,0.0,0.0,0.0,0.0
0.25,1e-05,0.001,0.1,-0.1,1000.0,1000,0,0.0,0.0,0.0,0.0
0.25,1e-05,0.001,0.1,0.0,10.0,1000,0,0.0,0.0,0.0,0.0
0.25,1e-05,0.001,0.1,0.0,100.0,1000,0,0.0,0.0,0.0,0.0
0.25,1e-05,0.001,0.1,0.0,1000.0,1000,0,0.0,0.0,0.0,0.0
0.25,1e-05,0.001,0.1,0.1,10.0,1000,0,0.0,0.0,0.0,0.0
0.25,1e-05,0.001,0.1,0.1,100.0,1000,0,0.0,0.0,0.0,0.0
0.25,1e-05,0.001,0.1,0.1,1000.0,1000,0,0.0,0.0,0.0,0.0
0.25,1e-05,0.001,0.1,0.2,10.0,1000,0,0.0,0.0,0.0,0.0
0.25,1e-05,0.001,0.1,0.2,100.0,1000,0,0.0,0.0,0.0,0.0
0.25,1e-05,0.001,0.1,0.2,1000.0,1000,0,0.0,0.0,0.0,0.0
0.25,1e-05,0.001,0.1,0.5,10.0,1000,0,0.0,0.0,0.0,0.0
0.25,1e-05,0.001,0.1,0.5,100.0,1000,0,0.0,0.0,0.0,0.0
0.25,1e-05,0.001,0.1,0.5,1000.0,1000,0,0.0,0.0,0.0,0.0
0.25,1e-05,0.001,0.1,1.0,10.0,1000,0,0.0,0.0,0.0,0.0
0.25,1e-05,0.001,0.1,1.0,100.0,1000,0,0.0,0.0,0.0,0.0
0.25,1e-05,0.001,0.1,1.0,1000.0,1000,0,0.0,0.0,0.0,0.0
0.25,1e-05,0.001,1.0,-0.5,10.0,1000,0,0.0,0.0,0.0,0.0
0.25,1e-05,0.001,1.0,-0.5,100.0,1000,0,0.0,0.0,0.0,0.0
0.25,1e-05,0.001,1.0,-0.5,1000.0,1000,0,0.0,0.0,0.0,0.0
0.25,1e-05,0.001,1.0,-0.2,10.0,1000,0,0.0,15.445601578143462,0.0,0.0
0.25,1e-05,0.001,1.0,-0.2,100.0,1000,0,0.0,5.702803347401058,0.0,0.0
0.25,1e-05,0.001,1.0,-0.2,1000.0,1000,0,0.0,0.0,0.0,0.0
0.25,1e-05,0.001,1.0,-0.1,10.0,1000,0,0.0,0.0,0.0,0.0
0.25,1e-05,0.001,1.0,-0.1,100.0,1000,0,0.0,6.50282361747404,0.0,9.718746477181496
0.25,1e-05,0.001,1.0,-0.1,1000.0,1000,0,0.0,4.227402203630853,0.0,0.0
0.25,1e-05,0.001,1.0,0.0,10.0,1000,0,0.0,16.359166021483905,0.0,105.08180888340867
0.25,1e-05,0.001,1.0,0.0,100.0,1000,0,0.0,6.971105992887279,0.0,14.159073503510903
0.25,1e-05,0.001,1.0,0.0,1000.0,1000,0,0.0,6.143823244890674,0.0,0.42552884576918537
0.25,1e-05,0.001,1.0,0.1,10.0,1000,0,0.0,16.927641328799826,0.0,90.28418518607631
0.25,1e-05,0.001,1.0,0.1,100.0,1000,0,0.0,7.564764992895971,0.0,28.43750086845939
0.25,1e-05,0.001,1.0,0.1,1000.0,1000,0,0.0,8.75966142394358,0.0,31.42759790355652
0.25,1e-05,0.001,1.0,0.2,10.0,1000,0,0.0,15.398437797573607,0.0,160.35819120904713
0.25,1e-05,0.001,1.0,0.2,100.0,1000,0,0.0,7.7613654843492705,0.0,17.829320418298266
0.25,1e-05,0.001,1.0,0.2,1000.0,1000,0,0.0,14.24899578356677,0.0,295.56441318505523
0.25,1e-05,0.001,1.0,0.5,10.0,912,88,0.5194139455318709,16.36734340147055,0.028677881523594607,92.61276114588708
0.25,1e-05,0.001,1.0,0.5,100.0,889,111,0.4925661291623731,5.646727747541795,0.039198015223425024,9.654354529895345
0.25,1e-05,0.001,1.0,0.5,1000.0,949,51,0.5287105738428695,6.3563995704375245,0.01534118960353315,12.280671388133376
0.25,1e-05,0.001,1.0,1.0,10.0,615,385,0.6811077111936782,13.199190557435866,0.004504572548788021,71.04020502999774
0.25,1e-05,0.001,1.0,1.0,100.0,595,405,0.6733533882812629,3.6437943228251077,0.005121436675658389,11.33019908014137
0.25,1e-05,0.001,1.0,1.0,1000.0,787,213,0.6710921664522242,4.006480702103372,0.00405952404439708,7.165570854910065
0.25,0.0001,0.0003,1e-05,-0.5,10.0,1000,0,0.0,0.0,0.0,0.0
0.25,0.0001,0.0003,1e-05,-0.5,100.0,1000,0,0.0,0.0,0.0,0.0
0.25,0.0001,0.0003,1e-05,-0.5,1000.0,1000,0,0.0,0.0,0.0,0.0
0.25,0.0001,0.0003,1e-05,-0.2,10.0,1000,0,0.0,0.0,0.0,0.0
0.25,0.0001,0.0003,1e-05,-0.2,100.0,1000,0,0.0,0.0,0.0,0.0
0.25,0.0001,0.0003,1e-05,-0.2,1000.0,1000,0,0.0,0.0,0.0,0.0
0.25,0.0001,0.0003,1e-05,-0.1,10.0,1000,0,0.0,0.0,0.0,0.0
0.25,0.0001,0.0003,1e-05,-0.1,100.0,1000,0,0.0,0.0,0.0,0.0
0.25,0.0001,0.0003,1e-05,-0.1,1000.0,1000,0,0.0,0.0,0.0,0.0
0.25,0.0001,0.0003,1e-05,0.0,10.0,1000,0,0.0,0.0,0.0,0.0
0.25,0.0001,0.0003,1e-05,0.0,100.0,1000,0,0.0,0.0,0.0,0.0
0.25,0.0001,0.0003,1e-05,0.0,1000.0,1000,0,0.0,0.0,0.0,0.0
0.25,0.0001,0.0003,1e-05,0.1,10.0,1000,0,0.0,0.0,0.0,0.0
0.25,0.0001,0.0003,1e-05,0.1,100.0,1000,0,0.0,0.0,0.0,0.0
0.25,0.0001,0.0003,1e-05,0.1,1000.0,1000,0,0.0,0.0,0.0,0.0
0.25,0.0001,0.0003,1e-05,0.2,10.0,1000,0,0.0,0.0,0.0,0.0
0.25,0.0001,0.0003,1e-05,0.2,100.0,1000,0,0.0,0.0,0.0,0.0
0.25,0.0001,0.0003,1e-05,0.2,1000.0,1000,0,0.0,0.0,0.0,0.0
0.25,0.0001,0.0003,1e-05,0.5,10.0,1000,0,0.0,0.0,0.0,0.0
0.25,0.0001,0.0003,1e-05,0.5,100.0,1000,0,0.0,0.0,0.0,0.0
0.25,0.0001,0.0003,1e-05,0.5,1000.0,1000,0,0.0,0.0,0.0,0.0
0.25,0.0001,0.0003,1e-05,1.0,10.0,1000,0,0.0,0.0,0.0,0.0
0.25,0.0001,0.0003,1e-05,1.0,100.0,1000,0,0.0,0.0,0.0,0.0
0.25,0.0001,0.0003,1e-05,1.0,1000.0,1000,0,0.0,0.0,0.0,0.0
0.25,0.0001,0.0003,0.001,-0.5,10.0,1000,0,0.0,0.0,0.0,0.0
0.25,0.0001,0.0003,0.001,-0.5,100.0,1000,0,0.0,0.0,0.0,0.0
0.25,0.0001,0.0003,0.001,-0.5,1000.0,1000,0,0.0,0.0,0.0,0.0
0.25,0.0001,0.0003,0.001,-0.2,10.0,1000,0,0.0,0.0,0.0,0.0
0.25,0.0001,0.0003,0.001,-0.2,100.0,1000,0,0.0,0.0,0.0,0.0
0.25,0.0001,0.0003,0.001,-0.2,1000.0,1000,0,0.0,0.0,0.0,0.0
0.25,0.0001,0.0003,0.001,-0.1,10.0,1000,0,0.0,0.0,0.0,0.0
0.25,0.0001,0.0003,0.001,-0.1,100.0,1000,0,0.0,0.0,0.0,0.0
0.25,0.0001,0.0003,0.001,-0.1,1000.0,1000,0,0.0,0.0,0.0,0.0
0.25,0.0001,0.0003,0.001,0.0,10.0,1000,0,0.0,0.0,0.0,0.0
0.25,0.0001,0.0003,0.001,0.0,100.0,1000,0,0.0,0.0,0.0,0.0
0.25,0.0001,0.0003,0.001,0.0,1000.0,1000,0,0.0,0.0,0.0,0.0
0.25,0.0001,0.0003,0.001,0.1,10.0,1000,0,0.0,0.0,0.0,0.0
0.25,0.0001,0.0003,0.001,0.1,100.0,1000,0,0.0,0.0,0.0,0.0
0.25,0.0001,0.0003,0.001,0.1,1000.0,1000,0,0.0,0.0,0.0,0.0
0.25,0.0001,0.0003,0.001,0.2,10.0,1000,0,0.0,0.0,0.0,0.0
0.25,0.0001,0.0003,0.001,0.2,100.0,1000,0,0.0,0.0,0.0,0.0
0.25,0.0001,0.0003,0.001,0.2,1000.0,1000,0,0.0,0.0,0.0,0.0
0.25,0.0001,0.0003,0.001,0.5,10.0,1000,0,0.0,0.0,0.0,0.0
0.25,0.0001,0.0003,0.001,0.5,100.0,1000,0,0.0,0.0,0.0,0.0
0.25,0.0001,0.0003,0.001,0.5,1000.0,1000,0,0.0,0.0,0.0,0.0
0.25,0.0001,0.0003,0.001,1.0,10.0,1000,0,0.0,0.0,0.0,0.0
0.25,0.0001,0.0003,0.001,1.0,100.0,1000,0,0.0,0.0,0.0,0.0
0.25,0.0001,0.0003,0.001,1.0,1000.0,1000,0,0.0,0.0,0.0,0.0
0.25,0.0001,0.0003,0.1,-0.5,10.0,1000,0,0.0,0.0,0.0,0.0
0.25,0.0001,0.0003,0.1,-0.5,100.0,1000,0,0.0,0.0,0.0,0.0
0.25,0.0001,0.0003,0.1,-0.5,1000.0,1000,0,0.0,0.0,0.0,0.0
0.25,0.0001,0.0003,0.1,-0.2,10.0,1000,0,0.0,0.0,0.0,0.0
0.25,0.0001,0.0003,0.1,-0.2,100.0,1000,0,0.0,0.0,0.0,0.0
0.25,0.0001,0.0003,0.1,-0.2,1000.0,1000,0,0.0,0.0,0.0,0.0
0.25,0.0001,0.0003,0.1,-0.1,10.0,1000,0,0.0,0.0,0.0,0.0
0.25,0.0001,0.0003,0.1,-0.1,100.0,1000,0,0.0,0.0,0.0,0.0
0.25,0.0001,0.0003,0.1,-0.1,1000.0,1000,0,0.0,0.0,0.0,0.0
0.25,0.0001,0.0003,0.1,0.0,10.0,1000,0,0.0,0.0,0.0,0.0
0.25,0.0001,0.0003,0.1,0.0,100.0,1000,0,0.0,0.0,0.0,0.0
0.25,0.0001,0.0003,0.1,0.0,1000.0,1000,0,0.0,0.0,0.0,0.0
0.25,0.0001,0.0003,0.1,0.1,10.0,1000,0,0.0,0.0,0.0,0.0
0.25,0.0001,0.0003,0.1,0.1,100.0,1000,0,0.0,0.0,0.0,0.0
0.25,0.0001,0.0003,0.1,0.1,1000.0,1000,0,0.0,0.0,0.0,0.0
0.25,0.0001,0.0003,0.1,0.2,10.0,1000,0,0.0,0.0,0.0,0.0
0.25,0.0001,0.0003,0.1,0.2,100.0,1000,0,0.0,0.0,0.0,0.0
0.25,0.0001,0.0003,0.1,0.2,1000.0,1000,0,0.0,0.0,0.0,0.0
0.25,0.0001,0.0003,0.1,0.5,10.0,1000,0,0.0,0.0,0.0,0.0
0.25,0.0001,0.0003,0.1,0.5,100.0,1000,0,0.0,0.0,0.0,0.0
0.25,0.0001,0.0003,0.1,0.5,1000.0,1000,0,0.0,0.0,0.0,0.0
0.25,0.0001,0.0003,0.1,1.0,10.0,1000,0,0.0,0.0,0.0,0.0
0.25,0.0001,0.0003,0.1,1.0,100.0,1000,0,0.0,0.0,0.0,0.0
0.25,0.0001,0.0003,0.1,1.0,1000.0,1000,0,0.0,0.0,0.0,0.0
0.25,0.0001,0.0003,1.0,-0.5,10.0,1000,0,0.0,0.0,0.0,0.0
0.25,0.0001,0.0003,1.0,-0.5,100.0,1000,0,0.0,0.0,0.0,0.0
0.25,0.0001,0.0003,1.0,-0.5,1000.0,1000,0,0.0,0.0,0.0,0.0
0.25,0.0001,0.0003,1.0,-0.2,10.0,1000,0,0.0,0.0,0.0,0.0
0.25,0.0001,0.0003,1.0,-0.2,100.0,1000,0,0.0,0.0,0.0,0.0
0.25,0.0001,0.0003,1.0,-0.2,1000.0,1000,0,0.0,0.0,0.0,0.0
0.25,0.0001,0.0003,1.0,-0.1,10.0,1000,0,0.0,0.0,0.0,0.0
0.25,0.0001,0.0003,1.0,-0.1,100.0,1000,0,0.0,0.0,0.0,0.0
0.25,0.0001,0.0003,1.0,-0.1,1000.0,1000,0,0.0,0.0,0.0,0.0
0.25,0.0001,0.0003,1.0,0.0,10.0,1000,0,0.0,0.0,0.0,0.0
0.25,0.0001,0.0003,1.0,0.0,100.0,1000,0,0.0,0.0,0.0,0.0
0.25,0.0001,0.0003,1.0,0.0,1000.0,1000,0,0.0,0.0,0.0,0.0
0.25,0.0001,0.0003,1.0,0.1,10.0,1000,0,0.0,58.28675199961196,0.0,0.0
0.25,0.0001,0.0003,1.0,0.1,100.0,1000,0,0.0,18.725222946403715,0.0,52.30566491156143
0.25,0.0001,0.0003,1.0,0.1,1000.0,1000,0,0.0,40.72126935673489,0.0,661.0921587582882
0.25,0.0001,0.0003,1.0,0.2,10.0,1000,0,0.0,68.64090366702557,0.0,685.6261556431822
0.25,0.0001,0.0003,1.0,0.2,100.0,1000,0,0.0,36.38142855269744,0.0,850.2576760388802
0.25,0.0001,0.0003,1.0,0.2,1000.0,1000,0,0.0,37.64382521984421,0.0,1047.6665351618183
0.25,0.0001,0.0003,1.0,0.5,10.0,845,155,0.5526561274770013,38.87990949845669,0.0033342536153178927,242.10254587400163
0.25,0.0001,0.0003,1.0,0.5,100.0,707,293,0.5462999529872168,19.679675205112016,0.0033028469835617164,302.4580121602235
0.25,0.0001,0.0003,1.0,0.5,1000.0,711,289,0.5551362976677418,19.468284421051838,0.0037368424130792876,464.63913808518384
0.25,0.0001,0.0003,1.0,1.0,10.0,594,406,0.6760168374510206,28.428154770208483,0.0013460551052424424,94.44477494359253
0.25,0.0001,0.0003,1.0,1.0,100.0,495,505,0.6755152325630269,10.754351344928303,0.001393057588716589,246.17210298719866
0.25,0.0001,0.0003,1.0,1.0,1000.0,469,531,0.6753274776480557,12.140772648279805,0.0015295669827321827,395.5254609554057
0.25,0.0001,0.0001,1e-05,-0.5,10.0,1000,0,0.0,0.0,0.0,0.0
0.25,0.0001,0.0001,1e-05,-0.5,100.0,1000,0,0.0,0.0,0.0,0.0
0.25,0.0001,0.0001,1e-05,-0.5,1000.0,1000,0,0.0,0.0,0.0,0.0
0.25,0.0001,0.0001,1e-05,-0.2,10.0,1000,0,0.0,0.0,0.0,0.0
0.25,0.0001,0.0001,1e-05,-0.2,100.0,1000,0,0.0,0.0,0.0,0.0
0.25,0.0001,0.0001,1e-05,-0.2,1000.0,1000,0,0.0,0.0,0.0,0.0
0.25,0.0001,0.0001,1e-05,-0.1,10.0,1000,0,0.0,0.0,0.0,0.0
0.25,0.0001,0.0001,1e-05,-0.1,100.0,1000,0,0.0,0.0,0.0,0.0
0.25,0.0001,0.0001,1e-05,-0.1,1000.0,1000,0,0.0,0.0,0.0,0.0
0.25,0.0001,0.0001,1e-05,0.0,10.0,1000,0,0.0,0.0,0.0,0.0
0.25,0.0001,0.0001,1e-05,0.0,100.0,1000,0,0.0,0.0,0.0,0.0
0.25,0.0001,0.0001,1e-05,0.0,1000.0,1000,0,0.0,0.0,0.0,0.0
0.25,0.0001,0.0001,1e-05,0.1,10.0,1000,0,0.0,0.0,0.0,0.0
0.25,0.0001,0.0001,1e-05,0.1,100.0,1000,0,0.0,0.0,0.0,0.0
0.25,0.0001,0.0001,1e-05,0.1,1000.0,1000,0,0.0,0.0,0.0,0.0
0.25,0.0001,0.0001,1e-05,0.2,10.0,1000,0,0.0,0.0,0.0,0.0
0.25,0.0001,0.0001,1e-05,0.2,100.0,1000,0,0.0,0.0,0.0,0.0
0.25,0.0001,0.0001,1e-05,0.2,1000.0,1000,0,0.0,0.0,0.0,0.0
0.25,0.0001,0.0001,1e-05,0.5,10.0,1000,0,0.0,0.0,0.0,0.0
0.25,0.0001,0.0001,1e-05,0.5,100.0,1000,0,0.0,0.0,0.0,0.0
0.25,0.0001,0.0001,1e-05,0.5,1000.0,1000,0,0.0,0.0,0.0,0.0
0.25,0.0001,0.0001,1e-05,1.0,10.0,1000,0,0.0,0.0,0.0,0.0
0.25,0.0001,0.0001,1e-05,1.0,100.0,1000,0,0.0,0.0,0.0,0.0
0.25,0.0001,0.0001,1e-05,1.0,1000.0,1000,0,0.0,0.0,0.0,0.0
0.25,0.0001,0.0001,0.001,-0.5,10.0,1000,0,0.0,0.0,0.0,0.0
0.25,0.0001,0.0001,0.001,-0.5,100.0,1000,0,0.0,0.0,0.0,0.0
0.25,0.0001,0.0001,0.001,-0.5,1000.0,1000,0,0.0,0.0,0.0,0.0
0.25,0.0001,0.0001,0.001,-0.2,10.0,1000,0,0.0,0.0,0.0,0.0
0.25,0.0001,0.0001,0.001,-0.2,100.0,1000,0,0.0,0.0,0.0,0.0
0.25,0.0001,0.0001,0.001,-0.2,1000.0,1000,0,0.0,0.0,0.0,0.0
0.25,0.0001,0.0001,0.001,-0.1,10.0,1000,0,0.0,0.0,0.0,0.0
0.25,0.0001,0.0001,0.001,-0.1,100.0,1000,0,0.0,0.0,0.0,0.0
0.25,0.0001,0.0001,0.001,-0.1,1000.0,1000,0,0.0,0.0,0.0,0.0
0.25,0.0001,0.0001,0.001,0.0,10.0,1000,0,0.0,0.0,0.0,0.0
0.25,0.0001,0.0001,0.001,0.0,100.0,1000,0,0.0,0.0,0.0,0.0
0.25,0.0001,0.0001,0.001,0.0,1000.0,1000,0,0.0,0.0,0.0,0.0
0.25,0.0001,0.0001,0.001,0.1,10.0,1000,0,0.0,0.0,0.0,0.0
0.25,0.0001,0.0001,0.001,0.1,100.0,1000,0,0.0,0.0,0.0,0.0
0.25,0.0001,0.0001,0.001,0.1,1000.0,1000,0,0.0,0.0,0.0,0.0
0.25,0.0001,0.0001,0.001,0.2,10.0,1000,0,0.0,0.0,0.0,0.0
0.25,0.0001,0.0001,0.001,0.2,100.0,1000,0,0.0,0.0,0.0,0.0
0.25,0.0001,0.0001,0.001,0.2,1000.0,1000,0,0.0,0.0,0.0,0.0
0.25,0.0001,0.0001,0.001,0.5,10.0,1000,0,0.0,0.0,0.0,0.0
0.25,0.0001,0.0001,0.001,0.5,100.0,1000,0,0.0,0.0,0.0,0.0
0.25,0.0001,0.0001,0.001,0.5,1000.0,1000,0,0.0,0.0,0.0,0.0
0.25,0.0001,0.0001,0.001,1.0,10.0,1000,0,0.0,0.0,0.0,0.0
0.25,0.0001,0.0001,0.001,1.0,100.0,1000,0,0.0,0.0,0.0,0.0
0.25,0.0001,0.0001,0.001,1.0,1000.0,1000,0,0.0,0.0,0.0,0.0
0.25,0.0001,0.0001,0.1,-0.5,10.0,1000,0,0.0,0.0,0.0,0.0
0.25,0.0001,0.0001,0.1,-0.5,100.0,1000,0,0.0,0.0,0.0,0.0
0.25,0.0001,0.0001,0.1,-0.5,1000.0,1000,0,0.0,0.0,0.0,0.0
0.25,0.0001,0.0001,0.1,-0.2,10.0,1000,0,0.0,0.0,0.0,0.0
0.25,0.0001,0.0001,0.1,-0.2,100.0,1000,0,0.0,0.0,0.0,0.0
0.25,0.0001,0.0001,0.1,-0.2,1000.0,1000,0,0.0,0.0,0.0,0.0
0.25,0.0001,0.0001,0.1,-0.1,10.0,1000,0,0.0,0.0,0.0,0.0
0.25,0.0001,0.0001,0.1,-0.1,100.0,1000,0,0.0,0.0,0.0,0.0
0.25,0.0001,0.0001,0.1,-0.1,1000.0,1000,0,0.0,0.0,0.0,0.0
0.25,0.0001,0.0001,0.1,0.0,10.0,1000,0,0.0,0.0,0.0,0.0
0.25,0.0001,0.0001,0.1,0.0,100.0,1000,0,0.0,0.0,0.0,0.0
0.25,0.0001,0.0001,0.1,0.0,1000.0,1000,0,0.0,0.0,0.0,0.0
0.25,0.0001,0.0001,0.1,0.1,10.0,1000,0,0.0,0.0,0.0,0.0
0.25,0.0001,0.0001,0.1,0.1,100.0,1000,0,0.0,0.0,0.0,0.0
0.25,0.0001,0.0001,0.1,0.1,1000.0,1000,0,0.0,0.0,0.0,0.0
0.25,0.0001,0.0001,0.1,0.2,10.0,1000,0,0.0,0.0,0.0,0.0
0.25,0.0001,0.0001,0.1,0.2,100.0,1000,0,0.0,0.0,0.0,0.0
0.25,0.0001,0.0001,0.1,0.2,1000.0,1000,0,0.0,0.0,0.0,0.0
0.25,0.0001,0.0001,0.1,0.5,10.0,1000,0,0.0,0.0,0.0,0.0
0.25,0.0001,0.0001,0.1,0.5,100.0,1000,0,0.0,0.0,0.0,0.0
0.25,0.0001,0.0001,0.1,0.5,1000.0,1000,0,0.0,0.0,0.0,0.0
0.25,0.0001,0.0001,0.1,1.0,10.0,1000,0,0.0,0.0,0.0,0.0
0.25,0.0001,0.0001,0.1,1.0,100.0,1000,0,0.0,0.0,0.0,0.0
0.25,0.0001,0.0001,0.1,1.0,1000.0,1000,0,0.0,0.0,0.0,0.0
0.25,0.0001,0.0001,1.0,-0.5,10.0,1000,0,0.0,0.0,0.0,0.0
0.25,0.0001,0.0001,1.0,-0.5,100.0,1000,0,0.0,0.0,0.0,0.0
0.25,0.0001,0.0001,1.0,-0.5,1000.0,1000,0,0.0,0.0,0.0,0.0
0.25,0.0001,0.0001,1.0,-0.2,10.0,1000,0,0.0,0.0,0.0,0.0
0.25,0.0001,0.0001,1.0,-0.2,100.0,1000,0,0.0,0.0,0.0,0.0
0.25,0.0001,0.0001,1.0,-0.2,1000.0,1000,0,0.0,0.0,0.0,0.0
0.25,0.0001,0.0001,1.0,-0.1,10.0,1000,0,0.0,0.0,0.0,0.0
0.25,0.0001,0.0001,1.0,-0.1,100.0,1000,0,0.0,0.0,0.0,0.0
0.25,0.0001,0.0001,1.0,-0.1,1000.0,1000,0,0.0,0.0,0.0,0.0
0.25,0.0001,0.0001,1.0,0.0,10.0,1000,0,0.0,0.0,0.0,0.0
0.25,0.0001,0.0001,1.0,0.0,100.0,1000,0,0.0,0.0,0.0,0.0
0.25,0.0001,0.0001,1.0,0.0,1000.0,1000,0,0.0,0.0,0.0,0.0
0.25,0.0001,0.0001,1.0,0.1,10.0,1000,0,0.0,0.0,0.0,0.0
0.25,0.0001,0.0001,1.0,0.1,100.0,1000,0,0.0,0.0,0.0,0.0
0.25,0.0001,0.0001,1.0,0.1,1000.0,1000,0,0.0,0.0,0.0,0.0
0.25,0.0001,0.0001,1.0,0.2,10.0,994,6,0.12812374587633346,216.48777737630016,0.0188043437904492,12127.891284166211
0.25,0.0001,0.0001,1.0,0.2,100.0,992,8,0.18448119565482773,206.79201298322494,0.022247559042924525,12532.597958289058
0.25,0.0001,0.0001,1.0,0.2,1000.0,978,22,0.19958655737974418,204.79779077467822,0.028638502245861282,16205.899427456814
0.25,0.0001,0.0001,1.0,0.5,10.0,805,195,0.5543683744668986,56.31483756186472,0.0010625954839512321,177.69770587823683
0.25,0.0001,0.0001,1.0,0.5,100.0,699,301,0.5588783857904184,36.942606160034195,0.0010162945428405065,490.80950122797236
0.25,0.0001,0.0001,1.0,0.5,1000.0,504,496,0.5560531349691626,29.977684714504843,0.001163637154352917,955.8156871975236
0.25,0.0001,0.0001,1.0,1.0,10.0,566,434,0.6745956479455265,41.49406397248606,0.00046412953182341005,135.98381768769838
0.25,0.0001,0.0001,1.0,1.0,100.0,471,529,0.6766740963655651,22.882395767679665,0.00045813308414632966,479.8976170414746
0.25,0.0001,0.0001,1.0,1.0,1000.0,306,694,0.6753179063906078,16.04436426968345,0.0005220334541759402,483.1867203934211
0.25,0.0001,0.003,1e-05,-0.5,10.0,1000,0,0.0,0.0,0.0,0.0
0.25,0.0001,0.003,1e-05,-0.5,100.0,1000,0,0.0,0.0,0.0,0.0
0.25,0.0001,0.003,1e-05,-0.5,1000.0,1000,0,0.0,0.0,0.0,0.0
0.25,0.0001,0.003,1e-05,-0.2,10.0,1000,0,0.0,0.0,0.0,0.0
0.25,0.0001,0.003,1e-05,-0.2,100.0,1000,0,0.0,0.0,0.0,0.0
0.25,0.0001,0.003,1e-05,-0.2,1000.0,1000,0,0.0,0.0,0.0,0.0
0.25,0.0001,0.003,1e-05,-0.1,10.0,1000,0,0.0,0.0,0.0,0.0
0.25,0.0001,0.003,1e-05,-0.1,100.0,1000,0,0.0,0.0,0.0,0.0
0.25,0.0001,0.003,1e-05,-0.1,1000.0,1000,0,0.0,0.0,0.0,0.0
0.25,0.0001,0.003,1e-05,0.0,10.0,1000,0,0.0,0.0,0.0,0.0
0.25,0.0001,0.003,1e-05,0.0,100.0,1000,0,0.0,0.0,0.0,0.0
0.25,0.0001,0.003,1e-05,0.0,1000.0,1000,0,0.0,0.0,0.0,0.0
0.25,0.0001,0.003,1e-05,0.1,10.0,1000,0,0.0,0.0,0.0,0.0
0.25,0.0001,0.003,1e-05,0.1,100.0,1000,0,0.0,0.0,0.0,0.0
0.25,0.0001,0.003,1e-05,0.1,1000.0,1000,0,0.0,0.0,0.0,0.0
0.25,0.0001,0.003,1e-05,0.2,10.0,1000,0,0.0,0.0,0.0,0.0
0.25,0.0001,0.003,1e-05,0.2,100.0,1000,0,0.0,0.0,0.0,0.0
0.25,0.0001,0.003,1e-05,0.2,1000.0,1000,0,0.0,0.0,0.0,0.0
0.25,0.0001,0.003,1e-05,0.5,10.0,1000,0,0.0,0.0,0.0,0.0
0.25,0.0001,0.003,1e-05,0.5,100.0,1000,0,0.0,0.0,0.0,0.0
0.25,0.0001,0.003,1e-05,0.5,1000.0,1000,0,0.0,0.0,0.0,0.0
0.25,0.0001,0.003,1e-05,1.0,10.0,1000,0,0.0,0.0,0.0,0.0
0.25,0.0001,0.003,1e-05,1.0,100.0,1000,0,0.0,0.0,0.0,0.0
0.25,0.0001,0.003,1e-05,1.0,1000.0,1000,0,0.0,0.0,0.0,0.0
0.25,0.0001,0.003,0.001,-0.5,10.0,1000,0,0.0,0.0,0.0,0.0
0.25,0.0001,0.003,0.001,-0.5,100.0,1000,0,0.0,0.0,0.0,0.0
0.25,0.0001,0.003,0.001,-0.5,1000.0,1000,0,0.0,0.0,0.0,0.0
0.25,0.0001,0.003,0.001,-0.2,10.0,1000,0,0.0,0.0,0.0,0.0
0.25,0.0001,0.003,0.001,-0.2,100.0,1000,0,0.0,0.0,0.0,0.0
0.25,0.0001,0.003,0.001,-0.2,1000.0,1000,0,0.0,0.0,0.0,0.0
0.25,0.0001,0.003,0.001,-0.1,10.0,1000,0,0.0,0.0,0.0,0.0
0.25,0.0001,0.003,0.001,-0.1,100.0,1000,0,0.0,0.0,0.0,0.0
0.25,0.0001,0.003,0.001,-0.1,1000.0,1000,0,0.0,0.0,0.0,0.0
0.25,0.0001,0.003,0.001,0.0,10.0,1000,0,0.0,0.0,0.0,0.0
0.25,0.0001,0.003,0.001,0.0,100.0,1000,0,0.0,0.0,0.0,0.0
0.25,0.0001,0.003,0.001,0.0,1000.0,1000,0,0.0,0.0,0.0,0.0
0.25,0.0001,0.003,0.001,0.1,10.0,1000,0,0.0,0.0,0.0,0.0
0.25,0.0001,0.003,0.001,0.1,100.0,1000,0,0.0,0.0,0.0,0.0
0.25,0.0001,0.003,0.001,0.1,1000.0,1000,0,0.0,0.0,0.0,0.0
0.25,0.0001,0.003,0.001,0.2,10.0,1000,0,0.0,0.0,0.0,0.0
0.25,0.0001,0.003,0.001,0.2,100.0,1000,0,0.0,0.0,0.0,0.0
0.25,0.0001,0.003,0.001,0.2,1000.0,1000,0,0.0,0.0,0.0,0.0
0.25,0.0001,0.003,0.001,0.5,10.0,1000,0,0.0,0.0,0.0,0.0
0.25,0.0001,0.003,0.001,0.5,100.0,1000,0,0.0,0.0,0.0,0.0
0.25,0.0001,0.003,0.001,0.5,1000.0,1000,0,0.0,0.0,0.0,0.0
0.25,0.0001,0.003,0.001,1.0,10.0,1000,0,0.0,0.0,0.0,0.0
0.25,0.0001,0.003,0.001,1.0,100.0,1000,0,0.0,0.0,0.0,0.0
0.25,0.0001,0.003,0.001,1.0,1000.0,1000,0,0.0,0.0,0.0,0.0
0.25,0.0001,0.003,0.1,-0.5,10.0,1000,0,0.0,0.0,0.0,0.0
0.25,0.0001,0.003,0.1,-0.5,100.0,1000,0,0.0,0.0,0.0,0.0
0.25,0.0001,0.003,0.1,-0.5,1000.0,1000,0,0.0,0.0,0.0,0.0
0.25,0.0001,0.003,0.1,-0.2,10.0,1000,0,0.0,6.2254474049194926,0.0,0.013773440512601582
0.25,0.0001,0.003,0.1,-0.2,100.0,1000,0,0.0,14.1876948779122,0.0,0.0
0.25,0.0001,0.003,0.1,-0.2,1000.0,1000,0,0.0,0.0,0.0,0.0
0.25,0.0001,0.003,0.1,-0.1,10.0,1000,0,0.0,8.202559871827951,0.0,26.914443138824762
0.25,0.0001,0.003,0.1,-0.1,100.0,1000,0,0.0,7.609262652703113,0.0,29.749165265093282
0.25,0.0001,0.003,0.1,-0.1,1000.0,1000,0,0.0,0.0,0.0,0.0
0.25,0.0001,0.003,0.1,0.0,10.0,1000,0,0.0,16.753173267651714,0.0,74.47696550107024
0.25,0.0001,0.003,0.1,0.0,100.0,1000,0,0.0,16.192960179047045,0.0,0.0
0.25,0.0001,0.003,0.1,0.0,1000.0,1000,0,0.0,0.0,0.0,0.0
0.25,0.0001,0.003,0.1,0.1,10.0,1000,0,0.0,3.967850860255331,0.0,0.0
0.25,0.0001,0.003,0.1,0.1,100.0,1000,0,0.0,11.255118014412307,0.0,10.864825633336014
0.25,0.0001,0.003,0.1,0.1,1000.0,1000,0,0.0,0.0,0.0,0.0
0.25,0.0001,0.003,0.1,0.2,10.0,1000,0,0.0,14.412343710236806,0.0,67.38448039163124
0.25,0.0001,0.003,0.1,0.2,100.0,1000,0,0.0,9.650789059008149,0.0,18.035105153565233
0.25,0.0001,0.003,0.1,0.2,1000.0,1000,0,0.0,17.97088109994036,0.0,0.0
0.25,0.0001,0.003,0.1,0.5,10.0,1000,0,0.0,16.8199741524949,0.0,126.31597129163008
0.25,0.0001,0.003,0.1,0.5,100.0,1000,0,0.0,15.279577824372721,0.0,563.8388359697337
0.25,0.0001,0.003,0.1,0.5,1000.0,1000,0,0.0,10.689898242825969,0.0,68.19346054694739
0.25,0.0001,0.003,0.1,1.0,10.0,1000,0,0.0,14.681960711374968,0.0,52.86920411009238
0.25,0.0001,0.003,0.1,1.0,100.0,1000,0,0.0,14.44051678489686,0.0,103.18088844303811
0.25,0.0001,0.003,0.1,1.0,1000.0,1000,0,0.0,20.893442155303923,0.0,173.30666390840273
0.25,0.0001,0.003,1.0,-0.5,10.0,1000,0,0.0,3.090100790547387,0.0,3.258804730184349
0.25,0.0001,0.003,1.0,-0.5,100.0,1000,0,0.0,1.949907441919895,0.0,0.5542831460265668
0.25,0.0001,0.003,1.0,-0.5,1000.0,1000,0,0.0,0.0,0.0,0.0
0.25,0.0001,0.003,1.0,-0.2,10.0,1000,0,0.0,3.324569518178599,0.0,4.665171938350239
0.25,0.0001,0.003,1.0,-0.2,100.0,1000,0,0.0,5.0311419324120275,0.0,179.90674833500367
0.25,0.0001,0.003,1.0,-0.2,1000.0,1000,0,0.0,5.339987886813225,0.0,25.79071962369128
0.25,0.0001,0.003,1.0,-0.1,10.0,1000,0,0.0,3.9349863975473065,0.0,68.24050480844052
0.25,0.0001,0.003,1.0,-0.1,100.0,1000,0,0.0,2.624517209537144,0.0,3.046380081330375
0.25,0.0001,0.003,1.0,-0.1,1000.0,1000,0,0.0,7.854883630281406,0.0,122.62988600186485
0.25,0.0001,0.003,1.0,0.0,10.0,1000,0,0.0,3.130446485177215,0.0,4.910122358590372
0.25,0.0001,0.003,1.0,0.0,100.0,1000,0,0.0,4.528928131089839,0.0,92.92787948470423
0.25,0.0001,0.003,1.0,0.0,1000.0,1000,0,0.0,7.557261717981388,0.0,168.0379064314642
0.25,0.0001,0.003,1.0,0.1,10.0,1000,0,0.0,3.1328159131179896,0.0,6.954018642217609
0.25,0.0001,0.003,1.0,0.1,100.0,1000,0,0.0,2.885492890298335,0.0,15.591180836833349
0.25,0.0001,0.003,1.0,0.1,1000.0,1000,0,0.0,5.358266204267032,0.0,40.07917394756286
0.25,0.0001,0.003,1.0,0.2,10.0,1000,0,0.0,3.8073450847093127,0.0,32.359396604093114
0.25,0.0001,0.003,1.0,0.2,100.0,1000,0,0.0,2.931554000469761,0.0,18.52980550053695
0.25,0.0001,0.003,1.0,0.2,1000.0,1000,0,0.0,9.920770518333265,0.0,469.16150139176585
0.25,0.0001,0.003,1.0,0.5,10.0,1000,0,0.0,3.3648829508888487,0.0,18.730148343800437
0.25,0.0001,0.003,1.0,0.5,100.0,1000,0,0.0,2.62090944990625,0.0,36.39320160534194
0.25,0.0001,0.003,1.0,0.5,1000.0,1000,0,0.0,5.444830518680981,0.0,78.53392790428475
0.25,0.0001,0.003,1.0,1.0,10.0,872,128,0.6372057168089288,3.2999955618522825,0.03370990248590906,58.571896973951056
0.25,0.0001,0.003,1.0,1.0,100.0,867,133,0.6267230995139451,2.5053753892585617,0.05355619055052649,28.505250052277614
0.25,0.0001,0.003,1.0,1.0,1000.0,963,37,0.6575421409267711,4.487499870443747,0.023695645688937995,70.85053246196391
0.25,0.0001,0.001,1e-05,-0.5,10.0,1000,0,0.0,0.0,0.0,0.0
0.25,0.0001,0.001,1e-05,-0.5,100.0,1000,0,0.0,0.0,0.0,0.0
0.25,0.0001,0.001,1e-05,-0.5,1000.0,1000,0,0.0,0.0,0.0,0.0
0.25,0.0001,0.001,1e-05,-0.2,10.0,1000,0,0.0,0.0,0.0,0.0
0.25,0.0001,0.001,1e-05,-0.2,100.0,1000,0,0.0,0.0,0.0,0.0
0.25,0.0001,0.001,1e-05,-0.2,1000.0,1000,0,0.0,0.0,0.0,0.0
0.25,0.0001,0.001,1e-05,-0.1,10.0,1000,0,0.0,0.0,0.0,0.0
0.25,0.0001,0.001,1e-05,-0.1,100.0,1000,0,0.0,0.0,0.0,0.0
0.25,0.0001,0.001,1e-05,-0.1,1000.0,1000,0,0.0,0.0,0.0,0.0
0.25,0.0001,0.001,1e-05,0.0,10.0,1000,0,0.0,0.0,0.0,0.0
0.25,0.0001,0.001,1e-05,0.0,100.0,1000,0,0.0,0.0,0.0,0.0
0.25,0.0001,0.001,1e-05,0.0,1000.0,1000,0,0.0,0.0,0.0,0.0
0.25,0.0001,0.001,1e-05,0.1,10.0,1000,0,0.0,0.0,0.0,0.0
0.25,0.0001,0.001,1e-05,0.1,100.0,1000,0,0.0,0.0,0.0,0.0
0.25,0.0001,0.001,1e-05,0.1,1000.0,1000,0,0.0,0.0,0.0,0.0
0.25,0.0001,0.001,1e-05,0.2,10.0,1000,0,0.0,0.0,0.0,0.0
0.25,0.0001,0.001,1e-05,0.2,100.0,1000,0,0.0,0.0,0.0,0.0
0.25,0.0001,0.001,1e-05,0.2,1000.0,1000,0,0.0,0.0,0.0,0.0
0.25,0.0001,0.001,1e-05,0.5,10.0,1000,0,0.0,0.0,0.0,0.0
0.25,0.0001,0.001,1e-05,0.5,100.0,1000,0,0.0,0.0,0.0,0.0
0.25,0.0001,0.001,1e-05,0.5,1000.0,1000,0,0.0,0.0,0.0,0.0
0.25,0.0001,0.001,1e-05,1.0,10.0,1000,0,0.0,0.0,0.0,0.0
0.25,0.0001,0.001,1e-05,1.0,100.0,1000,0,0.0,0.0,0.0,0.0
0.25,0.0001,0.001,1e-05,1.0,1000.0,1000,0,0.0,0.0,0.0,0.0
0.25,0.0001,0.001,0.001,-0.5,10.0,1000,0,0.0,0.0,0.0,0.0
0.25,0.0001,0.001,0.001,-0.5,100.0,1000,0,0.0,0.0,0.0,0.0
0.25,0.0001,0.001,0.001,-0.5,1000.0,1000,0,0.0,0.0,0.0,0.0
0.25,0.0001,0.001,0.001,-0.2,10.0,1000,0,0.0,0.0,0.0,0.0
0.25,0.0001,0.001,0.001,-0.2,100.0,1000,0,0.0,0.0,0.0,0.0
0.25,0.0001,0.001,0.001,-0.2,1000.0,1000,0,0.0,0.0,0.0,0.0
0.25,0.0001,0.001,0.001,-0.1,10.0,1000,0,0.0,0.0,0.0,0.0
0.25,0.0001,0.001,0.001,-0.1,100.0,1000,0,0.0,0.0,0.0,0.0
0.25,0.0001,0.001,0.001,-0.1,1000.0,1000,0,0.0,0.0,0.0,0.0
0.25,0.0001,0.001,0.001,0.0,10.0,1000,0,0.0,0.0,0.0,0.0
0.25,0.0001,0.001,0.001,0.0,100.0,1000,0,0.0,0.0,0.0,0.0
0.25,0.0001,0.001,0.001,0.0,1000.0,1000,0,0.0,0.0,0.0,0.0
0.25,0.0001,0.001,0.001,0.1,10.0,1000,0,0.0,0.0,0.0,0.0
0.25,0.0001,0.001,0.001,0.1,100.0,1000,0,0.0,0.0,0.0,0.0
0.25,0.0001,0.001,0.001,0.1,1000.0,1000,0,0.0,0.0,0.0,0.0
0.25,0.0001,0.001,0.001,0.2,10.0,1000,0,0.0,0.0,0.0,0.0
0.25,0.0001,0.001,0.001,0.2,100.0,1000,0,0.0,0.0,0.0,0.0
0.25,0.0001,0.001,0.001,0.2,1000.0,1000,0,0.0,0.0,0.0,0.0
0.25,0.0001,0.001,0.001,0.5,10.0,1000,0,0.0,0.0,0.0,0.0
0.25,0.0001,0.001,0.001,0.5,100.0,1000,0,0.0,0.0,0.0,0.0
0.25,0.0001,0.001,0.001,0.5,1000.0,1000,0,0.0,0.0,0.0,0.0
0.25,0.0001,0.001,0.001,1.0,10.0,1000,0,0.0,0.0,0.0,0.0
0.25,0.0001,0.001,0.001,1.0,100.0,1000,0,0.0,0.0,0.0,0.0
0.25,0.0001,0.001,0.001,1.0,1000.0,1000,0,0.0,0.0,0.0,0.0
0.25,0.0001,0.001,0.1,-0.5,10.0,1000,0,0.0,0.0,0.0,0.0
0.25,0.0001,0.001,0.1,-0.5,100.0,1000,0,0.0,0.0,0.0,0.0
0.25,0.0001,0.001,0.1,-0.5,1000.0,1000,0,0.0,0.0,0.0,0.0
0.25,0.0001,0.001,0.1,-0.2,10.0,1000,0,0.0,0.0,0.0,0.0
0.25,0.0001,0.001,0.1,-0.2,100.0,1000,0,0.0,0.0,0.0,0.0
0.25,0.0001,0.001,0.1,-0.2,1000.0,1000,0,0.0,0.0,0.0,0.0
0.25,0.0001,0.001,0.1,-0.1,10.0,1000,0,0.0,0.0,0.0,0.0
0.25,0.0001,0.001,0.1,-0.1,100.0,1000,0,0.0,0.0,0.0,0.0
0.25,0.0001,0.001,0.1,-0.1,1000.0,1000,0,0.0,0.0,0.0,0.0
0.25,0.0001,0.001,0.1,0.0,10.0,1000,0,0.0,0.0,0.0,0.0
0.25,0.0001,0.001,0.1,0.0,100.0,1000,0,0.0,0.0,0.0,0.0
0.25,0.0001,0.001,0.1,0.0,1000.0,1000,0,0.0,0.0,0.0,0.0
0.25,0.0001,0.001,0.1,0.1,10.0,1000,0,0.0,0.0,0.0,0.0
0.25,0.0001,0.001,0.1,0.1,100.0,1000,0,0.0,0.0,0.0,0.0
0.25,0.0001,0.001,0.1,0.1,1000.0,1000,0,0.0,0.0,0.0,0.0
0.25,0.0001,0.001,0.1,0.2,10.0,1000,0,0.0,0.0,0.0,0.0
0.25,0.0001,0.001,0.1,0.2,100.0,1000,0,0.0,0.0,0.0,0.0
0.25,0.0001,0.001,0.1,0.2,1000.0,1000,0,0.0,0.0,0.0,0.0
0.25,0.0001,0.001,0.1,0.5,10.0,1000,0,0.0,0.0,0.0,0.0
0.25,0.0001,0.001,0.1,0.5,100.0,1000,0,0.0,0.0,0.0,0.0
0.25,0.0001,0.001,0.1,0.5,1000.0,1000,0,0.0,0.0,0.0,0.0
0.25,0.0001,0.001,0.1,1.0,10.0,1000,0,0.0,0.0,0.0,0.0
0.25,0.0001,0.001,0.1,1.0,100.0,1000,0,0.0,16.749012722890974,0.0,0.0
0.25,0.0001,0.001,0.1,1.0,1000.0,1000,0,0.0,0.0,0.0,0.0
0.25,0.0001,0.001,1.0,-0.5,10.0,1000,0,0.0,0.0,0.0,0.0
0.25,0.0001,0.001,1.0,-0.5,100.0,1000,0,0.0,0.0,0.0,0.0
0.25,0.0001,0.001,1.0,-0.5,1000.0,1000,0,0.0,0.0,0.0,0.0
0.25,0.0001,0.001,1.0,-0.2,10.0,1000,0,0.0,0.0,0.0,0.0
0.25,0.0001,0.001,1.0,-0.2,100.0,1000,0,0.0,0.0,0.0,0.0
0.25,0.0001,0.001,1.0,-0.2,1000.0,1000,0,0.0,0.0,0.0,0.0
0.25,0.0001,0.001,1.0,-0.1,10.0,1000,0,0.0,0.0,0.0,0.0
0.25,0.0001,0.001,1.0,-0.1,100.0,1000,0,0.0,4.977845522222178,0.0,7.1371500014915465
0.25,0.0001,0.001,1.0,-0.1,1000.0,1000,0,0.0,11.301483952344569,0.0,0.0
0.25,0.0001,0.001,1.0,0.0,10.0,1000,0,0.0,10.712151607887993,0.0,20.712006064522857
0.25,0.0001,0.001,1.0,0.0,100.0,1000,0,0.0,9.9612407522218,0.0,68.82542443469335
0.25,0.0001,0.001,1.0,0.0,1000.0,1000,0,0.0,12.96358673230695,0.0,55.86720804657036
0.25,0.0001,0.001,1.0,0.1,10.0,1000,0,0.0,17.033332297145037,0.0,55.80193802151466
0.25,0.0001,0.001,1.0,0.1,100.0,1000,0,0.0,7.742873409660741,0.0,27.48394064760128
0.25,0.0001,0.001,1.0,0.1,1000.0,1000,0,0.0,30.351485609987762,0.0,1826.7464158532346
0.25,0.0001,0.001,1.0,0.2,10.0,1000,0,0.0,16.94627793455575,0.0,67.69570860450224
0.25,0.0001,0.001,1.0,0.2,100.0,1000,0,0.0,11.403619408764818,0.0,225.4308378618596
0.25,0.0001,0.001,1.0,0.2,1000.0,1000,0,0.0,17.882890005492264,0.0,235.9091835792847
0.25,0.0001,0.001,1.0,0.5,10.0,915,85,0.5081058957730753,17.19088388513056,0.023013036292694265,91.40298437624132
0.25,0.0001,0.001,1.0,0.5,100.0,866,134,0.4811626673332257,8.527289504539961,0.03563896303311295,192.71564868202532
0.25,0.0001,0.001,1.0,0.5,1000.0,927,73,0.5241513732189929,14.5114026594394,0.02895456805393025,476.2833935697411
0.25,0.0001,0.001,1.0,1.0,10.0,605,395,0.6761883930032747,13.706842901304931,0.005097921939939818,69.84237659997055
0.25,0.0001,0.001,1.0,1.0,100.0,544,456,0.6739089348351305,5.213673409504,0.005666561288315572,111.03837849349998
0.25,0.0001,0.001,1.0,1.0,1000.0,671,329,0.6671590481609495,7.347227789856925,0.004781445780908471,148.26617333475275
0.25,0.001,0.0003,1e-05,-0.5,10.0,1000,0,0.0,0.0,0.0,0.0
0.25,0.001,0.0003,1e-05,-0.5,100.0,1000,0,0.0,0.0,0.0,0.0
0.25,0.001,0.0003,1e-05,-0.5,1000.0,1000,0,0.0,0.0,0.0,0.0
0.25,0.001,0.0003,1e-05,-0.2,10.0,1000,0,0.0,0.0,0.0,0.0
0.25,0.001,0.0003,1e-05,-0.2,100.0,1000,0,0.0,0.0,0.0,0.0
0.25,0.001,0.0003,1e-05,-0.2,1000.0,1000,0,0.0,0.0,0.0,0.0
0.25,0.001,0.0003,1e-05,-0.1,10.0,1000,0,0.0,0.0,0.0,0.0
0.25,0.001,0.0003,1e-05,-0.1,100.0,1000,0,0.0,0.0,0.0,0.0
0.25,0.001,0.0003,1e-05,-0.1,1000.0,1000,0,0.0,0.0,0.0,0.0
0.25,0.001,0.0003,1e-05,0.0,10.0,1000,0,0.0,0.0,0.0,0.0
0.25,0.001,0.0003,1e-05,0.0,100.0,1000,0,0.0,0.0,0.0,0.0
0.25,0.001,0.0003,1e-05,0.0,1000.0,1000,0,0.0,0.0,0.0,0.0
0.25,0.001,0.0003,1e-05,0.1,10.0,1000,0,0.0,0.0,0.0,0.0
0.25,0.001,0.0003,1e-05,0.1,100.0,1000,0,0.0,0.0,0.0,0.0
0.25,0.001,0.0003,1e-05,0.1,1000.0,1000,0,0.0,0.0,0.0,0.0
0.25,0.001,0.0003,1e-05,0.2,10.0,1000,0,0.0,0.0,0.0,0.0
0.25,0.001,0.0003,1e-05,0.2,100.0,1000,0,0.0,0.0,0.0,0.0
0.25,0.001,0.0003,1e-05,0.2,1000.0,1000,0,0.0,0.0,0.0,0.0
0.25,0.001,0.0003,1e-05,0.5,10.0,1000,0,0.0,0.0,0.0,0.0
0.25,0.001,0.0003,1e-05,0.5,100.0,1000,0,0.0,0.0,0.0,0.0
0.25,0.001,0.0003,1e-05,0.5,1000.0,1000,0,0.0,0.0,0.0,0.0
0.25,0.001,0.0003,1e-05,1.0,10.0,1000,0,0.0,0.0,0.0,0.0
0.25,0.001,0.0003,1e-05,1.0,100.0,1000,0,0.0,0.0,0.0,0.0
0.25,0.001,0.0003,1e-05,1.0,1000.0,1000,0,0.0,0.0,0.0,0.0
0.25,0.001,0.0003,0.001,-0.5,10.0,1000,0,0.0,0.0,0.0,0.0
0.25,0.001,0.0003,0.001,-0.5,100.0,1000,0,0.0,0.0,0.0,0.0
0.25,0.001,0.0003,0.001,-0.5,1000.0,1000,0,0.0,0.0,0.0,0.0
0.25,0.001,0.0003,0.001,-0.2,10.0,1000,0,0.0,0.0,0.0,0.0
0.25,0.001,0.0003,0.001,-0.2,100.0,1000,0,0.0,0.0,0.0,0.0
0.25,0.001,0.0003,0.001,-0.2,1000.0,1000,0,0.0,0.0,0.0,0.0
0.25,0.001,0.0003,0.001,-0.1,10.0,1000,0,0.0,0.0,0.0,0.0
0.25,0.001,0.0003,0.001,-0.1,100.0,1000,0,0.0,0.0,0.0,0.0
0.25,0.001,0.0003,0.001,-0.1,1000.0,1000,0,0.0,0.0,0.0,0.0
0.25,0.001,0.0003,0.001,0.0,10.0,1000,0,0.0,0.0,0.0,0.0
0.25,0.001,0.0003,0.001,0.0,100.0,1000,0,0.0,0.0,0.0,0.0
0.25,0.001,0.0003,0.001,0.0,1000.0,1000,0,0.0,0.0,0.0,0.0
0.25,0.001,0.0003,0.001,0.1,10.0,1000,0,0.0,0.0,0.0,0.0
0.25,0.001,0.0003,0.001,0.1,100.0,1000,0,0.0,0.0,0.0,0.0
0.25,0.001,0.0003,0.001,0.1,1000.0,1000,0,0.0,0.0,0.0,0.0
0.25,0.001,0.0003,0.001,0.2,10.0,1000,0,0.0,0.0,0.0,0.0
0.25,0.001,0.0003,0.001,0.2,100.0,1000,0,0.0,0.0,0.0,0.0
0.25,0.001,0.0003,0.001,0.2,1000.0,1000,0,0.0,0.0,0.0,0.0
0.25,0.001,0.0003,0.001,0.5,10.0,1000,0,0.0,0.0,0.0,0.0
0.25,0.001,0.0003,0.001,0.5,100.0,1000,0,0.0,0.0,0.0,0.0
0.25,0.001,0.0003,0.001,0.5,1000.0,1000,0,0.0,0.0,0.0,0.0
0.25,0.001,0.0003,0.001,1.0,10.0,1000,0,0.0,0.0,0.0,0.0
0.25,0.001,0.0003,0.001,1.0,100.0,1000,0,0.0,0.0,0.0,0.0
0.25,0.001,0.0003,0.001,1.0,1000.0,1000,0,0.0,0.0,0.0,0.0
0.25,0.001,0.0003,0.1,-0.5,10.0,1000,0,0.0,0.0,0.0,0.0
0.25,0.001,0.0003,0.1,-0.5,100.0,1000,0,0.0,0.0,0.0,0.0
0.25,0.001,0.0003,0.1,-0.5,1000.0,1000,0,0.0,0.0,0.0,0.0
0.25,0.001,0.0003,0.1,-0.2,10.0,1000,0,0.0,0.0,0.0,0.0
0.25,0.001,0.0003,0.1,-0.2,100.0,1000,0,0.0,0.0,0.0,0.0
0.25,0.001,0.0003,0.1,-0.2,1000.0,1000,0,0.0,0.0,0.0,0.0
0.25,0.001,0.0003,0.1,-0.1,10.0,1000,0,0.0,0.0,0.0,0.0
0.25,0.001,0.0003,0.1,-0.1,100.0,1000,0,0.0,0.0,0.0,0.0
0.25,0.001,0.0003,0.1,-0.1,1000.0,1000,0,0.0,0.0,0.0,0.0
0.25,0.001,0.0003,0.1,0.0,10.0,1000,0,0.0,0.0,0.0,0.0
0.25,0.001,0.0003,0.1,0.0,100.0,1000,0,0.0,0.0,0.0,0.0
0.25,0.001,0.0003,0.1,0.0,1000.0,1000,0,0.0,0.0,0.0,0.0
0.25,0.001,0.0003,0.1,0.1,10.0,1000,0,0.0,0.0,0.0,0.0
0.25,0.001,0.0003,0.1,0.1,100.0,1000,0,0.0,0.0,0.0,0.0
0.25,0.001,0.0003,0.1,0.1,1000.0,1000,0,0.0,0.0,0.0,0.0
0.25,0.001,0.0003,0.1,0.2,10.0,1000,0,0.0,0.0,0.0,0.0
0.25,0.001,0.0003,0.1,0.2,100.0,1000,0,0.0,0.0,0.0,0.0
0.25,0.001,0.0003,0.1,0.2,1000.0,1000,0,0.0,0.0,0.0,0.0
0.25,0.001,0.0003,0.1,0.5,10.0,1000,0,0.0,0.0,0.0,0.0
0.25,0.001,0.0003,0.1,0.5,100.0,1000,0,0.0,0.0,0.0,0.0
0.25,0.001,0.0003,0.1,0.5,1000.0,1000,0,0.0,0.0,0.0,0.0
0.25,0.001,0.0003,0.1,1.0,10.0,1000,0,0.0,0.0,0.0,0.0
0.25,0.001,0.0003,0.1,1.0,100.0,1000,0,0.0,0.0,0.0,0.0
0.25,0.001,0.0003,0.1,1.0,1000.0,1000,0,0.0,0.0,0.0,0.0
0.25,0.001,0.0003,1.0,-0.5,10.0,1000,0,0.0,0.0,0.0,0.0
0.25,0.001,0.0003,1.0,-0.5,100.0,1000,0,0.0,0.0,0.0,0.0
0.25,0.001,0.0003,1.0,-0.5,1000.0,1000,0,0.0,0.0,0.0,0.0
0.25,0.001,0.0003,1.0,-0.2,10.0,1000,0,0.0,0.0,0.0,0.0
0.25,0.001,0.0003,1.0,-0.2,100.0,1000,0,0.0,0.0,0.0,0.0
0.25,0.001,0.0003,1.0,-0.2,1000.0,1000,0,0.0,0.0,0.0,0.0
0.25,0.001,0.0003,1.0,-0.1,10.0,1000,0,0.0,0.0,0.0,0.0
0.25,0.001,0.0003,1.0,-0.1,100.0,1000,0,0.0,0.0,0.0,0.0
0.25,0.001,0.0003,1.0,-0.1,1000.0,1000,0,0.0,0.0,0.0,0.0
0.25,0.001,0.0003,1.0,0.0,10.0,1000,0,0.0,0.0,0.0,0.0
0.25,0.001,0.0003,1.0,0.0,100.0,1000,0,0.0,0.0,0.0,0.0
0.25,0.001,0.0003,1.0,0.0,1000.0,1000,0,0.0,0.0,0.0,0.0
0.25,0.001,0.0003,1.0,0.1,10.0,1000,0,0.0,115.07740012719782,0.0,0.0
0.25,0.001,0.0003,1.0,0.1,100.0,1000,0,0.0,27.7341136095799,0.0,209.59061641219787
0.25,0.001,0.0003,1.0,0.1,1000.0,1000,0,0.0,55.11159360360398,0.0,2625.570583015247
0.25,0.001,0.0003,1.0,0.2,10.0,1000,0,0.0,87.49829778896613,0.0,1445.6470814640784
0.25,0.001,0.0003,1.0,0.2,100.0,1000,0,0.0,53.570502753163666,0.0,1341.2959884148017
0.25,0.001,0.0003,1.0,0.2,1000.0,1000,0,0.0,51.62020545904157,0.0,1993.8388813588792
0.25,0.001,0.0003,1.0,0.5,10.0,788,212,0.5504952238982,45.988292675414485,0.003279927410255737,670.6227048837654
0.25,0.001,0.0003,1.0,0.5,100.0,427,573,0.5522569796707739,33.18460351757035,0.0035976865550687042,1057.4422774354282
0.25,0.001,0.0003,1.0,0.5,1000.0,139,861,0.5538437923435519,21.42934329880667,0.003651707957245759,518.5715116616935
0.25,0.001,0.0003,1.0,1.0,10.0,517,483,0.6766933104998731,32.74501902050462,0.0013127366854705097,409.8841446110719
0.25,0.001,0.0003,1.0,1.0,100.0,203,797,0.6741661001064224,20.769947248596768,0.0013555413533876816,865.6158847553656
0.25,0.001,0.0003,1.0,1.0,1000.0,19,981,0.6752634353536626,9.584597363395325,0.001413215824307931,223.88769087928534
0.25,0.001,0.0001,1e-05,-0.5,10.0,1000,0,0.0,0.0,0.0,0.0
0.25,0.001,0.0001,1e-05,-0.5,100.0,1000,0,0.0,0.0,0.0,0.0
0.25,0.001,0.0001,1e-05,-0.5,1000.0,1000,0,0.0,0.0,0.0,0.0
0.25,0.001,0.0001,1e-05,-0.2,10.0,1000,0,0.0,0.0,0.0,0.0
0.25,0.001,0.0001,1e-05,-0.2,100.0,1000,0,0.0,0.0,0.0,0.0
0.25,0.001,0.0001,1e-05,-0.2,1000.0,1000,0,0.0,0.0,0.0,0.0
0.25,0.001,0.0001,1e-05,-0.1,10.0,1000,0,0.0,0.0,0.0,0.0
0.25,0.001,0.0001,1e-05,-0.1,100.0,1000,0,0.0,0.0,0.0,0.0
0.25,0.001,0.0001,1e-05,-0.1,1000.0,1000,0,0.0,0.0,0.0,0.0
0.25,0.001,0.0001,1e-05,0.0,10.0,1000,0,0.0,0.0,0.0,0.0
0.25,0.001,0.0001,1e-05,0.0,100.0,1000,0,0.0,0.0,0.0,0.0
0.25,0.001,0.0001,1e-05,0.0,1000.0,1000,0,0.0,0.0,0.0,0.0
0.25,0.001,0.0001,1e-05,0.1,10.0,1000,0,0.0,0.0,0.0,0.0
0.25,0.001,0.0001,1e-05,0.1,100.0,1000,0,0.0,0.0,0.0,0.0
0.25,0.001,0.0001,1e-05,0.1,1000.0,1000,0,0.0,0.0,0.0,0.0
0.25,0.001,0.0001,1e-05,0.2,10.0,1000,0,0.0,0.0,0.0,0.0
0.25,0.001,0.0001,1e-05,0.2,100.0,1000,0,0.0,0.0,0.0,0.0
0.25,0.001,0.0001,1e-05,0.2,1000.0,1000,0,0.0,0.0,0.0,0.0
0.25,0.001,0.0001,1e-05,0.5,10.0,1000,0,0.0,0.0,0.0,0.0
0.25,0.001,0.0001,1e-05,0.5,100.0,1000,0,0.0,0.0,0.0,0.0
0.25,0.001,0.0001,1e-05,0.5,1000.0,1000,0,0.0,0.0,0.0,0.0
0.25,0.001,0.0001,1e-05,1.0,10.0,1000,0,0.0,0.0,0.0,0.0
0.25,0.001,0.0001,1e-05,1.0,100.0,1000,0,0.0,0.0,0.0,0.0
0.25,0.001,0.0001,1e-05,1.0,1000.0,1000,0,0.0,0.0,0.0,0.0
0.25,0.001,0.0001,0.001,-0.5,10.0,1000,0,0.0,0.0,0.0,0.0
0.25,0.001,0.0001,0.001,-0.5,100.0,1000,0,0.0,0.0,0.0,0.0
0.25,0.001,0.0001,0.001,-0.5,1000.0,1000,0,0.0,0.0,0.0,0.0
0.25,0.001,0.0001,0.001,-0.2,10.0,1000,0,0.0,0.0,0.0,0.0
0.25,0.001,0.0001,0.001,-0.2,100.0,1000,0,0.0,0.0,0.0,0.0
0.25,0.001,0.0001,0.001,-0.2,1000.0,1000,0,0.0,0.0,0.0,0.0
0.25,0.001,0.0001,0.001,-0.1,10.0,1000,0,0.0,0.0,0.0,0.0
0.25,0.001,0.0001,0.001,-0.1,100.0,1000,0,0.0,0.0,0.0,0.0
0.25,0.001,0.0001,0.001,-0.1,1000.0,1000,0,0.0,0.0,0.0,0.0
0.25,0.001,0.0001,0.001,0.0,10.0,1000,0,0.0,0.0,0.0,0.0
0.25,0.001,0.0001,0.001,0.0,100.0,1000,0,0.0,0.0,0.0,0.0
0.25,0.001,0.0001,0.001,0.0,1000.0,1000,0,0.0,0.0,0.0,0.0
0.25,0.001,0.0001,0.001,0.1,10.0,1000,0,0.0,0.0,0.0,0.0
0.25,0.001,0.0001,0.001,0.1,100.0,1000,0,0.0,0.0,0.0,0.0
0.25,0.001,0.0001,0.001,0.1,1000.0,1000,0,0.0,0.0,0.0,0.0
0.25,0.001,0.0001,0.001,0.2,10.0,1000,0,0.0,0.0,0.0,0.0
0.25,0.001,0.0001,0.001,0.2,100.0,1000,0,0.0,0.0,0.0,0.0
0.25,0.001,0.0001,0.001,0.2,1000.0,1000,0,0.0,0.0,0.0,0.0
0.25,0.001,0.0001,0.001,0.5,10.0,1000,0,0.0,0.0,0.0,0.0
0.25,0.001,0.0001,0.001,0.5,100.0,1000,0,0.0,0.0,0.0,0.0
0.25,0.001,0.0001,0.001,0.5,1000.0,1000,0,0.0,0.0,0.0,0.0
0.25,0.001,0.0001,0.001,1.0,10.0,1000,0,0.0,0.0,0.0,0.0
0.25,0.001,0.0001,0.001,1.0,100.0,1000,0,0.0,0.0,0.0,0.0
0.25,0.001,0.0001,0.001,1.0,1000.0,1000,0,0.0,0.0,0.0,0.0
0.25,0.001,0.0001,0.1,-0.5,10.0,1000,0,0.0,0.0,0.0,0.0
0.25,0.001,0.0001,0.1,-0.5,100.0,1000,0,0.0,0.0,0.0,0.0
0.25,0.001,0.0001,0.1,-0.5,1000.0,1000,0,0.0,0.0,0.0,0.0
0.25,0.001,0.0001,0.1,-0.2,10.0,1000,0,0.0,0.0,0.0,0.0
0.25,0.001,0.0001,0.1,-0.2,100.0,1000,0,0.0,0.0,0.0,0.0
0.25,0.001,0.0001,0.1,-0.2,1000.0,1000,0,0.0,0.0,0.0,0.0
0.25,0.001,0.0001,0.1,-0.1,10.0,1000,0,0.0,0.0,0.0,0.0
0.25,0.001,0.0001,0.1,-0.1,100.0,1000,0,0.0,0.0,0.0,0.0
0.25,0.001,0.0001,0.1,-0.1,1000.0,1000,0,0.0,0.0,0.0,0.0
0.25,0.001,0.0001,0.1,0.0,10.0,1000,0,0.0,0.0,0.0,0.0
0.25,0.001,0.0001,0.1,0.0,100.0,1000,0,0.0,0.0,0.0,0.0
0.25,0.001,0.0001,0.1,0.0,1000.0,1000,0,0.0,0.0,0.0,0.0
0.25,0.001,0.0001,0.1,0.1,10.0,1000,0,0.0,0.0,0.0,0.0
0.25,0.001,0.0001,0.1,0.1,100.0,1000,0,0.0,0.0,0.0,0.0
0.25,0.001,0.0001,0.1,0.1,1000.0,1000,0,0.0,0.0,0.0,0.0
0.25,0.001,0.0001,0.1,0.2,10.0,1000,0,0.0,0.0,0.0,0.0
0.25,0.001,0.0001,0.1,0.2,100.0,1000,0,0.0,0.0,0.0,0.0
0.25,0.001,0.0001,0.1,0.2,1000.0,1000,0,0.0,0.0,0.0,0.0
0.25,0.001,0.0001,0.1,0.5,10.0,1000,0,0.0,0.0,0.0,0.0
0.25,0.001,0.0001,0.1,0.5,100.0,1000,0,0.0,0.0,0.0,0.0
0.25,0.001,0.0001,0.1,0.5,1000.0,1000,0,0.0,0.0,0.0,0.0
0.25,0.001,0.0001,0.1,1.0,10.0,1000,0,0.0,0.0,0.0,0.0
0.25,0.001,0.0001,0.1,1.0,100.0,1000,0,0.0,0.0,0.0,0.0
0.25,0.001,0.0001,0.1,1.0,1000.0,1000,0,0.0,0.0,0.0,0.0
0.25,0.001,0.0001,1.0,-0.5,10.0,1000,0,0.0,0.0,0.0,0.0
0.25,0.001,0.0001,1.0,-0.5,100.0,1000,0,0.0,0.0,0.0,0.0
0.25,0.001,0.0001,1.0,-0.5,1000.0,1000,0,0.0,0.0,0.0,0.0
0.25,0.001,0.0001,1.0,-0.2,10.0,1000,0,0.0,0.0,0.0,0.0
0.25,0.001,0.0001,1.0,-0.2,100.0,1000,0,0.0,0.0,0.0,0.0
0.25,0.001,0.0001,1.0,-0.2,1000.0,1000,0,0.0,0.0,0.0,0.0
0.25,0.001,0.0001,1.0,-0.1,10.0,1000,0,0.0,0.0,0.0,0.0
0.25,0.001,0.0001,1.0,-0.1,100.0,1000,0,0.0,0.0,0.0,0.0
0.25,0.001,0.0001,1.0,-0.1,1000.0,1000,0,0.0,0.0,0.0,0.0
0.25,0.001,0.0001,1.0,0.0,10.0,1000,0,0.0,0.0,0.0,0.0
0.25,0.001,0.0001,1.0,0.0,100.0,1000,0,0.0,0.0,0.0,0.0
0.25,0.001,0.0001,1.0,0.0,1000.0,1000,0,0.0,0.0,0.0,0.0
0.25,0.001,0.0001,1.0,0.1,10.0,1000,0,0.0,0.0,0.0,0.0
0.25,0.001,0.0001,1.0,0.1,100.0,1000,0,0.0,0.0,0.0,0.0
0.25,0.001,0.0001,1.0,0.1,1000.0,1000,0,0.0,0.0,0.0,0.0
0.25,0.001,0.0001,1.0,0.2,10.0,983,17,0.1695581511713262,241.04583141215352,0.021138504171355953,21906.279968846906
0.25,0.001,0.0001,1.0,0.2,100.0,945,55,0.25201899677608997,239.2608226440987,0.012768555820812015,25028.883572353367
0.25,0.001,0.0001,1.0,0.2,1000.0,790,210,0.23339031042625125,191.48673418692118,0.019828229226454618,18549.144023608824
0.25,0.001,0.0001,1.0,0.5,10.0,769,231,0.5561091627495578,63.8506333160804,0.0011672145707762485,653.5783749715014
0.25,0.001,0.0001,1.0,0.5,100.0,330,670,0.5542414290790613,50.46323544441918,0.001191337044360325,1080.2273637460344
0.25,0.001,0.0001,1.0,0.5,1000.0,16,984,0.557601268275933,21.520505756299677,0.0010888577355867197,352.91138934927926
0.25,0.001,0.0001,1.0,1.0,10.0,527,473,0.6756699666989536,47.431638099482235,0.0004480549855760406,525.3029459377528
0.25,0.001,0.0001,1.0,1.0,100.0,128,872,0.6744589671590154,30.56174876223121,0.00045738123170572734,694.1942440271962
0.25,0.001,0.0001,1.0,1.0,1000.0,0,1000,0.6742511701237607,8.04179136505403,0.00045793889159191826,25.702724143597777
0.25,0.001,0.003,1e-05,-0.5,10.0,1000,0,0.0,0.0,0.0,0.0
0.25,0.001,0.003,1e-05,-0.5,100.0,1000,0,0.0,0.0,0.0,0.0
0.25,0.001,0.003,1e-05,-0.5,1000.0,1000,0,0.0,0.0,0.0,0.0
0.25,0.001,0.003,1e-05,-0.2,10.0,1000,0,0.0,0.0,0.0,0.0
0.25,0.001,0.003,1e-05,-0.2,100.0,1000,0,0.0,0.0,0.0,0.0
0.25,0.001,0.003,1e-05,-0.2,1000.0,1000,0,0.0,0.0,0.0,0.0
0.25,0.001,0.003,1e-05,-0.1,10.0,1000,0,0.0,0.0,0.0,0.0
0.25,0.001,0.003,1e-05,-0.1,100.0,1000,0,0.0,0.0,0.0,0.0
0.25,0.001,0.003,1e-05,-0.1,1000.0,1000,0,0.0,0.0,0.0,0.0
0.25,0.001,0.003,1e-05,0.0,10.0,1000,0,0.0,0.0,0.0,0.0
0.25,0.001,0.003,1e-05,0.0,100.0,1000,0,0.0,0.0,0.0,0.0
0.25,0.001,0.003,1e-05,0.0,1000.0,1000,0,0.0,0.0,0.0,0.0
0.25,0.001,0.003,1e-05,0.1,10.0,1000,0,0.0,0.0,0.0,0.0
0.25,0.001,0.003,1e-05,0.1,100.0,1000,0,0.0,0.0,0.0,0.0
0.25,0.001,0.003,1e-05,0.1,1000.0,1000,0,0.0,0.0,0.0,0.0
0.25,0.001,0.003,1e-05,0.2,10.0,1000,0,0.0,0.0,0.0,0.0
0.25,0.001,0.003,1e-05,0.2,100.0,1000,0,0.0,0.0,0.0,0.0
0.25,0.001,0.003,1e-05,0.2,1000.0,1000,0,0.0,0.0,0.0,0.0
0.25,0.001,0.003,1e-05,0.5,10.0,1000,0,0.0,0.0,0.0,0.0
0.25,0.001,0.003,1e-05,0.5,100.0,1000,0,0.0,0.0,0.0,0.0
0.25,0.001,0.003,1e-05,0.5,1000.0,1000,0,0.0,0.0,0.0,0.0
0.25,0.001,0.003,1e-05,1.0,10.0,1000,0,0.0,0.0,0.0,0.0
0.25,0.001,0.003,1e-05,1.0,100.0,1000,0,0.0,0.0,0.0,0.0
0.25,0.001,0.003,1e-05,1.0,1000.0,1000,0,0.0,0.0,0.0,0.0
0.25,0.001,0.003,0.001,-0.5,10.0,1000,0,0.0,0.0,0.0,0.0
0.25,0.001,0.003,0.001,-0.5,100.0,1000,0,0.0,0.0,0.0,0.0
0.25,0.001,0.003,0.001,-0.5,1000.0,1000,0,0.0,0.0,0.0,0.0
0.25,0.001,0.003,0.001,-0.2,10.0,1000,0,0.0,0.0,0.0,0.0
0.25,0.001,0.003,0.001,-0.2,100.0,1000,0,0.0,4.517022511975286,0.0,0.0
0.25,0.001,0.003,0.001,-0.2,1000.0,1000,0,0.0,0.0,0.0,0.0
0.25,0.001,0.003,0.001,-0.1,10.0,1000,0,0.0,0.0,0.0,0.0
0.25,0.001,0.003,0.001,-0.1,100.0,1000,0,0.0,0.0,0.0,0.0
0.25,0.001,0.003,0.001,-0.1,1000.0,1000,0,0.0,0.0,0.0,0.0
0.25,0.001,0.003,0.001,0.0,10.0,1000,0,0.0,0.0,0.0,0.0
0.25,0.001,0.003,0.001,0.0,100.0,1000,0,0.0,0.0,0.0,0.0
0.25,0.001,0.003,0.001,0.0,1000.0,1000,0,0.0,0.0,0.0,0.0
0.25,0.001,0.003,0.001,0.1,10.0,1000,0,0.0,0.0,0.0,0.0
0.25,0.001,0.003,0.001,0.1,100.0,1000,0,0.0,0.0,0.0,0.0
0.25,0.001,0.003,0.001,0.1,1000.0,1000,0,0.0,3.398493864843195,0.0,0.0
0.25,0.001,0.003,0.001,0.2,10.0,1000,0,0.0,0.0,0.0,0.0
0.25,0.001,0.003,0.001,0.2,100.0,1000,0,0.0,0.0,0.0,0.0
0.25,0.001,0.003,0.001,0.2,1000.0,1000,0,0.0,0.0,0.0,0.0
0.25,0.001,0.003,0.001,0.5,10.0,1000,0,0.0,0.0,0.0,0.0
0.25,0.001,0.003,0.001,0.5,100.0,1000,0,0.0,0.0,0.0,0.0
0.25,0.001,0.003,0.001,0.5,1000.0,1000,0,0.0,0.0,0.0,0.0
0.25,0.001,0.003,0.001,1.0,10.0,1000,0,0.0,0.0,0.0,0.0
0.25,0.001,0.003,0.001,1.0,100.0,1000,0,0.0,0.0,0.0,0.0
0.25,0.001,0.003,0.001,1.0,1000.0,1000,0,0.0,0.0,0.0,0.0
0.25,0.001,0.003,0.1,-0.5,10.0,1000,0,0.0,0.0,0.0,0.0
0.25,0.001,0.003,0.1,-0.5,100.0,1000,0,0.0,0.0,0.0,0.0
0.25,0.001,0.003,0.1,-0.5,1000.0,1000,0,0.0,7.07684674671864,0.0,0.0
0.25,0.001,0.003,0.1,-0.2,10.0,1000,0,0.0,20.77204738921879,0.0,78.13109677946859
0.25,0.001,0.003,0.1,-0.2,100.0,1000,0,0.0,13.580857066890175,0.0,136.38708544409587
0.25,0.001,0.003,0.1,-0.2,1000.0,1000,0,0.0,24.177317092274624,0.0,0.0
0.25,0.001,0.003,0.1,-0.1,10.0,1000,0,0.0,27.05224552049048,0.0,274.1675794229746
0.25,0.001,0.003,0.1,-0.1,100.0,1000,0,0.0,8.803791775049984,0.0,40.61709493376015
0.25,0.001,0.003,0.1,-0.1,1000.0,1000,0,0.0,31.1074404109338,0.0,106.46322366518848
0.25,0.001,0.003,0.1,0.0,10.0,1000,0,0.0,9.556506447552604,0.0,16.34651068863168
0.25,0.001,0.003,0.1,0.0,100.0,1000,0,0.0,20.62424669617122,0.0,286.72532293365026
0.25,0.001,0.003,0.1,0.0,1000.0,1000,0,0.0,6.044902933663184,0.0,6.011802351338513
0.25,0.001,0.003,0.1,0.1,10.0,1000,0,0.0,16.22418951325733,0.0,116.24913257391889
0.25,0.001,0.003,0.1,0.1,100.0,1000,0,0.0,10.251907046221557,0.0,81.11789515120599
0.25,0.001,0.003,0.1,0.1,1000.0,1000,0,0.0,14.412614561253152,0.0,293.48984499140016
0.25,0.001,0.003,0.1,0.2,10.0,1000,0,0.0,17.618380818369,0.0,179.33635714063783
0.25,0.001,0.003,0.1,0.2,100.0,1000,0,0.0,18.795322686694135,0.0,386.37692700162296
0.25,0.001,0.003,0.1,0.2,1000.0,1000,0,0.0,9.085231111538144,0.0,19.692667894672446
0.25,0.001,0.003,0.1,0.5,10.0,1000,0,0.0,19.811829537502767,0.0,92.19010569884391
0.25,0.001,0.003,0.1,0.5,100.0,1000,0,0.0,20.035516082695874,0.0,346.0473965783728
0.25,0.001,0.003,0.1,0.5,1000.0,1000,0,0.0,17.884707874229345,0.0,138.77702683101853
0.25,0.001,0.003,0.1,1.0,10.0,1000,0,0.0,19.935676141834104,0.0,323.93264535502595
0.25,0.001,0.003,0.1,1.0,100.0,1000,0,0.0,17.90580156391926,0.0,299.58242365082066
0.25,0.001,0.003,0.1,1.0,1000.0,1000,0,0.0,20.131463240394357,0.0,285.33749827814916
0.25,0.001,0.003,1.0,-0.5,10.0,1000,0,0.0,6.529852131319235,0.0,136.8525107026548
0.25,0.001,0.003,1.0,-0.5,100.0,1000,0,0.0,12.290667233843719,0.0,155.66524955788677
0.25,0.001,0.003,1.0,-0.5,1000.0,1000,0,0.0,12.556731746601413,0.0,156.53504155474846
0.25,0.001,0.003,1.0,-0.2,10.0,1000,0,0.0,4.498261282708723,0.0,33.06014361236436
0.25,0.001,0.003,1.0,-0.2,100.0,1000,0,0.0,10.49364871054447,0.0,264.5341599199742
0.25,0.001,0.003,1.0,-0.2,1000.0,1000,0,0.0,15.183907936707383,0.0,335.67585030140754
0.25,0.001,0.003,1.0,-0.1,10.0,1000,0,0.0,8.120784187599293,0.0,249.53452835461886
0.25,0.001,0.003,1.0,-0.1,100.0,1000,0,0.0,10.420464376730582,0.0,259.153356150609
0.25,0.001,0.003,1.0,-0.1,1000.0,1000,0,0.0,12.934312601509939,0.0,257.5178350039118
0.25,0.001,0.003,1.0,0.0,10.0,1000,0,0.0,5.240628682730445,0.0,53.21193550757901
0.25,0.001,0.003,1.0,0.0,100.0,1000,0,0.0,10.75313315701637,0.0,237.07377381600546
0.25,0.001,0.003,1.0,0.0,1000.0,1000,0,0.0,13.48972666640217,0.0,348.4992454758471
0.25,0.001,0.003,1.0,0.1,10.0,1000,0,0.0,6.904664694005418,0.0,247.36100919770624
0.25,0.001,0.003,1.0,0.1,100.0,1000,0,0.0,9.250767199799256,0.0,268.47829357414497
0.25,0.001,0.003,1.0,0.1,1000.0,1000,0,0.0,12.992286692662391,0.0,320.68054490273926
0.25,0.001,0.003,1.0,0.2,10.0,1000,0,0.0,6.814058568747395,0.0,187.55221871865456
0.25,0.001,0.003,1.0,0.2,100.0,1000,0,0.0,8.818647675589355,0.0,239.8219667652961
0.25,0.001,0.003,1.0,0.2,1000.0,1000,0,0.0,9.131849438081014,0.0,190.2552197992579
0.25,0.001,0.003,1.0,0.5,10.0,1000,0,0.0,6.3279221747464165,0.0,176.39230373808965
0.25,0.001,0.003,1.0,0.5,100.0,1000,0,0.0,7.590417912554317,0.0,160.32112637346134
0.25,0.001,0.003,1.0,0.5,1000.0,1000,0,0.0,12.517951969148298,0.0,319.70880318894496
0.25,0.001,0.003,1.0,1.0,10.0,833,167,0.6292243335814649,4.978928099953456,0.04078032943991397,112.46646952781622
0.25,0.001,0.003,1.0,1.0,100.0,802,198,0.6307622353049306,5.397598570031579,0.041146044709298356,104.35847028699234
0.25,0.001,0.003,1.0,1.0,1000.0,834,166,0.6295000747853351,9.585432555751964,0.0395968788964177,250.85992074792193
0.25,0.001,0.001,1e-05,-0.5,10.0,1000,0,0.0,0.0,0.0,0.0
0.25,0.001,0.001,1e-05,-0.5,100.0,1000,0,0.0,0.0,0.0,0.0
0.25,0.001,0.001,1e-05,-0.5,1000.0,1000,0,0.0,0.0,0.0,0.0
0.25,0.001,0.001,1e-05,-0.2,10.0,1000,0,0.0,0.0,0.0,0.0
0.25,0.001,0.001,1e-05,-0.2,100.0,1000,0,0.0,0.0,0.0,0.0
0.25,0.001,0.001,1e-05,-0.2,1000.0,1000,0,0.0,0.0,0.0,0.0
0.25,0.001,0.001,1e-05,-0.1,10.0,1000,0,0.0,0.0,0.0,0.0
0.25,0.001,0.001,1e-05,-0.1,100.0,1000,0,0.0,0.0,0.0,0.0
0.25,0.001,0.001,1e-05,-0.1,1000.0,1000,0,0.0,0.0,0.0,0.0
0.25,0.001,0.001,1e-05,0.0,10.0,1000,0,0.0,0.0,0.0,0.0
0.25,0.001,0.001,1e-05,0.0,100.0,1000,0,0.0,0.0,0.0,0.0
0.25,0.001,0.001,1e-05,0.0,1000.0,1000,0,0.0,0.0,0.0,0.0
0.25,0.001,0.001,1e-05,0.1,10.0,1000,0,0.0,0.0,0.0,0.0
0.25,0.001,0.001,1e-05,0.1,100.0,1000,0,0.0,0.0,0.0,0.0
0.25,0.001,0.001,1e-05,0.1,1000.0,1000,0,0.0,0.0,0.0,0.0
0.25,0.001,0.001,1e-05,0.2,10.0,1000,0,0.0,0.0,0.0,0.0
0.25,0.001,0.001,1e-05,0.2,100.0,1000,0,0.0,0.0,0.0,0.0
0.25,0.001,0.001,1e-05,0.2,1000.0,1000,0,0.0,0.0,0.0,0.0
0.25,0.001,0.001,1e-05,0.5,10.0,1000,0,0.0,0.0,0.0,0.0
0.25,0.001,0.001,1e-05,0.5,100.0,1000,0,0.0,0.0,0.0,0.0
0.25,0.001,0.001,1e-05,0.5,1000.0,1000,0,0.0,0.0,0.0,0.0
0.25,0.001,0.001,1e-05,1.0,10.0,1000,0,0.0,0.0,0.0,0.0
0.25,0.001,0.001,1e-05,1.0,100.0,1000,0,0.0,0.0,0.0,0.0
0.25,0.001,0.001,1e-05,1.0,1000.0,1000,0,0.0,0.0,0.0,0.0
0.25,0.001,0.001,0.001,-0.5,10.0,1000,0,0.0,0.0,0.0,0.0
0.25,0.001,0.001,0.001,-0.5,100.0,1000,0,0.0,0.0,0.0,0.0
0.25,0.001,0.001,0.001,-0.5,1000.0,1000,0,0.0,0.0,0.0,0.0
0.25,0.001,0.001,0.001,-0.2,10.0,1000,0,0.0,0.0,0.0,0.0
0.25,0.001,0.001,0.001,-0.2,100.0,1000,0,0.0,0.0,0.0,0.0
0.25,0.001,0.001,0.001,-0.2,1000.0,1000,0,0.0,0.0,0.0,0.0
0.25,0.001,0.001,0.001,-0.1,10.0,1000,0,0.0,0.0,0.0,0.0
0.25,0.001,0.001,0.001,-0.1,100.0,1000,0,0.0,0.0,0.0,0.0
0.25,0.001,0.001,0.001,-0.1,1000.0,1000,0,0.0,0.0,0.0,0.0
0.25,0.001,0.001,0.001,0.0,10.0,1000,0,0.0,0.0,0.0,0.0
0.25,0.001,0.001,0.001,0.0,100.0,1000,0,0.0,0.0,0.0,0.0
0.25,0.001,0.001,0.001,0.0,1000.0,1000,0,0.0,0.0,0.0,0.0
0.25,0.001,0.001,0.001,0.1,10.0,1000,0,0.0,0.0,0.0,0.0
0.25,0.001,0.001,0.001,0.1,100.0,1000,0,0.0,0.0,0.0,0.0
0.25,0.001,0.001,0.001,0.1,1000.0,1000,0,0.0,0.0,0.0,0.0
0.25,0.001,0.001,0.001,0.2,10.0,1000,0,0.0,0.0,0.0,0.0
0.25,0.001,0.001,0.001,0.2,100.0,1000,0,0.0,0.0,0.0,0.0
0.25,0.001,0.001,0.001,0.2,1000.0,1000,0,0.0,0.0,0.0,0.0
0.25,0.001,0.001,0.001,0.5,10.0,1000,0,0.0,0.0,0.0,0.0
0.25,0.001,0.001,0.001,0.5,100.0,1000,0,0.0,0.0,0.0,0.0
0.25,0.001,0.001,0.001,0.5,1000.0,1000,0,0.0,0.0,0.0,0.0
0.25,0.001,0.001,0.001,1.0,10.0,1000,0,0.0,0.0,0.0,0.0
0.25,0.001,0.001,0.001,1.0,100.0,1000,0,0.0,0.0,0.0,0.0
0.25,0.001,0.001,0.001,1.0,1000.0,1000,0,0.0,0.0,0.0,0.0
0.25,0.001,0.001,0.1,-0.5,10.0,1000,0,0.0,0.0,0.0,0.0
0.25,0.001,0.001,0.1,-0.5,100.0,1000,0,0.0,0.0,0.0,0.0
0.25,0.001,0.001,0.1,-0.5,1000.0,1000,0,0.0,0.0,0.0,0.0
0.25,0.001,0.001,0.1,-0.2,10.0,1000,0,0.0,0.0,0.0,0.0
0.25,0.001,0.001,0.1,-0.2,100.0,1000,0,0.0,0.0,0.0,0.0
0.25,0.001,0.001,0.1,-0.2,1000.0,1000,0,0.0,0.0,0.0,0.0
0.25,0.001,0.001,0.1,-0.1,10.0,1000,0,0.0,0.0,0.0,0.0
0.25,0.001,0.001,0.1,-0.1,100.0,1000,0,0.0,0.0,0.0,0.0
0.25,0.001,0.001,0.1,-0.1,1000.0,1000,0,0.0,0.0,0.0,0.0
0.25,0.001,0.001,0.1,0.0,10.0,1000,0,0.0,0.0,0.0,0.0
0.25,0.001,0.001,0.1,0.0,100.0,1000,0,0.0,0.0,0.0,0.0
0.25,0.001,0.001,0.1,0.0,1000.0,1000,0,0.0,0.0,0.0,0.0
0.25,0.001,0.001,0.1,0.1,10.0,1000,0,0.0,0.0,0.0,0.0
0.25,0.001,0.001,0.1,0.1,100.0,1000,0,0.0,0.0,0.0,0.0
0.25,0.001,0.001,0.1,0.1,1000.0,1000,0,0.0,0.0,0.0,0.0
0.25,0.001,0.001,0.1,0.2,10.0,1000,0,0.0,0.0,0.0,0.0
0.25,0.001,0.001,0.1,0.2,100.0,1000,0,0.0,0.0,0.0,0.0
0.25,0.001,0.001,0.1,0.2,1000.0,1000,0,0.0,0.0,0.0,0.0
0.25,0.001,0.001,0.1,0.5,10.0,1000,0,0.0,0.0,0.0,0.0
0.25,0.001,0.001,0.1,0.5,100.0,1000,0,0.0,0.0,0.0,0.0
0.25,0.001,0.001,0.1,0.5,1000.0,1000,0,0.0,0.0,0.0,0.0
0.25,0.001,0.001,0.1,1.0,10.0,1000,0,0.0,0.0,0.0,0.0
0.25,0.001,0.001,0.1,1.0,100.0,1000,0,0.0,37.77795594417445,0.0,0.0
0.25,0.001,0.001,0.1,1.0,1000.0,1000,0,0.0,36.1910922251354,0.0,49.22022223107613
0.25,0.001,0.001,1.0,-0.5,10.0,1000,0,0.0,0.0,0.0,0.0
0.25,0.001,0.001,1.0,-0.5,100.0,1000,0,0.0,0.0,0.0,0.0
0.25,0.001,0.001,1.0,-0.5,1000.0,1000,0,0.0,0.0,0.0,0.0
0.25,0.001,0.001,1.0,-0.2,10.0,1000,0,0.0,50.955937468557174,0.0,1261.6974818328406
0.25,0.001,0.001,1.0,-0.2,100.0,1000,0,0.0,10.76761755658877,0.0,20.338180480787155
0.25,0.001,0.001,1.0,-0.2,1000.0,1000,0,0.0,88.99210666660369,0.0,1079.866914043776
0.25,0.001,0.001,1.0,-0.1,10.0,1000,0,0.0,8.36957242792175,0.0,16.977981639710453
0.25,0.001,0.001,1.0,-0.1,100.0,1000,0,0.0,14.28092910834025,0.0,89.66498215336318
0.25,0.001,0.001,1.0,-0.1,1000.0,1000,0,0.0,31.897028395136985,0.0,629.8273058762811
0.25,0.001,0.001,1.0,0.0,10.0,1000,0,0.0,15.611733267758344,0.0,43.146652287301634
0.25,0.001,0.001,1.0,0.0,100.0,1000,0,0.0,17.80208845543161,0.0,565.6454254012864
0.25,0.001,0.001,1.0,0.0,1000.0,1000,0,0.0,20.880911819373555,0.0,343.73711414057925
0.25,0.001,0.001,1.0,0.1,10.0,1000,0,0.0,24.173829739283228,0.0,562.1681149118186
0.25,0.001,0.001,1.0,0.1,100.0,1000,0,0.0,17.315492395438707,0.0,359.5297411162667
0.25,0.001,0.001,1.0,0.1,1000.0,1000,0,0.0,22.682714248949917,0.0,606.3231229748825
0.25,0.001,0.001,1.0,0.2,10.0,1000,0,0.0,23.070691615488972,0.0,422.29919198818493
0.25,0.001,0.001,1.0,0.2,100.0,1000,0,0.0,19.68551800107442,0.0,569.0636440128828
0.25,0.001,0.001,1.0,0.2,1000.0,1000,0,0.0,22.72464482001297,0.0,682.2201648393878
0.25,0.001,0.001,1.0,0.5,10.0,877,123,0.5224311227043269,20.123786699599684,0.024542569870637646,239.8089837749273
0.25,0.001,0.001,1.0,0.5,100.0,748,252,0.5187168962302702,16.917396352024014,0.027310892079205035,557.9529462671193
0.25,0.001,0.001,1.0,0.5,1000.0,718,282,0.5244291742727785,19.47551971978528,0.025303908448136892,719.6963311218589
0.25,0.001,0.001,1.0,1.0,10.0,555,445,0.6716994148863757,15.939496253689784,0.0056665450724693416,151.26899219768214
0.25,0.001,0.001,1.0,1.0,100.0,338,662,0.6753527113679848,10.965257244960162,0.004659470239855739,369.7013333240671
0.25,0.001,0.001,1.0,1.0,1000.0,231,769,0.6671541301207375,10.235211924557914,0.004908920395453879,309.4253956154595
0.25,0.1,0.0003,1e-05,-0.5,10.0,129,871,0.30657283094031124,513.5378992565029,0.0023272706295738277,57327.812437562956
0.25,0.1,0.0003,1e-05,-0.5,100.0,1,999,0.30518678726798554,399.8175107593478,0.0022432623391602773,75393.29863167895
0.25,0.1,0.0003,1e-05,-0.5,1000.0,0,1000,0.3046794779812499,0.6681438734731455,0.002169003363974747,0.016692537470061535
0.25,0.1,0.0003,1e-05,-0.2,10.0,141,859,0.3028587175082022,508.83831078311744,0.0020333355117881724,58466.35573707473
0.25,0.1,0.0003,1e-05,-0.2,100.0,1,999,0.30384504258514106,425.3820406188232,0.002099342356719245,78465.69054873574
0.25,0.1,0.0003,1e-05,-0.2,1000.0,1,999,0.30517213626067563,0.6698732303558509,0.0021928454013202853,0.016762508475853772
0.25,0.1,0.0003,1e-05,-0.1,10.0,113,887,0.30546821367208166,531.8925122811681,0.0021958631858872567,58496.71226079205
0.25,0.1,0.0003,1e-05,-0.1,100.0,1,999,0.3046841739049507,411.602440751618,0.002068107819389421,77728.00125752867
0.25,0.1,0.0003,1e-05,-0.1,1000.0,0,1000,0.30403938786689205,0.6645843722570075,0.00221515450307119,0.014979035188313774
0.25,0.1,0.0003,1e-05,0.0,10.0,115,885,0.30589168210359563,514.1742571712375,0.0022397669606953005,56349.99736130751
0.25,0.1,0.0003,1e-05,0.0,100.0,0,1000,0.30378017091417414,404.41343806122256,0.0022080405481817163,69422.71832810275
0.25,0.1,0.0003,1e-05,0.0,1000.0,0,1000,0.30615017841936315,0.6752007470098674,0.002213117773343561,0.016224745412754024
0.25,0.1,0.0003,1e-05,0.1,10.0,159,841,0.3037345167209109,513.2217660470861,0.00273734100937192,58727.49771148338
0.25,0.1,0.0003,1e-05,0.1,100.0,0,1000,0.30647793134823625,397.7760441159446,0.0021829863685540072,69618.67455520919
0.25,0.1,0.0003,1e-05,0.1,1000.0,0,1000,0.30522650566092685,0.6704062092738025,0.0021113882298403447,0.01675940227557583
0.25,0.1,0.0003,1e-05,0.2,10.0,130,870,0.30653826014317315,512.4993170426062,0.0021024933342798082,59229.748429287385
0.25,0.1,0.0003,1e-05,0.2,100.0,1,999,0.3037377937196908,402.0770499518944,0.002288701821221305,72250.42038003803
0.25,0.1,0.0003,1e-05,0.2,1000.0,0,1000,0.3029136449293217,0.663718636230217,0.0020327909763954892,0.0160347798478683
0.25,0.1,0.0003,1e-05,0.5,10.0,108,892,0.30502285434288195,499.62967979635414,0.002398775095430238,55725.13507754176
0.25,0.1,0.0003,1e-05,0.5,100.0,0,1000,0.30316723425542763,430.1136905248666,0.002287477572212591,79819.47455607085
0.25,0.1,0.0003,1e-05,0.5,1000.0,0,1000,0.30466124711976883,0.6710982365216465,0.002289983754256138,0.01529207645211634
0.25,0.1,0.0003,1e-05,1.0,10.0,116,884,0.3035572768719164,507.3246915806916,0.0020994935319950782,55269.7982076928
0.25,0.1,0.0003,1e-05,1.0,100.0,1,999,0.30315351701066895,431.4221704662615,0.0022131865830992714,73171.8309855055
0.25,0.1,0.0003,1e-05,1.0,1000.0,1,999,0.3027059629686894,0.6745917748493394,0.002259616432058011,0.01533798936794752
0.25,0.1,0.0003,0.001,-0.5,10.0,133,867,0.3028345392048935,520.8206428728872,0.002184997735224095,56600.9180561799
0.25,0.1,0.0003,0.001,-0.5,100.0,0,1000,0.30707538500215753,412.9388493540702,0.0023177093821612443,72661.44337759975
0.25,0.1,0.0003,0.001,-0.5,1000.0,1,999,0.3038270249977678,0.6738986766673035,0.002173781374348237,0.01812987476165181
0.25,0.1,0.0003,0.001,-0.2,10.0,146,854,0.3071611757755592,523.0015949115382,0.002146351274172547,59234.13850764168
0.25,0.1,0.0003,0.001,-0.2,100.0,0,1000,0.30441134589081625,417.1203494856953,0.002061796529641688,70925.81270972287
0.25,0.1,0.0003,0.001,-0.2,1000.0,4,996,0.3049223716414171,0.6662817287113063,0.0021937277487942023,0.015514474854907513
0.25,0.1,0.0003,0.001,-0.1,10.0,111,889,0.304989314846824,519.6840674815619,0.0021903854624050908,56028.96037306875
0.25,0.1,0.0003,0.001,-0.1,100.0,0,1000,0.30453443317590057,424.5327272572255,0.002196483009632444,75308.75932876034
0.25,0.1,0.0003,0.001,-0.1,1000.0,1,999,0.3017865836873424,0.6668907661144156,0.0023278340264794566,0.015381448611260857
0.25,0.1,0.0003,0.001,0.0,10.0,119,881,0.3043579296292966,505.5299280176487,0.0021421007055246414,55694.82446113987
0.25,0.1,0.0003,0.001,0.0,100.0,0,1000,0.3064502613651704,426.9664997541613,0.002221280289739807,78347.67355428704
0.25,0.1,0.0003,0.001,0.0,1000.0,1,999,0.30703667449822913,0.6619435651036238,0.0021941451876895473,0.016070395101586477
0.25,0.1,0.0003,0.001,0.1,10.0,127,873,0.30668183727584886,521.9984012003501,0.0023383769505864664,55400.171643551315
0.25,0.1,0.0003,0.001,0.1,100.0,0,1000,0.30645903036656386,415.2363122873652,0.002068603908853901,75836.62028471309
0.25,0.1,0.0003,0.001,0.1,1000.0,0,1000,0.30449287936133396,0.6667939119056999,0.002239544789695448,0.015890047004333503
0.25,0.1,0.0003,0.001,0.2,10.0,120,880,0.30545411556739993,521.7537888980663,0.002171172707111232,54781.1897184134
0.25,0.1,0.0003,0.001,0.2,100.0,4,996,0.30477690667567836,420.5430689545815,0.0022289847680457453,71094.89900249658
0.25,0.1,0.0003,0.001,0.2,1000.0,2,998,0.30406425434476786,0.6730470182576082,0.00220946977031902,0.015115860164625914
0.25,0.1,0.0003,0.001,0.5,10.0,111,889,0.3036018441768507,502.1631957100366,0.002047062284883428,55994.212860426094
0.25,0.1,0.0003,0.001,0.5,100.0,0,1000,0.30392941743514323,428.7033071819071,0.002167767791309191,79658.43675691455
0.25,0.1,0.0003,0.001,0.5,1000.0,0,1000,0.30529563049116953,0.6648023483343334,0.0022628533331710762,0.0155082215477898
0.25,0.1,0.0003,0.001,1.0,10.0,113,887,0.30727992367362816,523.9519918618294,0.0022488684322226234,53398.70839271622
0.25,0.1,0.0003,0.001,1.0,100.0,1,999,0.3054911346489919,420.6479239725214,0.0020933362726393893,75001.78783317358
0.25,0.1,0.0003,0.001,1.0,1000.0,0,1000,0.3037082422031187,0.6746958945880639,0.002227571781663545,0.017622435958889692
0.25,0.1,0.0003,0.1,-0.5,10.0,172,828,0.2767598408272092,541.8531300798106,0.004313142205412237,64334.840736336635
0.25,0.1,0.0003,0.1,-0.5,100.0,20,980,0.2778246955689795,491.7469718373261,0.0038009280987105253,94706.96543638867
0.25,0.1,0.0003,0.1,-0.5,1000.0,8,992,0.27491974214152154,0.6831214112992732,0.004002753866308645,0.018787840249381012
0.25,0.1,0.0003,0.1,-0.2,10.0,139,861,0.29220869159820195,531.1179796475326,0.0029927440204182794,60023.14547863922
0.25,0.1,0.0003,0.1,-0.2,100.0,1,999,0.29284001205410587,455.13980802373476,0.0029553452509482906,82535.78908689706
0.25,0.1,0.0003,0.1,-0.2,1000.0,1,999,0.29346634847372716,0.6825808474131463,0.002774407657721248,0.018521088878632675
0.25,0.1,0.0003,0.1,-0.1,10.0,153,847,0.2976581342427428,520.0725300935059,0.0031415333577925228,59040.140990196036
0.25,0.1,0.0003,0.1,-0.1,100.0,1,999,0.2971710602255274,413.63551146849045,0.0030577599365286803,73211.41623831444
0.25,0.1,0.0003,0.1,-0.1,1000.0,2,998,0.29714897817800046,0.6737555397142239,0.0028773234297846933,0.016609082506019484
0.25,0.1,0.0003,0.1,0.0,10.0,138,862,0.3066782513706997,470.08153246468726,0.003102136958523143,52674.48624565046
0.25,0.1,0.0003,0.1,0.0,100.0,0,1000,0.30604933499855325,336.5332668327795,0.002935970589723572,61514.28550530689
0.25,0.1,0.0003,0.1,0.0,1000.0,1,999,0.3043573000479083,0.6711954713476322,0.00269125459058129,0.01628470507173845
0.25,0.1,0.0003,0.1,0.1,10.0,124,876,0.3085995916024647,416.09980103840314,0.002673325395795474,49503.20842775786
0.25,0.1,0.0003,0.1,0.1,100.0,1,999,0.30882977046931404,289.3078159121572,0.002787193242626735,52750.16461748899
0.25,0.1,0.0003,0.1,0.1,1000.0,0,1000,0.30920329164849436,0.6664572763169494,0.0026095766139768704,0.015904416917236756
0.25,0.1,0.0003,0.1,0.2,10.0,114,886,0.3146450105633894,367.5637571679657,0.0029108644006090004,38465.933059226445
0.25,0.1,0.0003,0.1,0.2,100.0,1,999,0.3141004652355123,248.21720857721616,0.002780860737159689,42679.14538430171
0.25,0.1,0.0003,0.1,0.2,1000.0,0,1000,0.31858349285423027,0.6688205026637226,0.0026487865401059424,0.018294009956409233
0.25,0.1,0.0003,0.1,0.5,10.0,106,894,0.3260386584092016,257.23441690502176,0.0026272448444853874,17518.88178184898
0.25,0.1,0.0003,0.1,0.5,100.0,0,1000,0.3272640294682063,129.28741247527404,0.0026474368978944528,12275.36285317395
0.25,0.1,0.0003,0.1,0.5,1000.0,0,1000,0.33092111603407703,0.6631717731747954,0.002493409124969084,0.01590312416061711
0.25,0.1,0.0003,0.1,1.0,10.0,87,913,0.348646389640017,170.4615847265513,0.002087590088471646,4514.81886458169
0.25,0.1,0.0003,0.1,1.0,100.0,0,1000,0.3473819434646898,69.44135365049966,0.0022963352022731024,2935.150826028137
0.25,0.1,0.0003,0.1,1.0,1000.0,0,1000,0.34471538581445954,0.6455937108899066,0.0020979562329734797,0.014988829330703309
0.25,0.1,0.0003,1.0,-0.5,10.0,999,1,0.16666666666666666,0.0,0.0,0.0
0.25,0.1,0.0003,1.0,-0.5,100.0,994,6,0.10383597883597884,0.0,0.015108847036757087,0.0
0.25,0.1,0.0003,1.0,-0.5,1000.0,993,7,0.07585034013605442,0.8808142108011732,0.010369984728585312,0.08164214634136709
0.25,0.1,0.0003,1.0,-0.2,10.0,695,305,0.21707624577348472,207.80654891333683,0.018716423459419738,51.19955348055259
0.25,0.1,0.0003,1.0,-0.2,100.0,521,479,0.2208939565408363,174.73692434513484,0.021665644150656464,81804.3060014002
0.25,0.1,0.0003,1.0,-0.2,1000.0,486,514,0.21867375259190797,0.7284494884058946,0.024637357586249572,0.036053034634219834
0.25,0.1,0.0003,1.0,-0.1,10.0,355,645,0.2558540518719162,542.5204072336867,0.015831999031025213,62103.838241077276
0.25,0.1,0.0003,1.0,-0.1,100.0,118,882,0.24733777665023834,379.89478252180027,0.014455561564781394,90730.39548423789
0.25,0.1,0.0003,1.0,-0.1,1000.0,86,914,0.2479528741183888,0.7011831538336594,0.01296857851473263,0.03138441017274546
0.25,0.1,0.0003,1.0,0.0,10.0,172,828,0.3033773783664917,238.53216053674205,0.008795984093869887,15584.34452992521
0.25,0.1,0.0003,1.0,0.0,100.0,3,997,0.30315887660632446,100.94724382837867,0.009170815461890287,12428.10631568442
0.25,0.1,0.0003,1.0,0.0,1000.0,6,994,0.3078776936930385,0.681662654086904,0.009618045726052075,0.026398657215117298
0.25,0.1,0.0003,1.0,0.1,10.0,129,871,0.3544940180848166,123.85208036385399,0.006882182162442227,2652.8496938101753
0.25,0.1,0.0003,1.0,0.1,100.0,0,1000,0.3541752567133671,29.037755944827534,0.006877029449564826,589.7839190970323
0.25,0.1,0.0003,1.0,0.1,1000.0,0,1000,0.35095460587828625,0.6448005690702974,0.007204659767952792,0.021415965138325468
0.25,0.1,0.0003,1.0,0.2,10.0,96,904,0.41284777187414734,81.713321889971,0.006053278287686768,999.164250511545
0.25,0.1,0.0003,1.0,0.2,100.0,0,1000,0.41052178661257904,15.143918328247823,0.005662480277952735,110.95119319164087
0.25,0.1,0.0003,1.0,0.2,1000.0,0,1000,0.4119352328159388,0.6131565711059448,0.005061061821492344,0.018663990067359207
0.25,0.1,0.0003,1.0,0.5,10.0,59,941,0.5320242503046038,48.79354736881768,0.002707818141799538,370.05377265027
0.25,0.1,0.0003,1.0,0.5,100.0,0,1000,0.5340129331370007,6.445334337808984,0.0027187199697541564,7.565846452863021
0.25,0.1,0.0003,1.0,0.5,1000.0,0,1000,0.5329512674894361,0.5557062305877865,0.002859061015151296,0.01390559792589751
0.25,0.1,0.0003,1.0,1.0,10.0,21,979,0.6299910083546326,34.279456620021065,0.0016224736491873496,144.84856780196202
0.25,0.1,0.0003,1.0,1.0,100.0,0,1000,0.629739358001053,3.69251458994925,0.0015546928625329395,1.3507842094469953
0.25,0.1,0.0003,1.0,1.0,1000.0,0,1000,0.6298918718102352,0.4892377677727128,0.0015345497370950517,0.008989148509599912
0.25,0.1,0.0001,1e-05,-0.5,10.0,121,879,0.3067557231340636,740.8156962720726,0.000648130776679211,0.0
0.25,0.1,0.0001,1e-05,-0.5,100.0,0,1000,0.30563487859793026,721.8487174476813,0.000660243884534928,64583.69974653762
0.25,0.1,0.0001,1e-05,-0.5,1000.0,0,1000,0.30332422385882873,2.9633705850649275,0.00069590100812324,0.3578414493140643
0.25,0.1,0.0001,1e-05,-0.2,10.0,103,897,0.3044021885959356,523.5788212012187,0.0006198994948223984,52037.57298541026
0.25,0.1,0.0001,1e-05,-0.2,100.0,0,1000,0.3050101993741311,485.813580731172,0.0006892538053058366,103341.03561190647
0.25,0.1,0.0001,1e-05,-0.2,1000.0,0,1000,0.30446494831272963,2.9755597526221322,0.0006155760963468343,0.4009128955777942
0.25,0.1,0.0001,1e-05,-0.1,10.0,104,896,0.30462441676915325,620.9115182166406,0.0005985743324193277,21698.877832426868
0.25,0.1,0.0001,1e-05,-0.1,100.0,0,1000,0.30516253376383884,217.60966046488332,0.0006797781416714226,0.0
0.25,0.1,0.0001,1e-05,-0.1,1000.0,0,1000,0.30469418883655147,3.0507099265296156,0.0006636336448391949,0.4397966131912665
0.25,0.1,0.0001,1e-05,0.0,10.0,102,898,0.3045336059524563,660.3096450436614,0.0007171274853219519,0.0
0.25,0.1,0.0001,1e-05,0.0,100.0,0,1000,0.30468877257852706,702.2776734038451,0.0006882515125086621,14828.296116748059
0.25,0.1,0.0001,1e-05,0.0,1000.0,0,1000,0.30456259421182624,2.9586787232477234,0.0007006003949814455,0.33976953859670517
0.25,0.1,0.0001,1e-05,0.1,10.0,105,895,0.3044074875198467,765.9279504169733,0.0006610250160132249,20007.415047940347
0.25,0.1,0.0001,1e-05,0.1,100.0,0,1000,0.30653733322305954,806.1638775410671,0.0006689646569365223,8440.240096120222
0.25,0.1,0.0001,1e-05,0.1,1000.0,0,1000,0.30498916875573545,2.978899169819639,0.0006551112542819337,0.36584824574924063
0.25,0.1,0.0001,1e-05,0.2,10.0,112,888,0.3034057340468813,772.086660314794,0.0006156447220471815,16706.8835969968
0.25,0.1,0.0001,1e-05,0.2,100.0,0,1000,0.30548131429341197,841.3594918779709,0.0006320035203112171,2095.15159119886
0.25,0.1,0.0001,1e-05,0.2,1000.0,0,1000,0.306119328301589,2.950602495739272,0.0006599316877680204,0.3329353808800556
0.25,0.1,0.0001,1e-05,0.5,10.0,103,897,0.30448284661795505,654.818178830317,0.0006618661054981518,90840.49253377247
0.25,0.1,0.0001,1e-05,0.5,100.0,0,1000,0.30576157391674963,611.4099484427163,0.0006738147178916513,40647.967478251914
0.25,0.1,0.0001,1e-05,0.5,1000.0,0,1000,0.3041728756173744,2.9988524133418157,0.0006578804944106103,0.4532191044986627
0.25,0.1,0.0001,1e-05,1.0,10.0,98,902,0.3056001350552366,0.0,0.0006681669023266243,0.0
0.25,0.1,0.0001,1e-05,1.0,100.0,0,1000,0.30322403359760924,617.5970791422533,0.0006545892324499738,7776.536845317128
0.25,0.1,0.0001,1e-05,1.0,1000.0,0,1000,0.3032677679502824,2.956973471076072,0.0006727000027131941,0.3521878082905296
0.25,0.1,0.0001,0.001,-0.5,10.0,104,896,0.3032134801268553,559.1608190967498,0.0007268599647972815,41971.47119627341
0.25,0.1,0.0001,0.001,-0.5,100.0,0,1000,0.30510871398217615,0.0,0.0006469571805910521,0.0
0.25,0.1,0.0001,0.001,-0.5,1000.0,0,1000,0.30312624354005996,2.9858464053455926,0.0006613510912953737,0.3623932013367419
0.25,0.1,0.0001,0.001,-0.2,10.0,102,898,0.306018439171727,641.365548595238,0.0007225729948889904,50616.32023585886
0.25,0.1,0.0001,0.001,-0.2,100.0,0,1000,0.30500972254052083,738.3360841489762,0.0006827870719969398,43548.787397556895
0.25,0.1,0.0001,0.001,-0.2,1000.0,0,1000,0.30431357858420777,3.0027747926544217,0.0006730650803459946,0.4178552912848215
0.25,0.1,0.0001,0.001,-0.1,10.0,106,894,0.30438438882693375,769.2729211032802,0.0006743330352418465,49551.53898518657
0.25,0.1,0.0001,0.001,-0.1,100.0,0,1000,0.3053041967595982,136.12165541252602,0.0007096706287521828,0.0
0.25,0.1,0.0001,0.001,-0.1,1000.0,0,1000,0.3055848554789692,2.9757092058789194,0.0006790436758397566,0.3866968666935771
0.25,0.1,0.0001,0.001,0.0,10.0,111,889,0.30588148820946537,851.6093494999586,0.0006518655735299006,0.0
0.25,0.1,0.0001,0.001,0.0,100.0,0,1000,0.3050718700784912,753.7552058334172,0.0006878392781914591,14084.081680449279
0.25,0.1,0.0001,0.001,0.0,1000.0,0,1000,0.30579236858024256,2.96544706338953,0.0006499493833609639,0.3711158963219701
0.25,0.1,0.0001,0.001,0.1,10.0,106,894,0.30586835045195854,477.78114595135185,0.0006154013415658511,3626.792616772468
0.25,0.1,0.0001,0.001,0.1,100.0,0,1000,0.30550390493497376,737.5610832373503,0.0007084945321841536,3913.5670493551943
0.25,0.1,0.0001,0.001,0.1,1000.0,0,1000,0.3050350938893176,2.965518992379698,0.0006861676928113832,0.37622796721214263
0.25,0.1,0.0001,0.001,0.2,10.0,106,894,0.3060660519010397,680.6721395036665,0.0006745326127029036,45520.223734813015
0.25,0.1,0.0001,0.001,0.2,100.0,0,1000,0.30320642390755054,609.5148636341446,0.0006759663878660464,78628.24428644823
0.25,0.1,0.0001,0.001,0.2,1000.0,0,1000,0.3044551120479546,2.9877078430606123,0.000672893968441343,0.3808349222847272
0.25,0.1,0.0001,0.001,0.5,10.0,102,898,0.30497628539288657,464.75280163732765,0.0006526607906739006,0.0
0.25,0.1,0.0001,0.001,0.5,100.0,0,1000,0.3059115489986568,0.0,0.000654711935399358,0.0
0.25,0.1,0.0001,0.001,0.5,1000.0,0,1000,0.30443609841602637,2.957627754343646,0.0006943123554940458,0.35084189603078814
0.25,0.1,0.0001,0.001,1.0,10.0,104,896,0.30699968200671507,846.9753047883978,0.0006286845441224684,0.0
0.25,0.1,0.0001,0.001,1.0,100.0,0,1000,0.30507611729853906,768.7735567819494,0.0007002863932294985,15540.472940111673
0.25,0.1,0.0001,0.001,1.0,1000.0,0,1000,0.3058304235418124,2.968525177145797,0.0007026814904022005,0.35533120640141536
0.25,0.1,0.0001,0.1,-0.5,10.0,167,833,0.27417762119379463,0.0,0.0009398917154627626,0.0
0.25,0.1,0.0001,0.1,-0.5,100.0,0,1000,0.27398208526158363,0.0,0.0009732607508775038,0.0
0.25,0.1,0.0001,0.1,-0.5,1000.0,0,1000,0.2735334667097917,3.5672289548237974,0.0009026372904975191,1.1836508990999492
0.25,0.1,0.0001,0.1,-0.2,10.0,130,870,0.2918998306029616,0.0,0.0009931192945523517,0.0
0.25,0.1,0.0001,0.1,-0.2,100.0,0,1000,0.2929554256495303,0.0,0.0009590887841904822,0.0
0.25,0.1,0.0001,0.1,-0.2,1000.0,0,1000,0.2928219903794061,3.1427409131998156,0.0009396048213776108,0.6574888671686945
0.25,0.1,0.0001,0.1,-0.1,10.0,117,883,0.29775861760317224,643.6847221499389,0.0008522401350606046,20696.652144305313
0.25,0.1,0.0001,0.1,-0.1,100.0,0,1000,0.29745709183074304,620.6199965601677,0.00087996827476576,0.0
0.25,0.1,0.0001,0.1,-0.1,1000.0,0,1000,0.29910142307180293,3.077374110494576,0.0009368680677419232,0.5099686475491143
0.25,0.1,0.0001,0.1,0.0,10.0,116,884,0.30482124001544386,631.8948548223709,0.0010287507973457378,61742.09390529023
0.25,0.1,0.0001,0.1,0.0,100.0,0,1000,0.3041694587577339,655.6291895424624,0.0008918044918546544,25936.779432202915
0.25,0.1,0.0001,0.1,0.0,1000.0,0,1000,0.3053049271988759,2.9758289181322617,0.0009113674639506498,0.4263378526043572
0.25,0.1,0.0001,0.1,0.1,10.0,116,884,0.3116664110963691,615.5453529260575,0.0008316823807972286,41437.45867225099
0.25,0.1,0.0001,0.1,0.1,100.0,0,1000,0.3105635325975194,614.1908644170852,0.0008616759113997581,67923.25069300446
0.25,0.1,0.0001,0.1,0.1,1000.0,0,1000,0.31052005216163464,2.898962475934631,0.0009084025045176751,0.3731533267558963
0.25,0.1,0.0001,0.1,0.2,10.0,94,906,0.3163134992261011,607.1238849592072,0.0007828914069536422,49960.428655748176
0.25,0.1,0.0001,0.1,0.2,100.0,0,1000,0.3165857540714936,552.2558860904276,0.0008100355142266738,65763.73820239086
0.25,0.1,0.0001,0.1,0.2,1000.0,0,1000,0.31426871893292374,2.837197906578831,0.0007736399434318185,0.39661847184129456
0.25,0.1,0.0001,0.1,0.5,10.0,93,907,0.3297577620569361,519.26412134724,0.0007310251591981615,46448.00507019739
0.25,0.1,0.0001,0.1,0.5,100.0,0,1000,0.3301406769031143,452.39517920999674,0.0007658474627876257,56747.56214012883
0.25,0.1,0.0001,0.1,0.5,1000.0,0,1000,0.3284881679158985,2.671650190451694,0.0008030362510982643,0.25207278194327426
0.25,0.1,0.0001,0.1,1.0,10.0,73,927,0.34764306536659745,253.6790534857734,0.0007290360740823956,7384.492459744948
0.25,0.1,0.0001,0.1,1.0,100.0,0,1000,0.3475122966248027,178.65662154243384,0.0007914439805216749,6734.032068610653
0.25,0.1,0.0001,0.1,1.0,1000.0,0,1000,0.34779687439332563,2.4653519011471468,0.0007349554715445028,0.16108728896957658
0.25,0.1,0.0001,1.0,-0.5,10.0,992,8,0.108805765993266,0.0,0.03565411215191867,0.0
0.25,0.1,0.0001,1.0,-0.5,100.0,956,44,0.13151323445980628,0.0,0.01877214782769241,0.0
0.25,0.1,0.0001,1.0,-0.5,1000.0,939,61,0.15146041676979238,0.0,0.035691891655935476,0.0
0.25,0.1,0.0001,1.0,-0.2,10.0,415,585,0.20557598401612573,0.0,0.004274441471243122,0.0
0.25,0.1,0.0001,1.0,-0.2,100.0,20,980,0.21291758577856437,0.0,0.005847777903879136,0.0
0.25,0.1,0.0001,1.0,-0.2,1000.0,11,989,0.20993476897174163,4.752494810671736,0.00486299088269311,3.496287532560727
0.25,0.1,0.0001,1.0,-0.1,10.0,255,745,0.24944242838858421,0.0,0.0033821599709883982,0.0
0.25,0.1,0.0001,1.0,-0.1,100.0,1,999,0.25427058402231734,0.0,0.0034082400057678527,0.0
0.25,0.1,0.0001,1.0,-0.1,1000.0,0,1000,0.2482442690254549,4.143138661199241,0.0031319068560433073,5.153982795461806
0.25,0.1,0.0001,1.0,0.0,10.0,139,861,0.3031763618210696,528.2432110195531,0.0026832994705782245,47599.248530559256
0.25,0.1,0.0001,1.0,0.0,100.0,0,1000,0.30592773126775014,476.6670284352619,0.0026779367912679636,57595.26653014587
0.25,0.1,0.0001,1.0,0.0,1000.0,0,1000,0.3046400072907157,2.9216859307063645,0.0027895311641428044,0.8128021861999336
0.25,0.1,0.0001,1.0,0.1,10.0,104,896,0.35907787130038,167.62655594055377,0.0022700615989533894,2097.2985992532335
0.25,0.1,0.0001,1.0,0.1,100.0,0,1000,0.36052833403591705,90.75289692670643,0.002240343843741318,823.6363371916276
0.25,0.1,0.0001,1.0,0.1,1000.0,0,1000,0.35896582445153247,2.391040634316768,0.0021098081965139,0.2938144384227255
0.25,0.1,0.0001,1.0,0.2,10.0,97,903,0.4150439234960959,111.4496126679981,0.0016457176113378535,965.8784800781904
0.25,0.1,0.0001,1.0,0.2,100.0,0,1000,0.4163066939955924,50.08606625470314,0.0018679160357251965,147.96305859609328
0.25,0.1,0.0001,1.0,0.2,1000.0,0,1000,0.41338415617127255,2.0645518778250893,0.001714831906383379,0.1484115243618107
0.25,0.1,0.0001,1.0,0.5,10.0,35,965,0.5350412796957117,66.15536782714243,0.0009552806040251006,315.80252839394785
0.25,0.1,0.0001,1.0,0.5,100.0,0,1000,0.5353111847524631,24.265823293509257,0.001012883547232452,22.39591934937259
0.25,0.1,0.0001,1.0,0.5,1000.0,0,1000,0.5363251184583744,1.5924735987767002,0.0009087150828760317,0.0614827486349249
0.25,0.1,0.0001,1.0,1.0,10.0,20,980,0.63094367011277,47.46625983722878,0.0004866581720925887,126.14305480004853
0.25,0.1,0.0001,1.0,1.0,100.0,0,1000,0.62951265083915,15.726160505935022,0.0004859391736134975,7.488748847942675
0.25,0.1,0.0001,1.0,1.0,1000.0,0,1000,0.6298698715960943,1.2155039950838666,0.0004932676380970434,0.022547819448762104
0.25,0.1,0.003,1e-05,-0.5,10.0,998,2,0.2403846153846154,29.92840139123551,9.245562130177502e-05,1142.559849958238
0.25,0.1,0.003,1e-05,-0.5,100.0,999,1,0.35714285714285715,0.7118757700112506,0.0,0.23589883015419758
0.25,0.1,0.003,1e-05,-0.5,1000.0,996,4,0.40625,0.06163005246768904,0.1513671875,0.0012028408046097436
0.25,0.1,0.003,1e-05,-0.2,10.0,1000,0,0.0,28.508639498822983,0.0,968.4337960231148
0.25,0.1,0.003,1e-05,-0.2,100.0,1000,0,0.0,0.7011385894226266,0.0,0.2015816557397156
0.25,0.1,0.003,1e-05,-0.2,1000.0,998,2,0.4307692307692308,0.06120597707264083,0.0009467455621301776,0.001163393874247055
0.25,0.1,0.003,1e-05,-0.1,10.0,998,2,0.2777777777777778,31.7169903928832,0.0771604938271605,1230.0410799653553
0.25,0.1,0.003,1e-05,-0.1,100.0,996,4,0.3970238095238095,0.7086167227994176,0.010185303287981859,0.20359857111070367
0.25,0.1,0.003,1e-05,-0.1,1000.0,999,1,0.4,0.06489720612461009,0.0,0.0013052832472334967
0.25,0.1,0.003,1e-05,0.0,10.0,996,4,0.4151785714285714,30.2493563588028,0.008191167091836735,1027.3669295989744
0.25,0.1,0.003,1e-05,0.0,100.0,999,1,0.4,0.7091895426870753,0.0,0.20451898604062796
0.25,0.1,0.003,1e-05,0.0,1000.0,994,6,0.34220779220779224,0.06306216921675424,0.03369300612807106,0.0012523974024130264
0.25,0.1,0.003,1e-05,0.1,10.0,1000,0,0.0,30.39345995436618,0.0,1175.5116776863536
0.25,0.1,0.003,1e-05,0.1,100.0,996,4,0.35,0.7052991557910525,0.014722222222222223,0.1973870117753026
0.25,0.1,0.003,1e-05,0.1,1000.0,1000,0,0.0,0.06207111285760703,0.0,0.001175563126355546
0.25,0.1,0.003,1e-05,0.2,10.0,998,2,0.8333333333333333,30.39442144093198,0.027777777777777783,1223.5434810492256
0.25,0.1,0.003,1e-05,0.2,100.0,998,2,0.2,0.7344650560980008,0.04000000000000001,0.2361966974252472
0.25,0.1,0.003,1e-05,0.2,1000.0,999,1,0.4444444444444444,0.06432633272720654,0.0,0.0013122187815018899
0.25,0.1,0.003,1e-05,0.5,10.0,998,2,0.21666666666666667,31.90600453149335,0.013611111111111109,1159.559179481679
0.25,0.1,0.003,1e-05,0.5,100.0,999,1,0.4,0.7164004418984022,0.0,0.2789247988819377
0.25,0.1,0.003,1e-05,0.5,1000.0,996,4,0.28125,0.06052040480989229,0.0341796875,0.0010471452488903226
0.25,0.1,0.003,1e-05,1.0,10.0,999,1,0.5,29.114477866877902,0.0,1087.0662233454018
0.25,0.1,0.003,1e-05,1.0,100.0,999,1,0.35294117647058826,0.7151016087210723,0.0,0.2558598811305663
0.25,0.1,0.003,1e-05,1.0,1000.0,999,1,0.5,0.06097180820748537,0.0,0.0010188272073688562
0.25,0.1,0.003,0.001,-0.5,10.0,998,2,0.08333333333333333,29.880577817879804,0.006944444444444444,1074.1574318743642
0.25,0.1,0.003,0.001,-0.5,100.0,997,3,0.24579124579124578,0.7190570343646947,0.004103889625775146,0.23227805393741632
0.25,0.1,0.003,0.001,-0.5,1000.0,993,7,0.2414399092970521,0.06172510256169289,0.04890903867215821,0.0012642353815153413
0.25,0.1,0.003,0.001,-0.2,10.0,998,2,0.45238095238095233,31.77760849926389,0.014172335600907027,1284.8907095194327
0.25,0.1,0.003,0.001,-0.2,100.0,999,1,0.4117647058823529,0.6807610047538921,0.0,0.17264066512876486
0.25,0.1,0.003,0.001,-0.2,1000.0,996,4,0.1625,0.06266645497599511,0.014218749999999999,0.0011776491142327704
0.25,0.1,0.003,0.001,-0.1,10.0,1000,0,0.0,28.990873301697526,0.0,1058.7747341297593
0.25,0.1,0.003,0.001,-0.1,100.0,997,3,0.24074074074074073,0.740838921907047,0.04183813443072703,0.24697753665391212
0.25,0.1,0.003,0.001,-0.1,1000.0,998,2,0.2467948717948718,0.061017777343795584,0.02885642669296516,0.0010432800596430584
0.25,0.1,0.003,0.001,0.0,10.0,997,3,0.27121212121212124,30.95947314265638,0.0046877869605142335,1168.6208205567862
0.25,0.1,0.003,0.001,0.0,100.0,997,3,0.34487734487734484,0.7187849916422073,0.004114532253060391,0.20805539883184684
0.25,0.1,0.003,0.001,0.0,1000.0,998,2,0.10714285714285714,0.06118225955487283,0.011479591836734693,0.0011487141443390922
0.25,0.1,0.003,0.001,0.1,10.0,1000,0,0.0,30.600177525936605,0.0,1231.0983197374374
0.25,0.1,0.003,0.001,0.1,100.0,999,1,0.14285714285714285,0.7262063480104587,0.0,0.21648475519969984
0.25,0.1,0.003,0.001,0.1,1000.0,999,1,0.1111111111111111,0.06145272326575069,0.0,0.001168345937018716
0.25,0.1,0.003,0.001,0.2,10.0,1000,0,0.0,29.340908835781374,0.0,1101.1101095323322
0.25,0.1,0.003,0.001,0.2,100.0,997,3,0.3383838383838384,0.703734055982353,0.05392306907458422,0.18648758385714045
0.25,0.1,0.003,0.001,0.2,1000.0,997,3,0.5878787878787879,0.06213385527382417,0.0851423324150597,0.001235715425970732
0.25,0.1,0.003,0.001,0.5,10.0,997,3,0.43981900452488687,29.37344671120966,0.014634152999870323,1127.2289039663333
0.25,0.1,0.003,0.001,0.5,100.0,992,8,0.3204365079365079,0.6955725973720414,0.01951652651801461,0.1822457956654257
0.25,0.1,0.003,0.001,0.5,1000.0,997,3,0.17777777777777778,0.06197584897115299,0.01876543209876543,0.0012800746719631802
0.25,0.1,0.003,0.001,1.0,10.0,1000,0,0.0,31.082487329444763,0.0,1349.1431506109402
0.25,0.1,0.003,0.001,1.0,100.0,996,4,0.3435897435897436,0.7411558303776342,0.0011702827087442479,0.26777439570101863
0.25,0.1,0.003,0.001,1.0,1000.0,999,1,0.5,0.061856538176613386,0.0,0.0011403311484341194
0.25,0.1,0.003,0.1,-0.5,10.0,1000,0,0.0,31.57227239093962,0.0,1174.4554982366988
0.25,0.1,0.003,0.1,-0.5,100.0,998,2,0.45238095238095233,0.71778410946897,0.014172335600907027,0.2146712762812425
0.25,0.1,0.003,0.1,-0.5,1000.0,1000,0,0.0,0.060930257317120526,0.0,0.001131454447872113
0.25,0.1,0.003,0.1,-0.2,10.0,1000,0,0.0,28.40797869976409,0.0,1233.7616439697329
0.25,0.1,0.003,0.1,-0.2,100.0,998,2,0.4666666666666667,0.6985204728701626,0.017777777777777778,0.18834031027812614
0.25,0.1,0.003,0.1,-0.2,1000.0,998,2,0.125,0.0620824431322802,0.015625,0.0011530122077091096
0.25,0.1,0.003,0.1,-0.1,10.0,999,1,0.2608695652173913,26.90057228965354,0.0,892.6959279310096
0.25,0.1,0.003,0.1,-0.1,100.0,1000,0,0.0,0.7269899556872451,0.0,0.23435366370077507
0.25,0.1,0.003,0.1,-0.1,1000.0,999,1,0.46153846153846156,0.061846731700012286,0.0,0.0012005289588990845
0.25,0.1,0.003,0.1,0.0,10.0,1000,0,0.0,25.76826465635882,0.0,940.5776822004295
0.25,0.1,0.003,0.1,0.0,100.0,999,1,0.35714285714285715,0.708090673089416,0.0,0.21485231511223424
0.25,0.1,0.003,0.1,0.0,1000.0,999,1,0.5,0.0606607182212845,0.0,0.001132789112141332
0.25,0.1,0.003,0.1,0.1,10.0,997,3,0.2333333333333333,25.831118501201832,0.042222222222222223,936.4469669144963
0.25,0.1,0.003,0.1,0.1,100.0,999,1,0.2,0.720092573674007,0.0,0.23479651165748266
0.25,0.1,0.003,0.1,0.1,1000.0,999,1,0.125,0.062055257368387975,0.0,0.0012015327455348458
0.25,0.1,0.003,0.1,0.2,10.0,999,1,0.0,25.10938430835597,0.0,852.6116012897245
0.25,0.1,0.003,0.1,0.2,100.0,996,4,0.494047619047619,0.7105565318840568,0.10129676870748298,0.19932256685732808
0.25,0.1,0.003,0.1,0.2,1000.0,998,2,0.5142857142857142,0.06112683625272898,0.007346938775510204,0.0012131863291497003
0.25,0.1,0.003,0.1,0.5,10.0,996,4,0.2847222222222222,21.51612720683762,0.039496527777777776,668.2613237636964
0.25,0.1,0.003,0.1,0.5,100.0,997,3,0.47222222222222215,0.6997698253853392,0.029320987654320983,0.22181119690844928
0.25,0.1,0.003,0.1,0.5,1000.0,998,2,0.3333333333333333,0.060632987773837965,0.1111111111111111,0.001063741149307375
0.25,0.1,0.003,0.1,1.0,10.0,996,4,0.45912698412698416,19.686752008393814,0.03159911186696902,539.2334653942162
0.25,0.1,0.003,0.1,1.0,100.0,991,9,0.3481786731786732,0.6651794498303472,0.03214235853836993,0.1744024313287785
0.25,0.1,0.003,0.1,1.0,1000.0,992,8,0.3926359180035651,0.06073209428796447,0.07113049919114867,0.0012416453414779201
0.25,0.1,0.003,1.0,-0.5,10.0,1000,0,0.0,24.486714721811182,0.0,854.9709571887935
0.25,0.1,0.003,1.0,-0.5,100.0,1000,0,0.0,0.9916032222475117,0.0,1.864066383098536
0.25,0.1,0.003,1.0,-0.5,1000.0,1000,0,0.0,0.06315683414458009,0.0,0.0012932699514038952
0.25,0.1,0.003,1.0,-0.2,10.0,1000,0,0.0,16.10265935666468,0.0,373.34462101656464
0.25,0.1,0.003,1.0,-0.2,100.0,1000,0,0.0,0.7897788937122886,0.0,0.46027855247399213
0.25,0.1,0.003,1.0,-0.2,1000.0,1000,0,0.0,0.06298101287912486,0.0,0.0012349186714133054
0.25,0.1,0.003,1.0,-0.1,10.0,999,1,0.0,16.42184831191465,0.0,563.8762350003957
0.25,0.1,0.003,1.0,-0.1,100.0,1000,0,0.0,0.7484630432277889,0.0,0.5127032597122304
0.25,0.1,0.003,1.0,-0.1,1000.0,1000,0,0.0,0.06370590922747767,0.0,0.0013140452082586638
0.25,0.1,0.003,1.0,0.0,10.0,1000,0,0.0,13.119633575761775,0.0,306.8698050435397
0.25,0.1,0.003,1.0,0.0,100.0,1000,0,0.0,0.6723362892063485,0.0,0.23582483462565682
0.25,0.1,0.003,1.0,0.0,1000.0,1000,0,0.0,0.06167160500749685,0.0,0.001181242807588703
0.25,0.1,0.003,1.0,0.1,10.0,996,4,0.42892156862745096,11.52111565589562,0.10094074394463667,246.97417036851303
0.25,0.1,0.003,1.0,0.1,100.0,997,3,0.3761904761904762,0.6745720891435014,0.05582766439909296,0.24713884698258534
0.25,0.1,0.003,1.0,0.1,1000.0,998,2,0.6176470588235294,0.06117780379826727,0.1461937716262976,0.0012639488620943004
0.25,0.1,0.003,1.0,0.2,10.0,982,18,0.2761766212853169,9.870319359502039,0.04510989777021133,161.4841064797334
0.25,0.1,0.003,1.0,0.2,100.0,987,13,0.4735547572086034,0.6404877526192397,0.08389806493986707,0.2195351035459306
0.25,0.1,0.003,1.0,0.2,1000.0,989,11,0.3455415628142901,0.06066604243323126,0.05675392703673246,0.0011189039865874438
0.25,0.1,0.003,1.0,0.5,10.0,748,252,0.5008387893647976,7.474648957617198,0.0541294421852332,96.04271776291016
0.25,0.1,0.003,1.0,0.5,100.0,707,293,0.49261734704050003,0.5738876632614067,0.05882769062601971,0.15876551146665177
0.25,0.1,0.003,1.0,0.5,1000.0,699,301,0.4778614826261086,0.05944060861546984,0.0514018335220397,0.0010929944833422522
0.25,0.1,0.003,1.0,1.0,10.0,181,819,0.6119519559734615,4.574375846522016,0.025697226664520154,42.9443916933464
0.25,0.1,0.003,1.0,1.0,100.0,154,846,0.6159351487776797,0.5253778511372569,0.02195939974504852,0.11969649555383685
0.25,0.1,0.003,1.0,1.0,1000.0,147,853,0.6142547979979073,0.060441937700682305,0.022417838388743516,0.0010730657477338772
0.25,0.1,0.001,1e-05,-0.5,10.0,578,422,0.31648742383327905,188.53453739419598,0.014302838764933283,21281.186171864032
0.25,0.1,0.001,1e-05,-0.5,100.0,485,515,0.31081195187535926,4.269475634232212,0.015835070367744772,151.11854741962122
0.25,0.1,0.001,1e-05,-0.5,1000.0,489,511,0.3094439322135764,0.1901573969340655,0.015610022031348756,0.003962464244965007
0.25,0.1,0.001,1e-05,-0.2,10.0,580,420,0.3004130144646566,184.23108620173318,0.009000285763912815,19761.317536855415
0.25,0.1,0.001,1e-05,-0.2,100.0,473,527,0.30204145609090477,4.158503032288583,0.013516411632681417,198.69053922314617
0.25,0.1,0.001,1e-05,-0.2,1000.0,511,489,0.30758794646929305,0.18669110728997526,0.011435334487782658,0.0035434710623883565
0.25,0.1,0.001,1e-05,-0.1,10.0,623,377,0.3140778281846905,184.40356688819847,0.012100172100383501,18790.554528922752
0.25,0.1,0.001,1e-05,-0.1,100.0,501,499,0.3071315617878653,4.703603656239234,0.01152247093051463,243.61111002964094
0.25,0.1,0.001,1e-05,-0.1,1000.0,486,514,0.30628289190934005,0.18513963408037637,0.01310311941540575,0.003983590906687142
0.25,0.1,0.001,1e-05,0.0,10.0,568,432,0.31316420562522534,192.47484745767184,0.01390636949517835,23492.926702953442
0.25,0.1,0.001,1e-05,0.0,100.0,497,503,0.30763570270337565,3.706198474069773,0.011702705750195299,80.18414816420231
0.25,0.1,0.001,1e-05,0.0,1000.0,493,507,0.3056454134500038,0.18626570673116813,0.014573223990554498,0.0034863827144484185
0.25,0.1,0.001,1e-05,0.1,10.0,575,425,0.3115644006429813,186.43855463762625,0.01575265819077613,19194.58250889296
0.25,0.1,0.001,1e-05,0.1,100.0,476,524,0.31077048272047525,4.279270279835728,0.014301078291075235,238.120790105309
0.25,0.1,0.001,1e-05,0.1,1000.0,471,529,0.3137346813953897,0.18696827017934,0.010454476574816797,0.0036436723490055854
0.25,0.1,0.001,1e-05,0.2,10.0,601,399,0.30494650659183853,190.6800916905874,0.012585233177982982,23521.609371954346
0.25,0.1,0.001,1e-05,0.2,100.0,460,540,0.308385664630657,4.745842196886696,0.014384595725260404,572.5170624121122
0.25,0.1,0.001,1e-05,0.2,1000.0,481,519,0.30316865287898015,0.18591274752164424,0.012891798235680556,0.0033101802376603907
0.25,0.1,0.001,1e-05,0.5,10.0,566,434,0.30369781767711007,176.38711600368825,0.011890018260701048,16989.16828146208
0.25,0.1,0.001,1e-05,0.5,100.0,511,489,0.3028260047838842,4.378638237432536,0.009564208534023323,188.8467043533305
0.25,0.1,0.001,1e-05,0.5,1000.0,480,520,0.31526177538900335,0.1849698061728642,0.012930296053280388,0.003143754935056231
0.25,0.1,0.001,1e-05,1.0,10.0,589,411,0.30212459785122225,192.82380924546035,0.011977615197842037,19285.956322777965
0.25,0.1,0.001,1e-05,1.0,100.0,466,534,0.3030594408046163,3.5135149613490158,0.011613911371378408,36.66422887458582
0.25,0.1,0.001,1e-05,1.0,1000.0,501,499,0.3013247526337173,0.18597375733390578,0.011456960469536023,0.0033657021809591968
0.25,0.1,0.001,0.001,-0.5,10.0,593,407,0.303073275136989,189.85068601837327,0.012904568538779488,20340.623765331562
0.25,0.1,0.001,0.001,-0.5,100.0,512,488,0.30176757482590977,3.79269556395768,0.012666627727427004,80.33640000495987
0.25,0.1,0.001,0.001,-0.5,1000.0,475,525,0.2999541427603838,0.18656972397111685,0.011588347897394055,0.003407848251592484
0.25,0.1,0.001,0.001,-0.2,10.0,606,394,0.303337281294795,183.94715471764925,0.013187889335607814,20548.987049821837
0.25,0.1,0.001,0.001,-0.2,100.0,479,521,0.3128572011638602,4.213941464016238,0.013741829741021137,186.4968888375036
0.25,0.1,0.001,0.001,-0.2,1000.0,505,495,0.30872500712244755,0.18335926056130142,0.013531318219216125,0.0031054691208757044
0.25,0.1,0.001,0.001,-0.1,10.0,587,413,0.3022198509947212,187.40322994213219,0.012449555097792527,22258.09588469055
0.25,0.1,0.001,0.001,-0.1,100.0,488,512,0.3110433276518864,3.555841822224164,0.011232829274991888,81.8210079889968
0.25,0.1,0.001,0.001,-0.1,1000.0,493,507,0.3090210351357896,0.18464080068592836,0.014083641344191074,0.0037258369109473494
0.25,0.1,0.001,0.001,0.0,10.0,579,421,0.3127336714458455,186.06632188953117,0.01068894078221201,18771.401005042822
0.25,0.1,0.001,0.001,0.0,100.0,482,518,0.3078066038200808,4.091704828619959,0.012761754102100537,113.50861130853426
0.25,0.1,0.001,0.001,0.0,1000.0,467,533,0.30000625929028685,0.1867242941378508,0.01161726096969263,0.003555823661041896
0.25,0.1,0.001,0.001,0.1,10.0,587,413,0.31053465495327665,188.04924002905432,0.011666420165341595,19834.979896082426
0.25,0.1,0.001,0.001,0.1,100.0,478,522,0.3071675623588995,3.4372933676852555,0.013429706027399574,14.255479258115637
0.25,0.1,0.001,0.001,0.1,1000.0,448,552,0.306400778574513,0.18359943518073013,0.01369153865673446,0.0032554425217133365
0.25,0.1,0.001,0.001,0.2,10.0,593,407,0.3100742859250373,194.08954352096052,0.016846271200619538,21020.188374466394
0.25,0.1,0.001,0.001,0.2,100.0,481,519,0.3022055339381055,4.540158461159101,0.011355991729861629,218.72498664008248
0.25,0.1,0.001,0.001,0.2,1000.0,475,525,0.29593912653935955,0.18480945092345588,0.012254170337193082,0.003406499789200246
0.25,0.1,0.001,0.001,0.5,10.0,600,400,0.3031173136573068,192.76760074013697,0.00990168472153734,23975.23012044667
0.25,0.1,0.001,0.001,0.5,100.0,478,522,0.30436142624227097,4.874262158532928,0.009981514476051025,692.2710057746282
0.25,0.1,0.001,0.001,0.5,1000.0,496,504,0.3033302696744411,0.18580047717380588,0.012225763128301398,0.0033970587303812144
0.25,0.1,0.001,0.001,1.0,10.0,601,399,0.306403816784291,192.40283084143485,0.009309498669514828,21673.92582123809
0.25,0.1,0.001,0.001,1.0,100.0,477,523,0.3067302544114959,3.8280313961117063,0.013209388003695635,83.05199461907648
0.25,0.1,0.001,0.001,1.0,1000.0,471,529,0.30830228297165463,0.18255904317574595,0.012408595349713772,0.0035402545459014023
0.25,0.1,0.001,0.1,-0.5,10.0,839,161,0.29677379283575994,226.74563131426171,0.026380284198611575,28866.012363963695
0.25,0.1,0.001,0.1,-0.5,100.0,747,253,0.2753050731098439,8.301433721568173,0.014819748584589978,1792.6584370887736
0.25,0.1,0.001,0.1,-0.5,1000.0,743,257,0.2788088659966881,0.18597272047861396,0.023632284838864093,0.003555865324825116
0.25,0.1,0.001,0.1,-0.2,10.0,697,303,0.2845681485285204,183.78091943450204,0.015425613754391682,19354.237815816454
0.25,0.1,0.001,0.1,-0.2,100.0,621,379,0.3033457295602242,4.815900847830404,0.019671069878352387,564.9587755504754
0.25,0.1,0.001,0.1,-0.2,1000.0,614,386,0.29515415216353125,0.18507223823723484,0.014773511808776599,0.0037406523107441116
0.25,0.1,0.001,0.1,-0.1,10.0,686,314,0.2947399875160543,173.4994190552146,0.016664749523820667,18424.623220788595
0.25,0.1,0.001,0.1,-0.1,100.0,558,442,0.30022224162483535,3.9246818853278898,0.018039069452317157,137.95256313961852
0.25,0.1,0.001,0.1,-0.1,1000.0,548,452,0.3056823081634795,0.1853609610262079,0.016834728145377603,0.0038127089503343496
0.25,0.1,0.001,0.1,0.0,10.0,629,371,0.31210506309212516,156.79438055280272,0.014815791689092124,13508.591297510337
0.25,0.1,0.001,0.1,0.0,100.0,525,475,0.3102419404335906,3.475472611217541,0.014615615922910597,62.011448774402254
0.25,0.1,0.001,0.1,0.0,1000.0,526,474,0.30180507599938267,0.18441160234775125,0.013308430292960789,0.0032249762152824005
0.25,0.1,0.001,0.1,0.1,10.0,573,427,0.3145361515749176,148.94327508933802,0.01393178531496039,12648.350306044409
0.25,0.1,0.001,0.1,0.1,100.0,489,511,0.3118662411384264,3.4507905671846273,0.016359076999079757,21.90710834115954
0.25,0.1,0.001,0.1,0.1,1000.0,465,535,0.3047633432230131,0.1837324736842603,0.014237105748365076,0.0037359713106463917
0.25,0.1,0.001,0.1,0.2,10.0,531,469,0.31168075718102134,133.7878632749614,0.014249004307931624,9109.077787882763
0.25,0.1,0.001,0.1,0.2,100.0,421,579,0.3024982916893326,2.9493068783325347,0.013467736766916816,3.8155854838237664
0.25,0.1,0.001,0.1,0.2,1000.0,416,584,0.3169793552346504,0.18448531391902528,0.014297684329075317,0.0034853440152541734
0.25,0.1,0.001,0.1,0.5,10.0,442,558,0.33180061410208506,113.50223225394382,0.014399015148283612,6755.234264626498
0.25,0.1,0.001,0.1,0.5,100.0,320,680,0.32626142886380965,2.889510996759227,0.012487356076919856,8.335607004022465
0.25,0.1,0.001,0.1,0.5,1000.0,315,685,0.32933818930625064,0.18592047200244477,0.01325106414886775,0.0037725935759418405
0.25,0.1,0.001,0.1,1.0,10.0,332,668,0.3436841308667485,91.60076415263715,0.011332939511441285,4251.883551790191
0.25,0.1,0.001,0.1,1.0,100.0,203,797,0.3480618329659006,2.5644134465660517,0.01218237183101329,3.074199637577734
0.25,0.1,0.001,0.1,1.0,1000.0,177,823,0.34357078286617515,0.18302370690393985,0.011118508246353064,0.0034835526381489994
0.25,0.1,0.001,1.0,-0.5,10.0,1000,0,0.0,106.95632919002777,0.0,5821.803364439348
0.25,0.1,0.001,1.0,-0.5,100.0,1000,0,0.0,5.849791163724731,0.0,42.968476775482536
0.25,0.1,0.001,1.0,-0.5,1000.0,1000,0,0.0,0.18959780954739647,0.0,0.004201512609822773
0.25,0.1,0.001,1.0,-0.2,10.0,989,11,0.1470156106519743,159.095030503266,0.019275419694903793,16643.91528561768
0.25,0.1,0.001,1.0,-0.2,100.0,980,20,0.3146169108669109,6.07671085567258,0.10860742455910152,265.3519792462688
0.25,0.1,0.001,1.0,-0.2,1000.0,992,8,0.19605022170811642,0.19163087084353211,0.03132201290006132,0.005259848699188018
0.25,0.1,0.001,1.0,-0.1,10.0,947,53,0.25417094705203935,112.69240611287458,0.058632368946657826,8276.929054173543
0.25,0.1,0.001,1.0,-0.1,100.0,924,76,0.26528663106332506,4.716913519480567,0.05117385381610174,283.19305709344025
0.25,0.1,0.001,1.0,-0.1,1000.0,894,106,0.2607473067739296,0.18400318272178215,0.0490942603890315,0.0038518280993093405
0.25,0.1,0.001,1.0,0.0,10.0,778,222,0.27618490205670704,83.9266246530638,0.0383705593647879,5351.347974078438
0.25,0.1,0.001,1.0,0.0,100.0,677,323,0.2888195643914642,2.8742466681024825,0.03528443348276416,6.027876655663956
0.25,0.1,0.001,1.0,0.0,1000.0,687,313,0.29479318604430865,0.18367337337702977,0.04300467109516743,0.0036721730924407893
0.25,0.1,0.001,1.0,0.1,10.0,463,537,0.3486640981704927,59.800792264963974,0.027708885069825814,2239.2842624746636
0.25,0.1,0.001,1.0,0.1,100.0,337,663,0.34783090002626965,2.4741754876139703,0.030819508157042964,9.36610505369253
0.25,0.1,0.001,1.0,0.1,1000.0,367,633,0.3363796736705284,0.18223137200609485,0.032788641902147135,0.004181454459336999
0.25,0.1,0.001,1.0,0.2,10.0,222,778,0.3984020048602253,47.492397308376226,0.023141438158175206,1506.0523568021774
0.25,0.1,0.001,1.0,0.2,100.0,100,900,0.39599812772540377,2.1255145772374564,0.0224484263259232,1.5151587738662247
0.25,0.1,0.001,1.0,0.2,1000.0,84,916,0.3948022510389172,0.1790542717478132,0.021908237311694646,0.003900464899557508
0.25,0.1,0.001,1.0,0.5,10.0,73,927,0.5224302380300819,27.8572993445036,0.011426171422200202,409.35343418833446
0.25,0.1,0.001,1.0,0.5,100.0,1,999,0.5273698250475736,1.6300151422361773,0.010456989322249035,0.6570935370840372
0.25,0.1,0.001,1.0,0.5,1000.0,0,1000,0.5275645046032896,0.17573895980658785,0.010722442571329661,0.003298930712733703
0.25,0.1,0.001,1.0,1.0,10.0,21,979,0.6284315907984981,18.560858622569366,0.005615791453538144,143.23125200962144
0.25,0.1,0.001,1.0,1.0,100.0,0,1000,0.6237347578304664,1.2413820729794867,0.0057526941260026025,0.274235407669108
0.25,0.1,0.001,1.0,1.0,1000.0,0,1000,0.6278720783529227,0.16630993554589854,0.005074136425790106,0.002843778904422412
0.3,0.0,0.0003,1e-05,-0.5,10.0,1000,0,0.0,0.0,0.0,0.0
0.3,0.0,0.0003,1e-05,-0.5,100.0,1000,0,0.0,0.0,0.0,0.0
0.3,0.0,0.0003,1e-05,-0.5,1000.0,1000,0,0.0,0.0,0.0,0.0
0.3,0.0,0.0003,1e-05,-0.2,10.0,1000,0,0.0,0.0,0.0,0.0
0.3,0.0,0.0003,1e-05,-0.2,100.0,1000,0,0.0,0.0,0.0,0.0
0.3,0.0,0.0003,1e-05,-0.2,1000.0,1000,0,0.0,0.0,0.0,0.0
0.3,0.0,0.0003,1e-05,-0.1,10.0,1000,0,0.0,0.0,0.0,0.0
0.3,0.0,0.0003,1e-05,-0.1,100.0,1000,0,0.0,0.0,0.0,0.0
0.3,0.0,0.0003,1e-05,-0.1,1000.0,1000,0,0.0,0.0,0.0,0.0
0.3,0.0,0.0003,1e-05,0.0,10.0,1000,0,0.0,0.0,0.0,0.0
0.3,0.0,0.0003,1e-05,0.0,100.0,1000,0,0.0,0.0,0.0,0.0
0.3,0.0,0.0003,1e-05,0.0,1000.0,1000,0,0.0,0.0,0.0,0.0
0.3,0.0,0.0003,1e-05,0.1,10.0,1000,0,0.0,0.0,0.0,0.0
0.3,0.0,0.0003,1e-05,0.1,100.0,1000,0,0.0,0.0,0.0,0.0
0.3,0.0,0.0003,1e-05,0.1,1000.0,1000,0,0.0,0.0,0.0,0.0
0.3,0.0,0.0003,1e-05,0.2,10.0,1000,0,0.0,0.0,0.0,0.0
0.3,0.0,0.0003,1e-05,0.2,100.0,1000,0,0.0,0.0,0.0,0.0
0.3,0.0,0.0003,1e-05,0.2,1000.0,1000,0,0.0,0.0,0.0,0.0
0.3,0.0,0.0003,1e-05,0.5,10.0,1000,0,0.0,0.0,0.0,0.0
0.3,0.0,0.0003,1e-05,0.5,100.0,1000,0,0.0,0.0,0.0,0.0
0.3,0.0,0.0003,1e-05,0.5,1000.0,1000,0,0.0,0.0,0.0,0.0
0.3,0.0,0.0003,1e-05,1.0,10.0,1000,0,0.0,0.0,0.0,0.0
0.3,0.0,0.0003,1e-05,1.0,100.0,1000,0,0.0,0.0,0.0,0.0
0.3,0.0,0.0003,1e-05,1.0,1000.0,1000,0,0.0,0.0,0.0,0.0
0.3,0.0,0.0003,0.001,-0.5,10.0,1000,0,0.0,0.0,0.0,0.0
0.3,0.0,0.0003,0.001,-0.5,100.0,1000,0,0.0,0.0,0.0,0.0
0.3,0.0,0.0003,0.001,-0.5,1000.0,1000,0,0.0,0.0,0.0,0.0
0.3,0.0,0.0003,0.001,-0.2,10.0,1000,0,0.0,0.0,0.0,0.0
0.3,0.0,0.0003,0.001,-0.2,100.0,1000,0,0.0,0.0,0.0,0.0
0.3,0.0,0.0003,0.001,-0.2,1000.0,1000,0,0.0,0.0,0.0,0.0
0.3,0.0,0.0003,0.001,-0.1,10.0,1000,0,0.0,0.0,0.0,0.0
0.3,0.0,0.0003,0.001,-0.1,100.0,1000,0,0.0,0.0,0.0,0.0
0.3,0.0,0.0003,0.001,-0.1,1000.0,1000,0,0.0,0.0,0.0,0.0
0.3,0.0,0.0003,0.001,0.0,10.0,1000,0,0.0,0.0,0.0,0.0
0.3,0.0,0.0003,0.001,0.0,100.0,1000,0,0.0,0.0,0.0,0.0
0.3,0.0,0.0003,0.001,0.0,1000.0,1000,0,0.0,0.0,0.0,0.0
0.3,0.0,0.0003,0.001,0.1,10.0,1000,0,0.0,0.0,0.0,0.0
0.3,0.0,0.0003,0.001,0.1,100.0,1000,0,0.0,0.0,0.0,0.0
0.3,0.0,0.0003,0.001,0.1,1000.0,1000,0,0.0,0.0,0.0,0.0
0.3,0.0,0.0003,0.001,0.2,10.0,1000,0,0.0,0.0,0.0,0.0
0.3,0.0,0.0003,0.001,0.2,100.0,1000,0,0.0,0.0,0.0,0.0
0.3,0.0,0.0003,0.001,0.2,1000.0,1000,0,0.0,0.0,0.0,0.0
0.3,0.0,0.0003,0.001,0.5,10.0,1000,0,0.0,0.0,0.0,0.0
0.3,0.0,0.0003,0.001,0.5,100.0,1000,0,0.0,0.0,0.0,0.0
0.3,0.0,0.0003,0.001,0.5,1000.0,1000,0,0.0,0.0,0.0,0.0
0.3,0.0,0.0003,0.001,1.0,10.0,1000,0,0.0,0.0,0.0,0.0
0.3,0.0,0.0003,0.001,1.0,100.0,1000,0,0.0,0.0,0.0,0.0
0.3,0.0,0.0003,0.001,1.0,1000.0,1000,0,0.0,0.0,0.0,0.0
0.3,0.0,0.0003,0.1,-0.5,10.0,1000,0,0.0,0.0,0.0,0.0
0.3,0.0,0.0003,0.1,-0.5,100.0,1000,0,0.0,0.0,0.0,0.0
0.3,0.0,0.0003,0.1,-0.5,1000.0,1000,0,0.0,0.0,0.0,0.0
0.3,0.0,0.0003,0.1,-0.2,10.0,1000,0,0.0,0.0,0.0,0.0
0.3,0.0,0.0003,0.1,-0.2,100.0,1000,0,0.0,0.0,0.0,0.0
0.3,0.0,0.0003,0.1,-0.2,1000.0,1000,0,0.0,0.0,0.0,0.0
0.3,0.0,0.0003,0.1,-0.1,10.0,1000,0,0.0,0.0,0.0,0.0
0.3,0.0,0.0003,0.1,-0.1,100.0,1000,0,0.0,0.0,0.0,0.0
0.3,0.0,0.0003,0.1,-0.1,1000.0,1000,0,0.0,0.0,0.0,0.0
0.3,0.0,0.0003,0.1,0.0,10.0,1000,0,0.0,0.0,0.0,0.0
0.3,0.0,0.0003,0.1,0.0,100.0,1000,0,0.0,0.0,0.0,0.0
0.3,0.0,0.0003,0.1,0.0,1000.0,1000,0,0.0,0.0,0.0,0.0
0.3,0.0,0.0003,0.1,0.1,10.0,1000,0,0.0,0.0,0.0,0.0
0.3,0.0,0.0003,0.1,0.1,100.0,1000,0,0.0,0.0,0.0,0.0
0.3,0.0,0.0003,0.1,0.1,1000.0,1000,0,0.0,0.0,0.0,0.0
0.3,0.0,0.0003,0.1,0.2,10.0,1000,0,0.0,0.0,0.0,0.0
0.3,0.0,0.0003,0.1,0.2,100.0,1000,0,0.0,0.0,0.0,0.0
0.3,0.0,0.0003,0.1,0.2,1000.0,1000,0,0.0,0.0,0.0,0.0
0.3,0.0,0.0003,0.1,0.5,10.0,1000,0,0.0,0.0,0.0,0.0
0.3,0.0,0.0003,0.1,0.5,100.0,1000,0,0.0,0.0,0.0,0.0
0.3,0.0,0.0003,0.1,0.5,1000.0,1000,0,0.0,0.0,0.0,0.0
0.3,0.0,0.0003,0.1,1.0,10.0,1000,0,0.0,0.0,0.0,0.0
0.3,0.0,0.0003,0.1,1.0,100.0,1000,0,0.0,0.0,0.0,0.0
0.3,0.0,0.0003,0.1,1.0,1000.0,1000,0,0.0,0.0,0.0,0.0
0.3,0.0,0.0003,1.0,-0.5,10.0,1000,0,0.0,0.0,0.0,0.0
0.3,0.0,0.0003,1.0,-0.5,100.0,1000,0,0.0,0.0,0.0,0.0
0.3,0.0,0.0003,1.0,-0.5,1000.0,1000,0,0.0,0.0,0.0,0.0
0.3,0.0,0.0003,1.0,-0.2,10.0,1000,0,0.0,0.0,0.0,0.0
0.3,0.0,0.0003,1.0,-0.2,100.0,1000,0,0.0,0.0,0.0,0.0
0.3,0.0,0.0003,1.0,-0.2,1000.0,1000,0,0.0,0.0,0.0,0.0
0.3,0.0,0.0003,1.0,-0.1,10.0,1000,0,0.0,0.0,0.0,0.0
0.3,0.0,0.0003,1.0,-0.1,100.0,1000,0,0.0,0.0,0.0,0.0
0.3,0.0,0.0003,1.0,-0.1,1000.0,1000,0,0.0,0.0,0.0,0.0
0.3,0.0,0.0003,1.0,0.0,10.0,1000,0,0.0,0.0,0.0,0.0
0.3,0.0,0.0003,1.0,0.0,100.0,1000,0,0.0,0.0,0.0,0.0
0.3,0.0,0.0003,1.0,0.0,1000.0,1000,0,0.0,0.0,0.0,0.0
0.3,0.0,0.0003,1.0,0.1,10.0,1000,0,0.0,0.0,0.0,0.0
0.3,0.0,0.0003,1.0,0.1,100.0,1000,0,0.0,0.0,0.0,0.0
0.3,0.0,0.0003,1.0,0.1,1000.0,1000,0,0.0,0.0,0.0,0.0
0.3,0.0,0.0003,1.0,0.2,10.0,1000,0,0.0,69.43186619037324,0.0,667.5254030310485
0.3,0.0,0.0003,1.0,0.2,100.0,1000,0,0.0,63.29367703183263,0.0,3576.9158073312337
0.3,0.0,0.0003,1.0,0.2,1000.0,1000,0,0.0,56.41432722691828,0.0,1064.665197103577
0.3,0.0,0.0003,1.0,0.5,10.0,789,211,0.5111740129469872,35.485465152769805,0.0031619193270993958,91.56748854401596
0.3,0.0,0.0003,1.0,0.5,100.0,762,238,0.5106849015124484,17.96198978680909,0.003352107416183377,41.47525354648349
0.3,0.0,0.0003,1.0,0.5,1000.0,841,159,0.5157394692174959,13.794837290314534,0.0027824189345689253,32.58513493659374
0.3,0.0,0.0003,1.0,1.0,10.0,582,418,0.6388356818407818,24.80504040663645,0.0011758434804126953,27.482451208028312
0.3,0.0,0.0003,1.0,1.0,100.0,575,425,0.641034730910116,8.464908140947557,0.001080243694453717,7.127446798675568
0.3,0.0,0.0003,1.0,1.0,1000.0,682,318,0.6391435691757311,5.619724527440738,0.001139734210439153,3.2824218595214485
0.3,0.0,0.0001,1e-05,-0.5,10.0,1000,0,0.0,0.0,0.0,0.0
0.3,0.0,0.0001,1e-05,-0.5,100.0,1000,0,0.0,0.0,0.0,0.0
0.3,0.0,0.0001,1e-05,-0.5,1000.0,1000,0,0.0,0.0,0.0,0.0
0.3,0.0,0.0001,1e-05,-0.2,10.0,1000,0,0.0,0.0,0.0,0.0
0.3,0.0,0.0001,1e-05,-0.2,100.0,1000,0,0.0,0.0,0.0,0.0
0.3,0.0,0.0001,1e-05,-0.2,1000.0,1000,0,0.0,0.0,0.0,0.0
0.3,0.0,0.0001,1e-05,-0.1,10.0,1000,0,0.0,0.0,0.0,0.0
0.3,0.0,0.0001,1e-05,-0.1,100.0,1000,0,0.0,0.0,0.0,0.0
0.3,0.0,0.0001,1e-05,-0.1,1000.0,1000,0,0.0,0.0,0.0,0.0
0.3,0.0,0.0001,1e-05,0.0,10.0,1000,0,0.0,0.0,0.0,0.0
0.3,0.0,0.0001,1e-05,0.0,100.0,1000,0,0.0,0.0,0.0,0.0
0.3,0.0,0.0001,1e-05,0.0,1000.0,1000,0,0.0,0.0,0.0,0.0
0.3,0.0,0.0001,1e-05,0.1,10.0,1000,0,0.0,0.0,0.0,0.0
0.3,0.0,0.0001,1e-05,0.1,100.0,1000,0,0.0,0.0,0.0,0.0
0.3,0.0,0.0001,1e-05,0.1,1000.0,1000,0,0.0,0.0,0.0,0.0
0.3,0.0,0.0001,1e-05,0.2,10.0,1000,0,0.0,0.0,0.0,0.0
0.3,0.0,0.0001,1e-05,0.2,100.0,1000,0,0.0,0.0,0.0,0.0
0.3,0.0,0.0001,1e-05,0.2,1000.0,1000,0,0.0,0.0,0.0,0.0
0.3,0.0,0.0001,1e-05,0.5,10.0,1000,0,0.0,0.0,0.0,0.0
0.3,0.0,0.0001,1e-05,0.5,100.0,1000,0,0.0,0.0,0.0,0.0
0.3,0.0,0.0001,1e-05,0.5,1000.0,1000,0,0.0,0.0,0.0,0.0
0.3,0.0,0.0001,1e-05,1.0,10.0,1000,0,0.0,0.0,0.0,0.0
0.3,0.0,0.0001,1e-05,1.0,100.0,1000,0,0.0,0.0,0.0,0.0
0.3,0.0,0.0001,1e-05,1.0,1000.0,1000,0,0.0,0.0,0.0,0.0
0.3,0.0,0.0001,0.001,-0.5,10.0,1000,0,0.0,0.0,0.0,0.0
0.3,0.0,0.0001,0.001,-0.5,100.0,1000,0,0.0,0.0,0.0,0.0
0.3,0.0,0.0001,0.001,-0.5,1000.0,1000,0,0.0,0.0,0.0,0.0
0.3,0.0,0.0001,0.001,-0.2,10.0,1000,0,0.0,0.0,0.0,0.0
0.3,0.0,0.0001,0.001,-0.2,100.0,1000,0,0.0,0.0,0.0,0.0
0.3,0.0,0.0001,0.001,-0.2,1000.0,1000,0,0.0,0.0,0.0,0.0
0.3,0.0,0.0001,0.001,-0.1,10.0,1000,0,0.0,0.0,0.0,0.0
0.3,0.0,0.0001,0.001,-0.1,100.0,1000,0,0.0,0.0,0.0,0.0
0.3,0.0,0.0001,0.001,-0.1,1000.0,1000,0,0.0,0.0,0.0,0.0
0.3,0.0,0.0001,0.001,0.0,10.0,1000,0,0.0,0.0,0.0,0.0
0.3,0.0,0.0001,0.001,0.0,100.0,1000,0,0.0,0.0,0.0,0.0
0.3,0.0,0.0001,0.001,0.0,1000.0,1000,0,0.0,0.0,0.0,0.0
0.3,0.0,0.0001,0.001,0.1,10.0,1000,0,0.0,0.0,0.0,0.0
0.3,0.0,0.0001,0.001,0.1,100.0,1000,0,0.0,0.0,0.0,0.0
0.3,0.0,0.0001,0.001,0.1,1000.0,1000,0,0.0,0.0,0.0,0.0
0.3,0.0,0.0001,0.001,0.2,10.0,1000,0,0.0,0.0,0.0,0.0
0.3,0.0,0.0001,0.001,0.2,100.0,1000,0,0.0,0.0,0.0,0.0
0.3,0.0,0.0001,0.001,0.2,1000.0,1000,0,0.0,0.0,0.0,0.0
0.3,0.0,0.0001,0.001,0.5,10.0,1000,0,0.0,0.0,0.0,0.0
0.3,0.0,0.0001,0.001,0.5,100.0,1000,0,0.0,0.0,0.0,0.0
0.3,0.0,0.0001,0.001,0.5,1000.0,1000,0,0.0,0.0,0.0,0.0
0.3,0.0,0.0001,0.001,1.0,10.0,1000,0,0.0,0.0,0.0,0.0
0.3,0.0,0.0001,0.001,1.0,100.0,1000,0,0.0,0.0,0.0,0.0
0.3,0.0,0.0001,0.001,1.0,1000.0,1000,0,0.0,0.0,0.0,0.0
0.3,0.0,0.0001,0.1,-0.5,10.0,1000,0,0.0,0.0,0.0,0.0
0.3,0.0,0.0001,0.1,-0.5,100.0,1000,0,0.0,0.0,0.0,0.0
0.3,0.0,0.0001,0.1,-0.5,1000.0,1000,0,0.0,0.0,0.0,0.0
0.3,0.0,0.0001,0.1,-0.2,10.0,1000,0,0.0,0.0,0.0,0.0
0.3,0.0,0.0001,0.1,-0.2,100.0,1000,0,0.0,0.0,0.0,0.0
0.3,0.0,0.0001,0.1,-0.2,1000.0,1000,0,0.0,0.0,0.0,0.0
0.3,0.0,0.0001,0.1,-0.1,10.0,1000,0,0.0,0.0,0.0,0.0
0.3,0.0,0.0001,0.1,-0.1,100.0,1000,0,0.0,0.0,0.0,0.0
0.3,0.0,0.0001,0.1,-0.1,1000.0,1000,0,0.0,0.0,0.0,0.0
0.3,0.0,0.0001,0.1,0.0,10.0,1000,0,0.0,0.0,0.0,0.0
0.3,0.0,0.0001,0.1,0.0,100.0,1000,0,0.0,0.0,0.0,0.0
0.3,0.0,0.0001,0.1,0.0,1000.0,1000,0,0.0,0.0,0.0,0.0
0.3,0.0,0.0001,0.1,0.1,10.0,1000,0,0.0,0.0,0.0,0.0
0.3,0.0,0.0001,0.1,0.1,100.0,1000,0,0.0,0.0,0.0,0.0
0.3,0.0,0.0001,0.1,0.1,1000.0,1000,0,0.0,0.0,0.0,0.0
0.3,0.0,0.0001,0.1,0.2,10.0,1000,0,0.0,0.0,0.0,0.0
0.3,0.0,0.0001,0.1,0.2,100.0,1000,0,0.0,0.0,0.0,0.0
0.3,0.0,0.0001,0.1,0.2,1000.0,1000,0,0.0,0.0,0.0,0.0
0.3,0.0,0.0001,0.1,0.5,10.0,1000,0,0.0,0.0,0.0,0.0
0.3,0.0,0.0001,0.1,0.5,100.0,1000,0,0.0,0.0,0.0,0.0
0.3,0.0,0.0001,0.1,0.5,1000.0,1000,0,0.0,0.0,0.0,0.0
0.3,0.0,0.0001,0.1,1.0,10.0,1000,0,0.0,0.0,0.0,0.0
0.3,0.0,0.0001,0.1,1.0,100.0,1000,0,0.0,0.0,0.0,0.0
0.3,0.0,0.0001,0.1,1.0,1000.0,1000,0,0.0,0.0,0.0,0.0
0.3,0.0,0.0001,1.0,-0.5,10.0,1000,0,0.0,0.0,0.0,0.0
0.3,0.0,0.0001,1.0,-0.5,100.0,1000,0,0.0,0.0,0.0,0.0
0.3,0.0,0.0001,1.0,-0.5,1000.0,1000,0,0.0,0.0,0.0,0.0
0.3,0.0,0.0001,1.0,-0.2,10.0,1000,0,0.0,0.0,0.0,0.0
0.3,0.0,0.0001,1.0,-0.2,100.0,1000,0,0.0,0.0,0.0,0.0
0.3,0.0,0.0001,1.0,-0.2,1000.0,1000,0,0.0,0.0,0.0,0.0
0.3,0.0,0.0001,1.0,-0.1,10.0,1000,0,0.0,0.0,0.0,0.0
0.3,0.0,0.0001,1.0,-0.1,100.0,1000,0,0.0,0.0,0.0,0.0
0.3,0.0,0.0001,1.0,-0.1,1000.0,1000,0,0.0,0.0,0.0,0.0
0.3,0.0,0.0001,1.0,0.0,10.0,1000,0,0.0,0.0,0.0,0.0
0.3,0.0,0.0001,1.0,0.0,100.0,1000,0,0.0,0.0,0.0,0.0
0.3,0.0,0.0001,1.0,0.0,1000.0,1000,0,0.0,0.0,0.0,0.0
0.3,0.0,0.0001,1.0,0.1,10.0,1000,0,0.0,0.0,0.0,0.0
0.3,0.0,0.0001,1.0,0.1,100.0,1000,0,0.0,0.0,0.0,0.0
0.3,0.0,0.0001,1.0,0.1,1000.0,1000,0,0.0,0.0,0.0,0.0
0.3,0.0,0.0001,1.0,0.2,10.0,996,4,0.17967987656128026,305.9898387940567,0.01648561493607225,37045.823412023885
0.3,0.0,0.0001,1.0,0.2,100.0,986,14,0.21791386563000523,314.95344659948444,0.01093360190679834,51289.54523795883
0.3,0.0,0.0001,1.0,0.2,1000.0,986,14,0.23966864001561586,403.5412841952772,0.017363194761305295,81959.3475421696
0.3,0.0,0.0001,1.0,0.5,10.0,778,222,0.5166872284266542,48.729442039005406,0.0008642381878366818,59.06918920212614
0.3,0.0,0.0001,1.0,0.5,100.0,723,277,0.5192834447672083,30.814649747080367,0.0009225767986734919,30.27443230518425
0.3,0.0,0.0001,1.0,0.5,1000.0,793,207,0.5169138080257052,17.451109067622536,0.0010287043456612263,23.51989321969582
0.3,0.0,0.0001,1.0,1.0,10.0,586,414,0.6408324218312489,35.2396722928489,0.0004081719702909174,30.25056190707298
0.3,0.0,0.0001,1.0,1.0,100.0,579,421,0.6404594466193677,17.99218401453498,0.00037783039192621095,8.46375394533617
0.3,0.0,0.0001,1.0,1.0,1000.0,585,415,0.6409688180195813,7.246503104620809,0.0003454613354537152,3.203040831797803
0.3,0.0,0.003,1e-05,-0.5,10.0,1000,0,0.0,0.0,0.0,0.0
0.3,0.0,0.003,1e-05,-0.5,100.0,1000,0,0.0,0.0,0.0,0.0
0.3,0.0,0.003,1e-05,-0.5,1000.0,1000,0,0.0,0.0,0.0,0.0
0.3,0.0,0.003,1e-05,-0.2,10.0,1000,0,0.0,0.0,0.0,0.0
0.3,0.0,0.003,1e-05,-0.2,100.0,1000,0,0.0,0.0,0.0,0.0
0.3,0.0,0.003,1e-05,-0.2,1000.0,1000,0,0.0,0.0,0.0,0.0
0.3,0.0,0.003,1e-05,-0.1,10.0,1000,0,0.0,0.0,0.0,0.0
0.3,0.0,0.003,1e-05,-0.1,100.0,1000,0,0.0,0.0,0.0,0.0
0.3,0.0,0.003,1e-05,-0.1,1000.0,1000,0,0.0,0.0,0.0,0.0
0.3,0.0,0.003,1e-05,0.0,10.0,1000,0,0.0,0.0,0.0,0.0
0.3,0.0,0.003,1e-05,0.0,100.0,1000,0,0.0,0.0,0.0,0.0
0.3,0.0,0.003,1e-05,0.0,1000.0,1000,0,0.0,0.0,0.0,0.0
0.3,0.0,0.003,1e-05,0.1,10.0,1000,0,0.0,0.0,0.0,0.0
0.3,0.0,0.003,1e-05,0.1,100.0,1000,0,0.0,0.0,0.0,0.0
0.3,0.0,0.003,1e-05,0.1,1000.0,1000,0,0.0,0.0,0.0,0.0
0.3,0.0,0.003,1e-05,0.2,10.0,1000,0,0.0,0.0,0.0,0.0
0.3,0.0,0.003,1e-05,0.2,100.0,1000,0,0.0,0.0,0.0,0.0
0.3,0.0,0.003,1e-05,0.2,1000.0,1000,0,0.0,0.0,0.0,0.0
0.3,0.0,0.003,1e-05,0.5,10.0,1000,0,0.0,0.0,0.0,0.0
0.3,0.0,0.003,1e-05,0.5,100.0,1000,0,0.0,0.0,0.0,0.0
0.3,0.0,0.003,1e-05,0.5,1000.0,1000,0,0.0,0.0,0.0,0.0
0.3,0.0,0.003,1e-05,1.0,10.0,1000,0,0.0,0.0,0.0,0.0
0.3,0.0,0.003,1e-05,1.0,100.0,1000,0,0.0,0.0,0.0,0.0
0.3,0.0,0.003,1e-05,1.0,1000.0,1000,0,0.0,0.0,0.0,0.0
0.3,0.0,0.003,0.001,-0.5,10.0,1000,0,0.0,0.0,0.0,0.0
0.3,0.0,0.003,0.001,-0.5,100.0,1000,0,0.0,0.0,0.0,0.0
0.3,0.0,0.003,0.001,-0.5,1000.0,1000,0,0.0,0.0,0.0,0.0
0.3,0.0,0.003,0.001,-0.2,10.0,1000,0,0.0,0.0,0.0,0.0
0.3,0.0,0.003,0.001,-0.2,100.0,1000,0,0.0,0.0,0.0,0.0
0.3,0.0,0.003,0.001,-0.2,1000.0,1000,0,0.0,0.0,0.0,0.0
0.3,0.0,0.003,0.001,-0.1,10.0,1000,0,0.0,0.0,0.0,0.0
0.3,0.0,0.003,0.001,-0.1,100.0,1000,0,0.0,0.0,0.0,0.0
0.3,0.0,0.003,0.001,-0.1,1000.0,1000,0,0.0,0.0,0.0,0.0
0.3,0.0,0.003,0.001,0.0,10.0,1000,0,0.0,0.0,0.0,0.0
0.3,0.0,0.003,0.001,0.0,100.0,1000,0,0.0,0.0,0.0,0.0
0.3,0.0,0.003,0.001,0.0,1000.0,1000,0,0.0,0.0,0.0,0.0
0.3,0.0,0.003,0.001,0.1,10.0,1000,0,0.0,0.0,0.0,0.0
0.3,0.0,0.003,0.001,0.1,100.0,1000,0,0.0,0.0,0.0,0.0
0.3,0.0,0.003,0.001,0.1,1000.0,1000,0,0.0,0.0,0.0,0.0
0.3,0.0,0.003,0.001,0.2,10.0,1000,0,0.0,0.0,0.0,0.0
0.3,0.0,0.003,0.001,0.2,100.0,1000,0,0.0,0.0,0.0,0.0
0.3,0.0,0.003,0.001,0.2,1000.0,1000,0,0.0,0.0,0.0,0.0
0.3,0.0,0.003,0.001,0.5,10.0,1000,0,0.0,0.0,0.0,0.0
0.3,0.0,0.003,0.001,0.5,100.0,1000,0,0.0,0.0,0.0,0.0
0.3,0.0,0.003,0.001,0.5,1000.0,1000,0,0.0,0.0,0.0,0.0
0.3,0.0,0.003,0.001,1.0,10.0,1000,0,0.0,0.0,0.0,0.0
0.3,0.0,0.003,0.001,1.0,100.0,1000,0,0.0,0.0,0.0,0.0
0.3,0.0,0.003,0.001,1.0,1000.0,1000,0,0.0,0.0,0.0,0.0
0.3,0.0,0.003,0.1,-0.5,10.0,1000,0,0.0,0.0,0.0,0.0
0.3,0.0,0.003,0.1,-0.5,100.0,1000,0,0.0,0.0,0.0,0.0
0.3,0.0,0.003,0.1,-0.5,1000.0,1000,0,0.0,0.0,0.0,0.0
0.3,0.0,0.003,0.1,-0.2,10.0,1000,0,0.0,0.0,0.0,0.0
0.3,0.0,0.003,0.1,-0.2,100.0,1000,0,0.0,0.0,0.0,0.0
0.3,0.0,0.003,0.1,-0.2,1000.0,1000,0,0.0,0.0,0.0,0.0
0.3,0.0,0.003,0.1,-0.1,10.0,1000,0,0.0,12.537714385906387,0.0,0.0
0.3,0.0,0.003,0.1,-0.1,100.0,1000,0,0.0,0.0,0.0,0.0
0.3,0.0,0.003,0.1,-0.1,1000.0,1000,0,0.0,0.0,0.0,0.0
0.3,0.0,0.003,0.1,0.0,10.0,1000,0,0.0,13.556073375912328,0.0,27.019884880431434
0.3,0.0,0.003,0.1,0.0,100.0,1000,0,0.0,0.0,0.0,0.0
0.3,0.0,0.003,0.1,0.0,1000.0,1000,0,0.0,0.0,0.0,0.0
0.3,0.0,0.003,0.1,0.1,10.0,1000,0,0.0,8.555327687512664,0.0,0.0
0.3,0.0,0.003,0.1,0.1,100.0,1000,0,0.0,0.0,0.0,0.0
0.3,0.0,0.003,0.1,0.1,1000.0,1000,0,0.0,0.0,0.0,0.0
0.3,0.0,0.003,0.1,0.2,10.0,1000,0,0.0,6.176821269634781,0.0,0.0
0.3,0.0,0.003,0.1,0.2,100.0,1000,0,0.0,35.954419316509636,0.0,0.0
0.3,0.0,0.003,0.1,0.2,1000.0,1000,0,0.0,0.0,0.0,0.0
0.3,0.0,0.003,0.1,0.5,10.0,1000,0,0.0,16.442858580509622,0.0,30.589459537782126
0.3,0.0,0.003,0.1,0.5,100.0,1000,0,0.0,9.143217399904623,0.0,22.336541415329336
0.3,0.0,0.003,0.1,0.5,1000.0,1000,0,0.0,7.868505420615418,0.0,0.0
0.3,0.0,0.003,0.1,1.0,10.0,1000,0,0.0,20.10293049942169,0.0,191.20445344173856
0.3,0.0,0.003,0.1,1.0,100.0,1000,0,0.0,15.577548312196878,0.0,30.105542314083316
0.3,0.0,0.003,0.1,1.0,1000.0,1000,0,0.0,33.22912767652749,0.0,0.0
0.3,0.0,0.003,1.0,-0.5,10.0,1000,0,0.0,0.0,0.0,0.0
0.3,0.0,0.003,1.0,-0.5,100.0,1000,0,0.0,0.0,0.0,0.0
0.3,0.0,0.003,1.0,-0.5,1000.0,1000,0,0.0,0.0,0.0,0.0
0.3,0.0,0.003,1.0,-0.2,10.0,1000,0,0.0,3.9030371520663554,0.0,4.64113859517444
0.3,0.0,0.003,1.0,-0.2,100.0,1000,0,0.0,2.8864356044620627,0.0,3.6705192882887747
0.3,0.0,0.003,1.0,-0.2,1000.0,1000,0,0.0,2.438274839441959,0.0,0.5313420514032469
0.3,0.0,0.003,1.0,-0.1,10.0,1000,0,0.0,3.6030387282772844,0.0,3.7038517042183394
0.3,0.0,0.003,1.0,-0.1,100.0,1000,0,0.0,2.9171353966658033,0.0,4.4907552446468815
0.3,0.0,0.003,1.0,-0.1,1000.0,1000,0,0.0,3.9026918145067175,0.0,4.842157652799513
0.3,0.0,0.003,1.0,0.0,10.0,1000,0,0.0,3.8665619136411284,0.0,6.458926890635665
0.3,0.0,0.003,1.0,0.0,100.0,1000,0,0.0,2.7257917019493334,0.0,3.627250786533316
0.3,0.0,0.003,1.0,0.0,1000.0,1000,0,0.0,3.048889583077246,0.0,8.715958336377877
0.3,0.0,0.003,1.0,0.1,10.0,1000,0,0.0,4.143639138980887,0.0,6.955928771530295
0.3,0.0,0.003,1.0,0.1,100.0,1000,0,0.0,2.8469750414233093,0.0,3.1690037986376636
0.3,0.0,0.003,1.0,0.1,1000.0,1000,0,0.0,2.6813867778933282,0.0,2.1404767922262486
0.3,0.0,0.003,1.0,0.2,10.0,1000,0,0.0,3.816602669224981,0.0,5.281812504109467
0.3,0.0,0.003,1.0,0.2,100.0,1000,0,0.0,2.4900011301617706,0.0,2.1527972066987515
0.3,0.0,0.003,1.0,0.2,1000.0,1000,0,0.0,2.998189198209373,0.0,4.492394562269095
0.3,0.0,0.003,1.0,0.5,10.0,1000,0,0.0,4.0034864950661895,0.0,7.432439078398672
0.3,0.0,0.003,1.0,0.5,100.0,1000,0,0.0,2.4320939393713483,0.0,2.594687199171115
0.3,0.0,0.003,1.0,0.5,1000.0,1000,0,0.0,2.470223090063185,0.0,2.375949904785602
0.3,0.0,0.003,1.0,1.0,10.0,757,243,0.6242089591815327,3.7679948620470034,0.02490915939155477,10.282110706997448
0.3,0.0,0.003,1.0,1.0,100.0,763,237,0.5956624330109733,1.7503302498465334,0.033480826608508485,1.3740314587065225
0.3,0.0,0.003,1.0,1.0,1000.0,921,79,0.6028614302760849,1.875828550423336,0.031956421276709716,1.8495154054472187
0.3,0.0,0.001,1e-05,-0.5,10.0,1000,0,0.0,0.0,0.0,0.0
0.3,0.0,0.001,1e-05,-0.5,100.0,1000,0,0.0,0.0,0.0,0.0
0.3,0.0,0.001,1e-05,-0.5,1000.0,1000,0,0.0,0.0,0.0,0.0
0.3,0.0,0.001,1e-05,-0.2,10.0,1000,0,0.0,0.0,0.0,0.0
0.3,0.0,0.001,1e-05,-0.2,100.0,1000,0,0.0,0.0,0.0,0.0
0.3,0.0,0.001,1e-05,-0.2,1000.0,1000,0,0.0,0.0,0.0,0.0
0.3,0.0,0.001,1e-05,-0.1,10.0,1000,0,0.0,0.0,0.0,0.0
0.3,0.0,0.001,1e-05,-0.1,100.0,1000,0,0.0,0.0,0.0,0.0
0.3,0.0,0.001,1e-05,-0.1,1000.0,1000,0,0.0,0.0,0.0,0.0
0.3,0.0,0.001,1e-05,0.0,10.0,1000,0,0.0,0.0,0.0,0.0
0.3,0.0,0.001,1e-05,0.0,100.0,1000,0,0.0,0.0,0.0,0.0
0.3,0.0,0.001,1e-05,0.0,1000.0,1000,0,0.0,0.0,0.0,0.0
0.3,0.0,0.001,1e-05,0.1,10.0,1000,0,0.0,0.0,0.0,0.0
0.3,0.0,0.001,1e-05,0.1,100.0,1000,0,0.0,0.0,0.0,0.0
0.3,0.0,0.001,1e-05,0.1,1000.0,1000,0,0.0,0.0,0.0,0.0
0.3,0.0,0.001,1e-05,0.2,10.0,1000,0,0.0,0.0,0.0,0.0
0.3,0.0,0.001,1e-05,0.2,100.0,1000,0,0.0,0.0,0.0,0.0
0.3,0.0,0.001,1e-05,0.2,1000.0,1000,0,0.0,0.0,0.0,0.0
0.3,0.0,0.001,1e-05,0.5,10.0,1000,0,0.0,0.0,0.0,0.0
0.3,0.0,0.001,1e-05,0.5,100.0,1000,0,0.0,0.0,0.0,0.0
0.3,0.0,0.001,1e-05,0.5,1000.0,1000,0,0.0,0.0,0.0,0.0
0.3,0.0,0.001,1e-05,1.0,10.0,1000,0,0.0,0.0,0.0,0.0
0.3,0.0,0.001,1e-05,1.0,100.0,1000,0,0.0,0.0,0.0,0.0
0.3,0.0,0.001,1e-05,1.0,1000.0,1000,0,0.0,0.0,0.0,0.0
0.3,0.0,0.001,0.001,-0.5,10.0,1000,0,0.0,0.0,0.0,0.0
0.3,0.0,0.001,0.001,-0.5,100.0,1000,0,0.0,0.0,0.0,0.0
0.3,0.0,0.001,0.001,-0.5,1000.0,1000,0,0.0,0.0,0.0,0.0
0.3,0.0,0.001,0.001,-0.2,10.0,1000,0,0.0,0.0,0.0,0.0
0.3,0.0,0.001,0.001,-0.2,100.0,1000,0,0.0,0.0,0.0,0.0
0.3,0.0,0.001,0.001,-0.2,1000.0,1000,0,0.0,0.0,0.0,0.0
0.3,0.0,0.001,0.001,-0.1,10.0,1000,0,0.0,0.0,0.0,0.0
0.3,0.0,0.001,0.001,-0.1,100.0,1000,0,0.0,0.0,0.0,0.0
0.3,0.0,0.001,0.001,-0.1,1000.0,1000,0,0.0,0.0,0.0,0.0
0.3,0.0,0.001,0.001,0.0,10.0,1000,0,0.0,0.0,0.0,0.0
0.3,0.0,0.001,0.001,0.0,100.0,1000,0,0.0,0.0,0.0,0.0
0.3,0.0,0.001,0.001,0.0,1000.0,1000,0,0.0,0.0,0.0,0.0
0.3,0.0,0.001,0.001,0.1,10.0,1000,0,0.0,0.0,0.0,0.0
0.3,0.0,0.001,0.001,0.1,100.0,1000,0,0.0,0.0,0.0,0.0
0.3,0.0,0.001,0.001,0.1,1000.0,1000,0,0.0,0.0,0.0,0.0
0.3,0.0,0.001,0.001,0.2,10.0,1000,0,0.0,0.0,0.0,0.0
0.3,0.0,0.001,0.001,0.2,100.0,1000,0,0.0,0.0,0.0,0.0
0.3,0.0,0.001,0.001,0.2,1000.0,1000,0,0.0,0.0,0.0,0.0
0.3,0.0,0.001,0.001,0.5,10.0,1000,0,0.0,0.0,0.0,0.0
0.3,0.0,0.001,0.001,0.5,100.0,1000,0,0.0,0.0,0.0,0.0
0.3,0.0,0.001,0.001,0.5,1000.0,1000,0,0.0,0.0,0.0,0.0
0.3,0.0,0.001,0.001,1.0,10.0,1000,0,0.0,0.0,0.0,0.0
0.3,0.0,0.001,0.001,1.0,100.0,1000,0,0.0,0.0,0.0,0.0
0.3,0.0,0.001,0.001,1.0,1000.0,1000,0,0.0,0.0,0.0,0.0
0.3,0.0,0.001,0.1,-0.5,10.0,1000,0,0.0,0.0,0.0,0.0
0.3,0.0,0.001,0.1,-0.5,100.0,1000,0,0.0,0.0,0.0,0.0
0.3,0.0,0.001,0.1,-0.5,1000.0,1000,0,0.0,0.0,0.0,0.0
0.3,0.0,0.001,0.1,-0.2,10.0,1000,0,0.0,0.0,0.0,0.0
0.3,0.0,0.001,0.1,-0.2,100.0,1000,0,0.0,0.0,0.0,0.0
0.3,0.0,0.001,0.1,-0.2,1000.0,1000,0,0.0,0.0,0.0,0.0
0.3,0.0,0.001,0.1,-0.1,10.0,1000,0,0.0,0.0,0.0,0.0
0.3,0.0,0.001,0.1,-0.1,100.0,1000,0,0.0,0.0,0.0,0.0
0.3,0.0,0.001,0.1,-0.1,1000.0,1000,0,0.0,0.0,0.0,0.0
0.3,0.0,0.001,0.1,0.0,10.0,1000,0,0.0,0.0,0.0,0.0
0.3,0.0,0.001,0.1,0.0,100.0,1000,0,0.0,0.0,0.0,0.0
0.3,0.0,0.001,0.1,0.0,1000.0,1000,0,0.0,0.0,0.0,0.0
0.3,0.0,0.001,0.1,0.1,10.0,1000,0,0.0,0.0,0.0,0.0
0.3,0.0,0.001,0.1,0.1,100.0,1000,0,0.0,0.0,0.0,0.0
0.3,0.0,0.001,0.1,0.1,1000.0,1000,0,0.0,0.0,0.0,0.0
0.3,0.0,0.001,0.1,0.2,10.0,1000,0,0.0,0.0,0.0,0.0
0.3,0.0,0.001,0.1,0.2,100.0,1000,0,0.0,0.0,0.0,0.0
0.3,0.0,0.001,0.1,0.2,1000.0,1000,0,0.0,0.0,0.0,0.0
0.3,0.0,0.001,0.1,0.5,10.0,1000,0,0.0,0.0,0.0,0.0
0.3,0.0,0.001,0.1,0.5,100.0,1000,0,0.0,0.0,0.0,0.0
0.3,0.0,0.001,0.1,0.5,1000.0,1000,0,0.0,0.0,0.0,0.0
0.3,0.0,0.001,0.1,1.0,10.0,1000,0,0.0,0.0,0.0,0.0
0.3,0.0,0.001,0.1,1.0,100.0,1000,0,0.0,0.0,0.0,0.0
0.3,0.0,0.001,0.1,1.0,1000.0,1000,0,0.0,0.0,0.0,0.0
0.3,0.0,0.001,1.0,-0.5,10.0,1000,0,0.0,0.0,0.0,0.0
0.3,0.0,0.001,1.0,-0.5,100.0,1000,0,0.0,0.0,0.0,0.0
0.3,0.0,0.001,1.0,-0.5,1000.0,1000,0,0.0,0.0,0.0,0.0
0.3,0.0,0.001,1.0,-0.2,10.0,1000,0,0.0,0.0,0.0,0.0
0.3,0.0,0.001,1.0,-0.2,100.0,1000,0,0.0,0.0,0.0,0.0
0.3,0.0,0.001,1.0,-0.2,1000.0,1000,0,0.0,0.0,0.0,0.0
0.3,0.0,0.001,1.0,-0.1,10.0,1000,0,0.0,0.0,0.0,0.0
0.3,0.0,0.001,1.0,-0.1,100.0,1000,0,0.0,2.722765423293426,0.0,0.0
0.3,0.0,0.001,1.0,-0.1,1000.0,1000,0,0.0,0.0,0.0,0.0
0.3,0.0,0.001,1.0,0.0,10.0,1000,0,0.0,10.926901963346868,0.0,0.0
0.3,0.0,0.001,1.0,0.0,100.0,1000,0,0.0,12.072376757068064,0.0,71.25546415721085
0.3,0.0,0.001,1.0,0.0,1000.0,1000,0,0.0,16.00029660760244,0.0,0.0
0.3,0.0,0.001,1.0,0.1,10.0,1000,0,0.0,15.84425531862432,0.0,45.81402408408025
0.3,0.0,0.001,1.0,0.1,100.0,1000,0,0.0,9.102234247942448,0.0,20.464033832269795
0.3,0.0,0.001,1.0,0.1,1000.0,1000,0,0.0,19.9266972418945,0.0,0.0
0.3,0.0,0.001,1.0,0.2,10.0,1000,0,0.0,20.416970039400013,0.0,140.84024841667474
0.3,0.0,0.001,1.0,0.2,100.0,1000,0,0.0,11.327012320329942,0.0,41.983941019593935
0.3,0.0,0.001,1.0,0.2,1000.0,1000,0,0.0,9.154517321182546,0.0,17.138903599878358
0.3,0.0,0.001,1.0,0.5,10.0,872,128,0.49329344131794906,19.889446588481725,0.01269887805854225,85.78544056013979
0.3,0.0,0.001,1.0,0.5,100.0,865,135,0.4892613891045966,7.513540157494146,0.01628997544024397,18.19890462458033
0.3,0.0,0.001,1.0,0.5,1000.0,942,58,0.4801596946965071,7.475808958383535,0.02117855422682131,13.490719980664865
0.3,0.0,0.001,1.0,1.0,10.0,599,401,0.639327075941055,14.432896067616229,0.003939271045534093,31.64583228725159
0.3,0.0,0.001,1.0,1.0,100.0,632,368,0.6379358280787888,4.022606501269634,0.0038375073101535114,3.208082001405759
0.3,0.0,0.001,1.0,1.0,1000.0,787,213,0.6373484548584697,4.01499120669052,0.0039119703043363685,2.8548830670245002
0.3,1e-05,0.0003,1e-05,-0.5,10.0,1000,0,0.0,0.0,0.0,0.0
0.3,1e-05,0.0003,1e-05,-0.5,100.0,1000,0,0.0,0.0,0.0,0.0
0.3,1e-05,0.0003,1e-05,-0.5,1000.0,1000,0,0.0,0.0,0.0,0.0
0.3,1e-05,0.0003,1e-05,-0.2,10.0,1000,0,0.0,0.0,0.0,0.0
0.3,1e-05,0.0003,1e-05,-0.2,100.0,1000,0,0.0,0.0,0.0,0.0
0.3,1e-05,0.0003,1e-05,-0.2,1000.0,1000,0,0.0,0.0,0.0,0.0
0.3,1e-05,0.0003,1e-05,-0.1,10.0,1000,0,0.0,0.0,0.0,0.0
0.3,1e-05,0.0003,1e-05,-0.1,100.0,1000,0,0.0,0.0,0.0,0.0
0.3,1e-05,0.0003,1e-05,-0.1,1000.0,1000,0,0.0,0.0,0.0,0.0
0.3,1e-05,0.0003,1e-05,0.0,10.0,1000,0,0.0,0.0,0.0,0.0
0.3,1e-05,0.0003,1e-05,0.0,100.0,1000,0,0.0,0.0,0.0,0.0
0.3,1e-05,0.0003,1e-05,0.0,1000.0,1000,0,0.0,0.0,0.0,0.0
0.3,1e-05,0.0003,1e-05,0.1,10.0,1000,0,0.0,0.0,0.0,0.0
0.3,1e-05,0.0003,1e-05,0.1,100.0,1000,0,0.0,0.0,0.0,0.0
0.3,1e-05,0.0003,1e-05,0.1,1000.0,1000,0,0.0,0.0,0.0,0.0
0.3,1e-05,0.0003,1e-05,0.2,10.0,1000,0,0.0,0.0,0.0,0.0
0.3,1e-05,0.0003,1e-05,0.2,100.0,1000,0,0.0,0.0,0.0,0.0
0.3,1e-05,0.0003,1e-05,0.2,1000.0,1000,0,0.0,0.0,0.0,0.0
0.3,1e-05,0.0003,1e-05,0.5,10.0,1000,0,0.0,0.0,0.0,0.0
0.3,1e-05,0.0003,1e-05,0.5,100.0,1000,0,0.0,0.0,0.0,0.0
0.3,1e-05,0.0003,1e-05,0.5,1000.0,1000,0,0.0,0.0,0.0,0.0
0.3,1e-05,0.0003,1e-05,1.0,10.0,1000,0,0.0,0.0,0.0,0.0
0.3,1e-05,0.0003,1e-05,1.0,100.0,1000,0,0.0,0.0,0.0,0.0
0.3,1e-05,0.0003,1e-05,1.0,1000.0,1000,0,0.0,0.0,0.0,0.0
0.3,1e-05,0.0003,0.001,-0.5,10.0,1000,0,0.0,0.0,0.0,0.0
0.3,1e-05,0.0003,0.001,-0.5,100.0,1000,0,0.0,0.0,0.0,0.0
0.3,1e-05,0.0003,0.001,-0.5,1000.0,1000,0,0.0,0.0,0.0,0.0
0.3,1e-05,0.0003,0.001,-0.2,10.0,1000,0,0.0,0.0,0.0,0.0
0.3,1e-05,0.0003,0.001,-0.2,100.0,1000,0,0.0,0.0,0.0,0.0
0.3,1e-05,0.0003,0.001,-0.2,1000.0,1000,0,0.0,0.0,0.0,0.0
0.3,1e-05,0.0003,0.001,-0.1,10.0,1000,0,0.0,0.0,0.0,0.0
0.3,1e-05,0.0003,0.001,-0.1,100.0,1000,0,0.0,0.0,0.0,0.0
0.3,1e-05,0.0003,0.001,-0.1,1000.0,1000,0,0.0,0.0,0.0,0.0
0.3,1e-05,0.0003,0.001,0.0,10.0,1000,0,0.0,0.0,0.0,0.0
0.3,1e-05,0.0003,0.001,0.0,100.0,1000,0,0.0,0.0,0.0,0.0
0.3,1e-05,0.0003,0.001,0.0,1000.0,1000,0,0.0,0.0,0.0,0.0
0.3,1e-05,0.0003,0.001,0.1,10.0,1000,0,0.0,0.0,0.0,0.0
0.3,1e-05,0.0003,0.001,0.1,100.0,1000,0,0.0,0.0,0.0,0.0
0.3,1e-05,0.0003,0.001,0.1,1000.0,1000,0,0.0,0.0,0.0,0.0
0.3,1e-05,0.0003,0.001,0.2,10.0,1000,0,0.0,0.0,0.0,0.0
0.3,1e-05,0.0003,0.001,0.2,100.0,1000,0,0.0,0.0,0.0,0.0
0.3,1e-05,0.0003,0.001,0.2,1000.0,1000,0,0.0,0.0,0.0,0.0
0.3,1e-05,0.0003,0.001,0.5,10.0,1000,0,0.0,0.0,0.0,0.0
0.3,1e-05,0.0003,0.001,0.5,100.0,1000,0,0.0,0.0,0.0,0.0
0.3,1e-05,0.0003,0.001,0.5,1000.0,1000,0,0.0,0.0,0.0,0.0
0.3,1e-05,0.0003,0.001,1.0,10.0,1000,0,0.0,0.0,0.0,0.0
0.3,1e-05,0.0003,0.001,1.0,100.0,1000,0,0.0,0.0,0.0,0.0
0.3,1e-05,0.0003,0.001,1.0,1000.0,1000,0,0.0,0.0,0.0,0.0
0.3,1e-05,0.0003,0.1,-0.5,10.0,1000,0,0.0,0.0,0.0,0.0
0.3,1e-05,0.0003,0.1,-0.5,100.0,1000,0,0.0,0.0,0.0,0.0
0.3,1e-05,0.0003,0.1,-0.5,1000.0,1000,0,0.0,0.0,0.0,0.0
0.3,1e-05,0.0003,0.1,-0.2,10.0,1000,0,0.0,0.0,0.0,0.0
0.3,1e-05,0.0003,0.1,-0.2,100.0,1000,0,0.0,0.0,0.0,0.0
0.3,1e-05,0.0003,0.1,-0.2,1000.0,1000,0,0.0,0.0,0.0,0.0
0.3,1e-05,0.0003,0.1,-0.1,10.0,1000,0,0.0,0.0,0.0,0.0
0.3,1e-05,0.0003,0.1,-0.1,100.0,1000,0,0.0,0.0,0.0,0.0
0.3,1e-05,0.0003,0.1,-0.1,1000.0,1000,0,0.0,0.0,0.0,0.0
0.3,1e-05,0.0003,0.1,0.0,10.0,1000,0,0.0,0.0,0.0,0.0
0.3,1e-05,0.0003,0.1,0.0,100.0,1000,0,0.0,0.0,0.0,0.0
0.3,1e-05,0.0003,0.1,0.0,1000.0,1000,0,0.0,0.0,0.0,0.0
0.3,1e-05,0.0003,0.1,0.1,10.0,1000,0,0.0,0.0,0.0,0.0
0.3,1e-05,0.0003,0.1,0.1,100.0,1000,0,0.0,0.0,0.0,0.0
0.3,1e-05,0.0003,0.1,0.1,1000.0,1000,0,0.0,0.0,0.0,0.0
0.3,1e-05,0.0003,0.1,0.2,10.0,1000,0,0.0,0.0,0.0,0.0
0.3,1e-05,0.0003,0.1,0.2,100.0,1000,0,0.0,0.0,0.0,0.0
0.3,1e-05,0.0003,0.1,0.2,1000.0,1000,0,0.0,0.0,0.0,0.0
0.3,1e-05,0.0003,0.1,0.5,10.0,1000,0,0.0,0.0,0.0,0.0
0.3,1e-05,0.0003,0.1,0.5,100.0,1000,0,0.0,0.0,0.0,0.0
0.3,1e-05,0.0003,0.1,0.5,1000.0,1000,0,0.0,0.0,0.0,0.0
0.3,1e-05,0.0003,0.1,1.0,10.0,1000,0,0.0,0.0,0.0,0.0
0.3,1e-05,0.0003,0.1,1.0,100.0,1000,0,0.0,0.0,0.0,0.0
0.3,1e-05,0.0003,0.1,1.0,1000.0,1000,0,0.0,0.0,0.0,0.0
0.3,1e-05,0.0003,1.0,-0.5,10.0,1000,0,0.0,0.0,0.0,0.0
0.3,1e-05,0.0003,1.0,-0.5,100.0,1000,0,0.0,0.0,0.0,0.0
0.3,1e-05,0.0003,1.0,-0.5,1000.0,1000,0,0.0,0.0,0.0,0.0
0.3,1e-05,0.0003,1.0,-0.2,10.0,1000,0,0.0,0.0,0.0,0.0
0.3,1e-05,0.0003,1.0,-0.2,100.0,1000,0,0.0,0.0,0.0,0.0
0.3,1e-05,0.0003,1.0,-0.2,1000.0,1000,0,0.0,0.0,0.0,0.0
0.3,1e-05,0.0003,1.0,-0.1,10.0,1000,0,0.0,0.0,0.0,0.0
0.3,1e-05,0.0003,1.0,-0.1,100.0,1000,0,0.0,0.0,0.0,0.0
0.3,1e-05,0.0003,1.0,-0.1,1000.0,1000,0,0.0,0.0,0.0,0.0
0.3,1e-05,0.0003,1.0,0.0,10.0,1000,0,0.0,0.0,0.0,0.0
0.3,1e-05,0.0003,1.0,0.0,100.0,1000,0,0.0,0.0,0.0,0.0
0.3,1e-05,0.0003,1.0,0.0,1000.0,1000,0,0.0,0.0,0.0,0.0
0.3,1e-05,0.0003,1.0,0.1,10.0,1000,0,0.0,0.0,0.0,0.0
0.3,1e-05,0.0003,1.0,0.1,100.0,1000,0,0.0,0.0,0.0,0.0
0.3,1e-05,0.0003,1.0,0.1,1000.0,1000,0,0.0,17.901897957358905,0.0,0.0
0.3,1e-05,0.0003,1.0,0.2,10.0,1000,0,0.0,81.35982453401992,0.0,2557.9233690544493
0.3,1e-05,0.0003,1.0,0.2,100.0,1000,0,0.0,57.92736053718072,0.0,680.5645231412667
0.3,1e-05,0.0003,1.0,0.2,1000.0,1000,0,0.0,39.765610622518665,0.0,194.73810431422964
0.3,1e-05,0.0003,1.0,0.5,10.0,801,199,0.5212599470523198,36.354179502912906,0.0027912671247818555,88.33716839304843
0.3,1e-05,0.0003,1.0,0.5,100.0,779,221,0.5169499059815961,17.84881260073459,0.0028739102815540556,40.23796785234019
0.3,1e-05,0.0003,1.0,0.5,1000.0,850,150,0.5137375050019398,15.469014998225251,0.003044741069674871,169.65521311276407
0.3,1e-05,0.0003,1.0,1.0,10.0,575,425,0.6436576348675658,24.95599832709976,0.0011148756964869686,30.02049464355978
0.3,1e-05,0.0003,1.0,1.0,100.0,552,448,0.64062443032055,9.071708929656115,0.001132925161520227,58.20598213175964
0.3,1e-05,0.0003,1.0,1.0,1000.0,633,367,0.6385742337553207,7.007984005963407,0.0010740120022645183,114.9159548649777
0.3,1e-05,0.0001,1e-05,-0.5,10.0,1000,0,0.0,0.0,0.0,0.0
0.3,1e-05,0.0001,1e-05,-0.5,100.0,1000,0,0.0,0.0,0.0,0.0
0.3,1e-05,0.0001,1e-05,-0.5,1000.0,1000,0,0.0,0.0,0.0,0.0
0.3,1e-05,0.0001,1e-05,-0.2,10.0,1000,0,0.0,0.0,0.0,0.0
0.3,1e-05,0.0001,1e-05,-0.2,100.0,1000,0,0.0,0.0,0.0,0.0
0.3,1e-05,0.0001,1e-05,-0.2,1000.0,1000,0,0.0,0.0,0.0,0.0
0.3,1e-05,0.0001,1e-05,-0.1,10.0,1000,0,0.0,0.0,0.0,0.0
0.3,1e-05,0.0001,1e-05,-0.1,100.0,1000,0,0.0,0.0,0.0,0.0
0.3,1e-05,0.0001,1e-05,-0.1,1000.0,1000,0,0.0,0.0,0.0,0.0
0.3,1e-05,0.0001,1e-05,0.0,10.0,1000,0,0.0,0.0,0.0,0.0
0.3,1e-05,0.0001,1e-05,0.0,100.0,1000,0,0.0,0.0,0.0,0.0
0.3,1e-05,0.0001,1e-05,0.0,1000.0,1000,0,0.0,0.0,0.0,0.0
0.3,1e-05,0.0001,1e-05,0.1,10.0,1000,0,0.0,0.0,0.0,0.0
0.3,1e-05,0.0001,1e-05,0.1,100.0,1000,0,0.0,0.0,0.0,0.0
0.3,1e-05,0.0001,1e-05,0.1,1000.0,1000,0,0.0,0.0,0.0,0.0
0.3,1e-05,0.0001,1e-05,0.2,10.0,1000,0,0.0,0.0,0.0,0.0
0.3,1e-05,0.0001,1e-05,0.2,100.0,1000,0,0.0,0.0,0.0,0.0
0.3,1e-05,0.0001,1e-05,0.2,1000.0,1000,0,0.0,0.0,0.0,0.0
0.3,1e-05,0.0001,1e-05,0.5,10.0,1000,0,0.0,0.0,0.0,0.0
0.3,1e-05,0.0001,1e-05,0.5,100.0,1000,0,0.0,0.0,0.0,0.0
0.3,1e-05,0.0001,1e-05,0.5,1000.0,1000,0,0.0,0.0,0.0,0.0
0.3,1e-05,0.0001,1e-05,1.0,10.0,1000,0,0.0,0.0,0.0,0.0
0.3,1e-05,0.0001,1e-05,1.0,100.0,1000,0,0.0,0.0,0.0,0.0
0.3,1e-05,0.0001,1e-05,1.0,1000.0,1000,0,0.0,0.0,0.0,0.0
0.3,1e-05,0.0001,0.001,-0.5,10.0,1000,0,0.0,0.0,0.0,0.0
0.3,1e-05,0.0001,0.001,-0.5,100.0,1000,0,0.0,0.0,0.0,0.0
0.3,1e-05,0.0001,0.001,-0.5,1000.0,1000,0,0.0,0.0,0.0,0.0
0.3,1e-05,0.0001,0.001,-0.2,10.0,1000,0,0.0,0.0,0.0,0.0
0.3,1e-05,0.0001,0.001,-0.2,100.0,1000,0,0.0,0.0,0.0,0.0
0.3,1e-05,0.0001,0.001,-0.2,1000.0,1000,0,0.0,0.0,0.0,0.0
0.3,1e-05,0.0001,0.001,-0.1,10.0,1000,0,0.0,0.0,0.0,0.0
0.3,1e-05,0.0001,0.001,-0.1,100.0,1000,0,0.0,0.0,0.0,0.0
0.3,1e-05,0.0001,0.001,-0.1,1000.0,1000,0,0.0,0.0,0.0,0.0
0.3,1e-05,0.0001,0.001,0.0,10.0,1000,0,0.0,0.0,0.0,0.0
0.3,1e-05,0.0001,0.001,0.0,100.0,1000,0,0.0,0.0,0.0,0.0
0.3,1e-05,0.0001,0.001,0.0,1000.0,1000,0,0.0,0.0,0.0,0.0
0.3,1e-05,0.0001,0.001,0.1,10.0,1000,0,0.0,0.0,0.0,0.0
0.3,1e-05,0.0001,0.001,0.1,100.0,1000,0,0.0,0.0,0.0,0.0
0.3,1e-05,0.0001,0.001,0.1,1000.0,1000,0,0.0,0.0,0.0,0.0
0.3,1e-05,0.0001,0.001,0.2,10.0,1000,0,0.0,0.0,0.0,0.0
0.3,1e-05,0.0001,0.001,0.2,100.0,1000,0,0.0,0.0,0.0,0.0
0.3,1e-05,0.0001,0.001,0.2,1000.0,1000,0,0.0,0.0,0.0,0.0
0.3,1e-05,0.0001,0.001,0.5,10.0,1000,0,0.0,0.0,0.0,0.0
0.3,1e-05,0.0001,0.001,0.5,100.0,1000,0,0.0,0.0,0.0,0.0
0.3,1e-05,0.0001,0.001,0.5,1000.0,1000,0,0.0,0.0,0.0,0.0
0.3,1e-05,0.0001,0.001,1.0,10.0,1000,0,0.0,0.0,0.0,0.0
0.3,1e-05,0.0001,0.001,1.0,100.0,1000,0,0.0,0.0,0.0,0.0
0.3,1e-05,0.0001,0.001,1.0,1000.0,1000,0,0.0,0.0,0.0,0.0
0.3,1e-05,0.0001,0.1,-0.5,10.0,1000,0,0.0,0.0,0.0,0.0
0.3,1e-05,0.0001,0.1,-0.5,100.0,1000,0,0.0,0.0,0.0,0.0
0.3,1e-05,0.0001,0.1,-0.5,1000.0,1000,0,0.0,0.0,0.0,0.0
0.3,1e-05,0.0001,0.1,-0.2,10.0,1000,0,0.0,0.0,0.0,0.0
0.3,1e-05,0.0001,0.1,-0.2,100.0,1000,0,0.0,0.0,0.0,0.0
0.3,1e-05,0.0001,0.1,-0.2,1000.0,1000,0,0.0,0.0,0.0,0.0
0.3,1e-05,0.0001,0.1,-0.1,10.0,1000,0,0.0,0.0,0.0,0.0
0.3,1e-05,0.0001,0.1,-0.1,100.0,1000,0,0.0,0.0,0.0,0.0
0.3,1e-05,0.0001,0.1,-0.1,1000.0,1000,0,0.0,0.0,0.0,0.0
0.3,1e-05,0.0001,0.1,0.0,10.0,1000,0,0.0,0.0,0.0,0.0
0.3,1e-05,0.0001,0.1,0.0,100.0,1000,0,0.0,0.0,0.0,0.0
0.3,1e-05,0.0001,0.1,0.0,1000.0,1000,0,0.0,0.0,0.0,0.0
0.3,1e-05,0.0001,0.1,0.1,10.0,1000,0,0.0,0.0,0.0,0.0
0.3,1e-05,0.0001,0.1,0.1,100.0,1000,0,0.0,0.0,0.0,0.0
0.3,1e-05,0.0001,0.1,0.1,1000.0,1000,0,0.0,0.0,0.0,0.0
0.3,1e-05,0.0001,0.1,0.2,10.0,1000,0,0.0,0.0,0.0,0.0
0.3,1e-05,0.0001,0.1,0.2,100.0,1000,0,0.0,0.0,0.0,0.0
0.3,1e-05,0.0001,0.1,0.2,1000.0,1000,0,0.0,0.0,0.0,0.0
0.3,1e-05,0.0001,0.1,0.5,10.0,1000,0,0.0,0.0,0.0,0.0
0.3,1e-05,0.0001,0.1,0.5,100.0,1000,0,0.0,0.0,0.0,0.0
0.3,1e-05,0.0001,0.1,0.5,1000.0,1000,0,0.0,0.0,0.0,0.0
0.3,1e-05,0.0001,0.1,1.0,10.0,1000,0,0.0,0.0,0.0,0.0
0.3,1e-05,0.0001,0.1,1.0,100.0,1000,0,0.0,0.0,0.0,0.0
0.3,1e-05,0.0001,0.1,1.0,1000.0,1000,0,0.0,0.0,0.0,0.0
0.3,1e-05,0.0001,1.0,-0.5,10.0,1000,0,0.0,0.0,0.0,0.0
0.3,1e-05,0.0001,1.0,-0.5,100.0,1000,0,0.0,0.0,0.0,0.0
0.3,1e-05,0.0001,1.0,-0.5,1000.0,1000,0,0.0,0.0,0.0,0.0
0.3,1e-05,0.0001,1.0,-0.2,10.0,1000,0,0.0,0.0,0.0,0.0
0.3,1e-05,0.0001,1.0,-0.2,100.0,1000,0,0.0,0.0,0.0,0.0
0.3,1e-05,0.0001,1.0,-0.2,1000.0,1000,0,0.0,0.0,0.0,0.0
0.3,1e-05,0.0001,1.0,-0.1,10.0,1000,0,0.0,0.0,0.0,0.0
0.3,1e-05,0.0001,1.0,-0.1,100.0,1000,0,0.0,0.0,0.0,0.0
0.3,1e-05,0.0001,1.0,-0.1,1000.0,1000,0,0.0,0.0,0.0,0.0
0.3,1e-05,0.0001,1.0,0.0,10.0,1000,0,0.0,0.0,0.0,0.0
0.3,1e-05,0.0001,1.0,0.0,100.0,1000,0,0.0,0.0,0.0,0.0
0.3,1e-05,0.0001,1.0,0.0,1000.0,1000,0,0.0,0.0,0.0,0.0
0.3,1e-05,0.0001,1.0,0.1,10.0,1000,0,0.0,0.0,0.0,0.0
0.3,1e-05,0.0001,1.0,0.1,100.0,1000,0,0.0,0.0,0.0,0.0
0.3,1e-05,0.0001,1.0,0.1,1000.0,1000,0,0.0,0.0,0.0,0.0
0.3,1e-05,0.0001,1.0,0.2,10.0,995,5,0.1520565447061891,250.51733877778483,0.011435699322140943,20709.615267177007
0.3,1e-05,0.0001,1.0,0.2,100.0,986,14,0.18190558419310635,308.6955598727852,0.013992024989555308,48760.24748079631
0.3,1e-05,0.0001,1.0,0.2,1000.0,988,12,0.169891355097229,358.1009662105808,0.012513715971899084,60987.95406984883
0.3,1e-05,0.0001,1.0,0.5,10.0,795,205,0.517911420737502,49.832405084033965,0.0007963063116362157,74.98624622235853
0.3,1e-05,0.0001,1.0,0.5,100.0,724,276,0.5192620394318936,31.185280883939914,0.0008843495800793578,85.04215924128785
0.3,1e-05,0.0001,1.0,0.5,1000.0,770,230,0.5152384486649942,22.661953117894313,0.0009771819097047158,481.56822039048217
0.3,1e-05,0.0001,1.0,1.0,10.0,594,406,0.6412056529776776,34.670526930852255,0.00041023301766908855,26.479509974479445
0.3,1e-05,0.0001,1.0,1.0,100.0,566,434,0.641117774994022,20.246199056054035,0.0003486229662165001,398.91026010798805
0.3,1e-05,0.0001,1.0,1.0,1000.0,555,445,0.6390649127039085,9.671601552573032,0.00041126607993913076,124.30704326492983
0.3,1e-05,0.003,1e-05,-0.5,10.0,1000,0,0.0,0.0,0.0,0.0
0.3,1e-05,0.003,1e-05,-0.5,100.0,1000,0,0.0,0.0,0.0,0.0
0.3,1e-05,0.003,1e-05,-0.5,1000.0,1000,0,0.0,0.0,0.0,0.0
0.3,1e-05,0.003,1e-05,-0.2,10.0,1000,0,0.0,0.0,0.0,0.0
0.3,1e-05,0.003,1e-05,-0.2,100.0,1000,0,0.0,0.0,0.0,0.0
0.3,1e-05,0.003,1e-05,-0.2,1000.0,1000,0,0.0,0.0,0.0,0.0
0.3,1e-05,0.003,1e-05,-0.1,10.0,1000,0,0.0,0.0,0.0,0.0
0.3,1e-05,0.003,1e-05,-0.1,100.0,1000,0,0.0,0.0,0.0,0.0
0.3,1e-05,0.003,1e-05,-0.1,1000.0,1000,0,0.0,0.0,0.0,0.0
0.3,1e-05,0.003,1e-05,0.0,10.0,1000,0,0.0,0.0,0.0,0.0
0.3,1e-05,0.003,1e-05,0.0,100.0,1000,0,0.0,0.0,0.0,0.0
0.3,1e-05,0.003,1e-05,0.0,1000.0,1000,0,0.0,0.0,0.0,0.0
0.3,1e-05,0.003,1e-05,0.1,10.0,1000,0,0.0,0.0,0.0,0.0
0.3,1e-05,0.003,1e-05,0.1,100.0,1000,0,0.0,0.0,0.0,0.0
0.3,1e-05,0.003,1e-05,0.1,1000.0,1000,0,0.0,0.0,0.0,0.0
0.3,1e-05,0.003,1e-05,0.2,10.0,1000,0,0.0,0.0,0.0,0.0
0.3,1e-05,0.003,1e-05,0.2,100.0,1000,0,0.0,0.0,0.0,0.0
0.3,1e-05,0.003,1e-05,0.2,1000.0,1000,0,0.0,0.0,0.0,0.0
0.3,1e-05,0.003,1e-05,0.5,10.0,1000,0,0.0,0.0,0.0,0.0
0.3,1e-05,0.003,1e-05,0.5,100.0,1000,0,0.0,0.0,0.0,0.0
0.3,1e-05,0.003,1e-05,0.5,1000.0,1000,0,0.0,0.0,0.0,0.0
0.3,1e-05,0.003,1e-05,1.0,10.0,1000,0,0.0,0.0,0.0,0.0
0.3,1e-05,0.003,1e-05,1.0,100.0,1000,0,0.0,0.0,0.0,0.0
0.3,1e-05,0.003,1e-05,1.0,1000.0,1000,0,0.0,0.0,0.0,0.0
0.3,1e-05,0.003,0.001,-0.5,10.0,1000,0,0.0,0.0,0.0,0.0
0.3,1e-05,0.003,0.001,-0.5,100.0,1000,0,0.0,0.0,0.0,0.0
0.3,1e-05,0.003,0.001,-0.5,1000.0,1000,0,0.0,0.0,0.0,0.0
0.3,1e-05,0.003,0.001,-0.2,10.0,1000,0,0.0,0.0,0.0,0.0
0.3,1e-05,0.003,0.001,-0.2,100.0,1000,0,0.0,0.0,0.0,0.0
0.3,1e-05,0.003,0.001,-0.2,1000.0,1000,0,0.0,0.0,0.0,0.0
0.3,1e-05,0.003,0.001,-0.1,10.0,1000,0,0.0,0.0,0.0,0.0
0.3,1e-05,0.003,0.001,-0.1,100.0,1000,0,0.0,0.0,0.0,0.0
0.3,1e-05,0.003,0.001,-0.1,1000.0,1000,0,0.0,0.0,0.0,0.0
0.3,1e-05,0.003,0.001,0.0,10.0,1000,0,0.0,0.0,0.0,0.0
0.3,1e-05,0.003,0.001,0.0,100.0,1000,0,0.0,0.0,0.0,0.0
0.3,1e-05,0.003,0.001,0.0,1000.0,1000,0,0.0,0.0,0.0,0.0
0.3,1e-05,0.003,0.001,0.1,10.0,1000,0,0.0,0.0,0.0,0.0
0.3,1e-05,0.003,0.001,0.1,100.0,1000,0,0.0,0.0,0.0,0.0
0.3,1e-05,0.003,0.001,0.1,1000.0,1000,0,0.0,0.0,0.0,0.0
0.3,1e-05,0.003,0.001,0.2,10.0,1000,0,0.0,0.0,0.0,0.0
0.3,1e-05,0.003,0.001,0.2,100.0,1000,0,0.0,0.0,0.0,0.0
0.3,1e-05,0.003,0.001,0.2,1000.0,1000,0,0.0,0.0,0.0,0.0
0.3,1e-05,0.003,0.001,0.5,10.0,1000,0,0.0,0.0,0.0,0.0
0.3,1e-05,0.003,0.001,0.5,100.0,1000,0,0.0,0.0,0.0,0.0
0.3,1e-05,0.003,0.001,0.5,1000.0,1000,0,0.0,0.0,0.0,0.0
0.3,1e-05,0.003,0.001,1.0,10.0,1000,0,0.0,0.0,0.0,0.0
0.3,1e-05,0.003,0.001,1.0,100.0,1000,0,0.0,0.0,0.0,0.0
0.3,1e-05,0.003,0.001,1.0,1000.0,1000,0,0.0,0.0,0.0,0.0
0.3,1e-05,0.003,0.1,-0.5,10.0,1000,0,0.0,0.0,0.0,0.0
0.3,1e-05,0.003,0.1,-0.5,100.0,1000,0,0.0,0.0,0.0,0.0
0.3,1e-05,0.003,0.1,-0.5,1000.0,1000,0,0.0,0.0,0.0,0.0
0.3,1e-05,0.003,0.1,-0.2,10.0,1000,0,0.0,12.483856352159517,0.0,0.0
0.3,1e-05,0.003,0.1,-0.2,100.0,1000,0,0.0,0.0,0.0,0.0
0.3,1e-05,0.003,0.1,-0.2,1000.0,1000,0,0.0,0.0,0.0,0.0
0.3,1e-05,0.003,0.1,-0.1,10.0,1000,0,0.0,0.0,0.0,0.0
0.3,1e-05,0.003,0.1,-0.1,100.0,1000,0,0.0,0.0,0.0,0.0
0.3,1e-05,0.003,0.1,-0.1,1000.0,1000,0,0.0,0.0,0.0,0.0
0.3,1e-05,0.003,0.1,0.0,10.0,1000,0,0.0,0.0,0.0,0.0
0.3,1e-05,0.003,0.1,0.0,100.0,1000,0,0.0,0.0,0.0,0.0
0.3,1e-05,0.003,0.1,0.0,1000.0,1000,0,0.0,0.0,0.0,0.0
0.3,1e-05,0.003,0.1,0.1,10.0,1000,0,0.0,21.04623704013111,0.0,0.0
0.3,1e-05,0.003,0.1,0.1,100.0,1000,0,0.0,0.0,0.0,0.0
0.3,1e-05,0.003,0.1,0.1,1000.0,1000,0,0.0,0.0,0.0,0.0
0.3,1e-05,0.003,0.1,0.2,10.0,1000,0,0.0,17.97308928440742,0.0,0.0
0.3,1e-05,0.003,0.1,0.2,100.0,1000,0,0.0,7.806078346620729,0.0,0.271894602565849
0.3,1e-05,0.003,0.1,0.2,1000.0,1000,0,0.0,0.0,0.0,0.0
0.3,1e-05,0.003,0.1,0.5,10.0,1000,0,0.0,17.594959602108446,0.0,50.0225876059756
0.3,1e-05,0.003,0.1,0.5,100.0,1000,0,0.0,18.6368159837193,0.0,50.59082822927968
0.3,1e-05,0.003,0.1,0.5,1000.0,1000,0,0.0,4.758452436074354,0.0,0.0006146982211094273
0.3,1e-05,0.003,0.1,1.0,10.0,1000,0,0.0,22.513689292042372,0.0,292.045899478536
0.3,1e-05,0.003,0.1,1.0,100.0,1000,0,0.0,12.929768811908005,0.0,41.79912269623773
0.3,1e-05,0.003,0.1,1.0,1000.0,1000,0,0.0,12.5725653831997,0.0,32.24703335246327
0.3,1e-05,0.003,1.0,-0.5,10.0,1000,0,0.0,2.345377854071775,0.0,0.22092399956475198
0.3,1e-05,0.003,1.0,-0.5,100.0,1000,0,0.0,0.0,0.0,0.0
0.3,1e-05,0.003,1.0,-0.5,1000.0,1000,0,0.0,0.0,0.0,0.0
0.3,1e-05,0.003,1.0,-0.2,10.0,1000,0,0.0,3.5588472970478042,0.0,5.132789273916706
0.3,1e-05,0.003,1.0,-0.2,100.0,1000,0,0.0,1.9553369863504275,0.0,1.9822033439874922
0.3,1e-05,0.003,1.0,-0.2,1000.0,1000,0,0.0,3.486385972425179,0.0,8.078827736949135
0.3,1e-05,0.003,1.0,-0.1,10.0,1000,0,0.0,4.3907512792202255,0.0,9.40609423904699
0.3,1e-05,0.003,1.0,-0.1,100.0,1000,0,0.0,3.0761032132257986,0.0,3.0059694422461853
0.3,1e-05,0.003,1.0,-0.1,1000.0,1000,0,0.0,1.730058821513182,0.0,0.4610584525402792
0.3,1e-05,0.003,1.0,0.0,10.0,1000,0,0.0,4.321833901326076,0.0,8.361272804910337
0.3,1e-05,0.003,1.0,0.0,100.0,1000,0,0.0,3.5791905433646587,0.0,14.670074506605298
0.3,1e-05,0.003,1.0,0.0,1000.0,1000,0,0.0,2.5030908451116876,0.0,2.090294360633502
0.3,1e-05,0.003,1.0,0.1,10.0,1000,0,0.0,4.069373633671987,0.0,6.8927691476573045
0.3,1e-05,0.003,1.0,0.1,100.0,1000,0,0.0,2.5104249340903513,0.0,2.55147306926578
0.3,1e-05,0.003,1.0,0.1,1000.0,1000,0,0.0,6.841413939785027,0.0,333.3791374396131
0.3,1e-05,0.003,1.0,0.2,10.0,1000,0,0.0,4.264059795865138,0.0,13.014409571378465
0.3,1e-05,0.003,1.0,0.2,100.0,1000,0,0.0,2.9256839765584717,0.0,19.150184293405456
0.3,1e-05,0.003,1.0,0.2,1000.0,1000,0,0.0,3.3813425305745626,0.0,4.606752645579282
0.3,1e-05,0.003,1.0,0.5,10.0,1000,0,0.0,4.039303058122948,0.0,10.257870706358974
0.3,1e-05,0.003,1.0,0.5,100.0,1000,0,0.0,2.4082735096418393,0.0,2.845316340220361
0.3,1e-05,0.003,1.0,0.5,1000.0,1000,0,0.0,2.7398824833326785,0.0,9.079902636465636
0.3,1e-05,0.003,1.0,1.0,10.0,741,259,0.624708310866477,3.269071104762699,0.025137264045532036,5.096082350808506
0.3,1e-05,0.003,1.0,1.0,100.0,757,243,0.626430363008589,1.7998749821737,0.01785795222771286,1.3817777500999606
0.3,1e-05,0.003,1.0,1.0,1000.0,929,71,0.6121327767685852,2.5875556520861123,0.020710874379482207,66.63718735308215
0.3,1e-05,0.001,1e-05,-0.5,10.0,1000,0,0.0,0.0,0.0,0.0
0.3,1e-05,0.001,1e-05,-0.5,100.0,1000,0,0.0,0.0,0.0,0.0
0.3,1e-05,0.001,1e-05,-0.5,1000.0,1000,0,0.0,0.0,0.0,0.0
0.3,1e-05,0.001,1e-05,-0.2,10.0,1000,0,0.0,0.0,0.0,0.0
0.3,1e-05,0.001,1e-05,-0.2,100.0,1000,0,0.0,0.0,0.0,0.0
0.3,1e-05,0.001,1e-05,-0.2,1000.0,1000,0,0.0,0.0,0.0,0.0
0.3,1e-05,0.001,1e-05,-0.1,10.0,1000,0,0.0,0.0,0.0,0.0
0.3,1e-05,0.001,1e-05,-0.1,100.0,1000,0,0.0,0.0,0.0,0.0
0.3,1e-05,0.001,1e-05,-0.1,1000.0,1000,0,0.0,0.0,0.0,0.0
0.3,1e-05,0.001,1e-05,0.0,10.0,1000,0,0.0,0.0,0.0,0.0
0.3,1e-05,0.001,1e-05,0.0,100.0,1000,0,0.0,0.0,0.0,0.0
0.3,1e-05,0.001,1e-05,0.0,1000.0,1000,0,0.0,0.0,0.0,0.0
0.3,1e-05,0.001,1e-05,0.1,10.0,1000,0,0.0,0.0,0.0,0.0
0.3,1e-05,0.001,1e-05,0.1,100.0,1000,0,0.0,0.0,0.0,0.0
0.3,1e-05,0.001,1e-05,0.1,1000.0,1000,0,0.0,0.0,0.0,0.0
0.3,1e-05,0.001,1e-05,0.2,10.0,1000,0,0.0,0.0,0.0,0.0
0.3,1e-05,0.001,1e-05,0.2,100.0,1000,0,0.0,0.0,0.0,0.0
0.3,1e-05,0.001,1e-05,0.2,1000.0,1000,0,0.0,0.0,0.0,0.0
0.3,1e-05,0.001,1e-05,0.5,10.0,1000,0,0.0,0.0,0.0,0.0
0.3,1e-05,0.001,1e-05,0.5,100.0,1000,0,0.0,0.0,0.0,0.0
0.3,1e-05,0.001,1e-05,0.5,1000.0,1000,0,0.0,0.0,0.0,0.0
0.3,1e-05,0.001,1e-05,1.0,10.0,1000,0,0.0,0.0,0.0,0.0
0.3,1e-05,0.001,1e-05,1.0,100.0,1000,0,0.0,0.0,0.0,0.0
0.3,1e-05,0.001,1e-05,1.0,1000.0,1000,0,0.0,0.0,0.0,0.0
0.3,1e-05,0.001,0.001,-0.5,10.0,1000,0,0.0,0.0,0.0,0.0
0.3,1e-05,0.001,0.001,-0.5,100.0,1000,0,0.0,0.0,0.0,0.0
0.3,1e-05,0.001,0.001,-0.5,1000.0,1000,0,0.0,0.0,0.0,0.0
0.3,1e-05,0.001,0.001,-0.2,10.0,1000,0,0.0,0.0,0.0,0.0
0.3,1e-05,0.001,0.001,-0.2,100.0,1000,0,0.0,0.0,0.0,0.0
0.3,1e-05,0.001,0.001,-0.2,1000.0,1000,0,0.0,0.0,0.0,0.0
0.3,1e-05,0.001,0.001,-0.1,10.0,1000,0,0.0,0.0,0.0,0.0
0.3,1e-05,0.001,0.001,-0.1,100.0,1000,0,0.0,0.0,0.0,0.0
0.3,1e-05,0.001,0.001,-0.1,1000.0,1000,0,0.0,0.0,0.0,0.0
0.3,1e-05,0.001,0.001,0.0,10.0,1000,0,0.0,0.0,0.0,0.0
0.3,1e-05,0.001,0.001,0.0,100.0,1000,0,0.0,0.0,0.0,0.0
0.3,1e-05,0.001,0.001,0.0,1000.0,1000,0,0.0,0.0,0.0,0.0
0.3,1e-05,0.001,0.001,0.1,10.0,1000,0,0.0,0.0,0.0,0.0
0.3,1e-05,0.001,0.001,0.1,100.0,1000,0,0.0,0.0,0.0,0.0
0.3,1e-05,0.001,0.001,0.1,1000.0,1000,0,0.0,0.0,0.0,0.0
0.3,1e-05,0.001,0.001,0.2,10.0,1000,0,0.0,0.0,0.0,0.0
0.3,1e-05,0.001,0.001,0.2,100.0,1000,0,0.0,0.0,0.0,0.0
0.3,1e-05,0.001,0.001,0.2,1000.0,1000,0,0.0,0.0,0.0,0.0
0.3,1e-05,0.001,0.001,0.5,10.0,1000,0,0.0,0.0,0.0,0.0
0.3,1e-05,0.001,0.001,0.5,100.0,1000,0,0.0,0.0,0.0,0.0
0.3,1e-05,0.001,0.001,0.5,1000.0,1000,0,0.0,0.0,0.0,0.0
0.3,1e-05,0.001,0.001,1.0,10.0,1000,0,0.0,0.0,0.0,0.0
0.3,1e-05,0.001,0.001,1.0,100.0,1000,0,0.0,0.0,0.0,0.0
0.3,1e-05,0.001,0.001,1.0,1000.0,1000,0,0.0,0.0,0.0,0.0
0.3,1e-05,0.001,0.1,-0.5,10.0,1000,0,0.0,0.0,0.0,0.0
0.3,1e-05,0.001,0.1,-0.5,100.0,1000,0,0.0,0.0,0.0,0.0
0.3,1e-05,0.001,0.1,-0.5,1000.0,1000,0,0.0,0.0,0.0,0.0
0.3,1e-05,0.001,0.1,-0.2,10.0,1000,0,0.0,0.0,0.0,0.0
0.3,1e-05,0.001,0.1,-0.2,100.0,1000,0,0.0,0.0,0.0,0.0
0.3,1e-05,0.001,0.1,-0.2,1000.0,1000,0,0.0,0.0,0.0,0.0
0.3,1e-05,0.001,0.1,-0.1,10.0,1000,0,0.0,0.0,0.0,0.0
0.3,1e-05,0.001,0.1,-0.1,100.0,1000,0,0.0,0.0,0.0,0.0
0.3,1e-05,0.001,0.1,-0.1,1000.0,1000,0,0.0,0.0,0.0,0.0
0.3,1e-05,0.001,0.1,0.0,10.0,1000,0,0.0,0.0,0.0,0.0
0.3,1e-05,0.001,0.1,0.0,100.0,1000,0,0.0,0.0,0.0,0.0
0.3,1e-05,0.001,0.1,0.0,1000.0,1000,0,0.0,0.0,0.0,0.0
0.3,1e-05,0.001,0.1,0.1,10.0,1000,0,0.0,0.0,0.0,0.0
0.3,1e-05,0.001,0.1,0.1,100.0,1000,0,0.0,0.0,0.0,0.0
0.3,1e-05,0.001,0.1,0.1,1000.0,1000,0,0.0,0.0,0.0,0.0
0.3,1e-05,0.001,0.1,0.2,10.0,1000,0,0.0,0.0,0.0,0.0
0.3,1e-05,0.001,0.1,0.2,100.0,1000,0,0.0,0.0,0.0,0.0
0.3,1e-05,0.001,0.1,0.2,1000.0,1000,0,0.0,0.0,0.0,0.0
0.3,1e-05,0.001,0.1,0.5,10.0,1000,0,0.0,0.0,0.0,0.0
0.3,1e-05,0.001,0.1,0.5,100.0,1000,0,0.0,0.0,0.0,0.0
0.3,1e-05,0.001,0.1,0.5,1000.0,1000,0,0.0,0.0,0.0,0.0
0.3,1e-05,0.001,0.1,1.0,10.0,1000,0,0.0,0.0,0.0,0.0
0.3,1e-05,0.001,0.1,1.0,100.0,1000,0,0.0,0.0,0.0,0.0
0.3,1e-05,0.001,0.1,1.0,1000.0,1000,0,0.0,0.0,0.0,0.0
0.3,1e-05,0.001,1.0,-0.5,10.0,1000,0,0.0,0.0,0.0,0.0
0.3,1e-05,0.001,1.0,-0.5,100.0,1000,0,0.0,0.0,0.0,0.0
0.3,1e-05,0.001,1.0,-0.5,1000.0,1000,0,0.0,0.0,0.0,0.0
0.3,1e-05,0.001,1.0,-0.2,10.0,1000,0,0.0,0.0,0.0,0.0
0.3,1e-05,0.001,1.0,-0.2,100.0,1000,0,0.0,0.0,0.0,0.0
0.3,1e-05,0.001,1.0,-0.2,1000.0,1000,0,0.0,0.0,0.0,0.0
0.3,1e-05,0.001,1.0,-0.1,10.0,1000,0,0.0,0.0,0.0,0.0
0.3,1e-05,0.001,1.0,-0.1,100.0,1000,0,0.0,9.312363622435646,0.0,11.007966979924667
0.3,1e-05,0.001,1.0,-0.1,1000.0,1000,0,0.0,0.0,0.0,0.0
0.3,1e-05,0.001,1.0,0.0,10.0,1000,0,0.0,18.625595522397283,0.0,6.274886662437836
0.3,1e-05,0.001,1.0,0.0,100.0,1000,0,0.0,10.090551749342765,0.0,43.198540569164805
0.3,1e-05,0.001,1.0,0.0,1000.0,1000,0,0.0,0.0,0.0,0.0
0.3,1e-05,0.001,1.0,0.1,10.0,1000,0,0.0,20.342095404308814,0.0,119.26855568164471
0.3,1e-05,0.001,1.0,0.1,100.0,1000,0,0.0,8.466038861462188,0.0,10.942133296216614
0.3,1e-05,0.001,1.0,0.1,1000.0,1000,0,0.0,14.36653933142982,0.0,42.66098044677989
0.3,1e-05,0.001,1.0,0.2,10.0,1000,0,0.0,23.338970051422415,0.0,218.13998714170623
0.3,1e-05,0.001,1.0,0.2,100.0,1000,0,0.0,12.598929474044313,0.0,169.64681497842423
0.3,1e-05,0.001,1.0,0.2,1000.0,1000,0,0.0,13.454794873956928,0.0,84.4487299329936
0.3,1e-05,0.001,1.0,0.5,10.0,881,119,0.46106333236641045,19.271468459798996,0.0316159507573064,78.8794793200899
0.3,1e-05,0.001,1.0,0.5,100.0,841,159,0.497714353147297,7.658464229146988,0.01596133965489661,55.96078639469617
0.3,1e-05,0.001,1.0,0.5,1000.0,942,58,0.513660516824798,13.674165198842207,0.012828937764626206,1083.4011024954495
0.3,1e-05,0.001,1.0,1.0,10.0,583,417,0.6345293806796592,14.231247142363049,0.003540714118927697,33.82593403933445
0.3,1e-05,0.001,1.0,1.0,100.0,609,391,0.6387100533544076,4.268935280350655,0.004129905828104247,6.2716175441991675
0.3,1e-05,0.001,1.0,1.0,1000.0,782,218,0.6400283472358029,4.522308219067498,0.0039184835025611415,10.622401228075262
0.3,0.0001,0.0003,1e-05,-0.5,10.0,1000,0,0.0,0.0,0.0,0.0
0.3,0.0001,0.0003,1e-05,-0.5,100.0,1000,0,0.0,0.0,0.0,0.0
0.3,0.0001,0.0003,1e-05,-0.5,1000.0,1000,0,0.0,0.0,0.0,0.0
0.3,0.0001,0.0003,1e-05,-0.2,10.0,1000,0,0.0,0.0,0.0,0.0
0.3,0.0001,0.0003,1e-05,-0.2,100.0,1000,0,0.0,0.0,0.0,0.0
0.3,0.0001,0.0003,1e-05,-0.2,1000.0,1000,0,0.0,0.0,0.0,0.0
0.3,0.0001,0.0003,1e-05,-0.1,10.0,1000,0,0.0,0.0,0.0,0.0
0.3,0.0001,0.0003,1e-05,-0.1,100.0,1000,0,0.0,0.0,0.0,0.0
0.3,0.0001,0.0003,1e-05,-0.1,1000.0,1000,0,0.0,0.0,0.0,0.0
0.3,0.0001,0.0003,1e-05,0.0,10.0,1000,0,0.0,0.0,0.0,0.0
0.3,0.0001,0.0003,1e-05,0.0,100.0,1000,0,0.0,0.0,0.0,0.0
0.3,0.0001,0.0003,1e-05,0.0,1000.0,1000,0,0.0,0.0,0.0,0.0
0.3,0.0001,0.0003,1e-05,0.1,10.0,1000,0,0.0,0.0,0.0,0.0
0.3,0.0001,0.0003,1e-05,0.1,100.0,1000,0,0.0,0.0,0.0,0.0
0.3,0.0001,0.0003,1e-05,0.1,1000.0,1000,0,0.0,0.0,0.0,0.0
0.3,0.0001,0.0003,1e-05,0.2,10.0,1000,0,0.0,0.0,0.0,0.0
0.3,0.0001,0.0003,1e-05,0.2,100.0,1000,0,0.0,0.0,0.0,0.0
0.3,0.0001,0.0003,1e-05,0.2,1000.0,1000,0,0.0,0.0,0.0,0.0
0.3,0.0001,0.0003,1e-05,0.5,10.0,1000,0,0.0,0.0,0.0,0.0
0.3,0.0001,0.0003,1e-05,0.5,100.0,1000,0,0.0,0.0,0.0,0.0
0.3,0.0001,0.0003,1e-05,0.5,1000.0,1000,0,0.0,0.0,0.0,0.0
0.3,0.0001,0.0003,1e-05,1.0,10.0,1000,0,0.0,0.0,0.0,0.0
0.3,0.0001,0.0003,1e-05,1.0,100.0,1000,0,0.0,0.0,0.0,0.0
0.3,0.0001,0.0003,1e-05,1.0,1000.0,1000,0,0.0,0.0,0.0,0.0
0.3,0.0001,0.0003,0.001,-0.5,10.0,1000,0,0.0,0.0,0.0,0.0
0.3,0.0001,0.0003,0.001,-0.5,100.0,1000,0,0.0,0.0,0.0,0.0
0.3,0.0001,0.0003,0.001,-0.5,1000.0,1000,0,0.0,0.0,0.0,0.0
0.3,0.0001,0.0003,0.001,-0.2,10.0,1000,0,0.0,0.0,0.0,0.0
0.3,0.0001,0.0003,0.001,-0.2,100.0,1000,0,0.0,0.0,0.0,0.0
0.3,0.0001,0.0003,0.001,-0.2,1000.0,1000,0,0.0,0.0,0.0,0.0
0.3,0.0001,0.0003,0.001,-0.1,10.0,1000,0,0.0,0.0,0.0,0.0
0.3,0.0001,0.0003,0.001,-0.1,100.0,1000,0,0.0,0.0,0.0,0.0
0.3,0.0001,0.0003,0.001,-0.1,1000.0,1000,0,0.0,0.0,0.0,0.0
0.3,0.0001,0.0003,0.001,0.0,10.0,1000,0,0.0,0.0,0.0,0.0
0.3,0.0001,0.0003,0.001,0.0,100.0,1000,0,0.0,0.0,0.0,0.0
0.3,0.0001,0.0003,0.001,0.0,1000.0,1000,0,0.0,0.0,0.0,0.0
0.3,0.0001,0.0003,0.001,0.1,10.0,1000,0,0.0,0.0,0.0,0.0
0.3,0.0001,0.0003,0.001,0.1,100.0,1000,0,0.0,0.0,0.0,0.0
0.3,0.0001,0.0003,0.001,0.1,1000.0,1000,0,0.0,0.0,0.0,0.0
0.3,0.0001,0.0003,0.001,0.2,10.0,1000,0,0.0,0.0,0.0,0.0
0.3,0.0001,0.0003,0.001,0.2,100.0,1000,0,0.0,0.0,0.0,0.0
0.3,0.0001,0.0003,0.001,0.2,1000.0,1000,0,0.0,0.0,0.0,0.0
0.3,0.0001,0.0003,0.001,0.5,10.0,1000,0,0.0,0.0,0.0,0.0
0.3,0.0001,0.0003,0.001,0.5,100.0,1000,0,0.0,0.0,0.0,0.0
0.3,0.0001,0.0003,0.001,0.5,1000.0,1000,0,0.0,0.0,0.0,0.0
0.3,0.0001,0.0003,0.001,1.0,10.0,1000,0,0.0,0.0,0.0,0.0
0.3,0.0001,0.0003,0.001,1.0,100.0,1000,0,0.0,0.0,0.0,0.0
0.3,0.0001,0.0003,0.001,1.0,1000.0,1000,0,0.0,0.0,0.0,0.0
0.3,0.0001,0.0003,0.1,-0.5,10.0,1000,0,0.0,0.0,0.0,0.0
0.3,0.0001,0.0003,0.1,-0.5,100.0,1000,0,0.0,0.0,0.0,0.0
0.3,0.0001,0.0003,0.1,-0.5,1000.0,1000,0,0.0,0.0,0.0,0.0
0.3,0.0001,0.0003,0.1,-0.2,10.0,1000,0,0.0,0.0,0.0,0.0
0.3,0.0001,0.0003,0.1,-0.2,100.0,1000,0,0.0,0.0,0.0,0.0
0.3,0.0001,0.0003,0.1,-0.2,1000.0,1000,0,0.0,0.0,0.0,0.0
0.3,0.0001,0.0003,0.1,-0.1,10.0,1000,0,0.0,0.0,0.0,0.0
0.3,0.0001,0.0003,0.1,-0.1,100.0,1000,0,0.0,0.0,0.0,0.0
0.3,0.0001,0.0003,0.1,-0.1,1000.0,1000,0,0.0,0.0,0.0,0.0
0.3,0.0001,0.0003,0.1,0.0,10.0,1000,0,0.0,0.0,0.0,0.0
0.3,0.0001,0.0003,0.1,0.0,100.0,1000,0,0.0,0.0,0.0,0.0
0.3,0.0001,0.0003,0.1,0.0,1000.0,1000,0,0.0,0.0,0.0,0.0
0.3,0.0001,0.0003,0.1,0.1,10.0,1000,0,0.0,0.0,0.0,0.0
0.3,0.0001,0.0003,0.1,0.1,100.0,1000,0,0.0,0.0,0.0,0.0
0.3,0.0001,0.0003,0.1,0.1,1000.0,1000,0,0.0,0.0,0.0,0.0
0.3,0.0001,0.0003,0.1,0.2,10.0,1000,0,0.0,0.0,0.0,0.0
0.3,0.0001,0.0003,0.1,0.2,100.0,1000,0,0.0,0.0,0.0,0.0
0.3,0.0001,0.0003,0.1,0.2,1000.0,1000,0,0.0,0.0,0.0,0.0
0.3,0.0001,0.0003,0.1,0.5,10.0,1000,0,0.0,0.0,0.0,0.0
0.3,0.0001,0.0003,0.1,0.5,100.0,1000,0,0.0,0.0,0.0,0.0
0.3,0.0001,0.0003,0.1,0.5,1000.0,1000,0,0.0,0.0,0.0,0.0
0.3,0.0001,0.0003,0.1,1.0,10.0,1000,0,0.0,0.0,0.0,0.0
0.3,0.0001,0.0003,0.1,1.0,100.0,1000,0,0.0,0.0,0.0,0.0
0.3,0.0001,0.0003,0.1,1.0,1000.0,1000,0,0.0,0.0,0.0,0.0
0.3,0.0001,0.0003,1.0,-0.5,10.0,1000,0,0.0,0.0,0.0,0.0
0.3,0.0001,0.0003,1.0,-0.5,100.0,1000,0,0.0,0.0,0.0,0.0
0.3,0.0001,0.0003,1.0,-0.5,1000.0,1000,0,0.0,0.0,0.0,0.0
0.3,0.0001,0.0003,1.0,-0.2,10.0,1000,0,0.0,0.0,0.0,0.0
0.3,0.0001,0.0003,1.0,-0.2,100.0,1000,0,0.0,0.0,0.0,0.0
0.3,0.0001,0.0003,1.0,-0.2,1000.0,1000,0,0.0,0.0,0.0,0.0
0.3,0.0001,0.0003,1.0,-0.1,10.0,1000,0,0.0,0.0,0.0,0.0
0.3,0.0001,0.0003,1.0,-0.1,100.0,1000,0,0.0,0.0,0.0,0.0
0.3,0.0001,0.0003,1.0,-0.1,1000.0,1000,0,0.0,0.0,0.0,0.0
0.3,0.0001,0.0003,1.0,0.0,10.0,1000,0,0.0,0.0,0.0,0.0
0.3,0.0001,0.0003,1.0,0.0,100.0,1000,0,0.0,0.0,0.0,0.0
0.3,0.0001,0.0003,1.0,0.0,1000.0,1000,0,0.0,0.0,0.0,0.0
0.3,0.0001,0.0003,1.0,0.1,10.0,1000,0,0.0,0.0,0.0,0.0
0.3,0.0001,0.0003,1.0,0.1,100.0,1000,0,0.0,0.0,0.0,0.0
0.3,0.0001,0.0003,1.0,0.1,1000.0,1000,0,0.0,0.0,0.0,0.0
0.3,0.0001,0.0003,1.0,0.2,10.0,1000,0,0.0,80.18244276735658,0.0,1507.6978950249463
0.3,0.0001,0.0003,1.0,0.2,100.0,1000,0,0.0,84.83062940874613,0.0,2165.634983729033
0.3,0.0001,0.0003,1.0,0.2,1000.0,1000,0,0.0,71.04370709329564,0.0,2086.085251885505
0.3,0.0001,0.0003,1.0,0.5,10.0,767,233,0.5116715991480713,35.74650551193496,0.0031424853397375753,108.4574895819789
0.3,0.0001,0.0003,1.0,0.5,100.0,697,303,0.512503022841511,22.88453588055255,0.002719367185791058,308.34146835262345
0.3,0.0001,0.0003,1.0,0.5,1000.0,711,289,0.5151332270053597,26.943170228628393,0.0024301523222600525,1242.1375443822749
0.3,0.0001,0.0003,1.0,1.0,10.0,581,419,0.6401092106290466,25.812215107969223,0.0011931991303807006,81.41680632562219
0.3,0.0001,0.0003,1.0,1.0,100.0,497,503,0.6373062547087036,12.571763827046713,0.001172994167411533,368.88367655030817
0.3,0.0001,0.0003,1.0,1.0,1000.0,501,499,0.6410723170820412,13.519529300741693,0.001042613112148802,462.1319200608312
0.3,0.0001,0.0001,1e-05,-0.5,10.0,1000,0,0.0,0.0,0.0,0.0
0.3,0.0001,0.0001,1e-05,-0.5,100.0,1000,0,0.0,0.0,0.0,0.0
0.3,0.0001,0.0001,1e-05,-0.5,1000.0,1000,0,0.0,0.0,0.0,0.0
0.3,0.0001,0.0001,1e-05,-0.2,10.0,1000,0,0.0,0.0,0.0,0.0
0.3,0.0001,0.0001,1e-05,-0.2,100.0,1000,0,0.0,0.0,0.0,0.0
0.3,0.0001,0.0001,1e-05,-0.2,1000.0,1000,0,0.0,0.0,0.0,0.0
0.3,0.0001,0.0001,1e-05,-0.1,10.0,1000,0,0.0,0.0,0.0,0.0
0.3,0.0001,0.0001,1e-05,-0.1,100.0,1000,0,0.0,0.0,0.0,0.0
0.3,0.0001,0.0001,1e-05,-0.1,1000.0,1000,0,0.0,0.0,0.0,0.0
0.3,0.0001,0.0001,1e-05,0.0,10.0,1000,0,0.0,0.0,0.0,0.0
0.3,0.0001,0.0001,1e-05,0.0,100.0,1000,0,0.0,0.0,0.0,0.0
0.3,0.0001,0.0001,1e-05,0.0,1000.0,1000,0,0.0,0.0,0.0,0.0
0.3,0.0001,0.0001,1e-05,0.1,10.0,1000,0,0.0,0.0,0.0,0.0
0.3,0.0001,0.0001,1e-05,0.1,100.0,1000,0,0.0,0.0,0.0,0.0
0.3,0.0001,0.0001,1e-05,0.1,1000.0,1000,0,0.0,0.0,0.0,0.0
0.3,0.0001,0.0001,1e-05,0.2,10.0,1000,0,0.0,0.0,0.0,0.0
0.3,0.0001,0.0001,1e-05,0.2,100.0,1000,0,0.0,0.0,0.0,0.0
0.3,0.0001,0.0001,1e-05,0.2,1000.0,1000,0,0.0,0.0,0.0,0.0
0.3,0.0001,0.0001,1e-05,0.5,10.0,1000,0,0.0,0.0,0.0,0.0
0.3,0.0001,0.0001,1e-05,0.5,100.0,1000,0,0.0,0.0,0.0,0.0
0.3,0.0001,0.0001,1e-05,0.5,1000.0,1000,0,0.0,0.0,0.0,0.0
0.3,0.0001,0.0001,1e-05,1.0,10.0,1000,0,0.0,0.0,0.0,0.0
0.3,0.0001,0.0001,1e-05,1.0,100.0,1000,0,0.0,0.0,0.0,0.0
0.3,0.0001,0.0001,1e-05,1.0,1000.0,1000,0,0.0,0.0,0.0,0.0
0.3,0.0001,0.0001,0.001,-0.5,10.0,1000,0,0.0,0.0,0.0,0.0
0.3,0.0001,0.0001,0.001,-0.5,100.0,1000,0,0.0,0.0,0.0,0.0
0.3,0.0001,0.0001,0.001,-0.5,1000.0,1000,0,0.0,0.0,0.0,0.0
0.3,0.0001,0.0001,0.001,-0.2,10.0,1000,0,0.0,0.0,0.0,0.0
0.3,0.0001,0.0001,0.001,-0.2,100.0,1000,0,0.0,0.0,0.0,0.0
0.3,0.0001,0.0001,0.001,-0.2,1000.0,1000,0,0.0,0.0,0.0,0.0
0.3,0.0001,0.0001,0.001,-0.1,10.0,1000,0,0.0,0.0,0.0,0.0
0.3,0.0001,0.0001,0.001,-0.1,100.0,1000,0,0.0,0.0,0.0,0.0
0.3,0.0001,0.0001,0.001,-0.1,1000.0,1000,0,0.0,0.0,0.0,0.0
0.3,0.0001,0.0001,0.001,0.0,10.0,1000,0,0.0,0.0,0.0,0.0
0.3,0.0001,0.0001,0.001,0.0,100.0,1000,0,0.0,0.0,0.0,0.0
0.3,0.0001,0.0001,0.001,0.0,1000.0,1000,0,0.0,0.0,0.0,0.0
0.3,0.0001,0.0001,0.001,0.1,10.0,1000,0,0.0,0.0,0.0,0.0
0.3,0.0001,0.0001,0.001,0.1,100.0,1000,0,0.0,0.0,0.0,0.0
0.3,0.0001,0.0001,0.001,0.1,1000.0,1000,0,0.0,0.0,0.0,0.0
0.3,0.0001,0.0001,0.001,0.2,10.0,1000,0,0.0,0.0,0.0,0.0
0.3,0.0001,0.0001,0.001,0.2,100.0,1000,0,0.0,0.0,0.0,0.0
0.3,0.0001,0.0001,0.001,0.2,1000.0,1000,0,0.0,0.0,0.0,0.0
0.3,0.0001,0.0001,0.001,0.5,10.0,1000,0,0.0,0.0,0.0,0.0
0.3,0.0001,0.0001,0.001,0.5,100.0,1000,0,0.0,0.0,0.0,0.0
0.3,0.0001,0.0001,0.001,0.5,1000.0,1000,0,0.0,0.0,0.0,0.0
0.3,0.0001,0.0001,0.001,1.0,10.0,1000,0,0.0,0.0,0.0,0.0
0.3,0.0001,0.0001,0.001,1.0,100.0,1000,0,0.0,0.0,0.0,0.0
0.3,0.0001,0.0001,0.001,1.0,1000.0,1000,0,0.0,0.0,0.0,0.0
0.3,0.0001,0.0001,0.1,-0.5,10.0,1000,0,0.0,0.0,0.0,0.0
0.3,0.0001,0.0001,0.1,-0.5,100.0,1000,0,0.0,0.0,0.0,0.0
0.3,0.0001,0.0001,0.1,-0.5,1000.0,1000,0,0.0,0.0,0.0,0.0
0.3,0.0001,0.0001,0.1,-0.2,10.0,1000,0,0.0,0.0,0.0,0.0
0.3,0.0001,0.0001,0.1,-0.2,100.0,1000,0,0.0,0.0,0.0,0.0
0.3,0.0001,0.0001,0.1,-0.2,1000.0,1000,0,0.0,0.0,0.0,0.0
0.3,0.0001,0.0001,0.1,-0.1,10.0,1000,0,0.0,0.0,0.0,0.0
0.3,0.0001,0.0001,0.1,-0.1,100.0,1000,0,0.0,0.0,0.0,0.0
0.3,0.0001,0.0001,0.1,-0.1,1000.0,1000,0,0.0,0.0,0.0,0.0
0.3,0.0001,0.0001,0.1,0.0,10.0,1000,0,0.0,0.0,0.0,0.0
0.3,0.0001,0.0001,0.1,0.0,100.0,1000,0,0.0,0.0,0.0,0.0
0.3,0.0001,0.0001,0.1,0.0,1000.0,1000,0,0.0,0.0,0.0,0.0
0.3,0.0001,0.0001,0.1,0.1,10.0,1000,0,0.0,0.0,0.0,0.0
0.3,0.0001,0.0001,0.1,0.1,100.0,1000,0,0.0,0.0,0.0,0.0
0.3,0.0001,0.0001,0.1,0.1,1000.0,1000,0,0.0,0.0,0.0,0.0
0.3,0.0001,0.0001,0.1,0.2,10.0,1000,0,0.0,0.0,0.0,0.0
0.3,0.0001,0.0001,0.1,0.2,100.0,1000,0,0.0,0.0,0.0,0.0
0.3,0.0001,0.0001,0.1,0.2,1000.0,1000,0,0.0,0.0,0.0,0.0
0.3,0.0001,0.0001,0.1,0.5,10.0,1000,0,0.0,0.0,0.0,0.0
0.3,0.0001,0.0001,0.1,0.5,100.0,1000,0,0.0,0.0,0.0,0.0
0.3,0.0001,0.0001,0.1,0.5,1000.0,1000,0,0.0,0.0,0.0,0.0
0.3,0.0001,0.0001,0.1,1.0,10.0,1000,0,0.0,0.0,0.0,0.0
0.3,0.0001,0.0001,0.1,1.0,100.0,1000,0,0.0,0.0,0.0,0.0
0.3,0.0001,0.0001,0.1,1.0,1000.0,1000,0,0.0,0.0,0.0,0.0
0.3,0.0001,0.0001,1.0,-0.5,10.0,1000,0,0.0,0.0,0.0,0.0
0.3,0.0001,0.0001,1.0,-0.5,100.0,1000,0,0.0,0.0,0.0,0.0
0.3,0.0001,0.0001,1.0,-0.5,1000.0,1000,0,0.0,0.0,0.0,0.0
0.3,0.0001,0.0001,1.0,-0.2,10.0,1000,0,0.0,0.0,0.0,0.0
0.3,0.0001,0.0001,1.0,-0.2,100.0,1000,0,0.0,0.0,0.0,0.0
0.3,0.0001,0.0001,1.0,-0.2,1000.0,1000,0,0.0,0.0,0.0,0.0
0.3,0.0001,0.0001,1.0,-0.1,10.0,1000,0,0.0,0.0,0.0,0.0
0.3,0.0001,0.0001,1.0,-0.1,100.0,1000,0,0.0,0.0,0.0,0.0
0.3,0.0001,0.0001,1.0,-0.1,1000.0,1000,0,0.0,0.0,0.0,0.0
0.3,0.0001,0.0001,1.0,0.0,10.0,1000,0,0.0,0.0,0.0,0.0
0.3,0.0001,0.0001,1.0,0.0,100.0,1000,0,0.0,0.0,0.0,0.0
0.3,0.0001,0.0001,1.0,0.0,1000.0,1000,0,0.0,0.0,0.0,0.0
0.3,0.0001,0.0001,1.0,0.1,10.0,1000,0,0.0,0.0,0.0,0.0
0.3,0.0001,0.0001,1.0,0.1,100.0,1000,0,0.0,0.0,0.0,0.0
0.3,0.0001,0.0001,1.0,0.1,1000.0,1000,0,0.0,0.0,0.0,0.0
0.3,0.0001,0.0001,1.0,0.2,10.0,998,2,0.16031390134529147,306.8325633321723,0.025700546964547846,34745.88995272224
0.3,0.0001,0.0001,1.0,0.2,100.0,983,17,0.21907775002828492,379.130605556232,0.010462919871359748,50543.07363074683
0.3,0.0001,0.0001,1.0,0.2,1000.0,963,37,0.2154360396349899,308.1956265783905,0.013968984480128704,25109.01242827166
0.3,0.0001,0.0001,1.0,0.5,10.0,785,215,0.5145979872152603,49.58505783508707,0.0009899954814450859,139.1493068048027
0.3,0.0001,0.0001,1.0,0.5,100.0,666,334,0.5196293685401714,36.29731750016055,0.000996950589134702,435.30725036184106
0.3,0.0001,0.0001,1.0,0.5,1000.0,516,484,0.5171280931340583,31.55315052553961,0.0009499400482406564,774.6933248319709
0.3,0.0001,0.0001,1.0,1.0,10.0,575,425,0.6402712989194571,35.08623809317681,0.00043271082842025513,56.68460520882394
0.3,0.0001,0.0001,1.0,1.0,100.0,475,525,0.6407465078223714,22.030489233182664,0.00036398430535991615,345.78320983302115
0.3,0.0001,0.0001,1.0,1.0,1000.0,293,707,0.6398439347347517,17.8307087146388,0.00038910934269834166,608.7687233059396
0.3,0.0001,0.003,1e-05,-0.5,10.0,1000,0,0.0,0.0,0.0,0.0
0.3,0.0001,0.003,1e-05,-0.5,100.0,1000,0,0.0,0.0,0.0,0.0
0.3,0.0001,0.003,1e-05,-0.5,1000.0,1000,0,0.0,0.0,0.0,0.0
0.3,0.0001,0.003,1e-05,-0.2,10.0,1000,0,0.0,0.0,0.0,0.0
0.3,0.0001,0.003,1e-05,-0.2,100.0,1000,0,0.0,0.0,0.0,0.0
0.3,0.0001,0.003,1e-05,-0.2,1000.0,1000,0,0.0,0.0,0.0,0.0
0.3,0.0001,0.003,1e-05,-0.1,10.0,1000,0,0.0,0.0,0.0,0.0
0.3,0.0001,0.003,1e-05,-0.1,100.0,1000,0,0.0,0.0,0.0,0.0
0.3,0.0001,0.003,1e-05,-0.1,1000.0,1000,0,0.0,0.0,0.0,0.0
0.3,0.0001,0.003,1e-05,0.0,10.0,1000,0,0.0,0.0,0.0,0.0
0.3,0.0001,0.003,1e-05,0.0,100.0,1000,0,0.0,0.0,0.0,0.0
0.3,0.0001,0.003,1e-05,0.0,1000.0,1000,0,0.0,0.0,0.0,0.0
0.3,0.0001,0.003,1e-05,0.1,10.0,1000,0,0.0,0.0,0.0,0.0
0.3,0.0001,0.003,1e-05,0.1,100.0,1000,0,0.0,0.0,0.0,0.0
0.3,0.0001,0.003,1e-05,0.1,1000.0,1000,0,0.0,0.0,0.0,0.0
0.3,0.0001,0.003,1e-05,0.2,10.0,1000,0,0.0,0.0,0.0,0.0
0.3,0.0001,0.003,1e-05,0.2,100.0,1000,0,0.0,0.0,0.0,0.0
0.3,0.0001,0.003,1e-05,0.2,1000.0,1000,0,0.0,0.0,0.0,0.0
0.3,0.0001,0.003,1e-05,0.5,10.0,1000,0,0.0,0.0,0.0,0.0
0.3,0.0001,0.003,1e-05,0.5,100.0,1000,0,0.0,0.0,0.0,0.0
0.3,0.0001,0.003,1e-05,0.5,1000.0,1000,0,0.0,0.0,0.0,0.0
0.3,0.0001,0.003,1e-05,1.0,10.0,1000,0,0.0,0.0,0.0,0.0
0.3,0.0001,0.003,1e-05,1.0,100.0,1000,0,0.0,0.0,0.0,0.0
0.3,0.0001,0.003,1e-05,1.0,1000.0,1000,0,0.0,0.0,0.0,0.0
0.3,0.0001,0.003,0.001,-0.5,10.0,1000,0,0.0,0.0,0.0,0.0
0.3,0.0001,0.003,0.001,-0.5,100.0,1000,0,0.0,0.0,0.0,0.0
0.3,0.0001,0.003,0.001,-0.5,1000.0,1000,0,0.0,0.0,0.0,0.0
0.3,0.0001,0.003,0.001,-0.2,10.0,1000,0,0.0,0.0,0.0,0.0
0.3,0.0001,0.003,0.001,-0.2,100.0,1000,0,0.0,0.0,0.0,0.0
0.3,0.0001,0.003,0.001,-0.2,1000.0,1000,0,0.0,0.0,0.0,0.0
0.3,0.0001,0.003,0.001,-0.1,10.0,1000,0,0.0,0.0,0.0,0.0
0.3,0.0001,0.003,0.001,-0.1,100.0,1000,0,0.0,0.0,0.0,0.0
0.3,0.0001,0.003,0.001,-0.1,1000.0,1000,0,0.0,0.0,0.0,0.0
0.3,0.0001,0.003,0.001,0.0,10.0,1000,0,0.0,0.0,0.0,0.0
0.3,0.0001,0.003,0.001,0.0,100.0,1000,0,0.0,0.0,0.0,0.0
0.3,0.0001,0.003,0.001,0.0,1000.0,1000,0,0.0,0.0,0.0,0.0
0.3,0.0001,0.003,0.001,0.1,10.0,1000,0,0.0,0.0,0.0,0.0
0.3,0.0001,0.003,0.001,0.1,100.0,1000,0,0.0,0.0,0.0,0.0
0.3,0.0001,0.003,0.001,0.1,1000.0,1000,0,0.0,0.0,0.0,0.0
0.3,0.0001,0.003,0.001,0.2,10.0,1000,0,0.0,0.0,0.0,0.0
0.3,0.0001,0.003,0.001,0.2,100.0,1000,0,0.0,0.0,0.0,0.0
0.3,0.0001,0.003,0.001,0.2,1000.0,1000,0,0.0,0.0,0.0,0.0
0.3,0.0001,0.003,0.001,0.5,10.0,1000,0,0.0,0.0,0.0,0.0
0.3,0.0001,0.003,0.001,0.5,100.0,1000,0,0.0,0.0,0.0,0.0
0.3,0.0001,0.003,0.001,0.5,1000.0,1000,0,0.0,0.0,0.0,0.0
0.3,0.0001,0.003,0.001,1.0,10.0,1000,0,0.0,0.0,0.0,0.0
0.3,0.0001,0.003,0.001,1.0,100.0,1000,0,0.0,0.0,0.0,0.0
0.3,0.0001,0.003,0.001,1.0,1000.0,1000,0,0.0,0.0,0.0,0.0
0.3,0.0001,0.003,0.1,-0.5,10.0,1000,0,0.0,0.0,0.0,0.0
0.3,0.0001,0.003,0.1,-0.5,100.0,1000,0,0.0,0.0,0.0,0.0
0.3,0.0001,0.003,0.1,-0.5,1000.0,1000,0,0.0,0.0,0.0,0.0
0.3,0.0001,0.003,0.1,-0.2,10.0,1000,0,0.0,0.0,0.0,0.0
0.3,0.0001,0.003,0.1,-0.2,100.0,1000,0,0.0,12.989147379088195,0.0,0.062966111614324
0.3,0.0001,0.003,0.1,-0.2,1000.0,1000,0,0.0,0.0,0.0,0.0
0.3,0.0001,0.003,0.1,-0.1,10.0,1000,0,0.0,9.67667813156875,0.0,0.0
0.3,0.0001,0.003,0.1,-0.1,100.0,1000,0,0.0,0.0,0.0,0.0
0.3,0.0001,0.003,0.1,-0.1,1000.0,1000,0,0.0,18.761440729607497,0.0,0.0
0.3,0.0001,0.003,0.1,0.0,10.0,1000,0,0.0,24.87443675756304,0.0,182.57850695605615
0.3,0.0001,0.003,0.1,0.0,100.0,1000,0,0.0,13.018761570983662,0.0,59.80577641147213
0.3,0.0001,0.003,0.1,0.0,1000.0,1000,0,0.0,6.8342703253876,0.0,0.0
0.3,0.0001,0.003,0.1,0.1,10.0,1000,0,0.0,17.13158000775933,0.0,0.0
0.3,0.0001,0.003,0.1,0.1,100.0,1000,0,0.0,0.0,0.0,0.0
0.3,0.0001,0.003,0.1,0.1,1000.0,1000,0,0.0,0.0,0.0,0.0
0.3,0.0001,0.003,0.1,0.2,10.0,1000,0,0.0,21.40931111239209,0.0,161.91047019673888
0.3,0.0001,0.003,0.1,0.2,100.0,1000,0,0.0,6.618295665303553,0.0,14.393097003325389
0.3,0.0001,0.003,0.1,0.2,1000.0,1000,0,0.0,22.40255118989196,0.0,0.0
0.3,0.0001,0.003,0.1,0.5,10.0,1000,0,0.0,23.354316628571173,0.0,234.90768908056066
0.3,0.0001,0.003,0.1,0.5,100.0,1000,0,0.0,12.700202604068638,0.0,62.310789724665376
0.3,0.0001,0.003,0.1,0.5,1000.0,1000,0,0.0,16.20807384756768,0.0,1.169458892109204
0.3,0.0001,0.003,0.1,1.0,10.0,1000,0,0.0,20.171230090643917,0.0,177.6045371873042
0.3,0.0001,0.003,0.1,1.0,100.0,1000,0,0.0,9.502468979929095,0.0,29.015779227310944
0.3,0.0001,0.003,0.1,1.0,1000.0,1000,0,0.0,25.772242931862895,0.0,41.448687079158354
0.3,0.0001,0.003,1.0,-0.5,10.0,1000,0,0.0,1.4467220738767952,0.0,0.027851198145786276
0.3,0.0001,0.003,1.0,-0.5,100.0,1000,0,0.0,7.767804801095504,0.0,21.337029892386976
0.3,0.0001,0.003,1.0,-0.5,1000.0,1000,0,0.0,0.0,0.0,0.0
0.3,0.0001,0.003,1.0,-0.2,10.0,1000,0,0.0,3.621852328340569,0.0,8.022226055095793
0.3,0.0001,0.003,1.0,-0.2,100.0,1000,0,0.0,3.6537010614673284,0.0,5.472107144630554
0.3,0.0001,0.003,1.0,-0.2,1000.0,1000,0,0.0,13.25565763638751,0.0,137.32524944266953
0.3,0.0001,0.003,1.0,-0.1,10.0,1000,0,0.0,4.592297478428598,0.0,9.47716761615823
0.3,0.0001,0.003,1.0,-0.1,100.0,1000,0,0.0,3.7051403078912606,0.0,30.13548803577431
0.3,0.0001,0.003,1.0,-0.1,1000.0,1000,0,0.0,3.0054960293406996,0.0,3.780035394705444
0.3,0.0001,0.003,1.0,0.0,10.0,1000,0,0.0,4.416813028030539,0.0,26.1116846866315
0.3,0.0001,0.003,1.0,0.0,100.0,1000,0,0.0,5.315181640639326,0.0,84.48181194140649
0.3,0.0001,0.003,1.0,0.0,1000.0,1000,0,0.0,8.25718810517179,0.0,86.41529759722442
0.3,0.0001,0.003,1.0,0.1,10.0,1000,0,0.0,3.93256039954374,0.0,5.0608974530898845
0.3,0.0001,0.003,1.0,0.1,100.0,1000,0,0.0,7.60223648790938,0.0,199.48173718398448
0.3,0.0001,0.003,1.0,0.1,1000.0,1000,0,0.0,11.218528529867202,0.0,384.23658732125216
0.3,0.0001,0.003,1.0,0.2,10.0,1000,0,0.0,4.618532599146709,0.0,21.92418844178612
0.3,0.0001,0.003,1.0,0.2,100.0,1000,0,0.0,4.099674626002184,0.0,78.42369543887341
0.3,0.0001,0.003,1.0,0.2,1000.0,1000,0,0.0,10.749665675171727,0.0,256.91927375565086
0.3,0.0001,0.003,1.0,0.5,10.0,1000,0,0.0,4.085188759044116,0.0,10.166701449885418
0.3,0.0001,0.003,1.0,0.5,100.0,1000,0,0.0,4.163073817484066,0.0,62.61388038046712
0.3,0.0001,0.003,1.0,0.5,1000.0,1000,0,0.0,8.03373250384313,0.0,204.99975534170397
0.3,0.0001,0.003,1.0,1.0,10.0,747,253,0.6218258947796496,3.5400249372995254,0.023919551906838633,11.782852406728715
0.3,0.0001,0.003,1.0,1.0,100.0,775,225,0.6123477945121398,2.184443209447598,0.02634902991136066,7.411374177736144
0.3,0.0001,0.003,1.0,1.0,1000.0,885,115,0.5788068766016617,5.058335273910544,0.031135721780575245,111.63543592760664
0.3,0.0001,0.001,1e-05,-0.5,10.0,1000,0,0.0,0.0,0.0,0.0
0.3,0.0001,0.001,1e-05,-0.5,100.0,1000,0,0.0,0.0,0.0,0.0
0.3,0.0001,0.001,1e-05,-0.5,1000.0,1000,0,0.0,0.0,0.0,0.0
0.3,0.0001,0.001,1e-05,-0.2,10.0,1000,0,0.0,0.0,0.0,0.0
0.3,0.0001,0.001,1e-05,-0.2,100.0,1000,0,0.0,0.0,0.0,0.0
0.3,0.0001,0.001,1e-05,-0.2,1000.0,1000,0,0.0,0.0,0.0,0.0
0.3,0.0001,0.001,1e-05,-0.1,10.0,1000,0,0.0,0.0,0.0,0.0
0.3,0.0001,0.001,1e-05,-0.1,100.0,1000,0,0.0,0.0,0.0,0.0
0.3,0.0001,0.001,1e-05,-0.1,1000.0,1000,0,0.0,0.0,0.0,0.0
0.3,0.0001,0.001,1e-05,0.0,10.0,1000,0,0.0,0.0,0.0,0.0
0.3,0.0001,0.001,1e-05,0.0,100.0,1000,0,0.0,0.0,0.0,0.0
0.3,0.0001,0.001,1e-05,0.0,1000.0,1000,0,0.0,0.0,0.0,0.0
0.3,0.0001,0.001,1e-05,0.1,10.0,1000,0,0.0,0.0,0.0,0.0
0.3,0.0001,0.001,1e-05,0.1,100.0,1000,0,0.0,0.0,0.0,0.0
0.3,0.0001,0.001,1e-05,0.1,1000.0,1000,0,0.0,0.0,0.0,0.0
0.3,0.0001,0.001,1e-05,0.2,10.0,1000,0,0.0,0.0,0.0,0.0
0.3,0.0001,0.001,1e-05,0.2,100.0,1000,0,0.0,0.0,0.0,0.0
0.3,0.0001,0.001,1e-05,0.2,1000.0,1000,0,0.0,0.0,0.0,0.0
0.3,0.0001,0.001,1e-05,0.5,10.0,1000,0,0.0,0.0,0.0,0.0
0.3,0.0001,0.001,1e-05,0.5,100.0,1000,0,0.0,0.0,0.0,0.0
0.3,0.0001,0.001,1e-05,0.5,1000.0,1000,0,0.0,0.0,0.0,0.0
0.3,0.0001,0.001,1e-05,1.0,10.0,1000,0,0.0,0.0,0.0,0.0
0.3,0.0001,0.001,1e-05,1.0,100.0,1000,0,0.0,0.0,0.0,0.0
0.3,0.0001,0.001,1e-05,1.0,1000.0,1000,0,0.0,0.0,0.0,0.0
0.3,0.0001,0.001,0.001,-0.5,10.0,1000,0,0.0,0.0,0.0,0.0
0.3,0.0001,0.001,0.001,-0.5,100.0,1000,0,0.0,0.0,0.0,0.0
0.3,0.0001,0.001,0.001,-0.5,1000.0,1000,0,0.0,0.0,0.0,0.0
0.3,0.0001,0.001,0.001,-0.2,10.0,1000,0,0.0,0.0,0.0,0.0
0.3,0.0001,0.001,0.001,-0.2,100.0,1000,0,0.0,0.0,0.0,0.0
0.3,0.0001,0.001,0.001,-0.2,1000.0,1000,0,0.0,0.0,0.0,0.0
0.3,0.0001,0.001,0.001,-0.1,10.0,1000,0,0.0,0.0,0.0,0.0
0.3,0.0001,0.001,0.001,-0.1,100.0,1000,0,0.0,0.0,0.0,0.0
0.3,0.0001,0.001,0.001,-0.1,1000.0,1000,0,0.0,0.0,0.0,0.0
0.3,0.0001,0.001,0.001,0.0,10.0,1000,0,0.0,0.0,0.0,0.0
0.3,0.0001,0.001,0.001,0.0,100.0,1000,0,0.0,0.0,0.0,0.0
0.3,0.0001,0.001,0.001,0.0,1000.0,1000,0,0.0,0.0,0.0,0.0
0.3,0.0001,0.001,0.001,0.1,10.0,1000,0,0.0,0.0,0.0,0.0
0.3,0.0001,0.001,0.001,0.1,100.0,1000,0,0.0,0.0,0.0,0.0
0.3,0.0001,0.001,0.001,0.1,1000.0,1000,0,0.0,0.0,0.0,0.0
0.3,0.0001,0.001,0.001,0.2,10.0,1000,0,0.0,0.0,0.0,0.0
0.3,0.0001,0.001,0.001,0.2,100.0,1000,0,0.0,0.0,0.0,0.0
0.3,0.0001,0.001,0.001,0.2,1000.0,1000,0,0.0,0.0,0.0,0.0
0.3,0.0001,0.001,0.001,0.5,10.0,1000,0,0.0,0.0,0.0,0.0
0.3,0.0001,0.001,0.001,0.5,100.0,1000,0,0.0,0.0,0.0,0.0
0.3,0.0001,0.001,0.001,0.5,1000.0,1000,0,0.0,0.0,0.0,0.0
0.3,0.0001,0.001,0.001,1.0,10.0,1000,0,0.0,0.0,0.0,0.0
0.3,0.0001,0.001,0.001,1.0,100.0,1000,0,0.0,0.0,0.0,0.0
0.3,0.0001,0.001,0.001,1.0,1000.0,1000,0,0.0,0.0,0.0,0.0
0.3,0.0001,0.001,0.1,-0.5,10.0,1000,0,0.0,0.0,0.0,0.0
0.3,0.0001,0.001,0.1,-0.5,100.0,1000,0,0.0,0.0,0.0,0.0
0.3,0.0001,0.001,0.1,-0.5,1000.0,1000,0,0.0,0.0,0.0,0.0
0.3,0.0001,0.001,0.1,-0.2,10.0,1000,0,0.0,0.0,0.0,0.0
0.3,0.0001,0.001,0.1,-0.2,100.0,1000,0,0.0,0.0,0.0,0.0
0.3,0.0001,0.001,0.1,-0.2,1000.0,1000,0,0.0,0.0,0.0,0.0
0.3,0.0001,0.001,0.1,-0.1,10.0,1000,0,0.0,0.0,0.0,0.0
0.3,0.0001,0.001,0.1,-0.1,100.0,1000,0,0.0,0.0,0.0,0.0
0.3,0.0001,0.001,0.1,-0.1,1000.0,1000,0,0.0,0.0,0.0,0.0
0.3,0.0001,0.001,0.1,0.0,10.0,1000,0,0.0,0.0,0.0,0.0
0.3,0.0001,0.001,0.1,0.0,100.0,1000,0,0.0,0.0,0.0,0.0
0.3,0.0001,0.001,0.1,0.0,1000.0,1000,0,0.0,0.0,0.0,0.0
0.3,0.0001,0.001,0.1,0.1,10.0,1000,0,0.0,0.0,0.0,0.0
0.3,0.0001,0.001,0.1,0.1,100.0,1000,0,0.0,0.0,0.0,0.0
0.3,0.0001,0.001,0.1,0.1,1000.0,1000,0,0.0,0.0,0.0,0.0
0.3,0.0001,0.001,0.1,0.2,10.0,1000,0,0.0,0.0,0.0,0.0
0.3,0.0001,0.001,0.1,0.2,100.0,1000,0,0.0,0.0,0.0,0.0
0.3,0.0001,0.001,0.1,0.2,1000.0,1000,0,0.0,0.0,0.0,0.0
0.3,0.0001,0.001,0.1,0.5,10.0,1000,0,0.0,0.0,0.0,0.0
0.3,0.0001,0.001,0.1,0.5,100.0,1000,0,0.0,0.0,0.0,0.0
0.3,0.0001,0.001,0.1,0.5,1000.0,1000,0,0.0,0.0,0.0,0.0
0.3,0.0001,0.001,0.1,1.0,10.0,1000,0,0.0,0.0,0.0,0.0
0.3,0.0001,0.001,0.1,1.0,100.0,1000,0,0.0,0.0,0.0,0.0
0.3,0.0001,0.001,0.1,1.0,1000.0,1000,0,0.0,0.0,0.0,0.0
0.3,0.0001,0.001,1.0,-0.5,10.0,1000,0,0.0,0.0,0.0,0.0
0.3,0.0001,0.001,1.0,-0.5,100.0,1000,0,0.0,0.0,0.0,0.0
0.3,0.0001,0.001,1.0,-0.5,1000.0,1000,0,0.0,0.0,0.0,0.0
0.3,0.0001,0.001,1.0,-0.2,10.0,1000,0,0.0,0.0,0.0,0.0
0.3,0.0001,0.001,1.0,-0.2,100.0,1000,0,0.0,0.0,0.0,0.0
0.3,0.0001,0.001,1.0,-0.2,1000.0,1000,0,0.0,0.0,0.0,0.0
0.3,0.0001,0.001,1.0,-0.1,10.0,1000,0,0.0,0.0,0.0,0.0
0.3,0.0001,0.001,1.0,-0.1,100.0,1000,0,0.0,0.0,0.0,0.0
0.3,0.0001,0.001,1.0,-0.1,1000.0,1000,0,0.0,18.245675248150807,0.0,0.0
0.3,0.0001,0.001,1.0,0.0,10.0,1000,0,0.0,13.270556431448256,0.0,1.7551676705012227
0.3,0.0001,0.001,1.0,0.0,100.0,1000,0,0.0,12.577834173504145,0.0,49.00017533012481
0.3,0.0001,0.001,1.0,0.0,1000.0,1000,0,0.0,0.0,0.0,0.0
0.3,0.0001,0.001,1.0,0.1,10.0,1000,0,0.0,20.324318737137418,0.0,265.92993766931005
0.3,0.0001,0.001,1.0,0.1,100.0,1000,0,0.0,20.216866355945978,0.0,711.102792124208
0.3,0.0001,0.001,1.0,0.1,1000.0,1000,0,0.0,8.3879485128373,0.0,7.206825281038757
0.3,0.0001,0.001,1.0,0.2,10.0,1000,0,0.0,20.458350490719447,0.0,66.75679956957616
0.3,0.0001,0.001,1.0,0.2,100.0,1000,0,0.0,13.456210931577123,0.0,298.66102813704975
0.3,0.0001,0.001,1.0,0.2,1000.0,1000,0,0.0,16.86309798772274,0.0,92.5622613073426
0.3,0.0001,0.001,1.0,0.5,10.0,849,151,0.5014906438237174,18.32473967952318,0.01573471604182586,77.53717393531781
0.3,0.0001,0.001,1.0,0.5,100.0,846,154,0.49142827922226145,10.194480682391033,0.014760794770400517,212.40003428168026
0.3,0.0001,0.001,1.0,0.5,1000.0,898,102,0.4825208418119516,15.652194411540851,0.022136421939273385,282.349657724734
0.3,0.0001,0.001,1.0,1.0,10.0,600,400,0.6388944299897077,14.814184035945205,0.00402883180837016,46.43100206143303
0.3,0.0001,0.001,1.0,1.0,100.0,537,463,0.6300151295207301,6.467819964727204,0.0037525171662968083,131.16378349285122
0.3,0.0001,0.001,1.0,1.0,1000.0,686,314,0.6414426322933032,12.206552702493068,0.003814703382722427,398.92277727003585
0.3,0.001,0.0003,1e-05,-0.5,10.0,1000,0,0.0,0.0,0.0,0.0
0.3,0.001,0.0003,1e-05,-0.5,100.0,1000,0,0.0,0.0,0.0,0.0
0.3,0.001,0.0003,1e-05,-0.5,1000.0,1000,0,0.0,0.0,0.0,0.0
0.3,0.001,0.0003,1e-05,-0.2,10.0,1000,0,0.0,0.0,0.0,0.0
0.3,0.001,0.0003,1e-05,-0.2,100.0,1000,0,0.0,0.0,0.0,0.0
0.3,0.001,0.0003,1e-05,-0.2,1000.0,1000,0,0.0,0.0,0.0,0.0
0.3,0.001,0.0003,1e-05,-0.1,10.0,1000,0,0.0,0.0,0.0,0.0
0.3,0.001,0.0003,1e-05,-0.1,100.0,1000,0,0.0,0.0,0.0,0.0
0.3,0.001,0.0003,1e-05,-0.1,1000.0,1000,0,0.0,0.0,0.0,0.0
0.3,0.001,0.0003,1e-05,0.0,10.0,1000,0,0.0,0.0,0.0,0.0
0.3,0.001,0.0003,1e-05,0.0,100.0,1000,0,0.0,0.0,0.0,0.0
0.3,0.001,0.0003,1e-05,0.0,1000.0,1000,0,0.0,0.0,0.0,0.0
0.3,0.001,0.0003,1e-05,0.1,10.0,1000,0,0.0,0.0,0.0,0.0
0.3,0.001,0.0003,1e-05,0.1,100.0,1000,0,0.0,0.0,0.0,0.0
0.3,0.001,0.0003,1e-05,0.1,1000.0,1000,0,0.0,0.0,0.0,0.0
0.3,0.001,0.0003,1e-05,0.2,10.0,1000,0,0.0,0.0,0.0,0.0
0.3,0.001,0.0003,1e-05,0.2,100.0,1000,0,0.0,0.0,0.0,0.0
0.3,0.001,0.0003,1e-05,0.2,1000.0,1000,0,0.0,0.0,0.0,0.0
0.3,0.001,0.0003,1e-05,0.5,10.0,1000,0,0.0,0.0,0.0,0.0
0.3,0.001,0.0003,1e-05,0.5,100.0,1000,0,0.0,0.0,0.0,0.0
0.3,0.001,0.0003,1e-05,0.5,1000.0,1000,0,0.0,0.0,0.0,0.0
0.3,0.001,0.0003,1e-05,1.0,10.0,1000,0,0.0,0.0,0.0,0.0
0.3,0.001,0.0003,1e-05,1.0,100.0,1000,0,0.0,0.0,0.0,0.0
0.3,0.001,0.0003,1e-05,1.0,1000.0,1000,0,0.0,0.0,0.0,0.0
0.3,0.001,0.0003,0.001,-0.5,10.0,1000,0,0.0,0.0,0.0,0.0
0.3,0.001,0.0003,0.001,-0.5,100.0,1000,0,0.0,0.0,0.0,0.0
0.3,0.001,0.0003,0.001,-0.5,1000.0,1000,0,0.0,0.0,0.0,0.0
0.3,0.001,0.0003,0.001,-0.2,10.0,1000,0,0.0,0.0,0.0,0.0
0.3,0.001,0.0003,0.001,-0.2,100.0,1000,0,0.0,0.0,0.0,0.0
0.3,0.001,0.0003,0.001,-0.2,1000.0,1000,0,0.0,0.0,0.0,0.0
0.3,0.001,0.0003,0.001,-0.1,10.0,1000,0,0.0,0.0,0.0,0.0
0.3,0.001,0.0003,0.001,-0.1,100.0,1000,0,0.0,0.0,0.0,0.0
0.3,0.001,0.0003,0.001,-0.1,1000.0,1000,0,0.0,0.0,0.0,0.0
0.3,0.001,0.0003,0.001,0.0,10.0,1000,0,0.0,0.0,0.0,0.0
0.3,0.001,0.0003,0.001,0.0,100.0,1000,0,0.0,0.0,0.0,0.0
0.3,0.001,0.0003,0.001,0.0,1000.0,1000,0,0.0,0.0,0.0,0.0
0.3,0.001,0.0003,0.001,0.1,10.0,1000,0,0.0,0.0,0.0,0.0
0.3,0.001,0.0003,0.001,0.1,100.0,1000,0,0.0,0.0,0.0,0.0
0.3,0.001,0.0003,0.001,0.1,1000.0,1000,0,0.0,0.0,0.0,0.0
0.3,0.001,0.0003,0.001,0.2,10.0,1000,0,0.0,0.0,0.0,0.0
0.3,0.001,0.0003,0.001,0.2,100.0,1000,0,0.0,0.0,0.0,0.0
0.3,0.001,0.0003,0.001,0.2,1000.0,1000,0,0.0,0.0,0.0,0.0
0.3,0.001,0.0003,0.001,0.5,10.0,1000,0,0.0,0.0,0.0,0.0
0.3,0.001,0.0003,0.001,0.5,100.0,1000,0,0.0,0.0,0.0,0.0
0.3,0.001,0.0003,0.001,0.5,1000.0,1000,0,0.0,0.0,0.0,0.0
0.3,0.001,0.0003,0.001,1.0,10.0,1000,0,0.0,0.0,0.0,0.0
0.3,0.001,0.0003,0.001,1.0,100.0,1000,0,0.0,0.0,0.0,0.0
0.3,0.001,0.0003,0.001,1.0,1000.0,1000,0,0.0,0.0,0.0,0.0
0.3,0.001,0.0003,0.1,-0.5,10.0,1000,0,0.0,0.0,0.0,0.0
0.3,0.001,0.0003,0.1,-0.5,100.0,1000,0,0.0,0.0,0.0,0.0
0.3,0.001,0.0003,0.1,-0.5,1000.0,1000,0,0.0,0.0,0.0,0.0
0.3,0.001,0.0003,0.1,-0.2,10.0,1000,0,0.0,0.0,0.0,0.0
0.3,0.001,0.0003,0.1,-0.2,100.0,1000,0,0.0,0.0,0.0,0.0
0.3,0.001,0.0003,0.1,-0.2,1000.0,1000,0,0.0,0.0,0.0,0.0
0.3,0.001,0.0003,0.1,-0.1,10.0,1000,0,0.0,0.0,0.0,0.0
0.3,0.001,0.0003,0.1,-0.1,100.0,1000,0,0.0,0.0,0.0,0.0
0.3,0.001,0.0003,0.1,-0.1,1000.0,1000,0,0.0,0.0,0.0,0.0
0.3,0.001,0.0003,0.1,0.0,10.0,1000,0,0.0,0.0,0.0,0.0
0.3,0.001,0.0003,0.1,0.0,100.0,1000,0,0.0,0.0,0.0,0.0
0.3,0.001,0.0003,0.1,0.0,1000.0,1000,0,0.0,0.0,0.0,0.0
0.3,0.001,0.0003,0.1,0.1,10.0,1000,0,0.0,0.0,0.0,0.0
0.3,0.001,0.0003,0.1,0.1,100.0,1000,0,0.0,0.0,0.0,0.0
0.3,0.001,0.0003,0.1,0.1,1000.0,1000,0,0.0,0.0,0.0,0.0
0.3,0.001,0.0003,0.1,0.2,10.0,1000,0,0.0,0.0,0.0,0.0
0.3,0.001,0.0003,0.1,0.2,100.0,1000,0,0.0,0.0,0.0,0.0
0.3,0.001,0.0003,0.1,0.2,1000.0,1000,0,0.0,0.0,0.0,0.0
0.3,0.001,0.0003,0.1,0.5,10.0,1000,0,0.0,0.0,0.0,0.0
0.3,0.001,0.0003,0.1,0.5,100.0,1000,0,0.0,0.0,0.0,0.0
0.3,0.001,0.0003,0.1,0.5,1000.0,1000,0,0.0,0.0,0.0,0.0
0.3,0.001,0.0003,0.1,1.0,10.0,1000,0,0.0,0.0,0.0,0.0
0.3,0.001,0.0003,0.1,1.0,100.0,1000,0,0.0,0.0,0.0,0.0
0.3,0.001,0.0003,0.1,1.0,1000.0,1000,0,0.0,0.0,0.0,0.0
0.3,0.001,0.0003,1.0,-0.5,10.0,1000,0,0.0,0.0,0.0,0.0
0.3,0.001,0.0003,1.0,-0.5,100.0,1000,0,0.0,0.0,0.0,0.0
0.3,0.001,0.0003,1.0,-0.5,1000.0,1000,0,0.0,0.0,0.0,0.0
0.3,0.001,0.0003,1.0,-0.2,10.0,1000,0,0.0,0.0,0.0,0.0
0.3,0.001,0.0003,1.0,-0.2,100.0,1000,0,0.0,0.0,0.0,0.0
0.3,0.001,0.0003,1.0,-0.2,1000.0,1000,0,0.0,0.0,0.0,0.0
0.3,0.001,0.0003,1.0,-0.1,10.0,1000,0,0.0,0.0,0.0,0.0
0.3,0.001,0.0003,1.0,-0.1,100.0,1000,0,0.0,0.0,0.0,0.0
0.3,0.001,0.0003,1.0,-0.1,1000.0,1000,0,0.0,0.0,0.0,0.0
0.3,0.001,0.0003,1.0,0.0,10.0,1000,0,0.0,0.0,0.0,0.0
0.3,0.001,0.0003,1.0,0.0,100.0,1000,0,0.0,0.0,0.0,0.0
0.3,0.001,0.0003,1.0,0.0,1000.0,1000,0,0.0,0.0,0.0,0.0
0.3,0.001,0.0003,1.0,0.1,10.0,1000,0,0.0,0.0,0.0,0.0
0.3,0.001,0.0003,1.0,0.1,100.0,1000,0,0.0,0.0,0.0,0.0
0.3,0.001,0.0003,1.0,0.1,1000.0,1000,0,0.0,28.717034753531678,0.0,0.0
0.3,0.001,0.0003,1.0,0.2,10.0,1000,0,0.0,137.92442581624894,0.0,7727.356719350708
0.3,0.001,0.0003,1.0,0.2,100.0,1000,0,0.0,76.03220372916576,0.0,2122.2981925287195
0.3,0.001,0.0003,1.0,0.2,1000.0,999,1,0.0,75.14218505904758,0.0,2896.6118182637033
0.3,0.001,0.0003,1.0,0.5,10.0,758,242,0.5143535548869217,46.416260868077934,0.002741672811318808,741.0330116602665
0.3,0.001,0.0003,1.0,0.5,100.0,409,591,0.5151108173738925,36.59841528261184,0.0026342160592971453,1004.9607177346735
0.3,0.001,0.0003,1.0,0.5,1000.0,134,866,0.5137776696805073,22.96130736801865,0.002676418381926958,454.6616320675082
0.3,0.001,0.0003,1.0,1.0,10.0,519,481,0.6389822318738358,29.63775717711584,0.0013043630702979372,324.4104483328357
0.3,0.001,0.0003,1.0,1.0,100.0,176,824,0.6386143420540997,20.625991574217856,0.0012505680325559409,612.4755397030748
0.3,0.001,0.0003,1.0,1.0,1000.0,27,973,0.6396942704877561,9.282874915481168,0.0011949097242323972,115.53472152704099
0.3,0.001,0.0001,1e-05,-0.5,10.0,1000,0,0.0,0.0,0.0,0.0
0.3,0.001,0.0001,1e-05,-0.5,100.0,1000,0,0.0,0.0,0.0,0.0
0.3,0.001,0.0001,1e-05,-0.5,1000.0,1000,0,0.0,0.0,0.0,0.0
0.3,0.001,0.0001,1e-05,-0.2,10.0,1000,0,0.0,0.0,0.0,0.0
0.3,0.001,0.0001,1e-05,-0.2,100.0,1000,0,0.0,0.0,0.0,0.0
0.3,0.001,0.0001,1e-05,-0.2,1000.0,1000,0,0.0,0.0,0.0,0.0
0.3,0.001,0.0001,1e-05,-0.1,10.0,1000,0,0.0,0.0,0.0,0.0
0.3,0.001,0.0001,1e-05,-0.1,100.0,1000,0,0.0,0.0,0.0,0.0
0.3,0.001,0.0001,1e-05,-0.1,1000.0,1000,0,0.0,0.0,0.0,0.0
0.3,0.001,0.0001,1e-05,0.0,10.0,1000,0,0.0,0.0,0.0,0.0
0.3,0.001,0.0001,1e-05,0.0,100.0,1000,0,0.0,0.0,0.0,0.0
0.3,0.001,0.0001,1e-05,0.0,1000.0,1000,0,0.0,0.0,0.0,0.0
0.3,0.001,0.0001,1e-05,0.1,10.0,1000,0,0.0,0.0,0.0,0.0
0.3,0.001,0.0001,1e-05,0.1,100.0,1000,0,0.0,0.0,0.0,0.0
0.3,0.001,0.0001,1e-05,0.1,1000.0,1000,0,0.0,0.0,0.0,0.0
0.3,0.001,0.0001,1e-05,0.2,10.0,1000,0,0.0,0.0,0.0,0.0
0.3,0.001,0.0001,1e-05,0.2,100.0,1000,0,0.0,0.0,0.0,0.0
0.3,0.001,0.0001,1e-05,0.2,1000.0,1000,0,0.0,0.0,0.0,0.0
0.3,0.001,0.0001,1e-05,0.5,10.0,1000,0,0.0,0.0,0.0,0.0
0.3,0.001,0.0001,1e-05,0.5,100.0,1000,0,0.0,0.0,0.0,0.0
0.3,0.001,0.0001,1e-05,0.5,1000.0,1000,0,0.0,0.0,0.0,0.0
0.3,0.001,0.0001,1e-05,1.0,10.0,1000,0,0.0,0.0,0.0,0.0
0.3,0.001,0.0001,1e-05,1.0,100.0,1000,0,0.0,0.0,0.0,0.0
0.3,0.001,0.0001,1e-05,1.0,1000.0,1000,0,0.0,0.0,0.0,0.0
0.3,0.001,0.0001,0.001,-0.5,10.0,1000,0,0.0,0.0,0.0,0.0
0.3,0.001,0.0001,0.001,-0.5,100.0,1000,0,0.0,0.0,0.0,0.0
0.3,0.001,0.0001,0.001,-0.5,1000.0,1000,0,0.0,0.0,0.0,0.0
0.3,0.001,0.0001,0.001,-0.2,10.0,1000,0,0.0,0.0,0.0,0.0
0.3,0.001,0.0001,0.001,-0.2,100.0,1000,0,0.0,0.0,0.0,0.0
0.3,0.001,0.0001,0.001,-0.2,1000.0,1000,0,0.0,0.0,0.0,0.0
0.3,0.001,0.0001,0.001,-0.1,10.0,1000,0,0.0,0.0,0.0,0.0
0.3,0.001,0.0001,0.001,-0.1,100.0,1000,0,0.0,0.0,0.0,0.0
0.3,0.001,0.0001,0.001,-0.1,1000.0,1000,0,0.0,0.0,0.0,0.0
0.3,0.001,0.0001,0.001,0.0,10.0,1000,0,0.0,0.0,0.0,0.0
0.3,0.001,0.0001,0.001,0.0,100.0,1000,0,0.0,0.0,0.0,0.0
0.3,0.001,0.0001,0.001,0.0,1000.0,1000,0,0.0,0.0,0.0,0.0
0.3,0.001,0.0001,0.001,0.1,10.0,1000,0,0.0,0.0,0.0,0.0
0.3,0.001,0.0001,0.001,0.1,100.0,1000,0,0.0,0.0,0.0,0.0
0.3,0.001,0.0001,0.001,0.1,1000.0,1000,0,0.0,0.0,0.0,0.0
0.3,0.001,0.0001,0.001,0.2,10.0,1000,0,0.0,0.0,0.0,0.0
0.3,0.001,0.0001,0.001,0.2,100.0,1000,0,0.0,0.0,0.0,0.0
0.3,0.001,0.0001,0.001,0.2,1000.0,1000,0,0.0,0.0,0.0,0.0
0.3,0.001,0.0001,0.001,0.5,10.0,1000,0,0.0,0.0,0.0,0.0
0.3,0.001,0.0001,0.001,0.5,100.0,1000,0,0.0,0.0,0.0,0.0
0.3,0.001,0.0001,0.001,0.5,1000.0,1000,0,0.0,0.0,0.0,0.0
0.3,0.001,0.0001,0.001,1.0,10.0,1000,0,0.0,0.0,0.0,0.0
0.3,0.001,0.0001,0.001,1.0,100.0,1000,0,0.0,0.0,0.0,0.0
0.3,0.001,0.0001,0.001,1.0,1000.0,1000,0,0.0,0.0,0.0,0.0
0.3,0.001,0.0001,0.1,-0.5,10.0,1000,0,0.0,0.0,0.0,0.0
0.3,0.001,0.0001,0.1,-0.5,100.0,1000,0,0.0,0.0,0.0,0.0
0.3,0.001,0.0001,0.1,-0.5,1000.0,1000,0,0.0,0.0,0.0,0.0
0.3,0.001,0.0001,0.1,-0.2,10.0,1000,0,0.0,0.0,0.0,0.0
0.3,0.001,0.0001,0.1,-0.2,100.0,1000,0,0.0,0.0,0.0,0.0
0.3,0.001,0.0001,0.1,-0.2,1000.0,1000,0,0.0,0.0,0.0,0.0
0.3,0.001,0.0001,0.1,-0.1,10.0,1000,0,0.0,0.0,0.0,0.0
0.3,0.001,0.0001,0.1,-0.1,100.0,1000,0,0.0,0.0,0.0,0.0
0.3,0.001,0.0001,0.1,-0.1,1000.0,1000,0,0.0,0.0,0.0,0.0
0.3,0.001,0.0001,0.1,0.0,10.0,1000,0,0.0,0.0,0.0,0.0
0.3,0.001,0.0001,0.1,0.0,100.0,1000,0,0.0,0.0,0.0,0.0
0.3,0.001,0.0001,0.1,0.0,1000.0,1000,0,0.0,0.0,0.0,0.0
0.3,0.001,0.0001,0.1,0.1,10.0,1000,0,0.0,0.0,0.0,0.0
0.3,0.001,0.0001,0.1,0.1,100.0,1000,0,0.0,0.0,0.0,0.0
0.3,0.001,0.0001,0.1,0.1,1000.0,1000,0,0.0,0.0,0.0,0.0
0.3,0.001,0.0001,0.1,0.2,10.0,1000,0,0.0,0.0,0.0,0.0
0.3,0.001,0.0001,0.1,0.2,100.0,1000,0,0.0,0.0,0.0,0.0
0.3,0.001,0.0001,0.1,0.2,1000.0,1000,0,0.0,0.0,0.0,0.0
0.3,0.001,0.0001,0.1,0.5,10.0,1000,0,0.0,0.0,0.0,0.0
0.3,0.001,0.0001,0.1,0.5,100.0,1000,0,0.0,0.0,0.0,0.0
0.3,0.001,0.0001,0.1,0.5,1000.0,1000,0,0.0,0.0,0.0,0.0
0.3,0.001,0.0001,0.1,1.0,10.0,1000,0,0.0,0.0,0.0,0.0
0.3,0.001,0.0001,0.1,1.0,100.0,1000,0,0.0,0.0,0.0,0.0
0.3,0.001,0.0001,0.1,1.0,1000.0,1000,0,0.0,0.0,0.0,0.0
0.3,0.001,0.0001,1.0,-0.5,10.0,1000,0,0.0,0.0,0.0,0.0
0.3,0.001,0.0001,1.0,-0.5,100.0,1000,0,0.0,0.0,0.0,0.0
0.3,0.001,0.0001,1.0,-0.5,1000.0,1000,0,0.0,0.0,0.0,0.0
0.3,0.001,0.0001,1.0,-0.2,10.0,1000,0,0.0,0.0,0.0,0.0
0.3,0.001,0.0001,1.0,-0.2,100.0,1000,0,0.0,0.0,0.0,0.0
0.3,0.001,0.0001,1.0,-0.2,1000.0,1000,0,0.0,0.0,0.0,0.0
0.3,0.001,0.0001,1.0,-0.1,10.0,1000,0,0.0,0.0,0.0,0.0
0.3,0.001,0.0001,1.0,-0.1,100.0,1000,0,0.0,0.0,0.0,0.0
0.3,0.001,0.0001,1.0,-0.1,1000.0,1000,0,0.0,0.0,0.0,0.0
0.3,0.001,0.0001,1.0,0.0,10.0,1000,0,0.0,0.0,0.0,0.0
0.3,0.001,0.0001,1.0,0.0,100.0,1000,0,0.0,0.0,0.0,0.0
0.3,0.001,0.0001,1.0,0.0,1000.0,1000,0,0.0,0.0,0.0,0.0
0.3,0.001,0.0001,1.0,0.1,10.0,1000,0,0.0,0.0,0.0,0.0
0.3,0.001,0.0001,1.0,0.1,100.0,1000,0,0.0,0.0,0.0,0.0
0.3,0.001,0.0001,1.0,0.1,1000.0,1000,0,0.0,0.0,0.0,0.0
0.3,0.001,0.0001,1.0,0.2,10.0,982,18,0.27182150441308456,398.76939546434,0.007383043170181876,41782.23412250129
0.3,0.001,0.0001,1.0,0.2,100.0,901,99,0.23220345517078156,357.0468505100338,0.011916492480507216,42082.54735278545
0.3,0.001,0.0001,1.0,0.2,1000.0,712,288,0.22264456227686352,366.951960272465,0.012799070241104545,52103.40141654971
0.3,0.001,0.0001,1.0,0.5,10.0,716,284,0.5150762096743045,57.565056163277355,0.0009048858857834062,770.2461455865006
0.3,0.001,0.0001,1.0,0.5,100.0,345,655,0.5176360046781154,52.60779997524625,0.000954354650652419,1177.9612214349543
0.3,0.001,0.0001,1.0,0.5,1000.0,14,986,0.5156626565074552,24.10162934705677,0.0008304247693965116,279.29004911628437
0.3,0.001,0.0001,1.0,1.0,10.0,517,483,0.6412208459687068,42.15996922826855,0.0004127956545979378,634.0814015387541
0.3,0.001,0.0001,1.0,1.0,100.0,123,877,0.6391060951785069,32.02212717506312,0.00035143888199728947,696.6025588705091
0.3,0.001,0.0001,1.0,1.0,1000.0,2,998,0.6406508432064909,8.953944187433184,0.00040350671790089453,25.46590301829625
0.3,0.001,0.003,1e-05,-0.5,10.0,1000,0,0.0,0.0,0.0,0.0
0.3,0.001,0.003,1e-05,-0.5,100.0,1000,0,0.0,0.0,0.0,0.0
0.3,0.001,0.003,1e-05,-0.5,1000.0,1000,0,0.0,0.0,0.0,0.0
0.3,0.001,0.003,1e-05,-0.2,10.0,1000,0,0.0,0.0,0.0,0.0
0.3,0.001,0.003,1e-05,-0.2,100.0,1000,0,0.0,0.0,0.0,0.0
0.3,0.001,0.003,1e-05,-0.2,1000.0,1000,0,0.0,0.0,0.0,0.0
0.3,0.001,0.003,1e-05,-0.1,10.0,1000,0,0.0,0.0,0.0,0.0
0.3,0.001,0.003,1e-05,-0.1,100.0,1000,0,0.0,0.0,0.0,0.0
0.3,0.001,0.003,1e-05,-0.1,1000.0,1000,0,0.0,0.0,0.0,0.0
0.3,0.001,0.003,1e-05,0.0,10.0,1000,0,0.0,0.0,0.0,0.0
0.3,0.001,0.003,1e-05,0.0,100.0,1000,0,0.0,0.0,0.0,0.0
0.3,0.001,0.003,1e-05,0.0,1000.0,1000,0,0.0,0.0,0.0,0.0
0.3,0.001,0.003,1e-05,0.1,10.0,1000,0,0.0,0.0,0.0,0.0
0.3,0.001,0.003,1e-05,0.1,100.0,1000,0,0.0,0.0,0.0,0.0
0.3,0.001,0.003,1e-05,0.1,1000.0,1000,0,0.0,0.0,0.0,0.0
0.3,0.001,0.003,1e-05,0.2,10.0,1000,0,0.0,0.0,0.0,0.0
0.3,0.001,0.003,1e-05,0.2,100.0,1000,0,0.0,0.0,0.0,0.0
0.3,0.001,0.003,1e-05,0.2,1000.0,1000,0,0.0,0.0,0.0,0.0
0.3,0.001,0.003,1e-05,0.5,10.0,1000,0,0.0,0.0,0.0,0.0
0.3,0.001,0.003,1e-05,0.5,100.0,1000,0,0.0,0.0,0.0,0.0
0.3,0.001,0.003,1e-05,0.5,1000.0,1000,0,0.0,0.0,0.0,0.0
0.3,0.001,0.003,1e-05,1.0,10.0,1000,0,0.0,0.0,0.0,0.0
0.3,0.001,0.003,1e-05,1.0,100.0,1000,0,0.0,0.0,0.0,0.0
0.3,0.001,0.003,1e-05,1.0,1000.0,1000,0,0.0,0.0,0.0,0.0
0.3,0.001,0.003,0.001,-0.5,10.0,1000,0,0.0,0.0,0.0,0.0
0.3,0.001,0.003,0.001,-0.5,100.0,1000,0,0.0,0.0,0.0,0.0
0.3,0.001,0.003,0.001,-0.5,1000.0,1000,0,0.0,0.0,0.0,0.0
0.3,0.001,0.003,0.001,-0.2,10.0,1000,0,0.0,0.0,0.0,0.0
0.3,0.001,0.003,0.001,-0.2,100.0,1000,0,0.0,0.0,0.0,0.0
0.3,0.001,0.003,0.001,-0.2,1000.0,1000,0,0.0,0.0,0.0,0.0
0.3,0.001,0.003,0.001,-0.1,10.0,1000,0,0.0,0.0,0.0,0.0
0.3,0.001,0.003,0.001,-0.1,100.0,1000,0,0.0,0.0,0.0,0.0
0.3,0.001,0.003,0.001,-0.1,1000.0,1000,0,0.0,0.0,0.0,0.0
0.3,0.001,0.003,0.001,0.0,10.0,1000,0,0.0,0.0,0.0,0.0
0.3,0.001,0.003,0.001,0.0,100.0,1000,0,0.0,0.0,0.0,0.0
0.3,0.001,0.003,0.001,0.0,1000.0,1000,0,0.0,0.0,0.0,0.0
0.3,0.001,0.003,0.001,0.1,10.0,1000,0,0.0,0.0,0.0,0.0
0.3,0.001,0.003,0.001,0.1,100.0,1000,0,0.0,0.0,0.0,0.0
0.3,0.001,0.003,0.001,0.1,1000.0,1000,0,0.0,0.0,0.0,0.0
0.3,0.001,0.003,0.001,0.2,10.0,1000,0,0.0,0.0,0.0,0.0
0.3,0.001,0.003,0.001,0.2,100.0,1000,0,0.0,0.0,0.0,0.0
0.3,0.001,0.003,0.001,0.2,1000.0,1000,0,0.0,0.0,0.0,0.0
0.3,0.001,0.003,0.001,0.5,10.0,1000,0,0.0,0.0,0.0,0.0
0.3,0.001,0.003,0.001,0.5,100.0,1000,0,0.0,0.0,0.0,0.0
0.3,0.001,0.003,0.001,0.5,1000.0,1000,0,0.0,0.0,0.0,0.0
0.3,0.001,0.003,0.001,1.0,10.0,1000,0,0.0,0.0,0.0,0.0
0.3,0.001,0.003,0.001,1.0,100.0,1000,0,0.0,0.0,0.0,0.0
0.3,0.001,0.003,0.001,1.0,1000.0,1000,0,0.0,0.0,0.0,0.0
0.3,0.001,0.003,0.1,-0.5,10.0,1000,0,0.0,0.0,0.0,0.0
0.3,0.001,0.003,0.1,-0.5,100.0,1000,0,0.0,0.0,0.0,0.0
0.3,0.001,0.003,0.1,-0.5,1000.0,1000,0,0.0,0.0,0.0,0.0
0.3,0.001,0.003,0.1,-0.2,10.0,1000,0,0.0,10.363074401038595,0.0,0.0
0.3,0.001,0.003,0.1,-0.2,100.0,1000,0,0.0,0.0,0.0,0.0
0.3,0.001,0.003,0.1,-0.2,1000.0,1000,0,0.0,53.573108814252464,0.0,0.0
0.3,0.001,0.003,0.1,-0.1,10.0,1000,0,0.0,0.0,0.0,0.0
0.3,0.001,0.003,0.1,-0.1,100.0,1000,0,0.0,0.0,0.0,0.0
0.3,0.001,0.003,0.1,-0.1,1000.0,1000,0,0.0,0.0,0.0,0.0
0.3,0.001,0.003,0.1,0.0,10.0,1000,0,0.0,18.800632406795355,0.0,226.33527755803925
0.3,0.001,0.003,0.1,0.0,100.0,1000,0,0.0,13.80238503597865,0.0,0.0
0.3,0.001,0.003,0.1,0.0,1000.0,1000,0,0.0,25.970446082240375,0.0,0.0
0.3,0.001,0.003,0.1,0.1,10.0,1000,0,0.0,15.111127501753366,0.0,0.0
0.3,0.001,0.003,0.1,0.1,100.0,1000,0,0.0,14.37924444512744,0.0,52.77603129771271
0.3,0.001,0.003,0.1,0.1,1000.0,1000,0,0.0,11.866371370011798,0.0,0.0
0.3,0.001,0.003,0.1,0.2,10.0,1000,0,0.0,13.374064365929248,0.0,19.44825171187938
0.3,0.001,0.003,0.1,0.2,100.0,1000,0,0.0,16.021034382069875,0.0,0.0
0.3,0.001,0.003,0.1,0.2,1000.0,1000,0,0.0,22.411522298928933,0.0,203.59164186640996
0.3,0.001,0.003,0.1,0.5,10.0,1000,0,0.0,14.34471686488361,0.0,45.60552175230363
0.3,0.001,0.003,0.1,0.5,100.0,1000,0,0.0,13.73401499813306,0.0,124.7904715119016
0.3,0.001,0.003,0.1,0.5,1000.0,1000,0,0.0,36.54632660669806,0.0,1039.9136721966815
0.3,0.001,0.003,0.1,1.0,10.0,1000,0,0.0,22.214681774396926,0.0,244.09374036925388
0.3,0.001,0.003,0.1,1.0,100.0,1000,0,0.0,28.50130778343686,0.0,803.3249332408311
0.3,0.001,0.003,0.1,1.0,1000.0,1000,0,0.0,24.040220241318057,0.0,811.1296412685725
0.3,0.001,0.003,1.0,-0.5,10.0,1000,0,0.0,3.539449140557167,0.0,2.597191962584811
0.3,0.001,0.003,1.0,-0.5,100.0,1000,0,0.0,18.26651611445895,0.0,1099.0376249616843
0.3,0.001,0.003,1.0,-0.5,1000.0,1000,0,0.0,16.306191784765637,0.0,131.38723224893593
0.3,0.001,0.003,1.0,-0.2,10.0,1000,0,0.0,6.382842790225669,0.0,128.0343225691309
0.3,0.001,0.003,1.0,-0.2,100.0,1000,0,0.0,7.3955180957568,0.0,69.86926391685333
0.3,0.001,0.003,1.0,-0.2,1000.0,1000,0,0.0,11.312251766541658,0.0,148.68542046700057
0.3,0.001,0.003,1.0,-0.1,10.0,1000,0,0.0,7.23752008777068,0.0,83.68874826235378
0.3,0.001,0.003,1.0,-0.1,100.0,1000,0,0.0,11.117222872055198,0.0,279.9416606201751
0.3,0.001,0.003,1.0,-0.1,1000.0,1000,0,0.0,12.541608668197812,0.0,201.10410273699637
0.3,0.001,0.003,1.0,0.0,10.0,1000,0,0.0,4.5644753292371485,0.0,20.736084611767204
0.3,0.001,0.003,1.0,0.0,100.0,1000,0,0.0,11.88486812284278,0.0,317.5483409359202
0.3,0.001,0.003,1.0,0.0,1000.0,1000,0,0.0,17.853608799540464,0.0,534.1694038818832
0.3,0.001,0.003,1.0,0.1,10.0,1000,0,0.0,7.340147325475119,0.0,143.11929913660978
0.3,0.001,0.003,1.0,0.1,100.0,1000,0,0.0,9.63682783924868,0.0,219.6937198097852
0.3,0.001,0.003,1.0,0.1,1000.0,1000,0,0.0,11.440479565605314,0.0,141.92489704663052
0.3,0.001,0.003,1.0,0.2,10.0,1000,0,0.0,8.34647378695785,0.0,247.65185575110698
0.3,0.001,0.003,1.0,0.2,100.0,1000,0,0.0,8.76672080471226,0.0,176.76448923748706
0.3,0.001,0.003,1.0,0.2,1000.0,1000,0,0.0,14.955938049995721,0.0,391.33793262302777
0.3,0.001,0.003,1.0,0.5,10.0,1000,0,0.0,7.282607325188754,0.0,217.55297400230808
0.3,0.001,0.003,1.0,0.5,100.0,1000,0,0.0,8.80041915137406,0.0,187.2318747919937
0.3,0.001,0.003,1.0,0.5,1000.0,1000,0,0.0,11.457368458830178,0.0,274.93069304704557
0.3,0.001,0.003,1.0,1.0,10.0,717,283,0.613636037868401,6.675032727733945,0.02264514942677588,188.04962211764374
0.3,0.001,0.003,1.0,1.0,100.0,630,370,0.622431022358679,6.693055713893158,0.02022531512985229,215.12927831493562
0.3,0.001,0.003,1.0,1.0,1000.0,672,328,0.62194361030154,10.228352489059148,0.02261097994526654,302.4878230616601
0.3,0.001,0.001,1e-05,-0.5,10.0,1000,0,0.0,0.0,0.0,0.0
0.3,0.001,0.001,1e-05,-0.5,100.0,1000,0,0.0,0.0,0.0,0.0
0.3,0.001,0.001,1e-05,-0.5,1000.0,1000,0,0.0,0.0,0.0,0.0
0.3,0.001,0.001,1e-05,-0.2,10.0,1000,0,0.0,0.0,0.0,0.0
0.3,0.001,0.001,1e-05,-0.2,100.0,1000,0,0.0,0.0,0.0,0.0
0.3,0.001,0.001,1e-05,-0.2,1000.0,1000,0,0.0,0.0,0.0,0.0
0.3,0.001,0.001,1e-05,-0.1,10.0,1000,0,0.0,0.0,0.0,0.0
0.3,0.001,0.001,1e-05,-0.1,100.0,1000,0,0.0,0.0,0.0,0.0
0.3,0.001,0.001,1e-05,-0.1,1000.0,1000,0,0.0,0.0,0.0,0.0
0.3,0.001,0.001,1e-05,0.0,10.0,1000,0,0.0,0.0,0.0,0.0
0.3,0.001,0.001,1e-05,0.0,100.0,1000,0,0.0,0.0,0.0,0.0
0.3,0.001,0.001,1e-05,0.0,1000.0,1000,0,0.0,0.0,0.0,0.0
0.3,0.001,0.001,1e-05,0.1,10.0,1000,0,0.0,0.0,0.0,0.0
0.3,0.001,0.001,1e-05,0.1,100.0,1000,0,0.0,0.0,0.0,0.0
0.3,0.001,0.001,1e-05,0.1,1000.0,1000,0,0.0,0.0,0.0,0.0
0.3,0.001,0.001,1e-05,0.2,10.0,1000,0,0.0,0.0,0.0,0.0
0.3,0.001,0.001,1e-05,0.2,100.0,1000,0,0.0,0.0,0.0,0.0
0.3,0.001,0.001,1e-05,0.2,1000.0,1000,0,0.0,0.0,0.0,0.0
0.3,0.001,0.001,1e-05,0.5,10.0,1000,0,0.0,0.0,0.0,0.0
0.3,0.001,0.001,1e-05,0.5,100.0,1000,0,0.0,0.0,0.0,0.0
0.3,0.001,0.001,1e-05,0.5,1000.0,1000,0,0.0,0.0,0.0,0.0
0.3,0.001,0.001,1e-05,1.0,10.0,1000,0,0.0,0.0,0.0,0.0
0.3,0.001,0.001,1e-05,1.0,100.0,1000,0,0.0,0.0,0.0,0.0
0.3,0.001,0.001,1e-05,1.0,1000.0,1000,0,0.0,0.0,0.0,0.0
0.3,0.001,0.001,0.001,-0.5,10.0,1000,0,0.0,0.0,0.0,0.0
0.3,0.001,0.001,0.001,-0.5,100.0,1000,0,0.0,0.0,0.0,0.0
0.3,0.001,0.001,0.001,-0.5,1000.0,1000,0,0.0,0.0,0.0,0.0
0.3,0.001,0.001,0.001,-0.2,10.0,1000,0,0.0,0.0,0.0,0.0
0.3,0.001,0.001,0.001,-0.2,100.0,1000,0,0.0,0.0,0.0,0.0
0.3,0.001,0.001,0.001,-0.2,1000.0,1000,0,0.0,0.0,0.0,0.0
0.3,0.001,0.001,0.001,-0.1,10.0,1000,0,0.0,0.0,0.0,0.0
0.3,0.001,0.001,0.001,-0.1,100.0,1000,0,0.0,0.0,0.0,0.0
0.3,0.001,0.001,0.001,-0.1,1000.0,1000,0,0.0,0.0,0.0,0.0
0.3,0.001,0.001,0.001,0.0,10.0,1000,0,0.0,0.0,0.0,0.0
0.3,0.001,0.001,0.001,0.0,100.0,1000,0,0.0,0.0,0.0,0.0
0.3,0.001,0.001,0.001,0.0,1000.0,1000,0,0.0,0.0,0.0,0.0
0.3,0.001,0.001,0.001,0.1,10.0,1000,0,0.0,0.0,0.0,0.0
0.3,0.001,0.001,0.001,0.1,100.0,1000,0,0.0,0.0,0.0,0.0
0.3,0.001,0.001,0.001,0.1,1000.0,1000,0,0.0,0.0,0.0,0.0
0.3,0.001,0.001,0.001,0.2,10.0,1000,0,0.0,0.0,0.0,0.0
0.3,0.001,0.001,0.001,0.2,100.0,1000,0,0.0,0.0,0.0,0.0
0.3,0.001,0.001,0.001,0.2,1000.0,1000,0,0.0,0.0,0.0,0.0
0.3,0.001,0.001,0.001,0.5,10.0,1000,0,0.0,0.0,0.0,0.0
0.3,0.001,0.001,0.001,0.5,100.0,1000,0,0.0,0.0,0.0,0.0
0.3,0.001,0.001,0.001,0.5,1000.0,1000,0,0.0,0.0,0.0,0.0
0.3,0.001,0.001,0.001,1.0,10.0,1000,0,0.0,0.0,0.0,0.0
0.3,0.001,0.001,0.001,1.0,100.0,1000,0,0.0,0.0,0.0,0.0
0.3,0.001,0.001,0.001,1.0,1000.0,1000,0,0.0,0.0,0.0,0.0
0.3,0.001,0.001,0.1,-0.5,10.0,1000,0,0.0,0.0,0.0,0.0
0.3,0.001,0.001,0.1,-0.5,100.0,1000,0,0.0,0.0,0.0,0.0
0.3,0.001,0.001,0.1,-0.5,1000.0,1000,0,0.0,0.0,0.0,0.0
0.3,0.001,0.001,0.1,-0.2,10.0,1000,0,0.0,0.0,0.0,0.0
0.3,0.001,0.001,0.1,-0.2,100.0,1000,0,0.0,0.0,0.0,0.0
0.3,0.001,0.001,0.1,-0.2,1000.0,1000,0,0.0,0.0,0.0,0.0
0.3,0.001,0.001,0.1,-0.1,10.0,1000,0,0.0,0.0,0.0,0.0
0.3,0.001,0.001,0.1,-0.1,100.0,1000,0,0.0,0.0,0.0,0.0
0.3,0.001,0.001,0.1,-0.1,1000.0,1000,0,0.0,0.0,0.0,0.0
0.3,0.001,0.001,0.1,0.0,10.0,1000,0,0.0,0.0,0.0,0.0
0.3,0.001,0.001,0.1,0.0,100.0,1000,0,0.0,0.0,0.0,0.0
0.3,0.001,0.001,0.1,0.0,1000.0,1000,0,0.0,0.0,0.0,0.0
0.3,0.001,0.001,0.1,0.1,10.0,1000,0,0.0,0.0,0.0,0.0
0.3,0.001,0.001,0.1,0.1,100.0,1000,0,0.0,0.0,0.0,0.0
0.3,0.001,0.001,0.1,0.1,1000.0,1000,0,0.0,0.0,0.0,0.0
0.3,0.001,0.001,0.1,0.2,10.0,1000,0,0.0,0.0,0.0,0.0
0.3,0.001,0.001,0.1,0.2,100.0,1000,0,0.0,0.0,0.0,0.0
0.3,0.001,0.001,0.1,0.2,1000.0,1000,0,0.0,0.0,0.0,0.0
0.3,0.001,0.001,0.1,0.5,10.0,1000,0,0.0,0.0,0.0,0.0
0.3,0.001,0.001,0.1,0.5,100.0,1000,0,0.0,0.0,0.0,0.0
0.3,0.001,0.001,0.1,0.5,1000.0,1000,0,0.0,0.0,0.0,0.0
0.3,0.001,0.001,0.1,1.0,10.0,1000,0,0.0,0.0,0.0,0.0
0.3,0.001,0.001,0.1,1.0,100.0,1000,0,0.0,0.0,0.0,0.0
0.3,0.001,0.001,0.1,1.0,1000.0,1000,0,0.0,0.0,0.0,0.0
0.3,0.001,0.001,1.0,-0.5,10.0,1000,0,0.0,0.0,0.0,0.0
0.3,0.001,0.001,1.0,-0.5,100.0,1000,0,0.0,0.0,0.0,0.0
0.3,0.001,0.001,1.0,-0.5,1000.0,1000,0,0.0,0.0,0.0,0.0
0.3,0.001,0.001,1.0,-0.2,10.0,1000,0,0.0,0.0,0.0,0.0
0.3,0.001,0.001,1.0,-0.2,100.0,1000,0,0.0,9.59190541326914,0.0,0.0
0.3,0.001,0.001,1.0,-0.2,1000.0,1000,0,0.0,0.0,0.0,0.0
0.3,0.001,0.001,1.0,-0.1,10.0,1000,0,0.0,0.0,0.0,0.0
0.3,0.001,0.001,1.0,-0.1,100.0,1000,0,0.0,10.47274693698605,0.0,0.0
0.3,0.001,0.001,1.0,-0.1,1000.0,1000,0,0.0,20.469719130707848,0.0,0.0
0.3,0.001,0.001,1.0,0.0,10.0,1000,0,0.0,16.342932517039987,0.0,2.214555429988111
0.3,0.001,0.001,1.0,0.0,100.0,1000,0,0.0,16.94052186000214,0.0,341.62783107895586
0.3,0.001,0.001,1.0,0.0,1000.0,1000,0,0.0,23.45003836496927,0.0,140.98842941516546
0.3,0.001,0.001,1.0,0.1,10.0,1000,0,0.0,26.479154946298603,0.0,457.9755478964005
0.3,0.001,0.001,1.0,0.1,100.0,1000,0,0.0,27.06158241170317,0.0,1191.9217826776799
0.3,0.001,0.001,1.0,0.1,1000.0,1000,0,0.0,29.936523724230376,0.0,1516.9964405044725
0.3,0.001,0.001,1.0,0.2,10.0,1000,0,0.0,30.301135012971827,0.0,605.1665350058003
0.3,0.001,0.001,1.0,0.2,100.0,1000,0,0.0,26.624430383645173,0.0,620.7740133968756
0.3,0.001,0.001,1.0,0.2,1000.0,1000,0,0.0,23.23408963622584,0.0,388.33403630614805
0.3,0.001,0.001,1.0,0.5,10.0,843,157,0.4887620237698367,24.037577824020087,0.015730875538968146,292.00649633937684
0.3,0.001,0.001,1.0,0.5,100.0,688,312,0.49272897292910844,21.80982941711232,0.015041919719946164,817.1494879188867
0.3,0.001,0.001,1.0,0.5,1000.0,618,382,0.49218998940220593,21.180250934749214,0.01609399399592958,659.5886704068614
0.3,0.001,0.001,1.0,1.0,10.0,549,451,0.6364473818677566,18.718237441999484,0.004005216506076409,341.14839537661794
0.3,0.001,0.001,1.0,1.0,100.0,333,667,0.6406786552497725,12.294441517451851,0.004014243417976384,385.5279134878645
0.3,0.001,0.001,1.0,1.0,1000.0,205,795,0.6359174628076426,12.534905194239315,0.0048056925148814746,355.8520426948999
0.3,0.1,0.0003,1e-05,-0.5,10.0,57,943,0.29375891880682264,514.3298274525365,0.0013238788009778553,61540.35569191437
0.3,0.1,0.0003,1e-05,-0.5,100.0,0,1000,0.29079419534869855,458.9390932684284,0.0013348550097203838,71224.12935512642
0.3,0.1,0.0003,1e-05,-0.5,1000.0,0,1000,0.29301560313912245,1.005287787096458,0.0013093302723317728,0.0357980970967145
0.3,0.1,0.0003,1e-05,-0.2,10.0,53,947,0.29392644621084596,506.0977813131045,0.0012872215794564716,61612.655001215855
0.3,0.1,0.0003,1e-05,-0.2,100.0,0,1000,0.29398426688736956,465.4728131245084,0.0013779905645638002,67734.4150947916
0.3,0.1,0.0003,1e-05,-0.2,1000.0,0,1000,0.29524191365278407,0.9943499851270369,0.0014401089145316176,0.03638479929889503
0.3,0.1,0.0003,1e-05,-0.1,10.0,57,943,0.29346091190221857,526.7745272556112,0.0013308833500195161,61933.44761985284
0.3,0.1,0.0003,1e-05,-0.1,100.0,0,1000,0.2907726394275688,470.1332345917876,0.0013064294179195505,69613.52792905922
0.3,0.1,0.0003,1e-05,-0.1,1000.0,0,1000,0.29243730047419697,1.0131084460316393,0.0013053718476240966,0.04008140517677483
0.3,0.1,0.0003,1e-05,0.0,10.0,51,949,0.2934783688754285,526.8736648765049,0.0014341988776955827,58935.95588132653
0.3,0.1,0.0003,1e-05,0.0,100.0,0,1000,0.2935569210833409,474.10475826893213,0.001327350588025282,73822.80617362297
0.3,0.1,0.0003,1e-05,0.0,1000.0,0,1000,0.2949072804233534,1.0125343125319153,0.0013247299471051575,0.040217579957547
0.3,0.1,0.0003,1e-05,0.1,10.0,44,956,0.2935807943340558,515.908366107629,0.0013051794389464225,59280.48308843257
0.3,0.1,0.0003,1e-05,0.1,100.0,0,1000,0.29413922995717556,470.4915928296207,0.0013271236711018327,72097.53047335162
0.3,0.1,0.0003,1e-05,0.1,1000.0,0,1000,0.2917022218414661,1.0125115509170128,0.001269443121516355,0.033976235097515885
0.3,0.1,0.0003,1e-05,0.2,10.0,50,950,0.2948028446580173,528.4236479833367,0.0013233761547457377,62771.09898232575
0.3,0.1,0.0003,1e-05,0.2,100.0,0,1000,0.2927352000634335,482.25887372911785,0.0012837732508177973,73249.7111574787
0.3,0.1,0.0003,1e-05,0.2,1000.0,0,1000,0.29548860715319003,0.9994501247673615,0.0014979629096013827,0.04072960356563382
0.3,0.1,0.0003,1e-05,0.5,10.0,47,953,0.29185827113569135,532.3367807512126,0.0012600739364880458,64290.867286405264
0.3,0.1,0.0003,1e-05,0.5,100.0,0,1000,0.293160535603022,463.1948262990558,0.0014027247884349676,72171.59931009187
0.3,0.1,0.0003,1e-05,0.5,1000.0,0,1000,0.2929047332484766,1.009393202697493,0.0014504845001618919,0.037913550435253365
0.3,0.1,0.0003,1e-05,1.0,10.0,54,946,0.29412131183287193,526.5940200287245,0.0012592145842260588,62490.07843087662
0.3,0.1,0.0003,1e-05,1.0,100.0,0,1000,0.2943095684677885,475.3548368929668,0.0012329548876320925,71305.3916433038
0.3,0.1,0.0003,1e-05,1.0,1000.0,0,1000,0.29282741534399703,0.9984342409274054,0.0014718224747241654,0.03779059857171752
0.3,0.1,0.0003,0.001,-0.5,10.0,49,951,0.2913838679991224,511.3491659052308,0.0013587764420615748,59591.500216049804
0.3,0.1,0.0003,0.001,-0.5,100.0,0,1000,0.29380550528640437,484.7687006082862,0.0012965258854743145,70420.32173712182
0.3,0.1,0.0003,0.001,-0.5,1000.0,0,1000,0.2918263231111675,1.0207293873194725,0.0013623316268865757,0.037687097820645034
0.3,0.1,0.0003,0.001,-0.2,10.0,47,953,0.2917488812450471,529.8646901543298,0.001252585257348553,61715.975774246064
0.3,0.1,0.0003,0.001,-0.2,100.0,0,1000,0.2932047546938657,453.020065449079,0.0013721505457058047,65464.23653818983
0.3,0.1,0.0003,0.001,-0.2,1000.0,0,1000,0.2927835810627844,1.0025453434536549,0.0012295076787010941,0.037794127485406115
0.3,0.1,0.0003,0.001,-0.1,10.0,52,948,0.2902569725707813,535.8935586917187,0.001318968204307233,58924.05081740409
0.3,0.1,0.0003,0.001,-0.1,100.0,0,1000,0.29516831656197984,479.1977185942348,0.001376290161611675,70620.7396745742
0.3,0.1,0.0003,0.001,-0.1,1000.0,0,1000,0.2935237196839334,1.010617404039785,0.0013344733695796489,0.04035879517924819
0.3,0.1,0.0003,0.001,0.0,10.0,50,950,0.29362186934579193,521.8906629066802,0.001365558074051242,59392.40976860814
0.3,0.1,0.0003,0.001,0.0,100.0,0,1000,0.2938558067931817,466.3973949689223,0.0013323588636474043,74092.57014526703
0.3,0.1,0.0003,0.001,0.0,1000.0,0,1000,0.2949502765361641,1.0097162309738108,0.0013785189063076804,0.035360439613286554
0.3,0.1,0.0003,0.001,0.1,10.0,55,945,0.29185580481632933,514.5329728616798,0.0013550788329213127,63219.73716068365
0.3,0.1,0.0003,0.001,0.1,100.0,0,1000,0.29170666733509143,479.901355659181,0.0013115402315155378,72796.45982271896
0.3,0.1,0.0003,0.001,0.1,1000.0,0,1000,0.2936470931274655,1.007268647779683,0.0013259883803153274,0.037696029446206626
0.3,0.1,0.0003,0.001,0.2,10.0,64,936,0.2937642096358599,515.0669497314474,0.0014041712604012041,64477.21624777179
0.3,0.1,0.0003,0.001,0.2,100.0,0,1000,0.29308892782537677,461.86987407084,0.001335033033613038,72133.24549252508
0.3,0.1,0.0003,0.001,0.2,1000.0,0,1000,0.29125028803313524,1.0081782852974548,0.001372127603508178,0.03974978050751972
0.3,0.1,0.0003,0.001,0.5,10.0,48,952,0.293837599740847,523.0291689569502,0.001338326463646042,59696.41873765865
0.3,0.1,0.0003,0.001,0.5,100.0,0,1000,0.29298333453040815,487.20471305482647,0.0013636250215215719,70987.80454736087
0.3,0.1,0.0003,0.001,0.5,1000.0,0,1000,0.29271456844826454,1.0119999645322102,0.00137209784940402,0.03550578423527452
0.3,0.1,0.0003,0.001,1.0,10.0,67,933,0.2942247612721175,531.7601589737765,0.0013434470944048346,66221.71694762263
0.3,0.1,0.0003,0.001,1.0,100.0,0,1000,0.2942042063623888,488.69727338938714,0.0014314434323924965,74024.42422901963
0.3,0.1,0.0003,0.001,1.0,1000.0,0,1000,0.2919397040599638,1.017107051705133,0.0012793777442490042,0.04015109181237526
0.3,0.1,0.0003,0.1,-0.5,10.0,83,917,0.2658655907988381,590.2096889629312,0.0018619281606543669,67386.00576362178
0.3,0.1,0.0003,0.1,-0.5,100.0,0,1000,0.2658448727633447,480.03499547889544,0.0019660716390619204,74314.95956546415
0.3,0.1,0.0003,0.1,-0.5,1000.0,0,1000,0.2668763982922045,1.0524562811346236,0.00186038472719123,0.04550512283163795
0.3,0.1,0.0003,0.1,-0.2,10.0,57,943,0.2816816997673034,559.4893998929207,0.001695211907475905,61578.37263779301
0.3,0.1,0.0003,0.1,-0.2,100.0,0,1000,0.283590354592071,493.6369191332095,0.0016612995055779649,66534.98537549679
0.3,0.1,0.0003,0.1,-0.2,1000.0,0,1000,0.28342036401959986,1.025279690273789,0.0019461170833525157,0.040998209587838355
0.3,0.1,0.0003,0.1,-0.1,10.0,69,931,0.28717651137219685,520.4189891060595,0.0016752941874154967,58076.725732744824
0.3,0.1,0.0003,0.1,-0.1,100.0,0,1000,0.2861738921573849,464.21595769258704,0.0018315385031768044,73472.5491704924
0.3,0.1,0.0003,0.1,-0.1,1000.0,0,1000,0.28607109390617286,1.0126669257315661,0.0018647124523223804,0.038322719958001815
0.3,0.1,0.0003,0.1,0.0,10.0,63,937,0.2909768350775795,487.1514153302031,0.001684629132586706,61429.50437283755
0.3,0.1,0.0003,0.1,0.0,100.0,0,1000,0.2923583402199363,427.4261338946066,0.001710470410073582,68323.66379965929
0.3,0.1,0.0003,0.1,0.0,1000.0,0,1000,0.29281523120923714,1.0117728569943807,0.001796835650244129,0.04264371636145806
0.3,0.1,0.0003,0.1,0.1,10.0,60,940,0.29711710447196005,418.0876926950082,0.001542412382217151,49783.745559789095
0.3,0.1,0.0003,0.1,0.1,100.0,0,1000,0.29706752119579677,352.56023974013897,0.0016783778978920756,52760.09498428578
0.3,0.1,0.0003,0.1,0.1,1000.0,0,1000,0.29929772002591176,1.003253018076287,0.0017353263372375913,0.03921887611396018
0.3,0.1,0.0003,0.1,0.2,10.0,58,942,0.305237881071682,362.79536037013116,0.001800794096724347,41123.740307971275
0.3,0.1,0.0003,0.1,0.2,100.0,0,1000,0.3013341738748706,292.91009862279304,0.001767224456170485,45741.69466724239
0.3,0.1,0.0003,0.1,0.2,1000.0,0,1000,0.301449399865946,0.9827505064646465,0.0016260018633037232,0.03760793221097656
0.3,0.1,0.0003,0.1,0.5,10.0,41,959,0.3155803708033561,218.43481418198922,0.001582409376657022,11310.670907149177
0.3,0.1,0.0003,0.1,0.5,100.0,0,1000,0.3172851318120235,140.195307015024,0.0015888741753036014,9053.330130005748
0.3,0.1,0.0003,0.1,0.5,1000.0,0,1000,0.31721613463597825,0.9844807221516196,0.001701519102189121,0.036917335307999136
0.3,0.1,0.0003,0.1,1.0,10.0,40,960,0.33362482060336746,139.2782982411254,0.0014465792360176721,2305.6894726783194
0.3,0.1,0.0003,0.1,1.0,100.0,0,1000,0.33390733419121277,75.1629191439192,0.001379838057365765,2000.512747907227
0.3,0.1,0.0003,0.1,1.0,1000.0,0,1000,0.3317407581979685,0.9483727414273815,0.0015622563400156657,0.031232004548696003
0.3,0.1,0.0003,1.0,-0.5,10.0,954,46,0.1215858992981858,0.0,0.028750565889899563,0.0
0.3,0.1,0.0003,1.0,-0.5,100.0,909,91,0.13501247326558455,0.0,0.02033339120522096,0.0
0.3,0.1,0.0003,1.0,-0.5,1000.0,894,106,0.13980925200354863,1.7838898807792547,0.022530155404938156,0.7532133056645092
0.3,0.1,0.0003,1.0,-0.2,10.0,240,760,0.20251787670573781,609.9160468347206,0.007457400144116001,107463.46899340505
0.3,0.1,0.0003,1.0,-0.2,100.0,46,954,0.20264345332966177,632.3362299029436,0.008021597016309208,61453.2531492001
0.3,0.1,0.0003,1.0,-0.2,1000.0,42,958,0.20368088047622904,1.218082338028203,0.0074338702679804655,0.18543964430604068
0.3,0.1,0.0003,1.0,-0.1,10.0,162,838,0.24667095249560145,541.0317680204671,0.006169627887772085,60372.878100194925
0.3,0.1,0.0003,1.0,-0.1,100.0,3,997,0.24372091188466036,487.6554796614393,0.006592303071228959,74988.5604299448
0.3,0.1,0.0003,1.0,-0.1,1000.0,2,998,0.2463353997665942,1.0882316730763864,0.006473129760922844,0.11562517524964258
0.3,0.1,0.0003,1.0,0.0,10.0,88,912,0.2913676005821148,206.91718269865123,0.005188577211663126,10326.520175275029
0.3,0.1,0.0003,1.0,0.0,100.0,0,1000,0.28725316234873915,117.55460088466273,0.004816363506563553,7493.0002365995015
0.3,0.1,0.0003,1.0,0.0,1000.0,0,1000,0.29292694952582893,1.0041430373345823,0.0048484042714143465,0.06371682238940345
0.3,0.1,0.0003,1.0,0.1,10.0,69,931,0.34057661456889193,101.06889328524777,0.004192021939621475,1270.0695612829707
0.3,0.1,0.0003,1.0,0.1,100.0,0,1000,0.34497173288489535,37.75622939431429,0.004422762112616779,451.5512914211565
0.3,0.1,0.0003,1.0,0.1,1000.0,0,1000,0.3452164466414055,0.935589933668989,0.004598117265841001,0.05227515356926401
0.3,0.1,0.0003,1.0,0.2,10.0,55,945,0.3911640649191357,71.48534256811534,0.003666135808975505,635.5608373670892
0.3,0.1,0.0003,1.0,0.2,100.0,0,1000,0.391862062165435,21.82188198869406,0.00383567272145672,111.84869013778693
0.3,0.1,0.0003,1.0,0.2,1000.0,0,1000,0.39259888974250545,0.88349296477155,0.003913012719802477,0.039800719730553366
0.3,0.1,0.0003,1.0,0.5,10.0,34,966,0.5100006116773927,42.61009787551629,0.0021092102687920037,196.6832584941529
0.3,0.1,0.0003,1.0,0.5,100.0,0,1000,0.5103406031093576,9.460957368807245,0.002033825887766269,12.520455699752663
0.3,0.1,0.0003,1.0,0.5,1000.0,0,1000,0.5090144846570372,0.76080457076418,0.0021079325948035617,0.02327834643905404
0.3,0.1,0.0003,1.0,1.0,10.0,5,995,0.6046724234780463,29.487969918449014,0.00113934421338947,68.98059771522405
0.3,0.1,0.0003,1.0,1.0,100.0,0,1000,0.6031325881234733,5.44194731019111,0.0011555805843295483,2.396090963758443
0.3,0.1,0.0003,1.0,1.0,1000.0,0,1000,0.6049240925078633,0.6496393899523976,0.0012359384484100318,0.014010229548450218
0.3,0.1,0.0001,1e-05,-0.5,10.0,46,954,0.2932489626541305,0.0,0.0004023258809340121,0.0
0.3,0.1,0.0001,1e-05,-0.5,100.0,0,1000,0.29364201959825165,371.2700220107357,0.0004112604656723402,0.0
0.3,0.1,0.0001,1e-05,-0.5,1000.0,0,1000,0.29402952434910706,7.300361423888161,0.00043046564794555273,6.701501004327661
0.3,0.1,0.0001,1e-05,-0.2,10.0,53,947,0.29330064707329573,0.0,0.0004436474592681315,0.0
0.3,0.1,0.0001,1e-05,-0.2,100.0,0,1000,0.29244435517716694,0.0,0.00040866498555075097,0.0
0.3,0.1,0.0001,1e-05,-0.2,1000.0,0,1000,0.2943295823101122,7.39848460102391,0.00043367692980166695,8.506697950225057
0.3,0.1,0.0001,1e-05,-0.1,10.0,48,952,0.29401395940141534,0.0,0.0004555179117137052,0.0
0.3,0.1,0.0001,1e-05,-0.1,100.0,0,1000,0.29382055546007857,0.0,0.0004555447029420574,0.0
0.3,0.1,0.0001,1e-05,-0.1,1000.0,0,1000,0.2935048090268765,7.173941832066356,0.00042332823247828277,5.9291794299657905
0.3,0.1,0.0001,1e-05,0.0,10.0,37,963,0.2937103555359165,904.5766001050063,0.00043642609923352885,0.0
0.3,0.1,0.0001,1e-05,0.0,100.0,0,1000,0.29350520265723423,0.0,0.00041053082967565347,0.0
0.3,0.1,0.0001,1e-05,0.0,1000.0,0,1000,0.2938295475133086,7.27436663477671,0.00045816088797260424,9.488371189835458
0.3,0.1,0.0001,1e-05,0.1,10.0,41,959,0.29406943754726944,0.0,0.00039636148968905826,0.0
0.3,0.1,0.0001,1e-05,0.1,100.0,0,1000,0.2925903032594109,0.0,0.0004160559191646136,0.0
0.3,0.1,0.0001,1e-05,0.1,1000.0,0,1000,0.2925805213012311,7.014844844748377,0.00042959827114127794,6.013989871748812
0.3,0.1,0.0001,1e-05,0.2,10.0,41,959,0.2932759450304714,0.0,0.00041504576078227237,0.0
0.3,0.1,0.0001,1e-05,0.2,100.0,0,1000,0.29347068839335794,0.0,0.00047944605822588176,0.0
0.3,0.1,0.0001,1e-05,0.2,1000.0,0,1000,0.2934460727021186,7.436118157849618,0.0004328859292925309,8.54420534123417
0.3,0.1,0.0001,1e-05,0.5,10.0,37,963,0.292281839439986,0.0,0.00042273635696684345,0.0
0.3,0.1,0.0001,1e-05,0.5,100.0,0,1000,0.2934375028656317,0.0,0.0004131449087269742,0.0
0.3,0.1,0.0001,1e-05,0.5,1000.0,0,1000,0.2935057026261919,7.242130474381581,0.0004472039786711898,6.16724280248652
0.3,0.1,0.0001,1e-05,1.0,10.0,45,955,0.29440180796790716,0.0,0.00043380510559567196,0.0
0.3,0.1,0.0001,1e-05,1.0,100.0,0,1000,0.29496201230173325,0.0,0.00042563157834891834,0.0
0.3,0.1,0.0001,1e-05,1.0,1000.0,0,1000,0.2932149029577235,7.232371166486096,0.000432536589838917,5.9773170708885335
0.3,0.1,0.0001,0.001,-0.5,10.0,42,958,0.2922516613056571,0.0,0.00043976564932430006,0.0
0.3,0.1,0.0001,0.001,-0.5,100.0,0,1000,0.29248539825061787,0.0,0.00044727403028604163,0.0
0.3,0.1,0.0001,0.001,-0.5,1000.0,0,1000,0.2931392401230771,7.161619711049786,0.0004031585043567646,7.563795630224326
0.3,0.1,0.0001,0.001,-0.2,10.0,52,948,0.2937417650551617,0.0,0.00044656765363600224,0.0
0.3,0.1,0.0001,0.001,-0.2,100.0,0,1000,0.2928590315517073,0.0,0.00045442851744559624,0.0
0.3,0.1,0.0001,0.001,-0.2,1000.0,0,1000,0.29473035488470767,7.073403929857549,0.00045910634136061965,5.822665878162899
0.3,0.1,0.0001,0.001,-0.1,10.0,58,942,0.2930341363340187,0.0,0.0004331735990057456,0.0
0.3,0.1,0.0001,0.001,-0.1,100.0,0,1000,0.29391342891200184,0.0,0.0004520046444839057,0.0
0.3,0.1,0.0001,0.001,-0.1,1000.0,0,1000,0.29435954732788433,7.282224338943126,0.00044157946883273646,5.173801899631513
0.3,0.1,0.0001,0.001,0.0,10.0,57,943,0.2936162130382221,0.0,0.0004449354295598304,0.0
0.3,0.1,0.0001,0.001,0.0,100.0,0,1000,0.29326431443502,0.0,0.00044569563668163484,0.0
0.3,0.1,0.0001,0.001,0.0,1000.0,0,1000,0.29312983243745455,6.9665229520694085,0.00045997414103591394,4.9819318012925615
0.3,0.1,0.0001,0.001,0.1,10.0,35,965,0.29356724726933636,0.0,0.00039924909280319895,0.0
0.3,0.1,0.0001,0.001,0.1,100.0,0,1000,0.29373619385190786,0.0,0.0004125599888800709,0.0
0.3,0.1,0.0001,0.001,0.1,1000.0,0,1000,0.29378838774405236,7.236438276320521,0.0004560438151158009,11.774861788750025
0.3,0.1,0.0001,0.001,0.2,10.0,39,961,0.29325019956985815,0.0,0.00045898426899327997,0.0
0.3,0.1,0.0001,0.001,0.2,100.0,0,1000,0.29221163338338274,0.0,0.0004359911077717963,0.0
0.3,0.1,0.0001,0.001,0.2,1000.0,0,1000,0.2937993103466656,7.045291256893356,0.0004044561169821974,5.094351425914988
0.3,0.1,0.0001,0.001,0.5,10.0,60,940,0.2926053195661425,0.0,0.00043192944191573367,0.0
0.3,0.1,0.0001,0.001,0.5,100.0,0,1000,0.2934539283893241,0.0,0.0004336012839186602,0.0
0.3,0.1,0.0001,0.001,0.5,1000.0,0,1000,0.29325396574117624,6.800661440972676,0.00039491333238358034,4.96010688532303
0.3,0.1,0.0001,0.001,1.0,10.0,44,956,0.2944735938515416,0.0,0.0004320220231954466,0.0
0.3,0.1,0.0001,0.001,1.0,100.0,0,1000,0.2942953234755661,0.0,0.0004464346201645263,0.0
0.3,0.1,0.0001,0.001,1.0,1000.0,0,1000,0.29402759229586284,7.168020013255209,0.00043881836996572944,6.5404727393604265
0.3,0.1,0.0001,0.1,-0.5,10.0,76,924,0.2661989926630507,0.0,0.0005517560920320095,0.0
0.3,0.1,0.0001,0.1,-0.5,100.0,0,1000,0.2654976109776752,0.0,0.0005667891200408589,0.0
0.3,0.1,0.0001,0.1,-0.5,1000.0,0,1000,0.2660900036022562,6.413220531293568,0.0006066256968630268,1.3428719223813834
0.3,0.1,0.0001,0.1,-0.2,10.0,59,941,0.28120325838764826,0.0,0.0005527116071476585,0.0
0.3,0.1,0.0001,0.1,-0.2,100.0,0,1000,0.2823212142122809,0.0,0.0005250131430718951,0.0
0.3,0.1,0.0001,0.1,-0.2,1000.0,0,1000,0.28276918670996476,6.7448900257892195,0.0005919391486760659,4.309361448957578
0.3,0.1,0.0001,0.1,-0.1,10.0,52,948,0.2881171737561909,0.0,0.0005341834271418345,0.0
0.3,0.1,0.0001,0.1,-0.1,100.0,0,1000,0.2876861607420537,0.0,0.0005413375741496309,0.0
0.3,0.1,0.0001,0.1,-0.1,1000.0,0,1000,0.28693509091604846,7.261423494074161,0.0005594824525058981,6.501266621635146
0.3,0.1,0.0001,0.1,0.0,10.0,34,966,0.29170779190889046,0.0,0.0005292159662616967,0.0
0.3,0.1,0.0001,0.1,0.0,100.0,0,1000,0.2925320118744035,740.2924360332356,0.0005845992380108798,0.0
0.3,0.1,0.0001,0.1,0.0,1000.0,0,1000,0.29256628270021506,7.790385729228589,0.0005334670096033527,59.059795874214295
0.3,0.1,0.0001,0.1,0.1,10.0,53,947,0.29807301742396713,725.7323824097687,0.0005585274155789061,43969.788155435854
0.3,0.1,0.0001,0.1,0.1,100.0,0,1000,0.29834578270401385,605.2937357853722,0.0005167473437936582,59878.90189021813
0.3,0.1,0.0001,0.1,0.1,1000.0,0,1000,0.2980650324262226,7.039812142096784,0.0005554373598888626,8.106330899911006
0.3,0.1,0.0001,0.1,0.2,10.0,38,962,0.30314468657499577,512.6942292023939,0.0005540315483198214,93497.35615620593
0.3,0.1,0.0001,0.1,0.2,100.0,0,1000,0.3028928670606427,486.7102823560925,0.000578719465517328,55248.042259679285
0.3,0.1,0.0001,0.1,0.2,1000.0,0,1000,0.3034124955316997,14.92016724544179,0.0005458503390162771,4652.700665126609
0.3,0.1,0.0001,0.1,0.5,10.0,50,950,0.3149181892270228,535.6006103639721,0.0005679888901508254,52919.354492967745
0.3,0.1,0.0001,0.1,0.5,100.0,0,1000,0.31589178179507293,507.3509742193473,0.0005098447579844125,69768.07236327956
0.3,0.1,0.0001,0.1,0.5,1000.0,0,1000,0.3140751431009236,32.767655203954156,0.0004973910828980015,14488.93144791929
0.3,0.1,0.0001,0.1,1.0,10.0,40,960,0.33324896182726427,244.0123018505131,0.0004923069547297955,9818.484439568236
0.3,0.1,0.0001,0.1,1.0,100.0,0,1000,0.33374755585736837,190.81630028529278,0.0005063556638608615,10801.592988094937
0.3,0.1,0.0001,0.1,1.0,1000.0,0,1000,0.33307715546973726,7.3491624116510845,0.0004739055927868819,407.12871180896985
0.3,0.1,0.0001,1.0,-0.5,10.0,802,198,0.13212443243341368,0.0,0.01210901744425161,0.0
0.3,0.1,0.0001,1.0,-0.5,100.0,530,470,0.12722093996171874,0.0,0.009046297673010368,0.0
0.3,0.1,0.0001,1.0,-0.5,1000.0,484,516,0.12429222838244637,0.0,0.009452797162276549,0.0
0.3,0.1,0.0001,1.0,-0.2,10.0,161,839,0.20464988679249332,0.0,0.0020154904904091174,0.0
0.3,0.1,0.0001,1.0,-0.2,100.0,0,1000,0.20451420645298024,0.0,0.0021477100942010052,0.0
0.3,0.1,0.0001,1.0,-0.2,1000.0,0,1000,0.20464521646728862,5.745203203270595,0.0023794147349964732,0.883346635594075
0.3,0.1,0.0001,1.0,-0.1,10.0,110,890,0.24490001208087223,0.0,0.0017348314786897504,0.0
0.3,0.1,0.0001,1.0,-0.1,100.0,0,1000,0.2435985737337964,549.5204988350833,0.0019321600132970011,0.0
0.3,0.1,0.0001,1.0,-0.1,1000.0,0,1000,0.2453906896882609,7.392607459896038,0.0019123078883562514,15.800183035310248
0.3,0.1,0.0001,1.0,0.0,10.0,69,931,0.29405806872440454,529.5407662818686,0.0017294756375374587,56884.178318615304
0.3,0.1,0.0001,1.0,0.0,100.0,0,1000,0.29379904136617724,504.93142464690555,0.00168159953313226,66296.55959953788
0.3,0.1,0.0001,1.0,0.0,1000.0,0,1000,0.2931006803255118,71.08161100735313,0.0017597102390464292,34457.03024930414
0.3,0.1,0.0001,1.0,0.1,10.0,61,939,0.3442882984432275,135.78664202122263,0.0014532091379740098,997.2062298808908
0.3,0.1,0.0001,1.0,0.1,100.0,0,1000,0.3445496603953467,82.89960216588631,0.0015234276718774401,557.6427470872517
0.3,0.1,0.0001,1.0,0.1,1000.0,0,1000,0.34544550764455473,4.798099949365801,0.0013324415404837523,11.841739421123949
0.3,0.1,0.0001,1.0,0.2,10.0,37,963,0.396164935686718,92.83891104992134,0.0010782405472691292,478.8351285113001
0.3,0.1,0.0001,1.0,0.2,100.0,0,1000,0.39478902948800954,47.765627602711916,0.0011907107738738318,86.01303697998418
0.3,0.1,0.0001,1.0,0.2,1000.0,0,1000,0.39501128036159266,3.360579210770264,0.0012848943800846694,0.6120301127436665
0.3,0.1,0.0001,1.0,0.5,10.0,33,967,0.5104778257571098,55.586746602595305,0.0006873869079238743,171.60012903325085
0.3,0.1,0.0001,1.0,0.5,100.0,0,1000,0.5114140979623035,24.023523412402895,0.000679522211697132,11.655447984375376
0.3,0.1,0.0001,1.0,0.5,1000.0,0,1000,0.5107453605392438,2.227576486062182,0.0006808635427250152,0.12042292222039878
0.3,0.1,0.0001,1.0,1.0,10.0,7,993,0.6046833907729555,40.12605702676026,0.0003972033066165045,73.59413362013548
0.3,0.1,0.0001,1.0,1.0,100.0,0,1000,0.6046634891864258,16.2311553111664,0.0003982826275530218,4.502005718987715
0.3,0.1,0.0001,1.0,1.0,1000.0,0,1000,0.6060505820972585,1.5820535983587023,0.0004102577343772835,0.03532429399393126
0.3,0.1,0.003,1e-05,-0.5,10.0,964,36,0.2867770038862772,42.75452826588758,0.017517379344313688,1905.9054774822241
0.3,0.1,0.003,1e-05,-0.5,100.0,960,40,0.30449532149996544,0.9210808559865769,0.03057554728352165,0.32988471894358784
0.3,0.1,0.003,1e-05,-0.5,1000.0,949,51,0.33420521754158616,0.07571484050946653,0.019478933072401963,0.0016106285996478594
0.3,0.1,0.003,1e-05,-0.2,10.0,971,29,0.282043026069929,44.61364358487884,0.0213277303443898,2040.0860717824874
0.3,0.1,0.003,1e-05,-0.2,100.0,945,55,0.29134886822038475,0.926573194900682,0.02933730903709169,0.407306432180921
0.3,0.1,0.003,1e-05,-0.2,1000.0,956,44,0.3112746605063799,0.07709532875368748,0.025388592113523904,0.001535262079105491
0.3,0.1,0.003,1e-05,-0.1,10.0,971,29,0.3249885071572912,41.65309234185112,0.053561038301753856,1870.9988006617798
0.3,0.1,0.003,1e-05,-0.1,100.0,958,42,0.279827612679227,0.9348431992583784,0.03892293821031254,0.43476632193546044
0.3,0.1,0.003,1e-05,-0.1,1000.0,947,53,0.29205537547092314,0.0774840114728666,0.019250806698836005,0.0015596770745796504
0.3,0.1,0.003,1e-05,0.0,10.0,958,42,0.2848442018610086,42.45902727525127,0.03359061454900781,1885.4612529905153
0.3,0.1,0.003,1e-05,0.0,100.0,962,38,0.2916194715639364,0.9492344211413606,0.020852963338575742,0.4075781405822456
0.3,0.1,0.003,1e-05,0.0,1000.0,959,41,0.33579990065114285,0.07690725592185955,0.0333982509318057,0.0017186973989458745
0.3,0.1,0.003,1e-05,0.1,10.0,973,27,0.2949434851481635,43.91069403041745,0.018785841800882577,2093.6060159813164
0.3,0.1,0.003,1e-05,0.1,100.0,957,43,0.3090910640347245,0.9727564306545123,0.036833887623590134,0.4099356019864525
0.3,0.1,0.003,1e-05,0.1,1000.0,957,43,0.31844660469004205,0.07725956911931084,0.015021858922920432,0.0016872545415300795
0.3,0.1,0.003,1e-05,0.2,10.0,969,31,0.3340108140458203,42.47070618763591,0.043662103942263136,2100.9840237023177
0.3,0.1,0.003,1e-05,0.2,100.0,951,49,0.3336411738719351,0.9457421990189648,0.04496879570787771,0.4003717636463352
0.3,0.1,0.003,1e-05,0.2,1000.0,951,49,0.33339319207971013,0.07986171144912652,0.04144221816327184,0.0018772914428711155
0.3,0.1,0.003,1e-05,0.5,10.0,966,34,0.3347810078335028,41.35176250020675,0.042238660464101435,1909.1904690609326
0.3,0.1,0.003,1e-05,0.5,100.0,962,38,0.33095455348368014,0.9441028903440193,0.030685445610308983,0.3596857646382098
0.3,0.1,0.003,1e-05,0.5,1000.0,955,45,0.3172355923222092,0.07734667171020475,0.03080094468706063,0.0016274897286005028
0.3,0.1,0.003,1e-05,1.0,10.0,955,45,0.28725350569623015,43.39493257257848,0.026017169273491014,1637.4495654035914
0.3,0.1,0.003,1e-05,1.0,100.0,952,48,0.31005987816649583,0.9214324971172082,0.03274136940386463,0.34712571696403266
0.3,0.1,0.003,1e-05,1.0,1000.0,953,47,0.3036042604919462,0.07552695734053648,0.030164564735275342,0.0014987522807444714
0.3,0.1,0.003,0.001,-0.5,10.0,966,34,0.32041821558416894,43.05628535402544,0.03882441863177451,1835.6912819808774
0.3,0.1,0.003,0.001,-0.5,100.0,962,38,0.27968444876796267,0.9393282483514104,0.01631484125464902,0.4332736317745869
0.3,0.1,0.003,0.001,-0.5,1000.0,958,42,0.27317775012102746,0.07889650821934913,0.021551867433824486,0.0017455300474413975
0.3,0.1,0.003,0.001,-0.2,10.0,972,28,0.274168394934745,42.56488601020753,0.016000243025485538,1637.2565198444217
0.3,0.1,0.003,0.001,-0.2,100.0,958,42,0.29048757850173146,0.9399499105000166,0.05005531670270483,0.4562729511067395
0.3,0.1,0.003,0.001,-0.2,1000.0,946,54,0.312750135365063,0.07801868003818273,0.0331171941320496,0.0017558773017512447
0.3,0.1,0.003,0.001,-0.1,10.0,971,29,0.29944045418183346,44.3727436490826,0.04602675886081121,2140.5212274739197
0.3,0.1,0.003,0.001,-0.1,100.0,961,39,0.28760409048329566,0.9468873250542115,0.0340782094873645,0.35548587429853024
0.3,0.1,0.003,0.001,-0.1,1000.0,955,45,0.29853296266092966,0.07733537824493854,0.025720619369204344,0.0015794187637941258
0.3,0.1,0.003,0.001,0.0,10.0,966,34,0.30464423600236745,40.504473495350936,0.02736361379715705,1610.758105347524
0.3,0.1,0.003,0.001,0.0,100.0,950,50,0.31517468784670133,0.95645683644777,0.02610310994708576,0.393083700707171
0.3,0.1,0.003,0.001,0.0,1000.0,956,44,0.21997160612235597,0.07495096723012311,0.024332967979102,0.0014128780130460582
0.3,0.1,0.003,0.001,0.1,10.0,967,33,0.2890016708256652,42.65387403911138,0.028750522279713,2066.132137504893
0.3,0.1,0.003,0.001,0.1,100.0,953,47,0.292697118854816,0.9680382132641987,0.02897710174487633,1.5848345965899993
0.3,0.1,0.003,0.001,0.1,1000.0,953,47,0.3152601538520865,0.07816009515355297,0.03850540794058446,0.0016501060759525068
0.3,0.1,0.003,0.001,0.2,10.0,967,33,0.3185961942540889,45.069798119100184,0.030871331517726454,1851.803185651969
0.3,0.1,0.003,0.001,0.2,100.0,956,44,0.30640428849550694,0.9158681193553223,0.0166797902898486,0.3964114011574419
0.3,0.1,0.003,0.001,0.2,1000.0,955,45,0.30597386999347786,0.07462748648829402,0.034411092152119,0.0013953942745815909
0.3,0.1,0.003,0.001,0.5,10.0,948,52,0.2929000534234894,43.21168059125248,0.03509926473463336,1730.9147909861836
0.3,0.1,0.003,0.001,0.5,100.0,949,51,0.30720600091446676,0.9501238085660303,0.03604350253444094,0.42011717558053363
0.3,0.1,0.003,0.001,0.5,1000.0,945,55,0.3741146720861046,0.07779066236849494,0.06662345082121145,0.001642546998104364
0.3,0.1,0.003,0.001,1.0,10.0,962,38,0.2619506116247194,40.038549039773294,0.022939443021150165,1433.5553768776197
0.3,0.1,0.003,0.001,1.0,100.0,944,56,0.34201833286782407,0.9247184212995813,0.03398416611490691,0.4047059477593501
0.3,0.1,0.003,0.001,1.0,1000.0,961,39,0.2720899988870107,0.07553198562477621,0.01612831513152165,0.00149387950702439
0.3,0.1,0.003,0.1,-0.5,10.0,991,9,0.29290293040293036,44.231682947114926,0.09205991124260354,1707.9953347308208
0.3,0.1,0.003,0.1,-0.5,100.0,990,10,0.33783496732026136,0.9916855450499197,0.06192489327021659,0.5913612492328109
0.3,0.1,0.003,0.1,-0.5,1000.0,985,15,0.2786013645224171,0.07722535624234049,0.07211392000007599,0.0015695104608192624
0.3,0.1,0.003,0.1,-0.2,10.0,978,22,0.2871817041866235,37.77000150837651,0.023594760607254895,1375.24990170017
0.3,0.1,0.003,0.1,-0.2,100.0,971,29,0.31076969008003497,0.9707279564022733,0.059033070320904074,0.5606149278944014
0.3,0.1,0.003,0.1,-0.2,1000.0,968,32,0.27402991288682077,0.07697871923062061,0.02846852220779483,0.0016942555229155238
0.3,0.1,0.003,0.1,-0.1,10.0,969,31,0.2543210821436628,35.939656082608785,0.029457698012285035,1414.320112376899
0.3,0.1,0.003,0.1,-0.1,100.0,973,27,0.27009967871587504,0.928268698798387,0.020407716968836215,0.379637077965089
0.3,0.1,0.003,0.1,-0.1,1000.0,968,32,0.25416415301104944,0.07481269500557518,0.022470211053928324,0.0016839702525976983
0.3,0.1,0.003,0.1,0.0,10.0,971,29,0.3523037725236935,32.63491367988475,0.02536138098658565,1101.8020951797916
0.3,0.1,0.003,0.1,0.0,100.0,968,32,0.3561176692380211,0.9423945137970092,0.053111614271848386,0.524624056905832
0.3,0.1,0.003,0.1,0.0,1000.0,965,35,0.271908315773862,0.07942658470518077,0.07410345598077057,0.0016992876408111566
0.3,0.1,0.003,0.1,0.1,10.0,969,31,0.32751998315407194,34.56886685025938,0.05307628426183534,1285.452770053496
0.3,0.1,0.003,0.1,0.1,100.0,965,35,0.30284661883401376,0.9066653878182122,0.042397838288808005,0.3945244147945878
0.3,0.1,0.003,0.1,0.1,1000.0,947,53,0.3266065789329414,0.07675304335946295,0.04381926145898425,0.001729403056932718
0.3,0.1,0.003,0.1,0.2,10.0,949,51,0.31492928271065224,32.92261329701698,0.02895655982888726,1360.4151879140645
0.3,0.1,0.003,0.1,0.2,100.0,950,50,0.3519329189558292,0.8983933267294968,0.023445629791672147,0.3498305470573896
0.3,0.1,0.003,0.1,0.2,1000.0,941,59,0.32201128742753865,0.07798302555810857,0.037682350534457315,0.0015826055555098772
0.3,0.1,0.003,0.1,0.5,10.0,923,77,0.2890170584577792,32.564004948767895,0.031021163798753776,1144.4258679441523
0.3,0.1,0.003,0.1,0.5,100.0,919,81,0.3268025893032374,0.9002723474813581,0.04002920224192189,0.3298443943851059
0.3,0.1,0.003,0.1,0.5,1000.0,925,75,0.29549892958878016,0.07919720484818295,0.02128742976319577,0.0019451573507679556
0.3,0.1,0.003,0.1,1.0,10.0,889,111,0.31122115537872835,27.087076465246003,0.018566862930620574,774.8414519026695
0.3,0.1,0.003,0.1,1.0,100.0,873,127,0.3253938283867438,0.8960752743097838,0.015022560217059715,0.3455660090104976
0.3,0.1,0.003,0.1,1.0,1000.0,850,150,0.32614879389757345,0.07511522729193153,0.031861492873106904,0.0014539593667090753
0.3,0.1,0.003,1.0,-0.5,10.0,1000,0,0.0,35.19014453854141,0.0,1668.8987658959477
0.3,0.1,0.003,1.0,-0.5,100.0,1000,0,0.0,1.8170142483224079,0.0,32.67298157323777
0.3,0.1,0.003,1.0,-0.5,1000.0,1000,0,0.0,0.07732033071988496,0.0,0.0016206586262428573
0.3,0.1,0.003,1.0,-0.2,10.0,1000,0,0.0,26.24135223061779,0.0,921.4348744662012
0.3,0.1,0.003,1.0,-0.2,100.0,998,2,0.4583333333333333,1.026668431546616,0.08506944444444445,0.8605635442569591
0.3,0.1,0.003,1.0,-0.2,1000.0,999,1,0.0,0.07941630090675186,0.0,0.0017918246833172858
0.3,0.1,0.003,1.0,-0.1,10.0,997,3,0.0,21.196337751164826,0.0,749.7623917394023
0.3,0.1,0.003,1.0,-0.1,100.0,998,2,0.5,0.9614716272109445,0.25,1.0930839800585002
0.3,0.1,0.003,1.0,-0.1,1000.0,997,3,0.5953947368421052,0.07727505037775441,0.08618276777469991,0.0017031944795768141
0.3,0.1,0.003,1.0,0.0,10.0,989,11,0.30589843163372576,17.63479791189406,0.04725557701209825,442.34122658484665
0.3,0.1,0.003,1.0,0.0,100.0,989,11,0.2675292844410491,0.8970426320652661,0.04826935949797193,0.6094839964668163
0.3,0.1,0.003,1.0,0.0,1000.0,977,23,0.22481591422156308,0.07746521682080691,0.04721896241086117,0.002056514903067877
0.3,0.1,0.003,1.0,0.1,10.0,956,44,0.3895458796376499,15.337786568338666,0.08997313647161122,366.9752896123109
0.3,0.1,0.003,1.0,0.1,100.0,943,57,0.3457695975551115,0.8585340469367473,0.07286230355309534,0.44415040557568536
0.3,0.1,0.003,1.0,0.1,1000.0,939,61,0.31755618111369116,0.07507857817108576,0.07340207635384813,0.0016686260260534251
0.3,0.1,0.003,1.0,0.2,10.0,856,144,0.3443728244522751,12.949020279947995,0.06581979747412683,246.14256992844966
0.3,0.1,0.003,1.0,0.2,100.0,824,176,0.34751160831668143,0.814905595769866,0.057359417228049,0.37531810644815583
0.3,0.1,0.003,1.0,0.2,1000.0,827,173,0.3487501659507996,0.07587764694705013,0.0511543407219238,0.00167334629346356
0.3,0.1,0.003,1.0,0.5,10.0,314,686,0.4868054259112328,8.61874588056083,0.03511674851189225,108.79160767233263
0.3,0.1,0.003,1.0,0.5,100.0,229,771,0.47970853342846154,0.7027375386585594,0.032602886346153756,0.2248149230900721
0.3,0.1,0.003,1.0,0.5,1000.0,255,745,0.4793656417596617,0.07497760731841913,0.030502232503864725,0.001801673363613385
0.3,0.1,0.003,1.0,1.0,10.0,25,975,0.5999183722935245,6.330286059298175,0.014822200382476496,65.05182754232875
0.3,0.1,0.003,1.0,1.0,100.0,4,996,0.5849177464351989,0.6044005422562987,0.015220543573969037,0.1453145935368046
0.3,0.1,0.003,1.0,1.0,1000.0,4,996,0.5977850252352135,0.07449241077417215,0.01315146019530704,0.0014583801108278317
0.3,0.1,0.001,1e-05,-0.5,10.0,142,858,0.2930628015005424,212.71432071949332,0.005081477645267908,24528.238194211717
0.3,0.1,0.001,1e-05,-0.5,100.0,57,943,0.2870663508687258,28.766496958320502,0.005742424453801883,5420.049571142201
0.3,0.1,0.001,1e-05,-0.5,1000.0,67,933,0.2916514074345008,0.2662972327446885,0.006234835316481594,0.006344567116863346
0.3,0.1,0.001,1e-05,-0.2,10.0,145,855,0.29559908155095976,209.76923281908066,0.00615336721102968,19810.21459413832
0.3,0.1,0.001,1e-05,-0.2,100.0,61,939,0.29485795665473175,30.80113089954246,0.005429184975940298,7228.66134363321
0.3,0.1,0.001,1e-05,-0.2,1000.0,59,941,0.28917277690189275,0.2683380783682099,0.006329796134299222,0.005918027921679443
0.3,0.1,0.001,1e-05,-0.1,10.0,166,834,0.29951755393984275,211.77874409671674,0.005863713715795114,22561.28148174695
0.3,0.1,0.001,1e-05,-0.1,100.0,58,942,0.29192301693328465,31.927690878620766,0.005706487125842326,7515.583525652544
0.3,0.1,0.001,1e-05,-0.1,1000.0,64,936,0.2916684632554466,0.2699677403475847,0.005118629469463724,0.006873395555330221
0.3,0.1,0.001,1e-05,0.0,10.0,144,856,0.29253377391489577,216.68179725335563,0.005438949048187367,24044.192391115426
0.3,0.1,0.001,1e-05,0.0,100.0,73,927,0.29617182262183717,30.15941116988906,0.006589247795110915,6772.714146503099
0.3,0.1,0.001,1e-05,0.0,1000.0,56,944,0.292831822996807,0.2652981698928652,0.006022425822572268,0.006525844341667859
0.3,0.1,0.001,1e-05,0.1,10.0,158,842,0.29250599855542725,202.32659402460774,0.005471386635354172,19009.18092841326
0.3,0.1,0.001,1e-05,0.1,100.0,55,945,0.29756229717076116,30.40508770106004,0.0061700932698303965,6431.088354321092
0.3,0.1,0.001,1e-05,0.1,1000.0,55,945,0.29333964887940145,0.26644613926358285,0.00652330594803167,0.006162523094973739
0.3,0.1,0.001,1e-05,0.2,10.0,146,854,0.2966222447711776,219.02713393763096,0.0062943863427806735,22593.045755350307
0.3,0.1,0.001,1e-05,0.2,100.0,56,944,0.2903060132150192,32.52745039956057,0.0063838048820700835,7370.446683164712
0.3,0.1,0.001,1e-05,0.2,1000.0,51,949,0.29316692828379226,0.2671409212537665,0.006372650025408843,0.005930013716667861
0.3,0.1,0.001,1e-05,0.5,10.0,152,848,0.29689017980970556,205.59335150730107,0.005814363397320747,21379.489903443075
0.3,0.1,0.001,1e-05,0.5,100.0,64,936,0.2951322939804723,24.33711268287852,0.005943435143330199,4040.7191327688115
0.3,0.1,0.001,1e-05,0.5,1000.0,66,934,0.2966505650741948,0.2714173529001424,0.007177116413260026,0.00669099835789242
0.3,0.1,0.001,1e-05,1.0,10.0,135,865,0.2914246294072827,214.08087902128682,0.005577024148136226,21482.05215204062
0.3,0.1,0.001,1e-05,1.0,100.0,57,943,0.2924334749338685,24.86785855277884,0.005881057607496345,4406.47033337842
0.3,0.1,0.001,1e-05,1.0,1000.0,57,943,0.292450161702452,0.2727297862817193,0.005581530980986582,0.006833709104886224
0.3,0.1,0.001,0.001,-0.5,10.0,134,866,0.2907676607630634,212.6277179162609,0.005547223454420859,21130.668633363835
0.3,0.1,0.001,0.001,-0.5,100.0,59,941,0.29999810741124616,27.668919904701983,0.006633916171644071,4598.627907178419
0.3,0.1,0.001,0.001,-0.5,1000.0,53,947,0.30017971844066493,0.2671908347560691,0.005776945719918741,0.006861646167812304
0.3,0.1,0.001,0.001,-0.2,10.0,145,855,0.2904989031829659,207.75558638057305,0.005516972918606359,20790.649783383626
0.3,0.1,0.001,0.001,-0.2,100.0,55,945,0.29495108227887884,32.009140543586994,0.006058204044636863,7617.540622482779
0.3,0.1,0.001,0.001,-0.2,1000.0,58,942,0.29461791634285645,0.2623199086522491,0.0056890310894468785,0.005435838575027091
0.3,0.1,0.001,0.001,-0.1,10.0,157,843,0.29134849094052834,195.56056149140082,0.005991887265079675,16685.642510276615
0.3,0.1,0.001,0.001,-0.1,100.0,65,935,0.2900213212104353,27.247280521924292,0.005842146959798961,5022.847550267245
0.3,0.1,0.001,0.001,-0.1,1000.0,57,943,0.29455218245094333,0.26948374377824946,0.005462930670011989,0.006719705594806425
0.3,0.1,0.001,0.001,0.0,10.0,136,864,0.291740241384652,211.8966699018391,0.0057105703472565975,20061.43532685291
0.3,0.1,0.001,0.001,0.0,100.0,69,931,0.2931212279877793,25.12149337540699,0.006285138209880409,4551.432655399054
0.3,0.1,0.001,0.001,0.0,1000.0,63,937,0.29198778674768056,0.2656071748723903,0.006145805981535905,0.006609283939768596
0.3,0.1,0.001,0.001,0.1,10.0,137,863,0.2952581663384021,200.6542408394161,0.006267374245957005,17343.398302849455
0.3,0.1,0.001,0.001,0.1,100.0,63,937,0.2959903310489462,27.99259746343897,0.005289656837393249,5169.546576080116
0.3,0.1,0.001,0.001,0.1,1000.0,50,950,0.2945681220893789,0.2682302079448254,0.005711334609384268,0.006292415365690357
0.3,0.1,0.001,0.001,0.2,10.0,154,846,0.2923980246629476,199.78168680222842,0.006156730884918135,18243.762467430617
0.3,0.1,0.001,0.001,0.2,100.0,60,940,0.2944692855200204,28.203133809592668,0.005798308684962253,5366.7659200621065
0.3,0.1,0.001,0.001,0.2,1000.0,55,945,0.2961779006088409,0.264744728160116,0.006312525388455379,0.005855247460062749
0.3,0.1,0.001,0.001,0.5,10.0,144,856,0.2933556468053953,200.35902554458937,0.005781941883048638,17041.207771409285
0.3,0.1,0.001,0.001,0.5,100.0,56,944,0.29334808105156535,27.842762941966402,0.006000052729859125,6228.632540260508
0.3,0.1,0.001,0.001,0.5,1000.0,59,941,0.2938182253500917,0.2672089271313597,0.006417021119583374,0.006671187976124079
0.3,0.1,0.001,0.001,1.0,10.0,152,848,0.2992101971499204,216.93506144597987,0.0058407424097380155,22453.991439378173
0.3,0.1,0.001,0.001,1.0,100.0,55,945,0.2921328366903924,27.928372760864775,0.005381481585376508,5178.219174439274
0.3,0.1,0.001,0.001,1.0,1000.0,55,945,0.2942917912075333,0.2682217942498059,0.005907059553762499,0.006230514556206156
0.3,0.1,0.001,0.1,-0.5,10.0,330,670,0.26802214565550514,343.6230721676598,0.010424855043669204,53885.28643756618
0.3,0.1,0.001,0.1,-0.5,100.0,216,784,0.26107173367418757,75.20722360329124,0.008579269787244876,29986.07227999682
0.3,0.1,0.001,0.1,-0.5,1000.0,213,787,0.25868961388811235,0.2740359281089305,0.008570018999692954,0.0069840780013475014
0.3,0.1,0.001,0.1,-0.2,10.0,226,774,0.277641268441771,238.74017345050802,0.0074021549284610895,28990.745187319335
0.3,0.1,0.001,0.1,-0.2,100.0,121,879,0.2861168785325701,34.99999562287576,0.007891628336299012,8299.291943463428
0.3,0.1,0.001,0.1,-0.2,1000.0,132,868,0.28210036371885944,0.2665775721533476,0.009243768329663154,0.006282431262192944
0.3,0.1,0.001,0.1,-0.1,10.0,176,824,0.2886038067062759,191.20294999107625,0.008238251017247372,17953.207932034864
0.3,0.1,0.001,0.1,-0.1,100.0,83,917,0.289068541600298,22.62080488048227,0.0072682551714597105,3368.4062436291824
0.3,0.1,0.001,0.1,-0.1,1000.0,90,910,0.2881934084878348,0.2714741531743306,0.007720637216228871,0.007003820414657525
0.3,0.1,0.001,0.1,0.0,10.0,170,830,0.29131537000467345,173.00227797770543,0.006569912722374728,14011.007549170929
0.3,0.1,0.001,0.1,0.0,100.0,70,930,0.2873395210838752,19.585948362011614,0.007349967454762882,2739.940757212403
0.3,0.1,0.001,0.1,0.0,1000.0,71,929,0.29797232756323544,0.270958076302493,0.00777557715916536,0.005969842747955437
0.3,0.1,0.001,0.1,0.1,10.0,122,878,0.29710935810756384,154.09336551706417,0.007199674764279986,9441.479561401096
0.3,0.1,0.001,0.1,0.1,100.0,71,929,0.30200981896029505,15.301266040031864,0.007400513910992847,1231.8524367733892
0.3,0.1,0.001,0.1,0.1,1000.0,63,937,0.3012588715933879,0.263965991092504,0.00800755028606284,0.006580641200293753
0.3,0.1,0.001,0.1,0.2,10.0,133,867,0.30004161526390344,138.25164758348123,0.007127031082134522,7325.842080618227
0.3,0.1,0.001,0.1,0.2,100.0,45,955,0.30130594188614696,14.388983222935734,0.007008280008116611,1472.8353006294763
0.3,0.1,0.001,0.1,0.2,1000.0,48,952,0.3053924916577978,0.2668158295850851,0.006453177363556508,0.006245782062350256
0.3,0.1,0.001,0.1,0.5,10.0,93,907,0.31285962802023976,109.35551467448958,0.006750541867894683,4775.105871443289
0.3,0.1,0.001,0.1,0.5,100.0,33,967,0.31165409091788615,8.90164253833497,0.00678745075329559,361.88650528340946
0.3,0.1,0.001,0.1,0.5,1000.0,16,984,0.3108485916993888,0.26451270155295786,0.006219962247936186,0.0059154616720160594
0.3,0.1,0.001,0.1,1.0,10.0,80,920,0.32963168005344506,89.48340498593788,0.005895799282573757,2544.6483757945944
0.3,0.1,0.001,0.1,1.0,100.0,4,996,0.33657426745206664,5.874912403729555,0.005934113857927393,76.59979062357638
0.3,0.1,0.001,0.1,1.0,1000.0,9,991,0.3339401816043192,0.2609004893964283,0.005850037555025832,0.006120009432489187
0.3,0.1,0.001,1.0,-0.5,10.0,1000,0,0.0,0.0,0.0,0.0
0.3,0.1,0.001,1.0,-0.5,100.0,997,3,0.5555555555555555,5.547178245987701,0.09876543209876543,13.49823791315888
0.3,0.1,0.001,1.0,-0.5,1000.0,997,3,0.0909090909090909,0.29754286333064034,0.01652892561983471,0.010925533919194898
0.3,0.1,0.001,1.0,-0.2,10.0,843,157,0.22041116972290392,281.4870043763813,0.03779416461288554,45782.943411058164
0.3,0.1,0.001,1.0,-0.2,100.0,831,169,0.2265871303209012,48.000253378768114,0.04438740714902355,16183.54969051616
0.3,0.1,0.001,1.0,-0.2,1000.0,831,169,0.21623916468830895,0.2749986412979175,0.0502917065782542,0.009100799140756285
0.3,0.1,0.001,1.0,-0.1,10.0,640,360,0.24582002064740113,158.8294490216712,0.027142634426451876,14268.021527252695
0.3,0.1,0.001,1.0,-0.1,100.0,532,468,0.2545488810574168,19.64497356531152,0.03500332746339202,3290.519054322908
0.3,0.1,0.001,1.0,-0.1,1000.0,514,486,0.2320173041878301,0.2685099867539126,0.028598387074822623,0.007512261220251727
0.3,0.1,0.001,1.0,0.0,10.0,303,697,0.29759219442786145,94.6361227029294,0.0211787423379351,4412.86898042219
0.3,0.1,0.001,1.0,0.0,100.0,201,799,0.28477423721963596,7.176978002357186,0.02162208980625572,265.63263654428243
0.3,0.1,0.001,1.0,0.0,1000.0,219,781,0.28125673980988397,0.26628260354952826,0.021166597402992607,0.00832655482879323
0.3,0.1,0.001,1.0,0.1,10.0,137,863,0.3383465282770147,61.02798075983324,0.017119344923524835,1461.3299305140802
0.3,0.1,0.001,1.0,0.1,100.0,34,966,0.3344191190905771,4.77374526121949,0.01757382177686755,60.97878743550639
0.3,0.1,0.001,1.0,0.1,1000.0,34,966,0.33564980917904297,0.26495525313260143,0.017632257016139526,0.00834441393612024
0.3,0.1,0.001,1.0,0.2,10.0,75,925,0.38190156242369033,48.01385282738452,0.0141549061200448,922.7807202421484
0.3,0.1,0.001,1.0,0.2,100.0,1,999,0.3860928703335781,3.4550870015368673,0.014638891999549621,9.347630755009616
0.3,0.1,0.001,1.0,0.2,1000.0,1,999,0.38720269564640375,0.260936308763199,0.014773502744396453,0.007819583650170566
0.3,0.1,0.001,1.0,0.5,10.0,32,968,0.5025471737658138,27.708350340755903,0.007624702696899239,224.9087049745106
0.3,0.1,0.001,1.0,0.5,100.0,0,1000,0.5012214600475048,2.217787720040998,0.007831869482649547,1.1705020659556782
0.3,0.1,0.001,1.0,0.5,1000.0,0,1000,0.5059094474263833,0.24525377492475328,0.007064254218052584,0.006195042860508298
0.3,0.1,0.001,1.0,1.0,10.0,6,994,0.5995273672793472,18.582734083500743,0.004098153828206488,101.70716804625985
0.3,0.1,0.001,1.0,1.0,100.0,0,1000,0.6077015795125965,1.612092751182991,0.004197519230720438,0.3911059481706495
0.3,0.1,0.001,1.0,1.0,1000.0,0,1000,0.6038498423288615,0.227300718518991,0.004152797881419062,0.004864571266811022
