b_A,mu,c,s,parm,init_pop_size,extinction,rescue,mean_fraction,mean_rescue_time,var_fraction,var_rescue_time
0.11,0,0.0001,1.00E-05,0.1,10,1000,0,0,0,0,0
0.11,0,0.0001,1.00E-05,0.1,100,1000,0,0,0,0,0
0.11,0,0.0001,1.00E-05,0.1,1000,1000,0,0,0,0,0
0.11,0,0.0001,1.00E-05,0.5,10,1000,0,0,0,0,0
0.11,0,0.0001,1.00E-05,0.5,100,1000,0,0,0,0,0
0.11,0,0.0001,1.00E-05,0.5,1000,1000,0,0,0,0,0
0.11,0,0.0001,1.00E-05,1.1,10,1000,0,0,0,0,0
0.11,0,0.0001,1.00E-05,1.1,100,1000,0,0,0,0,0
0.11,0,0.0001,1.00E-05,1.1,1000,1000,0,0,0,0,0
0.11,0,0.0001,1.00E-05,1.5,10,1000,0,0,0,0,0
0.11,0,0.0001,1.00E-05,1.5,100,1000,0,0,0,0,0
0.11,0,0.0001,1.00E-05,1.5,1000,1000,0,0,0,0,0
0.11,0,0.0001,1.00E-05,2,10,1000,0,0,0,0,0
0.11,0,0.0001,1.00E-05,2,100,1000,0,0,0,0,0
0.11,0,0.0001,1.00E-05,2,1000,1000,0,0,0,0,0
0.11,0,0.0001,1.00E-05,2.5,10,1000,0,0,0,0,0
0.11,0,0.0001,1.00E-05,2.5,100,1000,0,0,0,0,0
0.11,0,0.0001,1.00E-05,2.5,1000,1000,0,0,0,0,0
0.11,0,0.0001,1.00E-05,3,10,1000,0,0,0,0,0
0.11,0,0.0001,1.00E-05,3,100,1000,0,0,0,0,0
0.11,0,0.0001,1.00E-05,3,1000,1000,0,0,0,0,0
0.11,0,0.0001,0.001,0.1,10,1000,0,0,0,0,0
0.11,0,0.0001,0.001,0.1,100,1000,0,0,0,0,0
0.11,0,0.0001,0.001,0.1,1000,1000,0,0,0,0,0
0.11,0,0.0001,0.001,0.5,10,1000,0,0,0,0,0
0.11,0,0.0001,0.001,0.5,100,1000,0,0,0,0,0
0.11,0,0.0001,0.001,0.5,1000,1000,0,0,7.722802937,0,9.221282177
0.11,0,0.0001,0.001,1.1,10,1000,0,0,0,0,0
0.11,0,0.0001,0.001,1.1,100,1000,0,0,0,0,0
0.11,0,0.0001,0.001,1.1,1000,1000,0,0,8.185950409,0,14.17498853
0.11,0,0.0001,0.001,1.5,10,1000,0,0,0,0,0
0.11,0,0.0001,0.001,1.5,100,1000,0,0,0,0,0
0.11,0,0.0001,0.001,1.5,1000,1000,0,0,8.367722847,0,10.15728997
0.11,0,0.0001,0.001,2,10,1000,0,0,0,0,0
0.11,0,0.0001,0.001,2,100,1000,0,0,0,0,0
0.11,0,0.0001,0.001,2,1000,1000,0,0,8.696728439,0,8.704845012
0.11,0,0.0001,0.001,2.5,10,1000,0,0,0,0,0
0.11,0,0.0001,0.001,2.5,100,1000,0,0,0,0,0
0.11,0,0.0001,0.001,2.5,1000,1000,0,0,10.96599695,0,28.10706014
0.11,0,0.0001,0.001,3,10,1000,0,0,0,0,0
0.11,0,0.0001,0.001,3,100,1000,0,0,0,0,0
0.11,0,0.0001,0.001,3,1000,1000,0,0,8.850130291,0,21.69277433
0.11,0,0.0001,0.1,0.1,10,1000,0,0,42.13901618,0,348.59873
0.11,0,0.0001,0.1,0.1,100,1000,0,0,2.05906798,0,0.866233878
0.11,0,0.0001,0.1,0.1,1000,1000,0,0,0.147416448,0,0.00250758
0.11,0,0.0001,0.1,0.5,10,1000,0,0,54.14291328,0,988.8647362
0.11,0,0.0001,0.1,0.5,100,1000,0,0,1.311947247,0,0.258975885
0.11,0,0.0001,0.1,0.5,1000,1000,0,0,0.097851525,0,0.001127965
0.11,0,0.0001,0.1,1.1,10,1000,0,0,42.33639942,0,920.144015
0.11,0,0.0001,0.1,1.1,100,1000,0,0,1.084237167,0,0.170074523
0.11,0,0.0001,0.1,1.1,1000,1000,0,0,0.092917672,0,0.001047591
0.11,0,0.0001,0.1,1.5,10,1000,0,0,55.00367726,0,1601.004675
0.11,0,0.0001,0.1,1.5,100,1000,0,0,1.038424306,0,0.152504195
0.11,0,0.0001,0.1,1.5,1000,1000,0,0,0.092524425,0,0.00092247
0.11,0,0.0001,0.1,2,10,1000,0,0,49.93103676,0,1015.38167
0.11,0,0.0001,0.1,2,100,1000,0,0,1.011467746,0,0.147146243
0.11,0,0.0001,0.1,2,1000,1000,0,0,0.090915311,0,0.000889537
0.11,0,0.0001,0.1,2.5,10,1000,0,0,45.83549263,0,1808.930779
0.11,0,0.0001,0.1,2.5,100,1000,0,0,1.019974583,0,0.134865617
0.11,0,0.0001,0.1,2.5,1000,1000,0,0,0.092391527,0,0.001012785
0.11,0,0.0001,0.1,3,10,1000,0,0,50.19886648,0,1204.522041
0.11,0,0.0001,0.1,3,100,1000,0,0,1.041846146,0,0.152080254
0.11,0,0.0001,0.1,3,1000,1000,0,0,0.091752856,0,0.000980782
0.11,0,0.0001,1,0.1,10,1000,0,0,16.96639606,0,218.2417202
0.11,0,0.0001,1,0.1,100,999,1,0,0.173927494,0,0.003543445
0.11,0,0.0001,1,0.1,1000,1000,0,0,0.014468625,0,2.53E-05
0.11,0,0.0001,1,0.5,10,1000,0,0,21.0712116,0,384.4706528
0.11,0,0.0001,1,0.5,100,1000,0,0,0.11770285,0,0.001666466
0.11,0,0.0001,1,0.5,1000,1000,0,0,0.009864089,0,1.08E-05
0.11,0,0.0001,1,1.1,10,1000,0,0,23.64251143,0,437.5517016
0.11,0,0.0001,1,1.1,100,1000,0,0,0.100181399,0,0.001133203
0.11,0,0.0001,1,1.1,1000,1000,0,0,0.00896608,0,9.83E-06
0.11,0,0.0001,1,1.5,10,1000,0,0,24.28651012,0,610.6407242
0.11,0,0.0001,1,1.5,100,1000,0,0,0.096540755,0,0.0010361
0.11,0,0.0001,1,1.5,1000,1000,0,0,0.009273219,0,9.67E-06
0.11,0,0.0001,1,2,10,1000,0,0,24.14110293,0,510.2705208
0.11,0,0.0001,1,2,100,1000,0,0,0.096127629,0,0.001037672
0.11,0,0.0001,1,2,1000,1000,0,0,0.009029088,0,8.96E-06
0.11,0,0.0001,1,2.5,10,1000,0,0,28.04652058,0,637.4061791
0.11,0,0.0001,1,2.5,100,1000,0,0,0.095661723,0,0.001050427
0.11,0,0.0001,1,2.5,1000,1000,0,0,0.009137202,0,8.73E-06
0.11,0,0.0001,1,3,10,1000,0,0,26.13601071,0,546.9472425
0.11,0,0.0001,1,3,100,1000,0,0,0.097833605,0,0.001051615
0.11,0,0.0001,1,3,1000,1000,0,0,0.009042943,0,9.85E-06
0.11,0,0.0003,1.00E-05,0.1,10,1000,0,0,0,0,0
0.11,0,0.0003,1.00E-05,0.1,100,1000,0,0,0,0,0
0.11,0,0.0003,1.00E-05,0.1,1000,1000,0,0,0,0,0
0.11,0,0.0003,1.00E-05,0.5,10,1000,0,0,0,0,0
0.11,0,0.0003,1.00E-05,0.5,100,1000,0,0,0,0,0
0.11,0,0.0003,1.00E-05,0.5,1000,1000,0,0,0,0,0
0.11,0,0.0003,1.00E-05,1.1,10,1000,0,0,0,0,0
0.11,0,0.0003,1.00E-05,1.1,100,1000,0,0,0,0,0
0.11,0,0.0003,1.00E-05,1.1,1000,1000,0,0,0,0,0
0.11,0,0.0003,1.00E-05,1.5,10,1000,0,0,0,0,0
0.11,0,0.0003,1.00E-05,1.5,100,1000,0,0,0,0,0
0.11,0,0.0003,1.00E-05,1.5,1000,1000,0,0,0,0,0
0.11,0,0.0003,1.00E-05,2,10,1000,0,0,0,0,0
0.11,0,0.0003,1.00E-05,2,100,1000,0,0,0,0,0
0.11,0,0.0003,1.00E-05,2,1000,1000,0,0,0,0,0
0.11,0,0.0003,1.00E-05,2.5,10,1000,0,0,0,0,0
0.11,0,0.0003,1.00E-05,2.5,100,1000,0,0,0,0,0
0.11,0,0.0003,1.00E-05,2.5,1000,1000,0,0,0,0,0
0.11,0,0.0003,1.00E-05,3,10,1000,0,0,0,0,0
0.11,0,0.0003,1.00E-05,3,100,1000,0,0,0,0,0
0.11,0,0.0003,1.00E-05,3,1000,1000,0,0,0,0,0
0.11,0,0.0003,0.001,0.1,10,1000,0,0,0,0,0
0.11,0,0.0003,0.001,0.1,100,1000,0,0,7.726143668,0,53.24539028
0.11,0,0.0003,0.001,0.1,1000,1000,0,0,4.302459338,0,12.77394846
0.11,0,0.0003,0.001,0.5,10,1000,0,0,0,0,0
0.11,0,0.0003,0.001,0.5,100,1000,0,0,7.86897732,0,14.78546635
0.11,0,0.0003,0.001,0.5,1000,1000,0,0,4.365911607,0,17.08464468
0.11,0,0.0003,0.001,1.1,10,1000,0,0,0,0,0
0.11,0,0.0003,0.001,1.1,100,1000,0,0,6.423453817,0,28.20552561
0.11,0,0.0003,0.001,1.1,1000,1000,0,0,4.217588876,0,16.0395347
0.11,0,0.0003,0.001,1.5,10,1000,0,0,0,0,0
0.11,0,0.0003,0.001,1.5,100,1000,0,0,13.4932653,0,72.2040015
0.11,0,0.0003,0.001,1.5,1000,1000,0,0,4.543994814,0,16.60890159
0.11,0,0.0003,0.001,2,10,1000,0,0,0,0,0
0.11,0,0.0003,0.001,2,100,1000,0,0,9.838715553,0,37.4957987
0.11,0,0.0003,0.001,2,1000,1000,0,0,4.295924556,0,17.2176537
0.11,0,0.0003,0.001,2.5,10,1000,0,0,0,0,0
0.11,0,0.0003,0.001,2.5,100,1000,0,0,10.35625784,0,28.64850475
0.11,0,0.0003,0.001,2.5,1000,1000,0,0,4.455719551,0,21.02235047
0.11,0,0.0003,0.001,3,10,1000,0,0,0,0,0
0.11,0,0.0003,0.001,3,100,1000,0,0,7.264654487,0,7.753135962
0.11,0,0.0003,0.001,3,1000,1000,0,0,4.53984728,0,18.74109443
0.11,0,0.0003,0.1,0.1,10,1000,0,0,7.571903469,0,47.01826495
0.11,0,0.0003,0.1,0.1,100,1000,0,0,0.557988243,0,0.125684457
0.11,0,0.0003,0.1,0.1,1000,1000,0,0,0.047163797,0,0.000800286
0.11,0,0.0003,0.1,0.5,10,1000,0,0,6.679358366,0,33.36457672
0.11,0,0.0003,0.1,0.5,100,1000,0,0,0.351627127,0,0.040944063
0.11,0,0.0003,0.1,0.5,1000,1000,0,0,0.03184625,0,0.000342698
0.11,0,0.0003,0.1,1.1,10,1000,0,0,6.138865274,0,35.15247631
0.11,0,0.0003,0.1,1.1,100,1000,0,0,0.324730346,0,0.037791463
0.11,0,0.0003,0.1,1.1,1000,1000,0,0,0.030632008,0,0.000308968
0.11,0,0.0003,0.1,1.5,10,1000,0,0,5.636521124,0,28.54828771
0.11,0,0.0003,0.1,1.5,100,1000,0,0,0.321629897,0,0.0338999
0.11,0,0.0003,0.1,1.5,1000,1000,0,0,0.029722972,0,0.00031126
0.11,0,0.0003,0.1,2,10,1000,0,0,5.957923709,0,43.2934372
0.11,0,0.0003,0.1,2,100,1000,0,0,0.310080639,0,0.035425433
0.11,0,0.0003,0.1,2,1000,1000,0,0,0.030214712,0,0.000324234
0.11,0,0.0003,0.1,2.5,10,1000,0,0,5.335525719,0,30.31375212
0.11,0,0.0003,0.1,2.5,100,1000,0,0,0.310171259,0,0.035081275
0.11,0,0.0003,0.1,2.5,1000,1000,0,0,0.030699355,0,0.00032197
0.11,0,0.0003,0.1,3,10,1000,0,0,5.35251629,0,24.33106037
0.11,0,0.0003,0.1,3,100,1000,0,0,0.315287047,0,0.038205783
0.11,0,0.0003,0.1,3,1000,1000,0,0,0.030516968,0,0.000327673
0.11,0,0.0003,1,0.1,10,1000,0,0,0.885351048,0,0.412858013
0.11,0,0.0003,1,0.1,100,1000,0,0,0.051636454,0,0.00092079
0.11,0,0.0003,1,0.1,1000,1000,0,0,0.004744646,0,6.95E-06
0.11,0,0.0003,1,0.5,10,1000,0,0,0.691350953,0,0.321756143
0.11,0,0.0003,1,0.5,100,1000,0,0,0.035564648,0,0.000435973
0.11,0,0.0003,1,0.5,1000,1000,0,0,0.003087596,0,3.15E-06
0.11,0,0.0003,1,1.1,10,1000,0,0,0.53486036,0,0.183132997
0.11,0,0.0003,1,1.1,100,1000,0,0,0.031783078,0,0.000364214
0.11,0,0.0003,1,1.1,1000,1000,0,0,0.003009221,0,2.93E-06
0.11,0,0.0003,1,1.5,10,1000,0,0,0.48686226,0,0.119311963
0.11,0,0.0003,1,1.5,100,1000,0,0,0.031425397,0,0.000333941
0.11,0,0.0003,1,1.5,1000,1000,0,0,0.002990449,0,2.97E-06
0.11,0,0.0003,1,2,10,1000,0,0,0.442446127,0,0.089374692
0.11,0,0.0003,1,2,100,1000,0,0,0.029887854,0,0.0002773
0.11,0,0.0003,1,2,1000,1000,0,0,0.002948022,0,2.76E-06
0.11,0,0.0003,1,2.5,10,1000,0,0,0.416350667,0,0.073310586
0.11,0,0.0003,1,2.5,100,1000,0,0,0.030523769,0,0.000304562
0.11,0,0.0003,1,2.5,1000,1000,0,0,0.002981079,0,3.04E-06
0.11,0,0.0003,1,3,10,1000,0,0,0.399169301,0,0.071044049
0.11,0,0.0003,1,3,100,1000,0,0,0.03006198,0,0.000301511
0.11,0,0.0003,1,3,1000,1000,0,0,0.0030773,0,3.13E-06
0.11,0,0.001,1.00E-05,0.1,10,1000,0,0,0.545900055,0,0.298554931
0.11,0,0.001,1.00E-05,0.1,100,1000,0,0,0.035284373,0,0.001255522
0.11,0,0.001,1.00E-05,0.1,1000,1000,0,0,0.000831619,0,7.23E-07
0.11,0,0.001,1.00E-05,0.5,10,1000,0,0,0.51575018,0,0.280215626
0.11,0,0.001,1.00E-05,0.5,100,1000,0,0,0.036536916,0,0.001379693
0.11,0,0.001,1.00E-05,0.5,1000,1000,0,0,0.000846682,0,6.86E-07
0.11,0,0.001,1.00E-05,1.1,10,1000,0,0,0.545191765,0,0.28743021
0.11,0,0.001,1.00E-05,1.1,100,1000,0,0,0.03637358,0,0.001339478
0.11,0,0.001,1.00E-05,1.1,1000,1000,0,0,0.00084537,0,7.17E-07
0.11,0,0.001,1.00E-05,1.5,10,1000,0,0,0.556020929,0,0.304132019
0.11,0,0.001,1.00E-05,1.5,100,1000,0,0,0.034834662,0,0.001107622
0.11,0,0.001,1.00E-05,1.5,1000,1000,0,0,0.000827874,0,6.39E-07
0.11,0,0.001,1.00E-05,2,10,1000,0,0,0.572468817,0,0.323366557
0.11,0,0.001,1.00E-05,2,100,1000,0,0,0.0379984,0,0.001501552
0.11,0,0.001,1.00E-05,2,1000,1000,0,0,0.000846295,0,7.16E-07
0.11,0,0.001,1.00E-05,2.5,10,1000,0,0,0.557325322,0,0.31541657
0.11,0,0.001,1.00E-05,2.5,100,1000,0,0,0.036455199,0,0.00140961
0.11,0,0.001,1.00E-05,2.5,1000,1000,0,0,0.000829066,0,6.69E-07
0.11,0,0.001,1.00E-05,3,10,1000,0,0,0.540144678,0,0.299314149
0.11,0,0.001,1.00E-05,3,100,1000,0,0,0.038186746,0,0.001424771
0.11,0,0.001,1.00E-05,3,1000,1000,0,0,0.000893882,0,8.05E-07
0.11,0,0.001,0.001,0.1,10,1000,0,0,0.523080226,0,0.282572792
0.11,0,0.001,0.001,0.1,100,1000,0,0,0.037446026,0,0.001468149
0.11,0,0.001,0.001,0.1,1000,1000,0,0,0.000886762,0,8.17E-07
0.11,0,0.001,0.001,0.5,10,1000,0,0,0.527045608,0,0.285245988
0.11,0,0.001,0.001,0.5,100,1000,0,0,0.03555437,0,0.001237693
0.11,0,0.001,0.001,0.5,1000,1000,0,0,0.000842735,0,7.35E-07
0.11,0,0.001,0.001,1.1,10,1000,0,0,0.518295911,0,0.292038901
0.11,0,0.001,0.001,1.1,100,1000,0,0,0.036558067,0,0.001244236
0.11,0,0.001,0.001,1.1,1000,1000,0,0,0.000813966,0,6.70E-07
0.11,0,0.001,0.001,1.5,10,1000,0,0,0.537186178,0,0.280672234
0.11,0,0.001,0.001,1.5,100,1000,0,0,0.036543783,0,0.001528698
0.11,0,0.001,0.001,1.5,1000,1000,0,0,0.000840361,0,7.13E-07
0.11,0,0.001,0.001,2,10,1000,0,0,0.534003049,0,0.294265411
0.11,0,0.001,0.001,2,100,1000,0,0,0.034080324,0,0.001197524
0.11,0,0.001,0.001,2,1000,1000,0,0,0.000847109,0,7.27E-07
0.11,0,0.001,0.001,2.5,10,1000,0,0,0.507728966,0,0.278257298
0.11,0,0.001,0.001,2.5,100,1000,0,0,0.034539773,0,0.001087224
0.11,0,0.001,0.001,2.5,1000,1000,0,0,0.000915024,0,8.43E-07
0.11,0,0.001,0.001,3,10,1000,0,0,0.552253283,0,0.305308855
0.11,0,0.001,0.001,3,100,1000,0,0,0.037238822,0,0.001316508
0.11,0,0.001,0.001,3,1000,1000,0,0,0.000871881,0,7.30E-07
0.11,0,0.001,0.1,0.1,10,1000,0,0,0.357874818,0,0.122050965
0.11,0,0.001,0.1,0.1,100,1000,0,0,0.026692752,0,0.000663125
0.11,0,0.001,0.1,0.1,1000,1000,0,0,0.000847354,0,7.51E-07
0.11,0,0.001,0.1,0.5,10,1000,0,0,0.323041619,0,0.110566625
0.11,0,0.001,0.1,0.5,100,1000,0,0,0.026537566,0,0.000755139
0.11,0,0.001,0.1,0.5,1000,1000,0,0,0.000757727,0,5.37E-07
0.11,0,0.001,0.1,1.1,10,1000,0,0,0.35242144,0,0.120091525
0.11,0,0.001,0.1,1.1,100,1000,0,0,0.027162792,0,0.000683992
0.11,0,0.001,0.1,1.1,1000,1000,0,0,0.00072914,0,5.31E-07
0.11,0,0.001,0.1,1.5,10,1000,0,0,0.358337068,0,0.141327068
0.11,0,0.001,0.1,1.5,100,1000,0,0,0.025691946,0,0.000655731
0.11,0,0.001,0.1,1.5,1000,1000,0,0,0.000751502,0,5.27E-07
0.11,0,0.001,0.1,2,10,1000,0,0,0.365874739,0,0.143885179
0.11,0,0.001,0.1,2,100,1000,0,0,0.025659856,0,0.000685413
0.11,0,0.001,0.1,2,1000,1000,0,0,0.000779004,0,5.88E-07
0.11,0,0.001,0.1,2.5,10,1000,0,0,0.382410775,0,0.142609978
0.11,0,0.001,0.1,2.5,100,1000,0,0,0.025607733,0,0.000641622
0.11,0,0.001,0.1,2.5,1000,1000,0,0,0.000777438,0,6.51E-07
0.11,0,0.001,0.1,3,10,1000,0,0,0.345751129,0,0.12180647
0.11,0,0.001,0.1,3,100,1000,0,0,0.026535403,0,0.000753407
0.11,0,0.001,0.1,3,1000,1000,0,0,0.000788822,0,6.36E-07
0.11,0,0.001,1,0.1,10,1000,0,0,0.081077988,0,0.006181426
0.11,0,0.001,1,0.1,100,1000,0,0,0.00768323,0,6.04E-05
0.11,0,0.001,1,0.1,1000,1000,0,0,0.000454472,0,2.01E-07
0.11,0,0.001,1,0.5,10,1000,0,0,0.086474629,0,0.008045146
0.11,0,0.001,1,0.5,100,1000,0,0,0.007781834,0,6.54E-05
0.11,0,0.001,1,0.5,1000,1000,0,0,0.000458599,0,1.93E-07
0.11,0,0.001,1,1.1,10,1000,0,0,0.0830765,0,0.006796101
0.11,0,0.001,1,1.1,100,1000,0,0,0.007738296,0,6.00E-05
0.11,0,0.001,1,1.1,1000,1000,0,0,0.000470841,0,2.40E-07
0.11,0,0.001,1,1.5,10,1000,0,0,0.082601882,0,0.006788193
0.11,0,0.001,1,1.5,100,1000,0,0,0.008327617,0,7.19E-05
0.11,0,0.001,1,1.5,1000,1000,0,0,0.000460365,0,1.99E-07
0.11,0,0.001,1,2,10,1000,0,0,0.085923957,0,0.007288388
0.11,0,0.001,1,2,100,1000,0,0,0.007903392,0,6.11E-05
0.11,0,0.001,1,2,1000,1000,0,0,0.000446338,0,2.09E-07
0.11,0,0.001,1,2.5,10,1000,0,0,0.085161181,0,0.007438014
0.11,0,0.001,1,2.5,100,1000,0,0,0.007722828,0,5.71E-05
0.11,0,0.001,1,2.5,1000,1000,0,0,0.000461605,0,2.21E-07
0.11,0,0.001,1,3,10,1000,0,0,0.084680666,0,0.007459039
0.11,0,0.001,1,3,100,1000,0,0,0.007980498,0,6.14E-05
0.11,0,0.001,1,3,1000,1000,0,0,0.000462284,0,2.18E-07
0.11,0,0.003,1.00E-05,0.1,10,1000,0,0,0.467494761,0,0.209246001
0.11,0,0.003,1.00E-05,0.1,100,1000,0,0,0.020968998,0,0.000442091
0.11,0,0.003,1.00E-05,0.1,1000,1000,0,0,0.000300645,0,9.79E-08
0.11,0,0.003,1.00E-05,0.5,10,1000,0,0,0.474317815,0,0.235880704
0.11,0,0.003,1.00E-05,0.5,100,1000,0,0,0.020905857,0,0.000457464
0.11,0,0.003,1.00E-05,0.5,1000,1000,0,0,0.000326277,0,1.02E-07
0.11,0,0.003,1.00E-05,1.1,10,1000,0,0,0.454081567,0,0.240678774
0.11,0,0.003,1.00E-05,1.1,100,1000,0,0,0.020829228,0,0.000425824
0.11,0,0.003,1.00E-05,1.1,1000,1000,0,0,0.000308011,0,9.60E-08
0.11,0,0.003,1.00E-05,1.5,10,1000,0,0,0.460115772,0,0.207506549
0.11,0,0.003,1.00E-05,1.5,100,1000,0,0,0.022033012,0,0.00049586
0.11,0,0.003,1.00E-05,1.5,1000,1000,0,0,0.00032378,0,9.70E-08
0.11,0,0.003,1.00E-05,2,10,1000,0,0,0.497504053,0,0.254657448
0.11,0,0.003,1.00E-05,2,100,1000,0,0,0.020888614,0,0.000423349
0.11,0,0.003,1.00E-05,2,1000,1000,0,0,0.000314301,0,1.10E-07
0.11,0,0.003,1.00E-05,2.5,10,1000,0,0,0.48586378,0,0.247017151
0.11,0,0.003,1.00E-05,2.5,100,1000,0,0,0.020354607,0,0.000447144
0.11,0,0.003,1.00E-05,2.5,1000,1000,0,0,0.000327141,0,1.06E-07
0.11,0,0.003,1.00E-05,3,10,1000,0,0,0.493331622,0,0.214642676
0.11,0,0.003,1.00E-05,3,100,1000,0,0,0.020800731,0,0.000449519
0.11,0,0.003,1.00E-05,3,1000,1000,0,0,0.000320333,0,1.05E-07
0.11,0,0.003,0.001,0.1,10,1000,0,0,0.463903947,0,0.19460894
0.11,0,0.003,0.001,0.1,100,1000,0,0,0.021056003,0,0.000403587
0.11,0,0.003,0.001,0.1,1000,1000,0,0,0.000327207,0,1.11E-07
0.11,0,0.003,0.001,0.5,10,1000,0,0,0.481356449,0,0.19563138
0.11,0,0.003,0.001,0.5,100,1000,0,0,0.020299941,0,0.000416512
0.11,0,0.003,0.001,0.5,1000,1000,0,0,0.000328615,0,1.04E-07
0.11,0,0.003,0.001,1.1,10,1000,0,0,0.463309732,0,0.231810243
0.11,0,0.003,0.001,1.1,100,1000,0,0,0.021721292,0,0.000454815
0.11,0,0.003,0.001,1.1,1000,1000,0,0,0.000330953,0,1.12E-07
0.11,0,0.003,0.001,1.5,10,1000,0,0,0.499492111,0,0.239773301
0.11,0,0.003,0.001,1.5,100,1000,0,0,0.022055697,0,0.000438514
0.11,0,0.003,0.001,1.5,1000,1000,0,0,0.000316428,0,8.82E-08
0.11,0,0.003,0.001,2,10,1000,0,0,0.49108501,0,0.215652742
0.11,0,0.003,0.001,2,100,1000,0,0,0.020863987,0,0.000433848
0.11,0,0.003,0.001,2,1000,1000,0,0,0.000318707,0,1.05E-07
0.11,0,0.003,0.001,2.5,10,1000,0,0,0.491474448,0,0.247729231
0.11,0,0.003,0.001,2.5,100,1000,0,0,0.021652784,0,0.00048519
0.11,0,0.003,0.001,2.5,1000,1000,0,0,0.000296639,0,8.11E-08
0.11,0,0.003,0.001,3,10,1000,0,0,0.472488102,0,0.224647782
0.11,0,0.003,0.001,3,100,1000,0,0,0.021143914,0,0.000429213
0.11,0,0.003,0.001,3,1000,1000,0,0,0.000317046,0,1.01E-07
0.11,0,0.003,0.1,0.1,10,1000,0,0,0.316828937,0,0.090939658
0.11,0,0.003,0.1,0.1,100,1000,0,0,0.01739421,0,0.000300838
0.11,0,0.003,0.1,0.1,1000,1000,0,0,0.000304229,0,9.89E-08
0.11,0,0.003,0.1,0.5,10,1000,0,0,0.3123173,0,0.093869639
0.11,0,0.003,0.1,0.5,100,1000,0,0,0.016725416,0,0.000286357
0.11,0,0.003,0.1,0.5,1000,1000,0,0,0.000297281,0,8.48E-08
0.11,0,0.003,0.1,1.1,10,1000,0,0,0.328879743,0,0.107539233
0.11,0,0.003,0.1,1.1,100,1000,0,0,0.017102131,0,0.000302545
0.11,0,0.003,0.1,1.1,1000,1000,0,0,0.000295956,0,8.95E-08
0.11,0,0.003,0.1,1.5,10,1000,0,0,0.32368373,0,0.107070095
0.11,0,0.003,0.1,1.5,100,1000,0,0,0.017494433,0,0.000302009
0.11,0,0.003,0.1,1.5,1000,1000,0,0,0.00028692,0,8.66E-08
0.11,0,0.003,0.1,2,10,1000,0,0,0.318126442,0,0.090614337
0.11,0,0.003,0.1,2,100,1000,0,0,0.016687064,0,0.000280649
0.11,0,0.003,0.1,2,1000,1000,0,0,0.000314588,0,9.85E-08
0.11,0,0.003,0.1,2.5,10,1000,0,0,0.324794714,0,0.096202455
0.11,0,0.003,0.1,2.5,100,1000,0,0,0.018278069,0,0.000285881
0.11,0,0.003,0.1,2.5,1000,1000,0,0,0.00030235,0,8.58E-08
0.11,0,0.003,0.1,3,10,1000,0,0,0.311786803,0,0.102305732
0.11,0,0.003,0.1,3,100,1000,0,0,0.017289885,0,0.000278694
0.11,0,0.003,0.1,3,1000,1000,0,0,0.000302514,0,9.03E-08
0.11,0,0.003,1,0.1,10,1000,0,0,0.086392911,0,0.009022404
0.11,0,0.003,1,0.1,100,1000,0,0,0.007098872,0,5.57E-05
0.11,0,0.003,1,0.1,1000,1000,0,0,0.000240335,0,5.79E-08
0.11,0,0.003,1,0.5,10,1000,0,0,0.085871787,0,0.006697716
0.11,0,0.003,1,0.5,100,1000,0,0,0.006690462,0,4.65E-05
0.11,0,0.003,1,0.5,1000,1000,0,0,0.000246468,0,5.91E-08
0.11,0,0.003,1,1.1,10,1000,0,0,0.081142963,0,0.006003223
0.11,0,0.003,1,1.1,100,1000,0,0,0.006585831,0,4.16E-05
0.11,0,0.003,1,1.1,1000,1000,0,0,0.000226303,0,5.31E-08
0.11,0,0.003,1,1.5,10,1000,0,0,0.080569928,0,0.0063209
0.11,0,0.003,1,1.5,100,1000,0,0,0.006431952,0,4.32E-05
0.11,0,0.003,1,1.5,1000,1000,0,0,0.000238865,0,5.78E-08
0.11,0,0.003,1,2,10,1000,0,0,0.083251813,0,0.006722618
0.11,0,0.003,1,2,100,1000,0,0,0.00682105,0,4.88E-05
0.11,0,0.003,1,2,1000,1000,0,0,0.000251105,0,6.94E-08
0.11,0,0.003,1,2.5,10,1000,0,0,0.08682642,0,0.007425509
0.11,0,0.003,1,2.5,100,1000,0,0,0.006505869,0,4.43E-05
0.11,0,0.003,1,2.5,1000,1000,0,0,0.000231459,0,5.78E-08
0.11,0,0.003,1,3,10,1000,0,0,0.083354697,0,0.006260713
0.11,0,0.003,1,3,100,1000,0,0,0.007010484,0,5.13E-05
0.11,0,0.003,1,3,1000,1000,0,0,0.000229768,0,5.50E-08
0.11,1.00E-05,0.0001,1.00E-05,0.1,10,1000,0,0,0,0,0
0.11,1.00E-05,0.0001,1.00E-05,0.1,100,1000,0,0,0,0,0
0.11,1.00E-05,0.0001,1.00E-05,0.1,1000,1000,0,0,0,0,0
0.11,1.00E-05,0.0001,1.00E-05,0.5,10,1000,0,0,0,0,0
0.11,1.00E-05,0.0001,1.00E-05,0.5,100,1000,0,0,0,0,0
0.11,1.00E-05,0.0001,1.00E-05,0.5,1000,1000,0,0,0,0,0
0.11,1.00E-05,0.0001,1.00E-05,1.1,10,1000,0,0,0,0,0
0.11,1.00E-05,0.0001,1.00E-05,1.1,100,1000,0,0,0,0,0
0.11,1.00E-05,0.0001,1.00E-05,1.1,1000,1000,0,0,0,0,0
0.11,1.00E-05,0.0001,1.00E-05,1.5,10,1000,0,0,0,0,0
0.11,1.00E-05,0.0001,1.00E-05,1.5,100,1000,0,0,0,0,0
0.11,1.00E-05,0.0001,1.00E-05,1.5,1000,1000,0,0,0,0,0
0.11,1.00E-05,0.0001,1.00E-05,2,10,1000,0,0,0,0,0
0.11,1.00E-05,0.0001,1.00E-05,2,100,1000,0,0,0,0,0
0.11,1.00E-05,0.0001,1.00E-05,2,1000,1000,0,0,0,0,0
0.11,1.00E-05,0.0001,1.00E-05,2.5,10,1000,0,0,0,0,0
0.11,1.00E-05,0.0001,1.00E-05,2.5,100,1000,0,0,0,0,0
0.11,1.00E-05,0.0001,1.00E-05,2.5,1000,1000,0,0,0,0,0
0.11,1.00E-05,0.0001,1.00E-05,3,10,1000,0,0,0,0,0
0.11,1.00E-05,0.0001,1.00E-05,3,100,1000,0,0,0,0,0
0.11,1.00E-05,0.0001,1.00E-05,3,1000,1000,0,0,0,0,0
0.11,1.00E-05,0.0001,0.001,0.1,10,1000,0,0,0,0,0
0.11,1.00E-05,0.0001,0.001,0.1,100,1000,0,0,0,0,0
0.11,1.00E-05,0.0001,0.001,0.1,1000,1000,0,0,0,0,0
0.11,1.00E-05,0.0001,0.001,0.5,10,1000,0,0,0,0,0
0.11,1.00E-05,0.0001,0.001,0.5,100,1000,0,0,0,0,0
0.11,1.00E-05,0.0001,0.001,0.5,1000,1000,0,0,10.75662836,0,31.61281467
0.11,1.00E-05,0.0001,0.001,1.1,10,1000,0,0,0,0,0
0.11,1.00E-05,0.0001,0.001,1.1,100,1000,0,0,0,0,0
0.11,1.00E-05,0.0001,0.001,1.1,1000,1000,0,0,10.36380844,0,47.43030471
0.11,1.00E-05,0.0001,0.001,1.5,10,1000,0,0,0,0,0
0.11,1.00E-05,0.0001,0.001,1.5,100,1000,0,0,0,0,0
0.11,1.00E-05,0.0001,0.001,1.5,1000,1000,0,0,9.136602692,0,14.60179301
0.11,1.00E-05,0.0001,0.001,2,10,1000,0,0,0,0,0
0.11,1.00E-05,0.0001,0.001,2,100,1000,0,0,0,0,0
0.11,1.00E-05,0.0001,0.001,2,1000,1000,0,0,7.418056531,0,8.233739502
0.11,1.00E-05,0.0001,0.001,2.5,10,1000,0,0,0,0,0
0.11,1.00E-05,0.0001,0.001,2.5,100,1000,0,0,0,0,0
0.11,1.00E-05,0.0001,0.001,2.5,1000,1000,0,0,8.45007396,0,11.6204983
0.11,1.00E-05,0.0001,0.001,3,10,1000,0,0,0,0,0
0.11,1.00E-05,0.0001,0.001,3,100,1000,0,0,0,0,0
0.11,1.00E-05,0.0001,0.001,3,1000,1000,0,0,8.561132798,0,15.07724188
0.11,1.00E-05,0.0001,0.1,0.1,10,1000,0,0,55.82833187,0,914.5985972
0.11,1.00E-05,0.0001,0.1,0.1,100,1000,0,0,2.040236786,0,0.9893554
0.11,1.00E-05,0.0001,0.1,0.1,1000,1000,0,0,0.148708071,0,0.002585516
0.11,1.00E-05,0.0001,0.1,0.5,10,1000,0,0,64.06619248,0,2248.685688
0.11,1.00E-05,0.0001,0.1,0.5,100,1000,0,0,1.310546052,0,0.239057649
0.11,1.00E-05,0.0001,0.1,0.5,1000,1000,0,0,0.098576501,0,0.001200817
0.11,1.00E-05,0.0001,0.1,1.1,10,1000,0,0,55.70297915,0,2073.432116
0.11,1.00E-05,0.0001,0.1,1.1,100,1000,0,0,1.081791559,0,0.178902298
0.11,1.00E-05,0.0001,0.1,1.1,1000,1000,0,0,0.155327173,0,1.342335808
0.11,1.00E-05,0.0001,0.1,1.5,10,1000,0,0,47.69459451,0,993.9617819
0.11,1.00E-05,0.0001,0.1,1.5,100,1000,0,0,1.041724702,0,0.14186439
0.11,1.00E-05,0.0001,0.1,1.5,1000,1000,0,0,0.092279588,0,0.000939753
0.11,1.00E-05,0.0001,0.1,2,10,1000,0,0,44.01965187,0,876.7294819
0.11,1.00E-05,0.0001,0.1,2,100,1000,0,0,1.022306758,0,0.139128105
0.11,1.00E-05,0.0001,0.1,2,1000,1000,0,0,0.117183982,0,0.674243183
0.11,1.00E-05,0.0001,0.1,2.5,10,1000,0,0,48.65666485,0,1187.00551
0.11,1.00E-05,0.0001,0.1,2.5,100,1000,0,0,1.058257155,0,0.584564449
0.11,1.00E-05,0.0001,0.1,2.5,1000,1000,0,0,0.092751484,0,0.001021979
0.11,1.00E-05,0.0001,0.1,3,10,1000,0,0,41.57729382,0,1325.46314
0.11,1.00E-05,0.0001,0.1,3,100,1000,0,0,1.032693572,0,0.154938977
0.11,1.00E-05,0.0001,0.1,3,1000,1000,0,0,0.10697508,0,0.200684699
0.11,1.00E-05,0.0001,1,0.1,10,1000,0,0,18.04363276,0,256.5875067
0.11,1.00E-05,0.0001,1,0.1,100,1000,0,0,0.173020632,0,0.00385456
0.11,1.00E-05,0.0001,1,0.1,1000,1000,0,0,0.014583035,0,2.37E-05
0.11,1.00E-05,0.0001,1,0.5,10,1000,0,0,18.51482991,0,220.4774107
0.11,1.00E-05,0.0001,1,0.5,100,1000,0,0,0.119731094,0,0.001626841
0.11,1.00E-05,0.0001,1,0.5,1000,1000,0,0,0.009685182,0,1.05E-05
0.11,1.00E-05,0.0001,1,1.1,10,1000,0,0,21.97985056,0,404.1938428
0.11,1.00E-05,0.0001,1,1.1,100,1000,0,0,0.101125651,0,0.001205881
0.11,1.00E-05,0.0001,1,1.1,1000,1000,0,0,0.009206321,0,8.67E-06
0.11,1.00E-05,0.0001,1,1.5,10,1000,0,0,23.04916008,0,518.7622375
0.11,1.00E-05,0.0001,1,1.5,100,1000,0,0,0.097070401,0,0.001030933
0.11,1.00E-05,0.0001,1,1.5,1000,1000,0,0,0.009260507,0,9.42E-06
0.11,1.00E-05,0.0001,1,2,10,1000,0,0,26.9105688,0,669.5375722
0.11,1.00E-05,0.0001,1,2,100,1000,0,0,0.096024269,0,0.001058723
0.11,1.00E-05,0.0001,1,2,1000,999,1,0,0.00904893,0,9.18E-06
0.11,1.00E-05,0.0001,1,2.5,10,1000,0,0,28.39917757,0,765.7482768
0.11,1.00E-05,0.0001,1,2.5,100,1000,0,0,0.095204452,0,0.00105344
0.11,1.00E-05,0.0001,1,2.5,1000,1000,0,0,0.009065062,0,9.22E-06
0.11,1.00E-05,0.0001,1,3,10,1000,0,0,26.61540627,0,699.8482664
0.11,1.00E-05,0.0001,1,3,100,1000,0,0,0.097868618,0,0.001088345
0.11,1.00E-05,0.0001,1,3,1000,999,1,0.523809524,0.009023189,0,8.95E-06
0.11,1.00E-05,0.0003,1.00E-05,0.1,10,1000,0,0,0,0,0
0.11,1.00E-05,0.0003,1.00E-05,0.1,100,1000,0,0,0,0,0
0.11,1.00E-05,0.0003,1.00E-05,0.1,1000,1000,0,0,0,0,0
0.11,1.00E-05,0.0003,1.00E-05,0.5,10,1000,0,0,0,0,0
0.11,1.00E-05,0.0003,1.00E-05,0.5,100,1000,0,0,0,0,0
0.11,1.00E-05,0.0003,1.00E-05,0.5,1000,1000,0,0,0,0,0
0.11,1.00E-05,0.0003,1.00E-05,1.1,10,1000,0,0,0,0,0
0.11,1.00E-05,0.0003,1.00E-05,1.1,100,1000,0,0,0,0,0
0.11,1.00E-05,0.0003,1.00E-05,1.1,1000,1000,0,0,0,0,0
0.11,1.00E-05,0.0003,1.00E-05,1.5,10,1000,0,0,0,0,0
0.11,1.00E-05,0.0003,1.00E-05,1.5,100,1000,0,0,0,0,0
0.11,1.00E-05,0.0003,1.00E-05,1.5,1000,1000,0,0,0,0,0
0.11,1.00E-05,0.0003,1.00E-05,2,10,1000,0,0,0,0,0
0.11,1.00E-05,0.0003,1.00E-05,2,100,1000,0,0,0,0,0
0.11,1.00E-05,0.0003,1.00E-05,2,1000,1000,0,0,0,0,0
0.11,1.00E-05,0.0003,1.00E-05,2.5,10,1000,0,0,0,0,0
0.11,1.00E-05,0.0003,1.00E-05,2.5,100,1000,0,0,0,0,0
0.11,1.00E-05,0.0003,1.00E-05,2.5,1000,1000,0,0,0,0,0
0.11,1.00E-05,0.0003,1.00E-05,3,10,1000,0,0,0,0,0
0.11,1.00E-05,0.0003,1.00E-05,3,100,1000,0,0,0,0,0
0.11,1.00E-05,0.0003,1.00E-05,3,1000,1000,0,0,0,0,0
0.11,1.00E-05,0.0003,0.001,0.1,10,1000,0,0,0,0,0
0.11,1.00E-05,0.0003,0.001,0.1,100,1000,0,0,5.337611673,0,12.45723195
0.11,1.00E-05,0.0003,0.001,0.1,1000,1000,0,0,4.285064812,0,14.49594038
0.11,1.00E-05,0.0003,0.001,0.5,10,1000,0,0,0,0,0
0.11,1.00E-05,0.0003,0.001,0.5,100,1000,0,0,10.36667046,0,32.42477751
0.11,1.00E-05,0.0003,0.001,0.5,1000,1000,0,0,4.744864212,0,27.1413562
0.11,1.00E-05,0.0003,0.001,1.1,10,1000,0,0,0,0,0
0.11,1.00E-05,0.0003,0.001,1.1,100,1000,0,0,11.57362171,0,66.69915251
0.11,1.00E-05,0.0003,0.001,1.1,1000,1000,0,0,4.497574398,0,22.84842865
0.11,1.00E-05,0.0003,0.001,1.5,10,1000,0,0,0,0,0
0.11,1.00E-05,0.0003,0.001,1.5,100,1000,0,0,10.0912716,0,29.43046364
0.11,1.00E-05,0.0003,0.001,1.5,1000,1000,0,0,4.697048096,0,21.77142704
0.11,1.00E-05,0.0003,0.001,2,10,1000,0,0,0,0,0
0.11,1.00E-05,0.0003,0.001,2,100,1000,0,0,8.227614192,0,8.609695059
0.11,1.00E-05,0.0003,0.001,2,1000,1000,0,0,4.290893469,0,24.03021103
0.11,1.00E-05,0.0003,0.001,2.5,10,1000,0,0,0,0,0
0.11,1.00E-05,0.0003,0.001,2.5,100,1000,0,0,15.8345334,0,111.2981695
0.11,1.00E-05,0.0003,0.001,2.5,1000,1000,0,0,4.227050386,0,16.42945636
0.11,1.00E-05,0.0003,0.001,3,10,1000,0,0,0,0,0
0.11,1.00E-05,0.0003,0.001,3,100,1000,0,0,8.323658819,0,16.14107566
0.11,1.00E-05,0.0003,0.001,3,1000,1000,0,0,4.489211732,0,23.90395528
0.11,1.00E-05,0.0003,0.1,0.1,10,1000,0,0,7.689767197,0,53.94529405
0.11,1.00E-05,0.0003,0.1,0.1,100,1000,0,0,0.536835259,0,0.11222334
0.11,1.00E-05,0.0003,0.1,0.1,1000,1000,0,0,0.046108763,0,0.000731604
0.11,1.00E-05,0.0003,0.1,0.5,10,1000,0,0,6.927998474,0,37.33150184
0.11,1.00E-05,0.0003,0.1,0.5,100,1000,0,0,0.352099929,0,0.040881247
0.11,1.00E-05,0.0003,0.1,0.5,1000,1000,0,0,0.032825676,0,0.000383045
0.11,1.00E-05,0.0003,0.1,1.1,10,1000,0,0,6.629818254,0,55.2190958
0.11,1.00E-05,0.0003,0.1,1.1,100,1000,0,0,0.323845619,0,0.039589188
0.11,1.00E-05,0.0003,0.1,1.1,1000,1000,0,0,0.031217139,0,0.000360774
0.11,1.00E-05,0.0003,0.1,1.5,10,1000,0,0,5.664068515,0,33.67498596
0.11,1.00E-05,0.0003,0.1,1.5,100,1000,0,0,0.321193737,0,0.053923524
0.11,1.00E-05,0.0003,0.1,1.5,1000,1000,0,0,0.029919904,0,0.000299758
0.11,1.00E-05,0.0003,0.1,2,10,1000,0,0,5.319973208,0,27.29989439
0.11,1.00E-05,0.0003,0.1,2,100,1000,0,0,0.377540503,0,2.271534931
0.11,1.00E-05,0.0003,0.1,2,1000,1000,0,0,0.031036438,0,0.000329643
0.11,1.00E-05,0.0003,0.1,2.5,10,1000,0,0,5.454278703,0,35.39383311
0.11,1.00E-05,0.0003,0.1,2.5,100,1000,0,0,0.346729074,0,0.200448541
0.11,1.00E-05,0.0003,0.1,2.5,1000,1000,0,0,0.030516575,0,0.000305335
0.11,1.00E-05,0.0003,0.1,3,10,1000,0,0,5.38976768,0,33.68884969
0.11,1.00E-05,0.0003,0.1,3,100,1000,0,0,0.323094545,0,0.039251
0.11,1.00E-05,0.0003,0.1,3,1000,1000,0,0,0.060246587,0,0.887989465
0.11,1.00E-05,0.0003,1,0.1,10,1000,0,0,0.886535071,0,0.533699029
0.11,1.00E-05,0.0003,1,0.1,100,1000,0,0,0.049481608,0,0.000877491
0.11,1.00E-05,0.0003,1,0.1,1000,1000,0,0,0.004629458,0,6.82E-06
0.11,1.00E-05,0.0003,1,0.5,10,1000,0,0,0.702997323,0,0.319439867
0.11,1.00E-05,0.0003,1,0.5,100,1000,0,0,0.035539669,0,0.00043118
0.11,1.00E-05,0.0003,1,0.5,1000,1000,0,0,0.003209628,0,3.12E-06
0.11,1.00E-05,0.0003,1,1.1,10,1000,0,0,0.532122036,0,0.150899044
0.11,1.00E-05,0.0003,1,1.1,100,1000,0,0,0.031330461,0,0.00034329
0.11,1.00E-05,0.0003,1,1.1,1000,1000,0,0,0.003058107,0,2.86E-06
0.11,1.00E-05,0.0003,1,1.5,10,1000,0,0,0.491576365,0,0.108279889
0.11,1.00E-05,0.0003,1,1.5,100,1000,0,0,0.0305784,0,0.000322702
0.11,1.00E-05,0.0003,1,1.5,1000,1000,0,0,0.003157496,0,3.05E-06
0.11,1.00E-05,0.0003,1,2,10,1000,0,0,0.460249091,0,0.130271859
0.11,1.00E-05,0.0003,1,2,100,1000,0,0,0.030527607,0,0.000356468
0.11,1.00E-05,0.0003,1,2,1000,1000,0,0,0.003029038,0,3.08E-06
0.11,1.00E-05,0.0003,1,2.5,10,1000,0,0,0.440595574,0,0.089428381
0.11,1.00E-05,0.0003,1,2.5,100,1000,0,0,0.030377158,0,0.000356874
0.11,1.00E-05,0.0003,1,2.5,1000,1000,0,0,0.00296728,0,2.89E-06
0.11,1.00E-05,0.0003,1,3,10,1000,0,0,0.443807442,0,0.281428941
0.11,1.00E-05,0.0003,1,3,100,1000,0,0,0.030729743,0,0.000325499
0.11,1.00E-05,0.0003,1,3,1000,1000,0,0,0.00297857,0,3.42E-06
0.11,1.00E-05,0.001,1.00E-05,0.1,10,1000,0,0,0.52034546,0,0.237132466
0.11,1.00E-05,0.001,1.00E-05,0.1,100,1000,0,0,0.035927379,0,0.001103635
0.11,1.00E-05,0.001,1.00E-05,0.1,1000,1000,0,0,0.000854711,0,7.37E-07
0.11,1.00E-05,0.001,1.00E-05,0.5,10,1000,0,0,0.556720823,0,0.284430731
0.11,1.00E-05,0.001,1.00E-05,0.5,100,1000,0,0,0.036911828,0,0.001196988
0.11,1.00E-05,0.001,1.00E-05,0.5,1000,1000,0,0,0.000825922,0,7.71E-07
0.11,1.00E-05,0.001,1.00E-05,1.1,10,1000,0,0,0.53343253,0,0.288504655
0.11,1.00E-05,0.001,1.00E-05,1.1,100,1000,0,0,0.034653557,0,0.001041487
0.11,1.00E-05,0.001,1.00E-05,1.1,1000,1000,0,0,0.000812047,0,6.37E-07
0.11,1.00E-05,0.001,1.00E-05,1.5,10,1000,0,0,0.587148895,0,2.949233864
0.11,1.00E-05,0.001,1.00E-05,1.5,100,1000,0,0,0.036020753,0,0.001251893
0.11,1.00E-05,0.001,1.00E-05,1.5,1000,1000,0,0,0.00087044,0,7.03E-07
0.11,1.00E-05,0.001,1.00E-05,2,10,1000,0,0,0.53725261,0,0.285022545
0.11,1.00E-05,0.001,1.00E-05,2,100,1000,0,0,0.033023774,0,0.001135803
0.11,1.00E-05,0.001,1.00E-05,2,1000,1000,0,0,0.000876011,0,7.03E-07
0.11,1.00E-05,0.001,1.00E-05,2.5,10,1000,0,0,0.540948988,0,0.289347975
0.11,1.00E-05,0.001,1.00E-05,2.5,100,1000,0,0,0.038945644,0,0.00164999
0.11,1.00E-05,0.001,1.00E-05,2.5,1000,1000,0,0,0.00084613,0,6.49E-07
0.11,1.00E-05,0.001,1.00E-05,3,10,1000,0,0,0.533725879,0,0.258009358
0.11,1.00E-05,0.001,1.00E-05,3,100,1000,0,0,0.03908539,0,0.010108828
0.11,1.00E-05,0.001,1.00E-05,3,1000,1000,0,0,0.000841372,0,6.60E-07
0.11,1.00E-05,0.001,0.001,0.1,10,1000,0,0,0.524891632,0,0.27125199
0.11,1.00E-05,0.001,0.001,0.1,100,1000,0,0,0.034283567,0,0.001138128
0.11,1.00E-05,0.001,0.001,0.1,1000,1000,0,0,0.000777422,0,5.92E-07
0.11,1.00E-05,0.001,0.001,0.5,10,1000,0,0,0.508220589,0,0.250128048
0.11,1.00E-05,0.001,0.001,0.5,100,1000,0,0,0.035987101,0,0.001326529
0.11,1.00E-05,0.001,0.001,0.5,1000,1000,0,0,0.000889949,0,7.81E-07
0.11,1.00E-05,0.001,0.001,1.1,10,1000,0,0,0.487774114,0,0.227292825
0.11,1.00E-05,0.001,0.001,1.1,100,1000,0,0,0.035638154,0,0.001194254
0.11,1.00E-05,0.001,0.001,1.1,1000,1000,0,0,0.0008467,0,7.60E-07
0.11,1.00E-05,0.001,0.001,1.5,10,1000,0,0,0.54174051,0,0.561188076
0.11,1.00E-05,0.001,0.001,1.5,100,1000,0,0,0.035959032,0,0.001306345
0.11,1.00E-05,0.001,0.001,1.5,1000,1000,0,0,0.000844704,0,7.76E-07
0.11,1.00E-05,0.001,0.001,2,10,1000,0,0,0.551123625,0,0.301045405
0.11,1.00E-05,0.001,0.001,2,100,1000,0,0,0.036814442,0,0.001345008
0.11,1.00E-05,0.001,0.001,2,1000,1000,0,0,0.000839403,0,8.16E-07
0.11,1.00E-05,0.001,0.001,2.5,10,1000,0,0,0.517471567,0,0.282380226
0.11,1.00E-05,0.001,0.001,2.5,100,1000,0,0,0.042876609,0,0.044255619
0.11,1.00E-05,0.001,0.001,2.5,1000,1000,0,0,0.000882914,0,8.13E-07
0.11,1.00E-05,0.001,0.001,3,10,1000,0,0,0.549714328,0,0.321502201
0.11,1.00E-05,0.001,0.001,3,100,1000,0,0,0.037508165,0,0.001306525
0.11,1.00E-05,0.001,0.001,3,1000,1000,0,0,0.000848595,0,6.91E-07
0.11,1.00E-05,0.001,0.1,0.1,10,1000,0,0,0.353682971,0,0.131354157
0.11,1.00E-05,0.001,0.1,0.1,100,1000,0,0,0.026879316,0,0.000725508
0.11,1.00E-05,0.001,0.1,0.1,1000,1000,0,0,0.000772308,0,6.23E-07
0.11,1.00E-05,0.001,0.1,0.5,10,1000,0,0,0.340946973,0,0.121955943
0.11,1.00E-05,0.001,0.1,0.5,100,1000,0,0,0.026180266,0,0.000716541
0.11,1.00E-05,0.001,0.1,0.5,1000,1000,0,0,0.021877483,0,0.446140825
0.11,1.00E-05,0.001,0.1,1.1,10,1000,0,0,0.341073432,0,0.124147264
0.11,1.00E-05,0.001,0.1,1.1,100,1000,0,0,0.029702067,0,0.000799954
0.11,1.00E-05,0.001,0.1,1.1,1000,1000,0,0,0.000797625,0,6.07E-07
0.11,1.00E-05,0.001,0.1,1.5,10,1000,0,0,0.344007895,0,0.11055975
0.11,1.00E-05,0.001,0.1,1.5,100,1000,0,0,0.040953708,0,0.216507177
0.11,1.00E-05,0.001,0.1,1.5,1000,1000,0,0,0.000782527,0,5.66E-07
0.11,1.00E-05,0.001,0.1,2,10,1000,0,0,0.349659239,0,0.114068326
0.11,1.00E-05,0.001,0.1,2,100,1000,0,0,0.027464984,0,0.000727165
0.11,1.00E-05,0.001,0.1,2,1000,1000,0,0,0.000761235,0,6.00E-07
0.11,1.00E-05,0.001,0.1,2.5,10,1000,0,0,0.363030275,0,0.132198727
0.11,1.00E-05,0.001,0.1,2.5,100,1000,0,0,0.02639432,0,0.000689383
0.11,1.00E-05,0.001,0.1,2.5,1000,1000,0,0,0.000814425,0,6.94E-07
0.11,1.00E-05,0.001,0.1,3,10,1000,0,0,0.333816557,0,0.119807679
0.11,1.00E-05,0.001,0.1,3,100,1000,0,0,0.026108382,0,0.000665083
0.11,1.00E-05,0.001,0.1,3,1000,1000,0,0,0.00077876,0,6.44E-07
0.11,1.00E-05,0.001,1,0.1,10,1000,0,0,0.08998692,0,0.008631005
0.11,1.00E-05,0.001,1,0.1,100,1000,0,0,0.007775378,0,5.59E-05
0.11,1.00E-05,0.001,1,0.1,1000,1000,0,0,0.00046971,0,2.23E-07
0.11,1.00E-05,0.001,1,0.5,10,1000,0,0,0.084720685,0,0.008039558
0.11,1.00E-05,0.001,1,0.5,100,1000,0,0,0.007888421,0,6.12E-05
0.11,1.00E-05,0.001,1,0.5,1000,1000,0,0,0.000451594,0,1.97E-07
0.11,1.00E-05,0.001,1,1.1,10,1000,0,0,0.0854449,0,0.007941766
0.11,1.00E-05,0.001,1,1.1,100,1000,0,0,0.00806354,0,6.61E-05
0.11,1.00E-05,0.001,1,1.1,1000,1000,0,0,0.000456289,0,1.83E-07
0.11,1.00E-05,0.001,1,1.5,10,1000,0,0,0.081366,0,0.006591969
0.11,1.00E-05,0.001,1,1.5,100,1000,0,0,0.00829661,0,7.56E-05
0.11,1.00E-05,0.001,1,1.5,1000,1000,0,0,0.000464032,0,2.10E-07
0.11,1.00E-05,0.001,1,2,10,1000,0,0,0.081151668,0,0.006219307
0.11,1.00E-05,0.001,1,2,100,1000,0,0,0.008153528,0,6.57E-05
0.11,1.00E-05,0.001,1,2,1000,1000,0,0,0.000466166,0,2.06E-07
0.11,1.00E-05,0.001,1,2.5,10,1000,0,0,0.085349634,0,0.00820214
0.11,1.00E-05,0.001,1,2.5,100,1000,0,0,0.007949537,0,6.36E-05
0.11,1.00E-05,0.001,1,2.5,1000,1000,0,0,0.000462495,0,2.28E-07
0.11,1.00E-05,0.001,1,3,10,1000,0,0,0.082208361,0,0.006522937
0.11,1.00E-05,0.001,1,3,100,1000,0,0,0.007365056,0,5.78E-05
0.11,1.00E-05,0.001,1,3,1000,1000,0,0,0.000459782,0,2.07E-07
0.11,1.00E-05,0.003,1.00E-05,0.1,10,1000,0,0,0.479689185,0,0.238763672
0.11,1.00E-05,0.003,1.00E-05,0.1,100,1000,0,0,0.021838427,0,0.000501057
0.11,1.00E-05,0.003,1.00E-05,0.1,1000,1000,0,0,0.000310749,0,9.80E-08
0.11,1.00E-05,0.003,1.00E-05,0.5,10,1000,0,0,0.46903299,0,0.211561317
0.11,1.00E-05,0.003,1.00E-05,0.5,100,1000,0,0,0.02008112,0,0.0003711
0.11,1.00E-05,0.003,1.00E-05,0.5,1000,1000,0,0,0.000316821,0,9.95E-08
0.11,1.00E-05,0.003,1.00E-05,1.1,10,1000,0,0,0.499431003,0,0.260309065
0.11,1.00E-05,0.003,1.00E-05,1.1,100,1000,0,0,0.020763561,0,0.00039747
0.11,1.00E-05,0.003,1.00E-05,1.1,1000,1000,0,0,0.000294268,0,9.16E-08
0.11,1.00E-05,0.003,1.00E-05,1.5,10,1000,0,0,0.480562451,0,0.208180114
0.11,1.00E-05,0.003,1.00E-05,1.5,100,1000,0,0,0.020684127,0,0.000494018
0.11,1.00E-05,0.003,1.00E-05,1.5,1000,1000,0,0,0.000294517,0,8.67E-08
0.11,1.00E-05,0.003,1.00E-05,2,10,1000,0,0,0.48639037,0,0.307887472
0.11,1.00E-05,0.003,1.00E-05,2,100,1000,0,0,0.020577384,0,0.000383887
0.11,1.00E-05,0.003,1.00E-05,2,1000,1000,0,0,0.000316785,0,1.07E-07
0.11,1.00E-05,0.003,1.00E-05,2.5,10,1000,0,0,0.488577894,0,0.263531655
0.11,1.00E-05,0.003,1.00E-05,2.5,100,1000,0,0,0.021700362,0,0.000432746
0.11,1.00E-05,0.003,1.00E-05,2.5,1000,1000,0,0,0.000304758,0,9.57E-08
0.11,1.00E-05,0.003,1.00E-05,3,10,1000,0,0,0.470466468,0,0.219905366
0.11,1.00E-05,0.003,1.00E-05,3,100,1000,0,0,0.021440613,0,0.000473263
0.11,1.00E-05,0.003,1.00E-05,3,1000,1000,0,0,0.000285715,0,7.87E-08
0.11,1.00E-05,0.003,0.001,0.1,10,1000,0,0,0.478801545,0,0.225499099
0.11,1.00E-05,0.003,0.001,0.1,100,1000,0,0,0.02244009,0,0.000512109
0.11,1.00E-05,0.003,0.001,0.1,1000,1000,0,0,0.000325419,0,1.03E-07
0.11,1.00E-05,0.003,0.001,0.5,10,1000,0,0,0.447385732,0,0.201020525
0.11,1.00E-05,0.003,0.001,0.5,100,1000,0,0,0.020537764,0,0.000372592
0.11,1.00E-05,0.003,0.001,0.5,1000,1000,0,0,0.00030352,0,8.91E-08
0.11,1.00E-05,0.003,0.001,1.1,10,1000,0,0,0.454527321,0,0.205350999
0.11,1.00E-05,0.003,0.001,1.1,100,1000,0,0,0.020953472,0,0.000423602
0.11,1.00E-05,0.003,0.001,1.1,1000,1000,0,0,0.000315806,0,1.02E-07
0.11,1.00E-05,0.003,0.001,1.5,10,1000,0,0,0.49522634,0,0.238245674
0.11,1.00E-05,0.003,0.001,1.5,100,1000,0,0,0.020098559,0,0.000456246
0.11,1.00E-05,0.003,0.001,1.5,1000,1000,0,0,0.000303045,0,8.58E-08
0.11,1.00E-05,0.003,0.001,2,10,1000,0,0,0.457341464,0,0.246401135
0.11,1.00E-05,0.003,0.001,2,100,1000,0,0,0.02167019,0,0.000477444
0.11,1.00E-05,0.003,0.001,2,1000,1000,0,0,0.01300689,0,0.161060816
0.11,1.00E-05,0.003,0.001,2.5,10,1000,0,0,0.45627403,0,0.203134403
0.11,1.00E-05,0.003,0.001,2.5,100,1000,0,0,0.021199389,0,0.000427281
0.11,1.00E-05,0.003,0.001,2.5,1000,1000,0,0,0.000305515,0,8.16E-08
0.11,1.00E-05,0.003,0.001,3,10,1000,0,0,0.484863402,0,0.215425776
0.11,1.00E-05,0.003,0.001,3,100,1000,0,0,0.021471406,0,0.000505282
0.11,1.00E-05,0.003,0.001,3,1000,1000,0,0,0.000312996,0,9.69E-08
0.11,1.00E-05,0.003,0.1,0.1,10,1000,0,0,0.33249534,0,0.110892295
0.11,1.00E-05,0.003,0.1,0.1,100,1000,0,0,0.017004478,0,0.000262803
0.11,1.00E-05,0.003,0.1,0.1,1000,1000,0,0,0.000295983,0,8.48E-08
0.11,1.00E-05,0.003,0.1,0.5,10,1000,0,0,0.317135394,0,0.103941381
0.11,1.00E-05,0.003,0.1,0.5,100,1000,0,0,0.016262579,0,0.000276496
0.11,1.00E-05,0.003,0.1,0.5,1000,1000,0,0,0.000307611,0,8.94E-08
0.11,1.00E-05,0.003,0.1,1.1,10,1000,0,0,0.316753931,0,0.094744687
0.11,1.00E-05,0.003,0.1,1.1,100,1000,0,0,0.017271942,0,0.00027427
0.11,1.00E-05,0.003,0.1,1.1,1000,1000,0,0,0.000296579,0,9.09E-08
0.11,1.00E-05,0.003,0.1,1.5,10,1000,0,0,0.386248482,0,2.542271867
0.11,1.00E-05,0.003,0.1,1.5,100,1000,0,0,0.016478571,0,0.000299618
0.11,1.00E-05,0.003,0.1,1.5,1000,1000,0,0,0.000304071,0,8.88E-08
0.11,1.00E-05,0.003,0.1,2,10,1000,0,0,0.337696733,0,0.112025541
0.11,1.00E-05,0.003,0.1,2,100,1000,0,0,0.017432688,0,0.000297506
0.11,1.00E-05,0.003,0.1,2,1000,1000,0,0,0.000307976,0,9.61E-08
0.11,1.00E-05,0.003,0.1,2.5,10,1000,0,0,0.321853771,0,0.098801717
0.11,1.00E-05,0.003,0.1,2.5,100,1000,0,0,0.017542562,0,0.00030795
0.11,1.00E-05,0.003,0.1,2.5,1000,1000,0,0,0.000318107,0,9.70E-08
0.11,1.00E-05,0.003,0.1,3,10,1000,0,0,0.338627331,0,0.124069397
0.11,1.00E-05,0.003,0.1,3,100,1000,0,0,0.017633712,0,0.000293761
0.11,1.00E-05,0.003,0.1,3,1000,1000,0,0,0.000308938,0,9.81E-08
0.11,1.00E-05,0.003,1,0.1,10,1000,0,0,0.084628977,0,0.007440103
0.11,1.00E-05,0.003,1,0.1,100,1000,0,0,0.007439377,0,5.39E-05
0.11,1.00E-05,0.003,1,0.1,1000,1000,0,0,0.000242404,0,5.66E-08
0.11,1.00E-05,0.003,1,0.5,10,1000,0,0,0.081870134,0,0.006731914
0.11,1.00E-05,0.003,1,0.5,100,1000,0,0,0.006945079,0,5.02E-05
0.11,1.00E-05,0.003,1,0.5,1000,1000,0,0,0.00023381,0,5.20E-08
0.11,1.00E-05,0.003,1,1.1,10,1000,0,0,0.079678326,0,0.005987553
0.11,1.00E-05,0.003,1,1.1,100,1000,0,0,0.006750512,0,4.50E-05
0.11,1.00E-05,0.003,1,1.1,1000,1000,0,0,0.000237324,0,5.37E-08
0.11,1.00E-05,0.003,1,1.5,10,1000,0,0,0.083176733,0,0.006286052
0.11,1.00E-05,0.003,1,1.5,100,1000,0,0,0.007028757,0,4.98E-05
0.11,1.00E-05,0.003,1,1.5,1000,1000,0,0,0.000246538,0,5.68E-08
0.11,1.00E-05,0.003,1,2,10,1000,0,0,0.081734534,0,0.00725524
0.11,1.00E-05,0.003,1,2,100,1000,0,0,0.006844489,0,4.86E-05
0.11,1.00E-05,0.003,1,2,1000,1000,0,0,0.000239525,0,5.71E-08
0.11,1.00E-05,0.003,1,2.5,10,1000,0,0,0.077799639,0,0.005280423
0.11,1.00E-05,0.003,1,2.5,100,1000,0,0,0.006616405,0,4.56E-05
0.11,1.00E-05,0.003,1,2.5,1000,1000,0,0,0.000246535,0,6.43E-08
0.11,1.00E-05,0.003,1,3,10,1000,0,0,0.082565357,0,0.00614822
0.11,1.00E-05,0.003,1,3,100,1000,0,0,0.006710557,0,4.25E-05
0.11,1.00E-05,0.003,1,3,1000,1000,0,0,0.000222785,0,4.94E-08
0.11,0.0001,0.0001,1.00E-05,0.1,10,1000,0,0,0,0,0
0.11,0.0001,0.0001,1.00E-05,0.1,100,1000,0,0,0,0,0
0.11,0.0001,0.0001,1.00E-05,0.1,1000,1000,0,0,0,0,0
0.11,0.0001,0.0001,1.00E-05,0.5,10,1000,0,0,0,0,0
0.11,0.0001,0.0001,1.00E-05,0.5,100,1000,0,0,0,0,0
0.11,0.0001,0.0001,1.00E-05,0.5,1000,1000,0,0,0,0,0
0.11,0.0001,0.0001,1.00E-05,1.1,10,1000,0,0,0,0,0
0.11,0.0001,0.0001,1.00E-05,1.1,100,1000,0,0,0,0,0
0.11,0.0001,0.0001,1.00E-05,1.1,1000,1000,0,0,0,0,0
0.11,0.0001,0.0001,1.00E-05,1.5,10,1000,0,0,0,0,0
0.11,0.0001,0.0001,1.00E-05,1.5,100,1000,0,0,0,0,0
0.11,0.0001,0.0001,1.00E-05,1.5,1000,1000,0,0,0,0,0
0.11,0.0001,0.0001,1.00E-05,2,10,1000,0,0,0,0,0
0.11,0.0001,0.0001,1.00E-05,2,100,1000,0,0,0,0,0
0.11,0.0001,0.0001,1.00E-05,2,1000,1000,0,0,0,0,0
0.11,0.0001,0.0001,1.00E-05,2.5,10,1000,0,0,0,0,0
0.11,0.0001,0.0001,1.00E-05,2.5,100,1000,0,0,0,0,0
0.11,0.0001,0.0001,1.00E-05,2.5,1000,1000,0,0,0,0,0
0.11,0.0001,0.0001,1.00E-05,3,10,1000,0,0,0,0,0
0.11,0.0001,0.0001,1.00E-05,3,100,1000,0,0,0,0,0
0.11,0.0001,0.0001,1.00E-05,3,1000,1000,0,0,0,0,0
0.11,0.0001,0.0001,0.001,0.1,10,1000,0,0,0,0,0
0.11,0.0001,0.0001,0.001,0.1,100,1000,0,0,0,0,0
0.11,0.0001,0.0001,0.001,0.1,1000,1000,0,0,10.68718712,0,0
0.11,0.0001,0.0001,0.001,0.5,10,1000,0,0,0,0,0
0.11,0.0001,0.0001,0.001,0.5,100,1000,0,0,0,0,0
0.11,0.0001,0.0001,0.001,0.5,1000,1000,0,0,9.485476882,0,13.7520917
0.11,0.0001,0.0001,0.001,1.1,10,1000,0,0,0,0,0
0.11,0.0001,0.0001,0.001,1.1,100,1000,0,0,0,0,0
0.11,0.0001,0.0001,0.001,1.1,1000,1000,0,0,10.84342902,0,18.54171131
0.11,0.0001,0.0001,0.001,1.5,10,1000,0,0,0,0,0
0.11,0.0001,0.0001,0.001,1.5,100,1000,0,0,0,0,0
0.11,0.0001,0.0001,0.001,1.5,1000,1000,0,0,9.305549444,0,13.76597539
0.11,0.0001,0.0001,0.001,2,10,1000,0,0,0,0,0
0.11,0.0001,0.0001,0.001,2,100,1000,0,0,0,0,0
0.11,0.0001,0.0001,0.001,2,1000,1000,0,0,10.54226907,0,32.84090853
0.11,0.0001,0.0001,0.001,2.5,10,1000,0,0,0,0,0
0.11,0.0001,0.0001,0.001,2.5,100,1000,0,0,0,0,0
0.11,0.0001,0.0001,0.001,2.5,1000,1000,0,0,7.600534956,0,19.76294657
0.11,0.0001,0.0001,0.001,3,10,1000,0,0,0,0,0
0.11,0.0001,0.0001,0.001,3,100,1000,0,0,0,0,0
0.11,0.0001,0.0001,0.001,3,1000,1000,0,0,7.567965765,0,17.32792383
0.11,0.0001,0.0001,0.1,0.1,10,1000,0,0,42.58574448,0,636.6840452
0.11,0.0001,0.0001,0.1,0.1,100,1000,0,0,2.196381709,0,4.74934016
0.11,0.0001,0.0001,0.1,0.1,1000,1000,0,0,0.181139693,0,0.632164087
0.11,0.0001,0.0001,0.1,0.5,10,1000,0,0,48.23559354,0,1314.305879
0.11,0.0001,0.0001,0.1,0.5,100,1000,0,0,1.472790489,0,12.89556749
0.11,0.0001,0.0001,0.1,0.5,1000,1000,0,0,0.110128607,0,0.155550927
0.11,0.0001,0.0001,0.1,1.1,10,1000,0,0,50.10681925,0,1295.343616
0.11,0.0001,0.0001,0.1,1.1,100,1000,0,0,1.116582973,0,1.280043904
0.11,0.0001,0.0001,0.1,1.1,1000,1000,0,0,0.093700548,0,0.001013288
0.11,0.0001,0.0001,0.1,1.5,10,1000,0,0,46.55817976,0,994.4912633
0.11,0.0001,0.0001,0.1,1.5,100,1000,0,0,1.05716212,0,0.157064269
0.11,0.0001,0.0001,0.1,1.5,1000,1000,0,0,0.099893865,0,0.056745514
0.11,0.0001,0.0001,0.1,2,10,1000,0,0,46.14518099,0,1374.764658
0.11,0.0001,0.0001,0.1,2,100,1000,0,0,1.139214926,0,9.101498262
0.11,0.0001,0.0001,0.1,2,1000,1000,0,0,0.092608987,0,0.000964595
0.11,0.0001,0.0001,0.1,2.5,10,1000,0,0,41.48241764,0,1061.211766
0.11,0.0001,0.0001,0.1,2.5,100,1000,0,0,1.064460911,0,0.887165935
0.11,0.0001,0.0001,0.1,2.5,1000,1000,0,0,0.095519627,0,0.02753474
0.11,0.0001,0.0001,0.1,3,10,1000,0,0,50.4738985,0,1489.745168
0.11,0.0001,0.0001,0.1,3,100,1000,0,0,1.075497397,0,0.888716044
0.11,0.0001,0.0001,0.1,3,1000,1000,0,0,0.151687795,0,1.863302351
0.11,0.0001,0.0001,1,0.1,10,1000,0,0,17.19956901,0,218.965665
0.11,0.0001,0.0001,1,0.1,100,1000,0,0,0.211416977,0,1.198563192
0.11,0.0001,0.0001,1,0.1,1000,1000,0,0,0.018591744,0,0.018081152
0.11,0.0001,0.0001,1,0.5,10,1000,0,0,18.60333807,0,357.2362572
0.11,0.0001,0.0001,1,0.5,100,1000,0,0,0.11879271,0,0.001772139
0.11,0.0001,0.0001,1,0.5,1000,1000,0,0,0.009706581,0,1.15E-05
0.11,0.0001,0.0001,1,1.1,10,1000,0,0,22.72657435,0,503.4414106
0.11,0.0001,0.0001,1,1.1,100,1000,0,0,0.121401056,0,0.316554533
0.11,0.0001,0.0001,1,1.1,1000,1000,0,0,0.009083903,0,9.06E-06
0.11,0.0001,0.0001,1,1.5,10,1000,0,0,21.39991791,0,369.5305034
0.11,0.0001,0.0001,1,1.5,100,999,1,0,0.097567644,0,0.001183452
0.11,0.0001,0.0001,1,1.5,1000,1000,0,0,0.009021404,0,9.46E-06
0.11,0.0001,0.0001,1,2,10,1000,0,0,23.14532223,0,444.6907085
0.11,0.0001,0.0001,1,2,100,1000,0,0,0.095784943,0,0.001012359
0.11,0.0001,0.0001,1,2,1000,1000,0,0,0.009096997,0,9.33E-06
0.11,0.0001,0.0001,1,2.5,10,1000,0,0,25.51520665,0,705.032324
0.11,0.0001,0.0001,1,2.5,100,1000,0,0,0.096298738,0,0.001044854
0.11,0.0001,0.0001,1,2.5,1000,1000,0,0,0.035846219,0,0.715026066
0.11,0.0001,0.0001,1,3,10,1000,0,0,29.02193151,0,756.2017664
0.11,0.0001,0.0001,1,3,100,1000,0,0,0.095710355,0,0.000960612
0.11,0.0001,0.0001,1,3,1000,999,1,0.5,0.009151708,0,9.05E-06
0.11,0.0001,0.0003,1.00E-05,0.1,10,1000,0,0,0,0,0
0.11,0.0001,0.0003,1.00E-05,0.1,100,1000,0,0,0,0,0
0.11,0.0001,0.0003,1.00E-05,0.1,1000,1000,0,0,7.039749304,0,30.95320228
0.11,0.0001,0.0003,1.00E-05,0.5,10,1000,0,0,0,0,0
0.11,0.0001,0.0003,1.00E-05,0.5,100,1000,0,0,0,0,0
0.11,0.0001,0.0003,1.00E-05,0.5,1000,1000,0,0,13.04877985,0,2.925753985
0.11,0.0001,0.0003,1.00E-05,1.1,10,1000,0,0,0,0,0
0.11,0.0001,0.0003,1.00E-05,1.1,100,1000,0,0,0,0,0
0.11,0.0001,0.0003,1.00E-05,1.1,1000,1000,0,0,3.058834187,0,0
0.11,0.0001,0.0003,1.00E-05,1.5,10,1000,0,0,0,0,0
0.11,0.0001,0.0003,1.00E-05,1.5,100,1000,0,0,0,0,0
0.11,0.0001,0.0003,1.00E-05,1.5,1000,1000,0,0,0,0,0
0.11,0.0001,0.0003,1.00E-05,2,10,1000,0,0,0,0,0
0.11,0.0001,0.0003,1.00E-05,2,100,1000,0,0,0,0,0
0.11,0.0001,0.0003,1.00E-05,2,1000,1000,0,0,2.527359849,0,1.055968507
0.11,0.0001,0.0003,1.00E-05,2.5,10,1000,0,0,0,0,0
0.11,0.0001,0.0003,1.00E-05,2.5,100,1000,0,0,0,0,0
0.11,0.0001,0.0003,1.00E-05,2.5,1000,1000,0,0,6.046479692,0,0.567393506
0.11,0.0001,0.0003,1.00E-05,3,10,1000,0,0,0,0,0
0.11,0.0001,0.0003,1.00E-05,3,100,1000,0,0,0,0,0
0.11,0.0001,0.0003,1.00E-05,3,1000,1000,0,0,10.79019196,0,0
0.11,0.0001,0.0003,0.001,0.1,10,1000,0,0,0,0,0
0.11,0.0001,0.0003,0.001,0.1,100,1000,0,0,13.9139504,0,63.84306095
0.11,0.0001,0.0003,0.001,0.1,1000,1000,0,0,6.06846946,0,38.41524177
0.11,0.0001,0.0003,0.001,0.5,10,1000,0,0,0,0,0
0.11,0.0001,0.0003,0.001,0.5,100,1000,0,0,10.3134867,0,117.4552654
0.11,0.0001,0.0003,0.001,0.5,1000,1000,0,0,4.901862222,0,26.80832886
0.11,0.0001,0.0003,0.001,1.1,10,1000,0,0,0,0,0
0.11,0.0001,0.0003,0.001,1.1,100,1000,0,0,11.79533989,0,84.11786837
0.11,0.0001,0.0003,0.001,1.1,1000,1000,0,0,5.377792081,0,35.50154101
0.11,0.0001,0.0003,0.001,1.5,10,1000,0,0,4.721755629,0,0
0.11,0.0001,0.0003,0.001,1.5,100,1000,0,0,11.0766012,0,60.63877424
0.11,0.0001,0.0003,0.001,1.5,1000,1000,0,0,5.237815054,0,35.53922818
0.11,0.0001,0.0003,0.001,2,10,1000,0,0,0,0,0
0.11,0.0001,0.0003,0.001,2,100,1000,0,0,8.891912094,0,23.81949378
0.11,0.0001,0.0003,0.001,2,1000,1000,0,0,5.272355886,0,50.24923449
0.11,0.0001,0.0003,0.001,2.5,10,1000,0,0,0,0,0
0.11,0.0001,0.0003,0.001,2.5,100,1000,0,0,9.327161967,0,41.06781529
0.11,0.0001,0.0003,0.001,2.5,1000,1000,0,0,4.468993432,0,20.87457937
0.11,0.0001,0.0003,0.001,3,10,1000,0,0,0,0,0
0.11,0.0001,0.0003,0.001,3,100,1000,0,0,10.46265009,0,101.8575189
0.11,0.0001,0.0003,0.001,3,1000,1000,0,0,4.649877043,0,26.33338807
0.11,0.0001,0.0003,0.1,0.1,10,1000,0,0,8.405211495,0,72.95287977
0.11,0.0001,0.0003,0.1,0.1,100,1000,0,0,0.687457385,0,4.547504948
0.11,0.0001,0.0003,0.1,0.1,1000,1000,0,0,0.046889124,0,0.0007777
0.11,0.0001,0.0003,0.1,0.5,10,1000,0,0,6.794073379,0,34.05125712
0.11,0.0001,0.0003,0.1,0.5,100,1000,0,0,0.416243854,0,2.712942688
0.11,0.0001,0.0003,0.1,0.5,1000,1000,0,0,0.058009488,0,0.285685153
0.11,0.0001,0.0003,0.1,1.1,10,1000,0,0,6.73421105,0,47.55643548
0.11,0.0001,0.0003,0.1,1.1,100,1000,0,0,0.364618997,0,0.999779451
0.11,0.0001,0.0003,0.1,1.1,1000,1000,0,0,0.030135327,0,0.000305024
0.11,0.0001,0.0003,0.1,1.5,10,1000,0,0,6.009768572,0,45.92108651
0.11,0.0001,0.0003,0.1,1.5,100,1000,0,0,0.32353436,0,0.076519433
0.11,0.0001,0.0003,0.1,1.5,1000,1000,0,0,0.091358617,0,3.107288021
0.11,0.0001,0.0003,0.1,2,10,1000,0,0,5.407591385,0,38.2342888
0.11,0.0001,0.0003,0.1,2,100,1000,0,0,0.382683472,0,5.531909709
0.11,0.0001,0.0003,0.1,2,1000,1000,0,0,0.178987603,0,12.81703116
0.11,0.0001,0.0003,0.1,2.5,10,1000,0,0,5.282399083,0,29.57695241
0.11,0.0001,0.0003,0.1,2.5,100,1000,0,0,0.337104439,0,0.205713627
0.11,0.0001,0.0003,0.1,2.5,1000,1000,0,0,0.041460736,0,0.104801978
0.11,0.0001,0.0003,0.1,3,10,1000,0,0,4.976696275,0,25.81309228
0.11,0.0001,0.0003,0.1,3,100,1000,0,0,0.364412091,0,2.316041439
0.11,0.0001,0.0003,0.1,3,1000,1000,0,0,0.127234247,0,9.063606996
0.11,0.0001,0.0003,1,0.1,10,1000,0,0,0.889575817,0,0.643295813
0.11,0.0001,0.0003,1,0.1,100,1000,0,0,0.167415448,0,5.278240611
0.11,0.0001,0.0003,1,0.1,1000,1000,0,0,0.004667286,0,6.90E-06
0.11,0.0001,0.0003,1,0.5,10,1000,0,0,0.685602888,0,0.376809786
0.11,0.0001,0.0003,1,0.5,100,1000,0,0,0.034214983,0,0.000387688
0.11,0.0001,0.0003,1,0.5,1000,1000,0,0,0.003223634,0,3.39E-06
0.11,0.0001,0.0003,1,1.1,10,1000,0,0,0.598272498,0,0.330288199
0.11,0.0001,0.0003,1,1.1,100,1000,0,0,0.032989586,0,0.004720017
0.11,0.0001,0.0003,1,1.1,1000,1000,0,0,0.003127355,0,3.55E-06
0.11,0.0001,0.0003,1,1.5,10,1000,0,0,0.508998612,0,0.15697065
0.11,0.0001,0.0003,1,1.5,100,1000,0,0,0.032457992,0,0.000366171
0.11,0.0001,0.0003,1,1.5,1000,1000,0,0,0.040259322,0,1.385922348
0.11,0.0001,0.0003,1,2,10,1000,0,0,0.481318243,0,0.651551292
0.11,0.0001,0.0003,1,2,100,1000,0,0,0.031459657,0,0.000326759
0.11,0.0001,0.0003,1,2,1000,1000,0,0,0.003070815,0,3.16E-06
0.11,0.0001,0.0003,1,2.5,10,1000,0,0,0.439205118,0,0.104664294
0.11,0.0001,0.0003,1,2.5,100,1000,0,0,0.030640389,0,0.000346945
0.11,0.0001,0.0003,1,2.5,1000,1000,0,0,0.004406681,0,0.001885253
0.11,0.0001,0.0003,1,3,10,1000,0,0,0.423227473,0,0.083602152
0.11,0.0001,0.0003,1,3,100,1000,0,0,0.030287752,0,0.000320587
0.11,0.0001,0.0003,1,3,1000,1000,0,0,0.021029385,0,0.322784455
0.11,0.0001,0.001,1.00E-05,0.1,10,1000,0,0,0.545485747,0,0.297963458
0.11,0.0001,0.001,1.00E-05,0.1,100,1000,0,0,0.042580998,0,0.054443471
0.11,0.0001,0.001,1.00E-05,0.1,1000,1000,0,0,0.00082989,0,6.80E-07
0.11,0.0001,0.001,1.00E-05,0.5,10,1000,0,0,0.561799221,0,0.401940824
0.11,0.0001,0.001,1.00E-05,0.5,100,1000,0,0,0.036921281,0,0.001382943
0.11,0.0001,0.001,1.00E-05,0.5,1000,1000,0,0,0.027802562,0,0.726177314
0.11,0.0001,0.001,1.00E-05,1.1,10,1000,0,0,0.560450192,0,0.315615984
0.11,0.0001,0.001,1.00E-05,1.1,100,1000,0,0,0.054741806,0,0.38039705
0.11,0.0001,0.001,1.00E-05,1.1,1000,1000,0,0,0.000864322,0,7.34E-07
0.11,0.0001,0.001,1.00E-05,1.5,10,1000,0,0,0.597805676,0,1.994956897
0.11,0.0001,0.001,1.00E-05,1.5,100,1000,0,0,0.067166111,0,0.511473014
0.11,0.0001,0.001,1.00E-05,1.5,1000,1000,0,0,0.000845714,0,7.43E-07
0.11,0.0001,0.001,1.00E-05,2,10,1000,0,0,0.536926959,0,0.506469938
0.11,0.0001,0.001,1.00E-05,2,100,1000,0,0,0.052403682,0,0.27844715
0.11,0.0001,0.001,1.00E-05,2,1000,1000,0,0,0.00088914,0,7.68E-07
0.11,0.0001,0.001,1.00E-05,2.5,10,1000,0,0,0.536607862,0,0.320179256
0.11,0.0001,0.001,1.00E-05,2.5,100,1000,0,0,0.122613039,0,3.765081586
0.11,0.0001,0.001,1.00E-05,2.5,1000,1000,0,0,0.000840332,0,6.20E-07
0.11,0.0001,0.001,1.00E-05,3,10,1000,0,0,0.530949665,0,0.460571106
0.11,0.0001,0.001,1.00E-05,3,100,1000,0,0,0.053700132,0,0.24675552
0.11,0.0001,0.001,1.00E-05,3,1000,1000,0,0,0.000895443,0,8.12E-07
0.11,0.0001,0.001,0.001,0.1,10,1000,0,0,0.591467624,0,3.047333658
0.11,0.0001,0.001,0.001,0.1,100,1000,0,0,0.045628596,0,0.066639021
0.11,0.0001,0.001,0.001,0.1,1000,1000,0,0,0.00085112,0,6.55E-07
0.11,0.0001,0.001,0.001,0.5,10,1000,0,0,0.544597165,0,0.293513034
0.11,0.0001,0.001,0.001,0.5,100,1000,0,0,0.03691331,0,0.004112009
0.11,0.0001,0.001,0.001,0.5,1000,1000,0,0,0.000854554,0,7.22E-07
0.11,0.0001,0.001,0.001,1.1,10,1000,0,0,0.63541856,0,5.850247133
0.11,0.0001,0.001,0.001,1.1,100,1000,0,0,0.036452324,0,0.001259431
0.11,0.0001,0.001,0.001,1.1,1000,1000,0,0,0.045527677,0,1.487132421
0.11,0.0001,0.001,0.001,1.5,10,1000,0,0,0.541094557,0,0.839775697
0.11,0.0001,0.001,0.001,1.5,100,1000,0,0,0.069801596,0,1.123096983
0.11,0.0001,0.001,0.001,1.5,1000,1000,0,0,0.003652176,0,0.008013195
0.11,0.0001,0.001,0.001,2,10,1000,0,0,0.598517109,0,3.534557738
0.11,0.0001,0.001,0.001,2,100,1000,0,0,0.036832308,0,0.001373327
0.11,0.0001,0.001,0.001,2,1000,1000,0,0,0.00089517,0,7.63E-07
0.11,0.0001,0.001,0.001,2.5,10,1000,0,0,0.543128251,0,0.325900643
0.11,0.0001,0.001,0.001,2.5,100,1000,0,0,0.053655226,0,0.342434629
0.11,0.0001,0.001,0.001,2.5,1000,1000,0,0,0.000891827,0,3.19E-06
0.11,0.0001,0.001,0.001,3,10,1000,0,0,0.527386178,0,0.251343171
0.11,0.0001,0.001,0.001,3,100,1000,0,0,0.039486527,0,0.005442129
0.11,0.0001,0.001,0.001,3,1000,1000,0,0,0.002738925,0,0.003629393
0.11,0.0001,0.001,0.1,0.1,10,1000,0,0,0.38889864,0,1.111208654
0.11,0.0001,0.001,0.1,0.1,100,1000,0,0,0.027232127,0,0.000727412
0.11,0.0001,0.001,0.1,0.1,1000,1000,0,0,0.000741704,0,5.65E-07
0.11,0.0001,0.001,0.1,0.5,10,1000,0,0,0.354770066,0,0.213575505
0.11,0.0001,0.001,0.1,0.5,100,1000,0,0,0.103946988,0,3.008239046
0.11,0.0001,0.001,0.1,0.5,1000,1000,0,0,0.000765893,0,6.32E-07
0.11,0.0001,0.001,0.1,1.1,10,1000,0,0,0.362355599,0,0.335350284
0.11,0.0001,0.001,0.1,1.1,100,1000,0,0,0.02682701,0,0.000693906
0.11,0.0001,0.001,0.1,1.1,1000,1000,0,0,0.000790613,0,6.14E-07
0.11,0.0001,0.001,0.1,1.5,10,1000,0,0,0.392151627,0,1.655613123
0.11,0.0001,0.001,0.1,1.5,100,1000,0,0,0.066749859,0,1.482426745
0.11,0.0001,0.001,0.1,1.5,1000,1000,0,0,0.000778425,0,5.90E-07
0.11,0.0001,0.001,0.1,2,10,1000,0,0,0.377888616,0,0.725906916
0.11,0.0001,0.001,0.1,2,100,1000,0,0,0.026592818,0,0.000724695
0.11,0.0001,0.001,0.1,2,1000,1000,0,0,0.026770397,0,0.674341992
0.11,0.0001,0.001,0.1,2.5,10,1000,0,0,0.344596346,0,0.11783384
0.11,0.0001,0.001,0.1,2.5,100,1000,0,0,0.031005293,0,0.020846172
0.11,0.0001,0.001,0.1,2.5,1000,1000,0,0,0.000813636,0,6.26E-07
0.11,0.0001,0.001,0.1,3,10,1000,0,0,0.344360279,0,0.126493833
0.11,0.0001,0.001,0.1,3,100,1000,0,0,0.026685325,0,0.00082539
0.11,0.0001,0.001,0.1,3,1000,1000,0,0,0.00079159,0,6.03E-07
0.11,0.0001,0.001,1,0.1,10,1000,0,0,0.083721149,0,0.007259293
0.11,0.0001,0.001,1,0.1,100,1000,0,0,0.008094189,0,6.51E-05
0.11,0.0001,0.001,1,0.1,1000,1000,0,0,0.002435754,0,0.003926056
0.11,0.0001,0.001,1,0.5,10,1000,0,0,0.084313863,0,0.007470618
0.11,0.0001,0.001,1,0.5,100,1000,0,0,0.007254741,0,5.03E-05
0.11,0.0001,0.001,1,0.5,1000,1000,0,0,0.000471008,0,2.09E-07
0.11,0.0001,0.001,1,1.1,10,1000,0,0,0.096368352,0,0.186047039
0.11,0.0001,0.001,1,1.1,100,1000,0,0,0.008383793,0,7.25E-05
0.11,0.0001,0.001,1,1.1,1000,1000,0,0,0.000461393,0,2.18E-07
0.11,0.0001,0.001,1,1.5,10,1000,0,0,0.088156547,0,0.007559411
0.11,0.0001,0.001,1,1.5,100,1000,0,0,0.008771601,0,0.001086059
0.11,0.0001,0.001,1,1.5,1000,1000,0,0,0.000463379,0,2.10E-07
0.11,0.0001,0.001,1,2,10,1000,0,0,0.086984664,0,0.007360476
0.11,0.0001,0.001,1,2,100,1000,0,0,0.007955354,0,6.28E-05
0.11,0.0001,0.001,1,2,1000,1000,0,0,0.00043212,0,1.80E-07
0.11,0.0001,0.001,1,2.5,10,1000,0,0,0.084351869,0,0.007160803
0.11,0.0001,0.001,1,2.5,100,1000,0,0,0.07201045,0,4.083710649
0.11,0.0001,0.001,1,2.5,1000,1000,0,0,0.000469656,0,2.16E-07
0.11,0.0001,0.001,1,3,10,1000,0,0,0.079876497,0,0.005732004
0.11,0.0001,0.001,1,3,100,1000,0,0,0.024090909,0,0.271370252
0.11,0.0001,0.001,1,3,1000,1000,0,0,0.000468221,0,2.31E-07
0.11,0.0001,0.003,1.00E-05,0.1,10,1000,0,0,0.532284235,0,0.274285341
0.11,0.0001,0.003,1.00E-05,0.1,100,1000,0,0,0.020791441,0,0.00040502
0.11,0.0001,0.003,1.00E-05,0.1,1000,1000,0,0,0.000314441,0,1.06E-07
0.11,0.0001,0.003,1.00E-05,0.5,10,1000,0,0,0.590940692,0,6.262455255
0.11,0.0001,0.003,1.00E-05,0.5,100,1000,0,0,0.01968284,0,0.000367808
0.11,0.0001,0.003,1.00E-05,0.5,1000,1000,0,0,0.000324672,0,9.89E-08
0.11,0.0001,0.003,1.00E-05,1.1,10,1000,0,0,0.547237718,0,1.57447238
0.11,0.0001,0.003,1.00E-05,1.1,100,1000,0,0,0.021092293,0,0.000478335
0.11,0.0001,0.003,1.00E-05,1.1,1000,1000,0,0,0.000310907,0,9.43E-08
0.11,0.0001,0.003,1.00E-05,1.5,10,1000,0,0,0.500341666,0,0.251418045
0.11,0.0001,0.003,1.00E-05,1.5,100,1000,0,0,0.020631935,0,0.000392358
0.11,0.0001,0.003,1.00E-05,1.5,1000,1000,0,0,0.000302835,0,8.51E-08
0.11,0.0001,0.003,1.00E-05,2,10,1000,0,0,0.55252459,0,3.008052098
0.11,0.0001,0.003,1.00E-05,2,100,1000,0,0,0.020568412,0,0.000423355
0.11,0.0001,0.003,1.00E-05,2,1000,1000,0,0,0.000299364,0,8.95E-08
0.11,0.0001,0.003,1.00E-05,2.5,10,1000,0,0,0.521042981,0,2.462966047
0.11,0.0001,0.003,1.00E-05,2.5,100,1000,0,0,0.027451987,0,0.04206157
0.11,0.0001,0.003,1.00E-05,2.5,1000,1000,0,0,0.000300519,0,9.09E-08
0.11,0.0001,0.003,1.00E-05,3,10,1000,0,0,0.464052762,0,0.207088278
0.11,0.0001,0.003,1.00E-05,3,100,1000,0,0,0.02681347,0,0.023666424
0.11,0.0001,0.003,1.00E-05,3,1000,1000,0,0,0.007135684,0,0.046348695
0.11,0.0001,0.003,0.001,0.1,10,1000,0,0,0.486148832,0,0.889954275
0.11,0.0001,0.003,0.001,0.1,100,1000,0,0,0.068543699,0,2.220253997
0.11,0.0001,0.003,0.001,0.1,1000,1000,0,0,0.000298307,0,8.92E-08
0.11,0.0001,0.003,0.001,0.5,10,1000,0,0,0.469901723,0,0.214314106
0.11,0.0001,0.003,0.001,0.5,100,1000,0,0,0.052968228,0,1.066961145
0.11,0.0001,0.003,0.001,0.5,1000,1000,0,0,0.000329735,0,1.04E-07
0.11,0.0001,0.003,0.001,1.1,10,1000,0,0,0.490489947,0,0.24599481
0.11,0.0001,0.003,0.001,1.1,100,1000,0,0,0.020258361,0,0.000388474
0.11,0.0001,0.003,0.001,1.1,1000,1000,0,0,0.000315713,0,9.65E-08
0.11,0.0001,0.003,0.001,1.5,10,1000,0,0,0.503982952,0,0.59038713
0.11,0.0001,0.003,0.001,1.5,100,1000,0,0,0.059361573,0,1.464913846
0.11,0.0001,0.003,0.001,1.5,1000,1000,0,0,0.000461316,0,2.01E-05
0.11,0.0001,0.003,0.001,2,10,1000,0,0,0.464904276,0,0.237440819
0.11,0.0001,0.003,0.001,2,100,1000,0,0,0.022211945,0,0.00049149
0.11,0.0001,0.003,0.001,2,1000,1000,0,0,0.000324388,0,1.01E-07
0.11,0.0001,0.003,0.001,2.5,10,1000,0,0,0.564566146,0,5.645547359
0.11,0.0001,0.003,0.001,2.5,100,1000,0,0,0.034154463,0,0.100662142
0.11,0.0001,0.003,0.001,2.5,1000,1000,0,0,0.000314398,0,9.12E-08
0.11,0.0001,0.003,0.001,3,10,1000,0,0,0.466727403,0,0.240244933
0.11,0.0001,0.003,0.001,3,100,1000,0,0,0.020543148,0,0.000399927
0.11,0.0001,0.003,0.001,3,1000,1000,0,0,0.00029295,0,7.81E-08
0.11,0.0001,0.003,0.1,0.1,10,1000,0,0,0.391626837,0,2.684086409
0.11,0.0001,0.003,0.1,0.1,100,1000,0,0,0.042814758,0,0.682802782
0.11,0.0001,0.003,0.1,0.1,1000,1000,0,0,0.003094095,0,0.007721546
0.11,0.0001,0.003,0.1,0.5,10,1000,0,0,0.41640603,0,6.904232988
0.11,0.0001,0.003,0.1,0.5,100,1000,0,0,0.017848294,0,0.000315088
0.11,0.0001,0.003,0.1,0.5,1000,1000,0,0,0.004867454,0,0.020867808
0.11,0.0001,0.003,0.1,1.1,10,1000,0,0,0.365391353,0,0.875877343
0.11,0.0001,0.003,0.1,1.1,100,1000,0,0,0.017175663,0,0.000306076
0.11,0.0001,0.003,0.1,1.1,1000,1000,0,0,0.00028849,0,9.13E-08
0.11,0.0001,0.003,0.1,1.5,10,1000,0,0,0.454608933,0,5.451798263
0.11,0.0001,0.003,0.1,1.5,100,1000,0,0,0.017322053,0,0.000279025
0.11,0.0001,0.003,0.1,1.5,1000,1000,0,0,0.000283404,0,8.09E-08
0.11,0.0001,0.003,0.1,2,10,1000,0,0,0.332370201,0,0.108901282
0.11,0.0001,0.003,0.1,2,100,1000,0,0,0.017529204,0,0.000328909
0.11,0.0001,0.003,0.1,2,1000,1000,0,0,0.000295987,0,8.45E-08
0.11,0.0001,0.003,0.1,2.5,10,1000,0,0,0.323360569,0,0.11504215
0.11,0.0001,0.003,0.1,2.5,100,1000,0,0,0.017193941,0,0.000307605
0.11,0.0001,0.003,0.1,2.5,1000,1000,0,0,0.000314264,0,9.78E-08
0.11,0.0001,0.003,0.1,3,10,1000,0,0,0.348077456,0,0.630944177
0.11,0.0001,0.003,0.1,3,100,1000,0,0,0.026376386,0,0.078871083
0.11,0.0001,0.003,0.1,3,1000,1000,0,0,0.000512856,0,5.11E-05
0.11,0.0001,0.003,1,0.1,10,1000,0,0,0.083156542,0,0.006647533
0.11,0.0001,0.003,1,0.1,100,1000,0,0,0.006618161,0,4.17E-05
0.11,0.0001,0.003,1,0.1,1000,1000,0,0,0.000237169,0,5.46E-08
0.11,0.0001,0.003,1,0.5,10,1000,0,0,0.083490116,0,0.007496025
0.11,0.0001,0.003,1,0.5,100,1000,0,0,0.006507376,0,4.14E-05
0.11,0.0001,0.003,1,0.5,1000,1000,0,0,0.000255942,0,6.40E-08
0.11,0.0001,0.003,1,1.1,10,1000,0,0,0.077268922,0,0.005624884
0.11,0.0001,0.003,1,1.1,100,1000,0,0,0.027528858,0,0.424913045
0.11,0.0001,0.003,1,1.1,1000,1000,0,0,0.000225858,0,5.49E-08
0.11,0.0001,0.003,1,1.5,10,1000,0,0,0.079635119,0,0.005930646
0.11,0.0001,0.003,1,1.5,100,1000,0,0,0.011993732,0,0.027155982
0.11,0.0001,0.003,1,1.5,1000,1000,0,0,0.000238891,0,6.39E-08
0.11,0.0001,0.003,1,2,10,1000,0,0,0.081208601,0,0.006777969
0.11,0.0001,0.003,1,2,100,1000,0,0,0.006639627,0,4.67E-05
0.11,0.0001,0.003,1,2,1000,1000,0,0,0.000224855,0,5.31E-08
0.11,0.0001,0.003,1,2.5,10,1000,0,0,0.120212166,0,1.668390093
0.11,0.0001,0.003,1,2.5,100,1000,0,0,0.006385674,0,4.09E-05
0.11,0.0001,0.003,1,2.5,1000,1000,0,0,0.000235346,0,5.33E-08
0.11,0.0001,0.003,1,3,10,1000,0,0,0.084304305,0,0.007367841
0.11,0.0001,0.003,1,3,100,1000,0,0,0.006446152,0,3.72E-05
0.11,0.0001,0.003,1,3,1000,1000,0,0,0.000241967,0,6.46E-08
0.11,0.001,0.0001,1.00E-05,0.1,10,1000,0,0,0,0,0
0.11,0.001,0.0001,1.00E-05,0.1,100,1000,0,0,0,0,0
0.11,0.001,0.0001,1.00E-05,0.1,1000,1000,0,0,10.84952806,0,46.04644575
0.11,0.001,0.0001,1.00E-05,0.5,10,1000,0,0,0,0,0
0.11,0.001,0.0001,1.00E-05,0.5,100,1000,0,0,0,0,0
0.11,0.001,0.0001,1.00E-05,0.5,1000,1000,0,0,11.16830176,0,37.46253129
0.11,0.001,0.0001,1.00E-05,1.1,10,1000,0,0,0,0,0
0.11,0.001,0.0001,1.00E-05,1.1,100,1000,0,0,0,0,0
0.11,0.001,0.0001,1.00E-05,1.1,1000,1000,0,0,8.43252574,0,18.22855052
0.11,0.001,0.0001,1.00E-05,1.5,10,1000,0,0,0,0,0
0.11,0.001,0.0001,1.00E-05,1.5,100,1000,0,0,0,0,0
0.11,0.001,0.0001,1.00E-05,1.5,1000,1000,0,0,9.450158443,0,6.955323756
0.11,0.001,0.0001,1.00E-05,2,10,1000,0,0,0,0,0
0.11,0.001,0.0001,1.00E-05,2,100,1000,0,0,0,0,0
0.11,0.001,0.0001,1.00E-05,2,1000,1000,0,0,9.963684207,0,11.40576675
0.11,0.001,0.0001,1.00E-05,2.5,10,1000,0,0,0,0,0
0.11,0.001,0.0001,1.00E-05,2.5,100,1000,0,0,0,0,0
0.11,0.001,0.0001,1.00E-05,2.5,1000,1000,0,0,9.824425997,0,23.79651435
0.11,0.001,0.0001,1.00E-05,3,10,1000,0,0,0,0,0
0.11,0.001,0.0001,1.00E-05,3,100,1000,0,0,0,0,0
0.11,0.001,0.0001,1.00E-05,3,1000,1000,0,0,9.361535922,0,11.17804967
0.11,0.001,0.0001,0.001,0.1,10,1000,0,0,0,0,0
0.11,0.001,0.0001,0.001,0.1,100,1000,0,0,0,0,0
0.11,0.001,0.0001,0.001,0.1,1000,1000,0,0,9.791710047,0,32.47503439
0.11,0.001,0.0001,0.001,0.5,10,1000,0,0,0,0,0
0.11,0.001,0.0001,0.001,0.5,100,1000,0,0,0,0,0
0.11,0.001,0.0001,0.001,0.5,1000,1000,0,0,8.575844036,0,25.3491884
0.11,0.001,0.0001,0.001,1.1,10,1000,0,0,0,0,0
0.11,0.001,0.0001,0.001,1.1,100,1000,0,0,0,0,0
0.11,0.001,0.0001,0.001,1.1,1000,1000,0,0,8.753407652,0,28.6656704
0.11,0.001,0.0001,0.001,1.5,10,1000,0,0,0,0,0
0.11,0.001,0.0001,0.001,1.5,100,1000,0,0,0,0,0
0.11,0.001,0.0001,0.001,1.5,1000,1000,0,0,9.425077647,0,28.43382669
0.11,0.001,0.0001,0.001,2,10,1000,0,0,0,0,0
0.11,0.001,0.0001,0.001,2,100,1000,0,0,0,0,0
0.11,0.001,0.0001,0.001,2,1000,1000,0,0,9.229115652,0,30.84069756
0.11,0.001,0.0001,0.001,2.5,10,1000,0,0,0,0,0
0.11,0.001,0.0001,0.001,2.5,100,1000,0,0,0,0,0
0.11,0.001,0.0001,0.001,2.5,1000,1000,0,0,9.51818728,0,34.92977179
0.11,0.001,0.0001,0.001,3,10,1000,0,0,0,0,0
0.11,0.001,0.0001,0.001,3,100,1000,0,0,0,0,0
0.11,0.001,0.0001,0.001,3,1000,1000,0,0,9.429679015,0,27.96439847
0.11,0.001,0.0001,0.1,0.1,10,1000,0,0,59.77671517,0,1754.350657
0.11,0.001,0.0001,0.1,0.1,100,1000,0,0,2.085477809,0,1.469650929
0.11,0.001,0.0001,0.1,0.1,1000,1000,0,0,0.143471823,0,0.004039127
0.11,0.001,0.0001,0.1,0.5,10,1000,0,0,47.71945464,0,877.1966192
0.11,0.001,0.0001,0.1,0.5,100,1000,0,0,1.368287795,0,1.878644745
0.11,0.001,0.0001,0.1,0.5,1000,1000,0,0,0.099079033,0,0.001807717
0.11,0.001,0.0001,0.1,1.1,10,1000,0,0,47.96489404,0,1571.949804
0.11,0.001,0.0001,0.1,1.1,100,1000,0,0,1.195943179,0,2.480220799
0.11,0.001,0.0001,0.1,1.1,1000,1000,0,0,0.091652629,0,0.000888233
0.11,0.001,0.0001,0.1,1.5,10,1000,0,0,47.19457909,0,2516.787621
0.11,0.001,0.0001,0.1,1.5,100,1000,0,0,1.129846564,0,6.64607562
0.11,0.001,0.0001,0.1,1.5,1000,1000,0,0,0.091995151,0,0.000904106
0.11,0.001,0.0001,0.1,2,10,1000,0,0,48.59327343,0,1152.067413
0.11,0.001,0.0001,0.1,2,100,1000,0,0,1.094413869,0,1.329832996
0.11,0.001,0.0001,0.1,2,1000,1000,0,0,0.090778706,0,0.002654548
0.11,0.001,0.0001,0.1,2.5,10,1000,0,0,50.8114905,0,1628.000248
0.11,0.001,0.0001,0.1,2.5,100,1000,0,0,1.232624498,0,9.035549561
0.11,0.001,0.0001,0.1,2.5,1000,1000,0,0,0.091852745,0,0.000871379
0.11,0.001,0.0001,0.1,3,10,1000,0,0,51.25262041,0,2054.695418
0.11,0.001,0.0001,0.1,3,100,1000,0,0,1.324975437,0,37.66614507
0.11,0.001,0.0001,0.1,3,1000,1000,0,0,0.092036336,0,0.003819836
0.11,0.001,0.0001,1,0.1,10,1000,0,0,19.97675252,0,398.1157213
0.11,0.001,0.0001,1,0.1,100,1000,0,0,0.249275898,0,2.084042965
0.11,0.001,0.0001,1,0.1,1000,1000,0,0,0.017748122,0,0.009990593
0.11,0.001,0.0001,1,0.5,10,1000,0,0,23.39126508,0,594.7531297
0.11,0.001,0.0001,1,0.5,100,1000,0,0,0.150010741,0,0.345012006
0.11,0.001,0.0001,1,0.5,1000,1000,0,0,0.009832703,0,1.09E-05
0.11,0.001,0.0001,1,1.1,10,1000,0,0,24.10698234,0,543.0497517
0.11,0.001,0.0001,1,1.1,100,1000,0,0,0.154869253,0,2.086874208
0.11,0.001,0.0001,1,1.1,1000,1000,0,0,0.009016457,0,9.31E-06
0.11,0.001,0.0001,1,1.5,10,1000,0,0,24.95281444,0,567.3719153
0.11,0.001,0.0001,1,1.5,100,1000,0,0,0.105077956,0,0.061947455
0.11,0.001,0.0001,1,1.5,1000,999,1,0.5,0.009092751,0,8.67E-06
0.11,0.001,0.0001,1,2,10,1000,0,0,28.79367378,0,807.7062506
0.11,0.001,0.0001,1,2,100,999,1,0.4,0.095186213,0,0.001032269
0.11,0.001,0.0001,1,2,1000,1000,0,0,0.009169447,0,8.59E-06
0.11,0.001,0.0001,1,2.5,10,1000,0,0,27.02375363,0,795.4440655
0.11,0.001,0.0001,1,2.5,100,999,1,0.285714286,0.106498057,0,0.117641716
0.11,0.001,0.0001,1,2.5,1000,1000,0,0,0.009078722,0,9.00E-06
0.11,0.001,0.0001,1,3,10,1000,0,0,27.22521313,0,737.8437528
0.11,0.001,0.0001,1,3,100,1000,0,0,0.100491371,0,0.022311068
0.11,0.001,0.0001,1,3,1000,1000,0,0,0.009004534,0,8.69E-06
0.11,0.001,0.0003,1.00E-05,0.1,10,1000,0,0,16.21138362,0,0
0.11,0.001,0.0003,1.00E-05,0.1,100,1000,0,0,11.1515929,0,115.2772796
0.11,0.001,0.0003,1.00E-05,0.1,1000,1000,0,0,6.078351922,0,37.25651097
0.11,0.001,0.0003,1.00E-05,0.5,10,1000,0,0,0,0,0
0.11,0.001,0.0003,1.00E-05,0.5,100,1000,0,0,15.8810574,0,520.24103
0.11,0.001,0.0003,1.00E-05,0.5,1000,1000,0,0,5.857810179,0,51.50860259
0.11,0.001,0.0003,1.00E-05,1.1,10,1000,0,0,0,0,0
0.11,0.001,0.0003,1.00E-05,1.1,100,1000,0,0,12.59486533,0,66.80512539
0.11,0.001,0.0003,1.00E-05,1.1,1000,1000,0,0,6.236473924,0,43.27919802
0.11,0.001,0.0003,1.00E-05,1.5,10,1000,0,0,0,0,0
0.11,0.001,0.0003,1.00E-05,1.5,100,1000,0,0,12.92584049,0,44.91222169
0.11,0.001,0.0003,1.00E-05,1.5,1000,1000,0,0,6.362431965,0,47.92391338
0.11,0.001,0.0003,1.00E-05,2,10,1000,0,0,0,0,0
0.11,0.001,0.0003,1.00E-05,2,100,1000,0,0,20.31058025,0,409.7732622
0.11,0.001,0.0003,1.00E-05,2,1000,1000,0,0,6.832084614,0,55.61043004
0.11,0.001,0.0003,1.00E-05,2.5,10,1000,0,0,0,0,0
0.11,0.001,0.0003,1.00E-05,2.5,100,1000,0,0,12.38919673,0,89.6376165
0.11,0.001,0.0003,1.00E-05,2.5,1000,1000,0,0,6.177503359,0,43.07301418
0.11,0.001,0.0003,1.00E-05,3,10,1000,0,0,0,0,0
0.11,0.001,0.0003,1.00E-05,3,100,1000,0,0,10.93006592,0,69.07888267
0.11,0.001,0.0003,1.00E-05,3,1000,1000,0,0,6.456781906,0,55.35770709
0.11,0.001,0.0003,0.001,0.1,10,1000,0,0,0,0,0
0.11,0.001,0.0003,0.001,0.1,100,1000,0,0,14.14261206,0,129.3343315
0.11,0.001,0.0003,0.001,0.1,1000,1000,0,0,4.799407468,0,36.91465072
0.11,0.001,0.0003,0.001,0.5,10,1000,0,0,5.268015139,0,0
0.11,0.001,0.0003,0.001,0.5,100,1000,0,0,11.00945222,0,119.0216018
0.11,0.001,0.0003,0.001,0.5,1000,1000,0,0,4.039097945,0,29.28321371
0.11,0.001,0.0003,0.001,1.1,10,1000,0,0,14.98480009,0,40.4709079
0.11,0.001,0.0003,0.001,1.1,100,1000,0,0,10.75118277,0,72.92877928
0.11,0.001,0.0003,0.001,1.1,1000,1000,0,0,3.943335324,0,22.39232404
0.11,0.001,0.0003,0.001,1.5,10,1000,0,0,0,0,0
0.11,0.001,0.0003,0.001,1.5,100,1000,0,0,11.73761048,0,89.77002926
0.11,0.001,0.0003,0.001,1.5,1000,1000,0,0,4.242758163,0,39.72121144
0.11,0.001,0.0003,0.001,2,10,1000,0,0,6.506962461,0,0
0.11,0.001,0.0003,0.001,2,100,1000,0,0,12.68027388,0,89.32075855
0.11,0.001,0.0003,0.001,2,1000,1000,0,0,4.016229004,0,27.22619542
0.11,0.001,0.0003,0.001,2.5,10,1000,0,0,0,0,0
0.11,0.001,0.0003,0.001,2.5,100,1000,0,0,14.17998931,0,253.8423202
0.11,0.001,0.0003,0.001,2.5,1000,1000,0,0,4.467797662,0,36.34144422
0.11,0.001,0.0003,0.001,3,10,1000,0,0,5.186909117,0,0
0.11,0.001,0.0003,0.001,3,100,1000,0,0,12.07331093,0,81.32180633
0.11,0.001,0.0003,0.001,3,1000,1000,0,0,4.595114487,0,35.08168427
0.11,0.001,0.0003,0.1,0.1,10,1000,0,0,10.44391067,0,195.4731689
0.11,0.001,0.0003,0.1,0.1,100,1000,0,0,0.80600828,0,5.955399304
0.11,0.001,0.0003,0.1,0.1,1000,1000,0,0,0.070867131,0,0.180497424
0.11,0.001,0.0003,0.1,0.5,10,1000,0,0,8.556670636,0,137.5388884
0.11,0.001,0.0003,0.1,0.5,100,1000,0,0,0.508748793,0,3.177203399
0.11,0.001,0.0003,0.1,0.5,1000,1000,0,0,0.052497169,0,0.154139369
0.11,0.001,0.0003,0.1,1.1,10,1000,0,0,7.256019525,0,92.86814385
0.11,0.001,0.0003,0.1,1.1,100,1000,0,0,0.505243371,0,6.925794386
0.11,0.001,0.0003,0.1,1.1,1000,1000,0,0,0.033179206,0,0.007167464
0.11,0.001,0.0003,0.1,1.5,10,1000,0,0,6.158447651,0,41.19769243
0.11,0.001,0.0003,0.1,1.5,100,1000,0,0,0.529142257,0,7.301003119
0.11,0.001,0.0003,0.1,1.5,1000,1000,0,0,0.030668389,0,0.001445355
0.11,0.001,0.0003,0.1,2,10,1000,0,0,6.012621889,0,63.54456161
0.11,0.001,0.0003,0.1,2,100,1000,0,0,0.474619844,0,3.892372296
0.11,0.001,0.0003,0.1,2,1000,1000,0,0,0.032451245,0,0.002857948
0.11,0.001,0.0003,0.1,2.5,10,1000,0,0,6.350196332,0,76.51038198
0.11,0.001,0.0003,0.1,2.5,100,1000,0,0,0.514405216,0,9.45364239
0.11,0.001,0.0003,0.1,2.5,1000,1000,0,0,0.029726763,0,0.000309738
0.11,0.001,0.0003,0.1,3,10,1000,0,0,6.225618147,0,111.9944326
0.11,0.001,0.0003,0.1,3,100,1000,0,0,0.460540001,0,2.429417332
0.11,0.001,0.0003,0.1,3,1000,1000,0,0,0.033786328,0,0.00322837
0.11,0.001,0.0003,1,0.1,10,1000,0,0,1.737351365,0,61.62000605
0.11,0.001,0.0003,1,0.1,100,1000,0,0,0.180890173,0,3.401820984
0.11,0.001,0.0003,1,0.1,1000,1000,0,0,0.005255898,0,0.000376584
0.11,0.001,0.0003,1,0.5,10,1000,0,0,1.151215962,0,39.6133391
0.11,0.001,0.0003,1,0.5,100,1000,0,0,0.061274813,0,0.435102985
0.11,0.001,0.0003,1,0.5,1000,1000,0,0,0.003144428,0,3.99E-06
0.11,0.001,0.0003,1,1.1,10,1000,0,0,0.728853434,0,9.360406511
0.11,0.001,0.0003,1,1.1,100,1000,0,0,0.039559536,0,0.077554934
0.11,0.001,0.0003,1,1.1,1000,1000,0,0,0.002980414,0,2.94E-06
0.11,0.001,0.0003,1,1.5,10,1000,0,0,0.616070192,0,5.116358574
0.11,0.001,0.0003,1,1.5,100,1000,0,0,0.044010719,0,0.108823599
0.11,0.001,0.0003,1,1.5,1000,1000,0,0,0.002909445,0,2.79E-06
0.11,0.001,0.0003,1,2,10,1000,0,0,0.471040679,0,0.185897389
0.11,0.001,0.0003,1,2,100,1000,0,0,0.03657536,0,0.037846941
0.11,0.001,0.0003,1,2,1000,1000,0,0,0.003023843,0,2.82E-06
0.11,0.001,0.0003,1,2.5,10,1000,0,0,0.591668328,0,12.29168611
0.11,0.001,0.0003,1,2.5,100,1000,0,0,0.031925261,0,0.001075551
0.11,0.001,0.0003,1,2.5,1000,1000,0,0,0.002935119,0,3.00E-06
0.11,0.001,0.0003,1,3,10,1000,0,0,0.427671609,0,0.129523553
0.11,0.001,0.0003,1,3,100,1000,0,0,0.029663463,0,0.000316357
0.11,0.001,0.0003,1,3,1000,1000,0,0,0.003070377,0,3.14E-06
0.11,0.001,0.001,1.00E-05,0.1,10,1000,0,0,1.079702102,0,33.06262883
0.11,0.001,0.001,1.00E-05,0.1,100,1000,0,0,0.119109209,0,1.914774968
0.11,0.001,0.001,1.00E-05,0.1,1000,1000,0,0,0.002244853,0,0.000965939
0.11,0.001,0.001,1.00E-05,0.5,10,1000,0,0,0.813072126,0,9.302863751
0.11,0.001,0.001,1.00E-05,0.5,100,1000,0,0,0.074786295,0,0.405779828
0.11,0.001,0.001,1.00E-05,0.5,1000,1000,0,0,0.000826061,0,7.89E-07
0.11,0.001,0.001,1.00E-05,1.1,10,1000,0,0,0.764655874,0,8.413428757
0.11,0.001,0.001,1.00E-05,1.1,100,1000,0,0,0.186867236,0,5.858525051
0.11,0.001,0.001,1.00E-05,1.1,1000,1000,0,0,0.000776524,0,5.75E-07
0.11,0.001,0.001,1.00E-05,1.5,10,1000,0,0,0.957896232,0,42.24601754
0.11,0.001,0.001,1.00E-05,1.5,100,1000,0,0,0.121645913,0,3.428792755
0.11,0.001,0.001,1.00E-05,1.5,1000,1000,0,0,0.011215606,0,0.107351748
0.11,0.001,0.001,1.00E-05,2,10,1000,0,0,0.959818679,0,48.80772162
0.11,0.001,0.001,1.00E-05,2,100,1000,0,0,0.054146018,0,0.156640238
0.11,0.001,0.001,1.00E-05,2,1000,1000,0,0,0.000857532,0,7.45E-07
0.11,0.001,0.001,1.00E-05,2.5,10,1000,0,0,0.917876824,0,21.83306146
0.11,0.001,0.001,1.00E-05,2.5,100,1000,0,0,0.060172931,0,0.403621924
0.11,0.001,0.001,1.00E-05,2.5,1000,1000,0,0,0.001049365,0,4.64E-05
0.11,0.001,0.001,1.00E-05,3,10,1000,0,0,1.168716452,0,35.32182287
0.11,0.001,0.001,1.00E-05,3,100,1000,0,0,0.126487347,0,2.176015773
0.11,0.001,0.001,1.00E-05,3,1000,1000,0,0,0.003236857,0,0.005787365
0.11,0.001,0.001,0.001,0.1,10,1000,0,0,0.980829411,0,22.13167137
0.11,0.001,0.001,0.001,0.1,100,1000,0,0,0.114097831,0,1.524151861
0.11,0.001,0.001,0.001,0.1,1000,1000,0,0,0.000971514,0,1.19E-05
0.11,0.001,0.001,0.001,0.5,10,1000,0,0,1.184914711,0,45.16076998
0.11,0.001,0.001,0.001,0.5,100,1000,0,0,0.137772699,0,2.862124669
0.11,0.001,0.001,0.001,0.5,1000,1000,0,0,0.000996858,0,1.35E-05
0.11,0.001,0.001,0.001,1.1,10,1000,0,0,0.94253019,0,26.67471124
0.11,0.001,0.001,0.001,1.1,100,1000,0,0,0.184674073,0,14.00859222
0.11,0.001,0.001,0.001,1.1,1000,1000,0,0,0.001411776,0,0.000288642
0.11,0.001,0.001,0.001,1.5,10,1000,0,0,1.02811848,0,25.495343
0.11,0.001,0.001,0.001,1.5,100,1000,0,0,0.163757932,0,3.43287635
0.11,0.001,0.001,0.001,1.5,1000,1000,0,0,0.000962315,0,2.22E-05
0.11,0.001,0.001,0.001,2,10,1000,0,0,1.015850806,0,24.8202379
0.11,0.001,0.001,0.001,2,100,1000,0,0,0.06858655,0,0.787413903
0.11,0.001,0.001,0.001,2,1000,1000,0,0,0.053694598,0,2.788800679
0.11,0.001,0.001,0.001,2.5,10,1000,0,0,1.150887046,0,38.68168555
0.11,0.001,0.001,0.001,2.5,100,1000,0,0,0.088611477,0,0.684229602
0.11,0.001,0.001,0.001,2.5,1000,1000,0,0,0.007389878,0,0.041989437
0.11,0.001,0.001,0.001,3,10,1000,0,0,0.662800006,0,4.482754967
0.11,0.001,0.001,0.001,3,100,1000,0,0,0.074943598,0,0.377158833
0.11,0.001,0.001,0.001,3,1000,1000,0,0,0.000798872,0,6.84E-07
0.11,0.001,0.001,0.1,0.1,10,1000,0,0,0.684672042,0,14.87209238
0.11,0.001,0.001,0.1,0.1,100,1000,0,0,0.07310379,0,0.623035377
0.11,0.001,0.001,0.1,0.1,1000,1000,0,0,0.008334114,0,0.042733985
0.11,0.001,0.001,0.1,0.5,10,1000,0,0,0.782343343,0,22.47262701
0.11,0.001,0.001,0.1,0.5,100,1000,0,0,0.119665749,0,3.56952715
0.11,0.001,0.001,0.1,0.5,1000,1000,0,0,0.000789652,0,6.75E-07
0.11,0.001,0.001,0.1,1.1,10,1000,0,0,0.570127009,0,8.093965478
0.11,0.001,0.001,0.1,1.1,100,1000,0,0,0.030750208,0,0.012974548
0.11,0.001,0.001,0.1,1.1,1000,1000,0,0,0.000764775,0,5.88E-07
0.11,0.001,0.001,0.1,1.5,10,1000,0,0,0.601104206,0,12.98078781
0.11,0.001,0.001,0.1,1.5,100,1000,0,0,0.073024569,0,0.533022231
0.11,0.001,0.001,0.1,1.5,1000,1000,0,0,0.000754084,0,5.74E-07
0.11,0.001,0.001,0.1,2,10,1000,0,0,0.4856991,0,3.402032591
0.11,0.001,0.001,0.1,2,100,1000,0,0,0.0571395,0,0.592783343
0.11,0.001,0.001,0.1,2,1000,1000,0,0,0.000798781,0,6.32E-07
0.11,0.001,0.001,0.1,2.5,10,1000,0,0,0.556057535,0,6.990562158
0.11,0.001,0.001,0.1,2.5,100,1000,0,0,0.152458327,0,7.537781012
0.11,0.001,0.001,0.1,2.5,1000,1000,0,0,0.079879483,0,6.249486744
0.11,0.001,0.001,0.1,3,10,1000,0,0,0.674124098,0,16.38190921
0.11,0.001,0.001,0.1,3,100,1000,0,0,0.030933984,0,0.011722089
0.11,0.001,0.001,0.1,3,1000,1000,0,0,0.011454943,0,0.113640439
0.11,0.001,0.001,1,0.1,10,1000,0,0,0.727210514,0,48.36353951
0.11,0.001,0.001,1,0.1,100,1000,0,0,0.039182186,0,0.319265118
0.11,0.001,0.001,1,0.1,1000,1000,0,0,0.000461313,0,2.26E-07
0.11,0.001,0.001,1,0.5,10,1000,0,0,0.257464452,0,13.29199771
0.11,0.001,0.001,1,0.5,100,1000,0,0,0.008143976,0,6.56E-05
0.11,0.001,0.001,1,0.5,1000,1000,0,0,0.000459235,0,2.03E-07
0.11,0.001,0.001,1,1.1,10,1000,0,0,0.405205607,0,36.43906518
0.11,0.001,0.001,1,1.1,100,1000,0,0,0.068693877,0,1.484104908
0.11,0.001,0.001,1,1.1,1000,1000,0,0,0.000460195,0,2.02E-07
0.11,0.001,0.001,1,1.5,10,1000,0,0,0.130802997,0,1.219190749
0.11,0.001,0.001,1,1.5,100,1000,0,0,0.007837823,0,5.67E-05
0.11,0.001,0.001,1,1.5,1000,1000,0,0,0.000461521,0,2.35E-07
0.11,0.001,0.001,1,2,10,1000,0,0,0.08192992,0,0.006342643
0.11,0.001,0.001,1,2,100,1000,0,0,0.018056728,0,0.100789412
0.11,0.001,0.001,1,2,1000,1000,0,0,0.000452713,0,2.20E-07
0.11,0.001,0.001,1,2.5,10,1000,0,0,0.169396486,0,3.729712571
0.11,0.001,0.001,1,2.5,100,1000,0,0,0.012867424,0,0.025270217
0.11,0.001,0.001,1,2.5,1000,1000,0,0,0.000477589,0,2.19E-07
0.11,0.001,0.001,1,3,10,1000,0,0,0.091255833,0,0.132161714
0.11,0.001,0.001,1,3,100,1000,0,0,0.040677345,0,0.539319434
0.11,0.001,0.001,1,3,1000,1000,0,0,0.000449492,0,1.93E-07
0.11,0.001,0.003,1.00E-05,0.1,10,1000,0,0,0.689253307,0,6.84309302
0.11,0.001,0.003,1.00E-05,0.1,100,1000,0,0,0.072116,0,1.021573842
0.11,0.001,0.003,1.00E-05,0.1,1000,1000,0,0,0.001390601,0,0.001165604
0.11,0.001,0.003,1.00E-05,0.5,10,1000,0,0,0.641010525,0,4.756165049
0.11,0.001,0.003,1.00E-05,0.5,100,1000,0,0,0.060198341,0,0.443335045
0.11,0.001,0.003,1.00E-05,0.5,1000,1000,0,0,0.000310503,0,8.67E-08
0.11,0.001,0.003,1.00E-05,1.1,10,1000,0,0,0.72873254,0,13.82889
0.11,0.001,0.003,1.00E-05,1.1,100,1000,0,0,0.043926527,0,0.268292226
0.11,0.001,0.003,1.00E-05,1.1,1000,1000,0,0,0.007327171,0,0.047740894
0.11,0.001,0.003,1.00E-05,1.5,10,1000,0,0,0.815595836,0,19.58942016
0.11,0.001,0.003,1.00E-05,1.5,100,1000,0,0,0.090108697,0,3.495233353
0.11,0.001,0.003,1.00E-05,1.5,1000,1000,0,0,0.000317017,0,1.02E-07
0.11,0.001,0.003,1.00E-05,2,10,1000,0,0,0.552498402,0,1.646677026
0.11,0.001,0.003,1.00E-05,2,100,1000,0,0,0.042504269,0,0.123271951
0.11,0.001,0.003,1.00E-05,2,1000,1000,0,0,0.000324665,0,1.01E-07
0.11,0.001,0.003,1.00E-05,2.5,10,1000,0,0,0.675352211,0,15.52938709
0.11,0.001,0.003,1.00E-05,2.5,100,1000,0,0,0.148253599,0,4.242887395
0.11,0.001,0.003,1.00E-05,2.5,1000,1000,0,0,0.000331808,0,1.02E-07
0.11,0.001,0.003,1.00E-05,3,10,1000,0,0,0.609267122,0,4.211149103
0.11,0.001,0.003,1.00E-05,3,100,1000,0,0,0.038983481,0,0.301640967
0.11,0.001,0.003,1.00E-05,3,1000,1000,0,0,0.004297855,0,0.015919083
0.11,0.001,0.003,0.001,0.1,10,1000,0,0,1.014660202,0,57.00541495
0.11,0.001,0.003,0.001,0.1,100,1000,0,0,0.028049193,0,0.029531742
0.11,0.001,0.003,0.001,0.1,1000,1000,0,0,0.000312784,0,9.73E-08
0.11,0.001,0.003,0.001,0.5,10,1000,0,0,0.847211315,0,30.12440173
0.11,0.001,0.003,0.001,0.5,100,1000,0,0,0.098183061,0,3.657761504
0.11,0.001,0.003,0.001,0.5,1000,1000,0,0,0.006047357,0,0.023698608
0.11,0.001,0.003,0.001,1.1,10,1000,0,0,0.850580262,0,12.06317151
0.11,0.001,0.003,0.001,1.1,100,1000,0,0,0.065908052,0,0.830015674
0.11,0.001,0.003,0.001,1.1,1000,1000,0,0,0.000431759,0,1.22E-05
0.11,0.001,0.003,0.001,1.5,10,1000,0,0,0.72738467,0,10.65028537
0.11,0.001,0.003,0.001,1.5,100,1000,0,0,0.027181005,0,0.01702621
0.11,0.001,0.003,0.001,1.5,1000,1000,0,0,0.000303707,0,9.33E-08
0.11,0.001,0.003,0.001,2,10,1000,0,0,0.792164581,0,16.65627572
0.11,0.001,0.003,0.001,2,100,1000,0,0,0.119399746,0,3.637490599
0.11,0.001,0.003,0.001,2,1000,1000,0,0,0.010251833,0,0.054307755
0.11,0.001,0.003,0.001,2.5,10,1000,0,0,0.697521838,0,5.328671473
0.11,0.001,0.003,0.001,2.5,100,1000,0,0,0.066684555,0,1.127720858
0.11,0.001,0.003,0.001,2.5,1000,1000,0,0,0.000319684,0,1.06E-07
0.11,0.001,0.003,0.001,3,10,1000,0,0,0.700953203,0,6.415887881
0.11,0.001,0.003,0.001,3,100,1000,0,0,0.16888467,0,4.352328507
0.11,0.001,0.003,0.001,3,1000,1000,0,0,0.000309207,0,1.01E-07
0.11,0.001,0.003,0.1,0.1,10,1000,0,0,0.536563381,0,9.321494906
0.11,0.001,0.003,0.1,0.1,100,1000,0,0,0.063478886,0,0.719729103
0.11,0.001,0.003,0.1,0.1,1000,1000,0,0,0.000298565,0,1.00E-07
0.11,0.001,0.003,0.1,0.5,10,1000,0,0,0.616312394,0,14.82097511
0.11,0.001,0.003,0.1,0.5,100,1000,0,0,0.079409522,0,2.429298538
0.11,0.001,0.003,0.1,0.5,1000,1000,0,0,0.005371397,0,0.021793657
0.11,0.001,0.003,0.1,1.1,10,1000,0,0,0.488049049,0,6.249250983
0.11,0.001,0.003,0.1,1.1,100,1000,0,0,0.052400692,0,0.510972732
0.11,0.001,0.003,0.1,1.1,1000,1000,0,0,0.015736126,0,0.181726799
0.11,0.001,0.003,0.1,1.5,10,1000,0,0,0.606977276,0,17.99730095
0.11,0.001,0.003,0.1,1.5,100,1000,0,0,0.050340358,0,0.342660095
0.11,0.001,0.003,0.1,1.5,1000,1000,0,0,0.00057379,0,7.92E-05
0.11,0.001,0.003,0.1,2,10,1000,0,0,0.502875878,0,5.956010067
0.11,0.001,0.003,0.1,2,100,1000,0,0,0.045677156,0,0.413817223
0.11,0.001,0.003,0.1,2,1000,1000,0,0,0.000567108,0,7.28E-05
0.11,0.001,0.003,0.1,2.5,10,1000,0,0,0.480856413,0,5.087582061
0.11,0.001,0.003,0.1,2.5,100,1000,0,0,0.098663881,0,2.134238069
0.11,0.001,0.003,0.1,2.5,1000,1000,0,0,0.001131613,0,0.000682209
0.11,0.001,0.003,0.1,3,10,1000,0,0,0.384347408,0,0.971721874
0.11,0.001,0.003,0.1,3,100,1000,0,0,0.107384644,0,2.768373389
0.11,0.001,0.003,0.1,3,1000,1000,0,0,0.000323599,0,9.60E-08
0.11,0.001,0.003,1,0.1,10,1000,0,0,0.200757048,0,2.894585989
0.11,0.001,0.003,1,0.1,100,1000,0,0,0.008167645,0,0.00092684
0.11,0.001,0.003,1,0.1,1000,1000,0,0,0.000235631,0,6.01E-08
0.11,0.001,0.003,1,0.5,10,1000,0,0,0.210964588,0,4.344293523
0.11,0.001,0.003,1,0.5,100,1000,0,0,0.044339502,0,1.048392875
0.11,0.001,0.003,1,0.5,1000,1000,0,0,0.000339475,0,9.31E-06
0.11,0.001,0.003,1,1.1,10,1000,0,0,0.306705208,0,21.7866187
0.11,0.001,0.003,1,1.1,100,1000,0,0,0.029208268,0,0.466521414
0.11,0.001,0.003,1,1.1,1000,1000,0,0,0.000704184,0,0.000215686
0.11,0.001,0.003,1,1.5,10,1000,0,0,0.090786872,0,0.052184452
0.11,0.001,0.003,1,1.5,100,1000,0,0,0.063134589,0,1.689590724
0.11,0.001,0.003,1,1.5,1000,1000,0,0,0.000245425,0,6.66E-08
0.11,0.001,0.003,1,2,10,1000,0,0,0.081630776,0,0.0063663
0.11,0.001,0.003,1,2,100,1000,0,0,0.017920876,0,0.132210978
0.11,0.001,0.003,1,2,1000,1000,0,0,0.000238398,0,6.10E-08
0.11,0.001,0.003,1,2.5,10,1000,0,0,0.107028787,0,0.763159529
0.11,0.001,0.003,1,2.5,100,1000,0,0,0.034121701,0,0.743484572
0.11,0.001,0.003,1,2.5,1000,1000,0,0,0.000229783,0,4.97E-08
0.11,0.001,0.003,1,3,10,1000,0,0,0.141759422,0,3.118924555
0.11,0.001,0.003,1,3,100,1000,0,0,0.045474564,0,0.717913992
0.11,0.001,0.003,1,3,1000,1000,0,0,0.000234485,0,5.33E-08
0.11,0.1,0.0001,1.00E-05,0.1,10,1000,0,0,52.82122683,0,1822.272595
0.11,0.1,0.0001,1.00E-05,0.1,100,1000,0,0,1.106667005,0,0.19849023
0.11,0.1,0.0001,1.00E-05,0.1,1000,1000,0,0,0.091394816,0,0.000970087
0.11,0.1,0.0001,1.00E-05,0.5,10,1000,0,0,58.61892319,0,2487.858216
0.11,0.1,0.0001,1.00E-05,0.5,100,1000,0,0,1.103527431,0,0.188012495
0.11,0.1,0.0001,1.00E-05,0.5,1000,1000,0,0,0.094035109,0,0.001104233
0.11,0.1,0.0001,1.00E-05,1.1,10,1000,0,0,60.40078901,0,1984.400496
0.11,0.1,0.0001,1.00E-05,1.1,100,1000,0,0,1.101459118,0,0.197131836
0.11,0.1,0.0001,1.00E-05,1.1,1000,1000,0,0,0.091900267,0,0.000970912
0.11,0.1,0.0001,1.00E-05,1.5,10,1000,0,0,50.32904447,0,1763.731886
0.11,0.1,0.0001,1.00E-05,1.5,100,1000,0,0,1.107551881,0,0.194428413
0.11,0.1,0.0001,1.00E-05,1.5,1000,1000,0,0,0.091810058,0,0.001071039
0.11,0.1,0.0001,1.00E-05,2,10,1000,0,0,52.01752519,0,1784.598691
0.11,0.1,0.0001,1.00E-05,2,100,1000,0,0,1.11141733,0,0.20317651
0.11,0.1,0.0001,1.00E-05,2,1000,1000,0,0,0.092923517,0,0.00103528
0.11,0.1,0.0001,1.00E-05,2.5,10,1000,0,0,61.93723453,0,3120.234533
0.11,0.1,0.0001,1.00E-05,2.5,100,1000,0,0,1.094983529,0,0.180889069
0.11,0.1,0.0001,1.00E-05,2.5,1000,1000,0,0,0.093687749,0,0.001000435
0.11,0.1,0.0001,1.00E-05,3,10,1000,0,0,60.05872229,0,2269.140289
0.11,0.1,0.0001,1.00E-05,3,100,1000,0,0,1.114421568,0,0.177944064
0.11,0.1,0.0001,1.00E-05,3,1000,1000,0,0,0.090776834,0,0.000938526
0.11,0.1,0.0001,0.001,0.1,10,1000,0,0,57.02065529,0,2407.424236
0.11,0.1,0.0001,0.001,0.1,100,1000,0,0,1.09096492,0,0.178557707
0.11,0.1,0.0001,0.001,0.1,1000,1000,0,0,0.092495114,0,0.000902649
0.11,0.1,0.0001,0.001,0.5,10,1000,0,0,51.98831424,0,1946.035244
0.11,0.1,0.0001,0.001,0.5,100,1000,0,0,1.085467471,0,0.177923451
0.11,0.1,0.0001,0.001,0.5,1000,1000,0,0,0.090877663,0,0.000956961
0.11,0.1,0.0001,0.001,1.1,10,1000,0,0,54.96928739,0,1889.604837
0.11,0.1,0.0001,0.001,1.1,100,1000,0,0,1.089829584,0,0.190174192
0.11,0.1,0.0001,0.001,1.1,1000,1000,0,0,0.090823838,0,0.000877121
0.11,0.1,0.0001,0.001,1.5,10,1000,0,0,55.15272875,0,2738.524021
0.11,0.1,0.0001,0.001,1.5,100,1000,0,0,1.065739458,0,0.182175922
0.11,0.1,0.0001,0.001,1.5,1000,1000,0,0,0.090640979,0,0.000899396
0.11,0.1,0.0001,0.001,2,10,1000,0,0,56.98455772,0,2614.237929
0.11,0.1,0.0001,0.001,2,100,1000,0,0,1.09545412,0,0.179026692
0.11,0.1,0.0001,0.001,2,1000,1000,0,0,0.091813686,0,0.001110079
0.11,0.1,0.0001,0.001,2.5,10,1000,0,0,52.02293589,0,1782.893079
0.11,0.1,0.0001,0.001,2.5,100,1000,0,0,1.074502906,0,0.158911124
0.11,0.1,0.0001,0.001,2.5,1000,1000,0,0,0.090726467,0,0.001008799
0.11,0.1,0.0001,0.001,3,10,1000,0,0,63.18276855,0,3972.006409
0.11,0.1,0.0001,0.001,3,100,1000,0,0,1.096811844,0,0.173496825
0.11,0.1,0.0001,0.001,3,1000,1000,0,0,0.092699792,0,0.001004818
0.11,0.1,0.0001,0.1,0.1,10,1000,0,0,47.93142448,0,1878.826976
0.11,0.1,0.0001,0.1,0.1,100,999,1,0.636363636,0.679277024,0,0.071133512
0.11,0.1,0.0001,0.1,0.1,1000,1000,0,0,0.056341128,0,0.000358975
0.11,0.1,0.0001,0.1,0.5,10,1000,0,0,48.20984744,0,1804.421366
0.11,0.1,0.0001,0.1,0.5,100,1000,0,0,0.573968098,0,0.047825111
0.11,0.1,0.0001,0.1,0.5,1000,1000,0,0,0.047901882,0,0.000266341
0.11,0.1,0.0001,0.1,1.1,10,1000,0,0,45.65798382,0,2057.425141
0.11,0.1,0.0001,0.1,1.1,100,1000,0,0,0.520481446,0,0.034648395
0.11,0.1,0.0001,0.1,1.1,1000,1000,0,0,0.045977588,0,0.000230085
0.11,0.1,0.0001,0.1,1.5,10,1000,0,0,48.00065623,0,2073.701609
0.11,0.1,0.0001,0.1,1.5,100,1000,0,0,0.508505324,0,0.033345987
0.11,0.1,0.0001,0.1,1.5,1000,1000,0,0,0.046259388,0,0.000252241
0.11,0.1,0.0001,0.1,2,10,1000,0,0,42.88879112,0,1398.899602
0.11,0.1,0.0001,0.1,2,100,1000,0,0,0.511183981,0,0.03292872
0.11,0.1,0.0001,0.1,2,1000,1000,0,0,0.046059139,0,0.000227023
0.11,0.1,0.0001,0.1,2.5,10,1000,0,0,43.5298321,0,1563.135411
0.11,0.1,0.0001,0.1,2.5,100,1000,0,0,0.520255748,0,0.037414095
0.11,0.1,0.0001,0.1,2.5,1000,1000,0,0,0.04557454,0,0.00023846
0.11,0.1,0.0001,0.1,3,10,1000,0,0,45.89697054,0,1957.584208
0.11,0.1,0.0001,0.1,3,100,1000,0,0,0.514242658,0,0.035081885
0.11,0.1,0.0001,0.1,3,1000,999,1,0.4,0.04461622,0,0.000209575
0.11,0.1,0.0001,1,0.1,10,1000,0,0,24.20808031,0,724.9083023
0.11,0.1,0.0001,1,0.1,100,1000,0,0,0.147306779,0,0.003040675
0.11,0.1,0.0001,1,0.1,1000,1000,0,0,0.012440455,0,1.71E-05
0.11,0.1,0.0001,1,0.5,10,1000,0,0,28.17174839,0,962.2831841
0.11,0.1,0.0001,1,0.5,100,999,1,0.5,0.10748623,0,0.001659264
0.11,0.1,0.0001,1,0.5,1000,999,1,0,0.008535725,0,8.24E-06
0.11,0.1,0.0001,1,1.1,10,1000,0,0,29.8562344,0,1068.175802
0.11,0.1,0.0001,1,1.1,100,1000,0,0,0.089725901,0,0.000963984
0.11,0.1,0.0001,1,1.1,1000,999,1,0.466666667,0.008320133,0,7.82E-06
0.11,0.1,0.0001,1,1.5,10,1000,0,0,30.90972619,0,1386.815549
0.11,0.1,0.0001,1,1.5,100,1000,0,0,0.088055982,0,0.000851915
0.11,0.1,0.0001,1,1.5,1000,1000,0,0,0.008194707,0,7.40E-06
0.11,0.1,0.0001,1,2,10,1000,0,0,32.06674478,0,1369.702221
0.11,0.1,0.0001,1,2,100,1000,0,0,0.087555284,0,0.000821359
0.11,0.1,0.0001,1,2,1000,999,1,0.6,0.008258297,0,8.18E-06
0.11,0.1,0.0001,1,2.5,10,1000,0,0,33.64749521,0,1481.437123
0.11,0.1,0.0001,1,2.5,100,1000,0,0,0.088213697,0,0.000904172
0.11,0.1,0.0001,1,2.5,1000,1000,0,0,0.008202691,0,7.40E-06
0.11,0.1,0.0001,1,3,10,1000,0,0,32.72925126,0,1345.403538
0.11,0.1,0.0001,1,3,100,1000,0,0,0.088170354,0,0.000889542
0.11,0.1,0.0001,1,3,1000,1000,0,0,0.00816611,0,7.01E-06
0.11,0.1,0.0003,1.00E-05,0.1,10,1000,0,0,7.56592306,0,76.95154495
0.11,0.1,0.0003,1.00E-05,0.1,100,1000,0,0,0.325524953,0,0.038796529
0.11,0.1,0.0003,1.00E-05,0.1,1000,1000,0,0,0.030760494,0,0.000297996
0.11,0.1,0.0003,1.00E-05,0.5,10,1000,0,0,7.687669308,0,115.5623838
0.11,0.1,0.0003,1.00E-05,0.5,100,1000,0,0,0.325896476,0,0.036327773
0.11,0.1,0.0003,1.00E-05,0.5,1000,1000,0,0,0.030685625,0,0.000351063
0.11,0.1,0.0003,1.00E-05,1.1,10,1000,0,0,7.776067761,0,103.6438686
0.11,0.1,0.0003,1.00E-05,1.1,100,1000,0,0,0.331901624,0,0.042705946
0.11,0.1,0.0003,1.00E-05,1.1,1000,1000,0,0,0.031202643,0,0.000312287
0.11,0.1,0.0003,1.00E-05,1.5,10,1000,0,0,7.972566884,0,110.3851047
0.11,0.1,0.0003,1.00E-05,1.5,100,1000,0,0,0.320544947,0,0.03635169
0.11,0.1,0.0003,1.00E-05,1.5,1000,1000,0,0,0.031026558,0,0.000326558
0.11,0.1,0.0003,1.00E-05,2,10,1000,0,0,8.52454888,0,152.7774359
0.11,0.1,0.0003,1.00E-05,2,100,1000,0,0,0.321696051,0,0.038521899
0.11,0.1,0.0003,1.00E-05,2,1000,1000,0,0,0.030573608,0,0.000303774
0.11,0.1,0.0003,1.00E-05,2.5,10,1000,0,0,8.179466873,0,148.1367365
0.11,0.1,0.0003,1.00E-05,2.5,100,1000,0,0,0.328573545,0,0.040497182
0.11,0.1,0.0003,1.00E-05,2.5,1000,1000,0,0,0.030343066,0,0.000300396
0.11,0.1,0.0003,1.00E-05,3,10,1000,0,0,8.40716616,0,139.880352
0.11,0.1,0.0003,1.00E-05,3,100,1000,0,0,0.325781553,0,0.042477835
0.11,0.1,0.0003,1.00E-05,3,1000,1000,0,0,0.031322784,0,0.000331519
0.11,0.1,0.0003,0.001,0.1,10,1000,0,0,7.708298461,0,103.5925007
0.11,0.1,0.0003,0.001,0.1,100,1000,0,0,0.319053496,0,0.03874935
0.11,0.1,0.0003,0.001,0.1,1000,1000,0,0,0.030491521,0,0.00033713
0.11,0.1,0.0003,0.001,0.5,10,1000,0,0,7.71716921,0,100.3012699
0.11,0.1,0.0003,0.001,0.5,100,1000,0,0,0.317869241,0,0.034815343
0.11,0.1,0.0003,0.001,0.5,1000,1000,0,0,0.030896282,0,0.00035101
0.11,0.1,0.0003,0.001,1.1,10,1000,0,0,8.150394452,0,129.4016254
0.11,0.1,0.0003,0.001,1.1,100,1000,0,0,0.32100576,0,0.036527907
0.11,0.1,0.0003,0.001,1.1,1000,1000,0,0,0.029521449,0,0.000292943
0.11,0.1,0.0003,0.001,1.5,10,1000,0,0,7.692539674,0,86.436321
0.11,0.1,0.0003,0.001,1.5,100,1000,0,0,0.319752138,0,0.037728623
0.11,0.1,0.0003,0.001,1.5,1000,1000,0,0,0.030263305,0,0.000322129
0.11,0.1,0.0003,0.001,2,10,1000,0,0,8.13606907,0,132.2264485
0.11,0.1,0.0003,0.001,2,100,1000,0,0,0.3099958,0,0.035874809
0.11,0.1,0.0003,0.001,2,1000,1000,0,0,0.031520638,0,0.000334105
0.11,0.1,0.0003,0.001,2.5,10,1000,0,0,8.506502676,0,250.3205041
0.11,0.1,0.0003,0.001,2.5,100,1000,0,0,0.31802385,0,0.038917472
0.11,0.1,0.0003,0.001,2.5,1000,1000,0,0,0.030704507,0,0.000305878
0.11,0.1,0.0003,0.001,3,10,1000,0,0,8.649350352,0,157.6309424
0.11,0.1,0.0003,0.001,3,100,1000,0,0,0.31737718,0,0.037897673
0.11,0.1,0.0003,0.001,3,1000,1000,0,0,0.029847691,0,0.000305027
0.11,0.1,0.0003,0.1,0.1,10,1000,0,0,5.467448011,0,98.19692872
0.11,0.1,0.0003,0.1,0.1,100,1000,0,0,0.206283565,0,0.015562228
0.11,0.1,0.0003,0.1,0.1,1000,1000,0,0,0.018750818,0,0.000120922
0.11,0.1,0.0003,0.1,0.5,10,1000,0,0,4.521487521,0,54.92397387
0.11,0.1,0.0003,0.1,0.5,100,1000,0,0,0.172027975,0,0.010147025
0.11,0.1,0.0003,0.1,0.5,1000,1000,0,0,0.015262925,0,8.33E-05
0.11,0.1,0.0003,0.1,1.1,10,1000,0,0,3.754857808,0,36.62310966
0.11,0.1,0.0003,0.1,1.1,100,1000,0,0,0.156244484,0,0.008011379
0.11,0.1,0.0003,0.1,1.1,1000,1000,0,0,0.015395277,0,7.53E-05
0.11,0.1,0.0003,0.1,1.5,10,1000,0,0,3.664778391,0,30.74728828
0.11,0.1,0.0003,0.1,1.5,100,1000,0,0,0.161473129,0,0.009268304
0.11,0.1,0.0003,0.1,1.5,1000,1000,0,0,0.014651403,0,6.98E-05
0.11,0.1,0.0003,0.1,2,10,1000,0,0,3.693751064,0,49.69220568
0.11,0.1,0.0003,0.1,2,100,1000,0,0,0.160064426,0,0.008693308
0.11,0.1,0.0003,0.1,2,1000,1000,0,0,0.014804366,0,7.48E-05
0.11,0.1,0.0003,0.1,2.5,10,1000,0,0,3.300920448,0,25.25096298
0.11,0.1,0.0003,0.1,2.5,100,1000,0,0,0.160895652,0,0.008879119
0.11,0.1,0.0003,0.1,2.5,1000,1000,0,0,0.015257376,0,7.46E-05
0.11,0.1,0.0003,0.1,3,10,1000,0,0,3.359722896,0,20.83050895
0.11,0.1,0.0003,0.1,3,100,1000,0,0,0.160256006,0,0.009694368
0.11,0.1,0.0003,0.1,3,1000,1000,0,0,0.014530413,0,6.63E-05
0.11,0.1,0.0003,1,0.1,10,1000,0,0,1.04327246,0,5.987178848
0.11,0.1,0.0003,1,0.1,100,1000,0,0,0.046151054,0,0.000779873
0.11,0.1,0.0003,1,0.1,1000,999,1,0.25,0.004023979,0,6.37E-06
0.11,0.1,0.0003,1,0.5,10,1000,0,0,0.765543866,0,1.129118111
0.11,0.1,0.0003,1,0.5,100,1000,0,0,0.032249555,0,0.000427247
0.11,0.1,0.0003,1,0.5,1000,1000,0,0,0.00279668,0,2.83E-06
0.11,0.1,0.0003,1,1.1,10,1000,0,0,0.548312575,0,0.247583353
0.11,0.1,0.0003,1,1.1,100,1000,0,0,0.02794839,0,0.000266856
0.11,0.1,0.0003,1,1.1,1000,1000,0,0,0.002737352,0,2.51E-06
0.11,0.1,0.0003,1,1.5,10,1000,0,0,0.497851242,0,0.196643076
0.11,0.1,0.0003,1,1.5,100,1000,0,0,0.027839196,0,0.000399297
0.11,0.1,0.0003,1,1.5,1000,1000,0,0,0.002637406,0,3.26E-06
0.11,0.1,0.0003,1,2,10,1000,0,0,0.439240673,0,0.163021372
0.11,0.1,0.0003,1,2,100,1000,0,0,0.028008383,0,0.00028684
0.11,0.1,0.0003,1,2,1000,1000,0,0,0.002825649,0,4.09E-06
0.11,0.1,0.0003,1,2.5,10,1000,0,0,0.421556138,0,0.146346101
0.11,0.1,0.0003,1,2.5,100,1000,0,0,0.028866511,0,0.000348801
0.11,0.1,0.0003,1,2.5,1000,1000,0,0,0.002717112,0,2.25E-06
0.11,0.1,0.0003,1,3,10,1000,0,0,0.407644414,0,0.181056394
0.11,0.1,0.0003,1,3,100,1000,0,0,0.028369743,0,0.000368931
0.11,0.1,0.0003,1,3,1000,999,1,0,0.002678026,0,3.03E-06
0.11,0.1,0.001,1.00E-05,0.1,10,1000,0,0,0.438735748,0,0.257379022
0.11,0.1,0.001,1.00E-05,0.1,100,1000,0,0,0.028453268,0,0.001004755
0.11,0.1,0.001,1.00E-05,0.1,1000,1000,0,0,0.000766092,0,6.49E-07
0.11,0.1,0.001,1.00E-05,0.5,10,1000,0,0,0.444672887,0,0.654645141
0.11,0.1,0.001,1.00E-05,0.5,100,1000,0,0,0.027703912,0,0.001188353
0.11,0.1,0.001,1.00E-05,0.5,1000,1000,0,0,0.00082236,0,7.43E-07
0.11,0.1,0.001,1.00E-05,1.1,10,1000,0,0,0.453045566,0,0.352169641
0.11,0.1,0.001,1.00E-05,1.1,100,1000,0,0,0.029312205,0,0.001049051
0.11,0.1,0.001,1.00E-05,1.1,1000,1000,0,0,0.000776365,0,7.72E-07
0.11,0.1,0.001,1.00E-05,1.5,10,1000,0,0,0.438029842,0,0.341747109
0.11,0.1,0.001,1.00E-05,1.5,100,1000,0,0,0.028448456,0,0.001717213
0.11,0.1,0.001,1.00E-05,1.5,1000,1000,0,0,0.000805863,0,6.93E-07
0.11,0.1,0.001,1.00E-05,2,10,1000,0,0,0.429782497,0,0.320755167
0.11,0.1,0.001,1.00E-05,2,100,1000,0,0,0.028614246,0,0.000856858
0.11,0.1,0.001,1.00E-05,2,1000,1000,0,0,0.000761837,0,5.71E-07
0.11,0.1,0.001,1.00E-05,2.5,10,1000,0,0,0.387685783,0,0.240647695
0.11,0.1,0.001,1.00E-05,2.5,100,1000,0,0,0.027453502,0,0.000975291
0.11,0.1,0.001,1.00E-05,2.5,1000,1000,0,0,0.000832163,0,3.19E-06
0.11,0.1,0.001,1.00E-05,3,10,1000,0,0,0.431130993,0,0.365268153
0.11,0.1,0.001,1.00E-05,3,100,1000,0,0,0.026970935,0,0.000916447
0.11,0.1,0.001,1.00E-05,3,1000,1000,0,0,0.00077962,0,6.15E-07
0.11,0.1,0.001,0.001,0.1,10,1000,0,0,0.430075004,0,0.294000208
0.11,0.1,0.001,0.001,0.1,100,1000,0,0,0.028170413,0,0.00082826
0.11,0.1,0.001,0.001,0.1,1000,1000,0,0,0.000766097,0,5.99E-07
0.11,0.1,0.001,0.001,0.5,10,1000,0,0,0.43473155,0,0.322329556
0.11,0.1,0.001,0.001,0.5,100,1000,0,0,0.028546026,0,0.000738379
0.11,0.1,0.001,0.001,0.5,1000,1000,0,0,0.000775136,0,5.76E-07
0.11,0.1,0.001,0.001,1.1,10,1000,0,0,0.41321889,0,0.303850983
0.11,0.1,0.001,0.001,1.1,100,1000,0,0,0.027468872,0,0.000784999
0.11,0.1,0.001,0.001,1.1,1000,1000,0,0,0.000793217,0,6.17E-07
0.11,0.1,0.001,0.001,1.5,10,1000,0,0,0.424895716,0,0.348285794
0.11,0.1,0.001,0.001,1.5,100,1000,0,0,0.025535552,0,0.000629984
0.11,0.1,0.001,0.001,1.5,1000,1000,0,0,0.000753093,0,6.05E-07
0.11,0.1,0.001,0.001,2,10,1000,0,0,0.423035464,0,0.28617044
0.11,0.1,0.001,0.001,2,100,1000,0,0,0.027012609,0,0.000755604
0.11,0.1,0.001,0.001,2,1000,1000,0,0,0.000773479,0,6.65E-07
0.11,0.1,0.001,0.001,2.5,10,1000,0,0,0.41119576,0,0.266507748
0.11,0.1,0.001,0.001,2.5,100,1000,0,0,0.029533674,0,0.001125318
0.11,0.1,0.001,0.001,2.5,1000,1000,0,0,0.00077179,0,6.69E-07
0.11,0.1,0.001,0.001,3,10,1000,0,0,0.453229798,0,0.37274755
0.11,0.1,0.001,0.001,3,100,1000,0,0,0.026500832,0,0.000777112
0.11,0.1,0.001,0.001,3,1000,1000,0,0,0.000823324,0,6.53E-07
0.11,0.1,0.001,0.1,0.1,10,1000,0,0,0.296521875,0,0.143848747
0.11,0.1,0.001,0.1,0.1,100,1000,0,0,0.020785134,0,0.000460025
0.11,0.1,0.001,0.1,0.1,1000,1000,0,0,0.000863261,0,6.41E-06
0.11,0.1,0.001,0.1,0.5,10,1000,0,0,0.336413882,0,0.277609196
0.11,0.1,0.001,0.1,0.5,100,1000,0,0,0.020623952,0,0.000499257
0.11,0.1,0.001,0.1,0.5,1000,1000,0,0,0.000783794,0,1.47E-06
0.11,0.1,0.001,0.1,1.1,10,1000,0,0,0.332210795,0,0.271881829
0.11,0.1,0.001,0.1,1.1,100,1000,0,0,0.022341685,0,0.000517438
0.11,0.1,0.001,0.1,1.1,1000,1000,0,0,0.000745821,0,9.77E-07
0.11,0.1,0.001,0.1,1.5,10,1000,0,0,0.307541232,0,0.164779471
0.11,0.1,0.001,0.1,1.5,100,1000,0,0,0.021025723,0,0.000494148
0.11,0.1,0.001,0.1,1.5,1000,1000,0,0,0.000697467,0,9.16E-07
0.11,0.1,0.001,0.1,2,10,1000,0,0,0.34371192,0,0.426738819
0.11,0.1,0.001,0.1,2,100,1000,0,0,0.023592833,0,0.000692269
0.11,0.1,0.001,0.1,2,1000,1000,0,0,0.000742526,0,6.39E-07
0.11,0.1,0.001,0.1,2.5,10,1000,0,0,0.326029727,0,0.357678705
0.11,0.1,0.001,0.1,2.5,100,1000,0,0,0.022322321,0,0.00049955
0.11,0.1,0.001,0.1,2.5,1000,1000,0,0,0.000745549,0,5.77E-07
0.11,0.1,0.001,0.1,3,10,1000,0,0,0.332574173,0,0.228309941
0.11,0.1,0.001,0.1,3,100,1000,0,0,0.021081767,0,0.000447042
0.11,0.1,0.001,0.1,3,1000,1000,0,0,0.000750856,0,7.43E-07
0.11,0.1,0.001,1,0.1,10,1000,0,0,0.137461365,0,0.163341099
0.11,0.1,0.001,1,0.1,100,1000,0,0,0.007494483,0,9.71E-05
0.11,0.1,0.001,1,0.1,1000,1000,0,0,0.000470804,0,2.61E-07
0.11,0.1,0.001,1,0.5,10,1000,0,0,0.123428877,0,0.089907363
0.11,0.1,0.001,1,0.5,100,1000,0,0,0.007490982,0,8.45E-05
0.11,0.1,0.001,1,0.5,1000,1000,0,0,0.000436653,0,1.79E-07
0.11,0.1,0.001,1,1.1,10,1000,0,0,0.112238586,0,0.110098279
0.11,0.1,0.001,1,1.1,100,1000,0,0,0.007617831,0,9.99E-05
0.11,0.1,0.001,1,1.1,1000,1000,0,0,0.000459434,0,2.55E-07
0.11,0.1,0.001,1,1.5,10,1000,0,0,0.102659568,0,0.072419908
0.11,0.1,0.001,1,1.5,100,1000,0,0,0.008457071,0,0.000403334
0.11,0.1,0.001,1,1.5,1000,1000,0,0,0.000441337,0,1.90E-07
0.11,0.1,0.001,1,2,10,1000,0,0,0.095921513,0,0.040924631
0.11,0.1,0.001,1,2,100,1000,0,0,0.007648391,0,5.43E-05
0.11,0.1,0.001,1,2,1000,1000,0,0,0.000451157,0,1.90E-07
0.11,0.1,0.001,1,2.5,10,1000,0,0,0.086817507,0,0.017927048
0.11,0.1,0.001,1,2.5,100,1000,0,0,0.007253161,0,5.57E-05
0.11,0.1,0.001,1,2.5,1000,1000,0,0,0.00042475,0,1.72E-07
0.11,0.1,0.001,1,3,10,1000,0,0,0.102134466,0,0.070447486
0.11,0.1,0.001,1,3,100,1000,0,0,0.007327376,0,8.50E-05
0.11,0.1,0.001,1,3,1000,1000,0,0,0.000430227,0,1.78E-07
0.11,0.1,0.003,1.00E-05,0.1,10,1000,0,0,0.389290654,0,0.228097944
0.11,0.1,0.003,1.00E-05,0.1,100,1000,0,0,0.017813976,0,0.00034821
0.11,0.1,0.003,1.00E-05,0.1,1000,1000,0,0,0.000315364,0,3.41E-07
0.11,0.1,0.003,1.00E-05,0.5,10,1000,0,0,0.392829085,0,0.276044811
0.11,0.1,0.003,1.00E-05,0.5,100,1000,0,0,0.018216408,0,0.000326286
0.11,0.1,0.003,1.00E-05,0.5,1000,1000,0,0,0.000346178,0,3.00E-07
0.11,0.1,0.003,1.00E-05,1.1,10,1000,0,0,0.411951048,0,0.354120743
0.11,0.1,0.003,1.00E-05,1.1,100,1000,0,0,0.019272505,0,0.000591866
0.11,0.1,0.003,1.00E-05,1.1,1000,1000,0,0,0.000313366,0,1.02E-07
0.11,0.1,0.003,1.00E-05,1.5,10,1000,0,0,0.391920441,0,0.252053743
0.11,0.1,0.003,1.00E-05,1.5,100,1000,0,0,0.01749669,0,0.000314508
0.11,0.1,0.003,1.00E-05,1.5,1000,1000,0,0,0.000311819,0,1.78E-07
0.11,0.1,0.003,1.00E-05,2,10,1000,0,0,0.41594958,0,0.349834651
0.11,0.1,0.003,1.00E-05,2,100,1000,0,0,0.019800839,0,0.000619644
0.11,0.1,0.003,1.00E-05,2,1000,1000,0,0,0.000340396,0,3.87E-07
0.11,0.1,0.003,1.00E-05,2.5,10,1000,0,0,0.39910831,0,0.232911777
0.11,0.1,0.003,1.00E-05,2.5,100,1000,0,0,0.018158273,0,0.000443148
0.11,0.1,0.003,1.00E-05,2.5,1000,1000,0,0,0.00031693,0,3.40E-07
0.11,0.1,0.003,1.00E-05,3,10,1000,0,0,0.401965203,0,0.267082309
0.11,0.1,0.003,1.00E-05,3,100,1000,0,0,0.018186484,0,0.000464567
0.11,0.1,0.003,1.00E-05,3,1000,1000,0,0,0.000328261,0,1.01E-07
0.11,0.1,0.003,0.001,0.1,10,1000,0,0,0.429611235,0,0.315244985
0.11,0.1,0.003,0.001,0.1,100,1000,0,0,0.01966382,0,0.001154223
0.11,0.1,0.003,0.001,0.1,1000,1000,0,0,0.000317619,0,1.36E-07
0.11,0.1,0.003,0.001,0.5,10,1000,0,0,0.406020955,0,0.28216128
0.11,0.1,0.003,0.001,0.5,100,1000,0,0,0.019462672,0,0.000640071
0.11,0.1,0.003,0.001,0.5,1000,1000,0,0,0.000296274,0,8.68E-08
0.11,0.1,0.003,0.001,1.1,10,1000,0,0,0.41501531,0,0.347434485
0.11,0.1,0.003,0.001,1.1,100,1000,0,0,0.018260777,0,0.000478653
0.11,0.1,0.003,0.001,1.1,1000,1000,0,0,0.000305246,0,1.06E-07
0.11,0.1,0.003,0.001,1.5,10,1000,0,0,0.41172857,0,0.426101753
0.11,0.1,0.003,0.001,1.5,100,1000,0,0,0.01982075,0,0.000548625
0.11,0.1,0.003,0.001,1.5,1000,1000,0,0,0.000319486,0,1.03E-07
0.11,0.1,0.003,0.001,2,10,1000,0,0,0.401061779,0,0.24420448
0.11,0.1,0.003,0.001,2,100,1000,0,0,0.017673908,0,0.000602791
0.11,0.1,0.003,0.001,2,1000,1000,0,0,0.00029644,0,8.06E-08
0.11,0.1,0.003,0.001,2.5,10,1000,0,0,0.402660535,0,0.277108198
0.11,0.1,0.003,0.001,2.5,100,1000,0,0,0.017506686,0,0.000334544
0.11,0.1,0.003,0.001,2.5,1000,1000,0,0,0.000293198,0,1.36E-07
0.11,0.1,0.003,0.001,3,10,1000,0,0,0.382570753,0,0.234286299
0.11,0.1,0.003,0.001,3,100,1000,0,0,0.018212866,0,0.000500165
0.11,0.1,0.003,0.001,3,1000,1000,0,0,0.000318094,0,9.85E-08
0.11,0.1,0.003,0.1,0.1,10,1000,0,0,0.296252241,0,0.143550907
0.11,0.1,0.003,0.1,0.1,100,1000,0,0,0.015650429,0,0.000317013
0.11,0.1,0.003,0.1,0.1,1000,1000,0,0,0.000312432,0,3.30E-07
0.11,0.1,0.003,0.1,0.5,10,1000,0,0,0.317542984,0,0.248134623
0.11,0.1,0.003,0.1,0.5,100,1000,0,0,0.015434333,0,0.000303907
0.11,0.1,0.003,0.1,0.5,1000,1000,0,0,0.000306294,0,1.23E-07
0.11,0.1,0.003,0.1,1.1,10,1000,0,0,0.330506834,0,0.253772465
0.11,0.1,0.003,0.1,1.1,100,1000,0,0,0.01608104,0,0.000708323
0.11,0.1,0.003,0.1,1.1,1000,1000,0,0,0.00029647,0,9.72E-08
0.11,0.1,0.003,0.1,1.5,10,1000,0,0,0.312454826,0,0.278480081
0.11,0.1,0.003,0.1,1.5,100,1000,0,0,0.015746847,0,0.000274928
0.11,0.1,0.003,0.1,1.5,1000,1000,0,0,0.000290464,0,8.06E-08
0.11,0.1,0.003,0.1,2,10,1000,0,0,0.314679969,0,0.197003238
0.11,0.1,0.003,0.1,2,100,1000,0,0,0.01546991,0,0.000249348
0.11,0.1,0.003,0.1,2,1000,1000,0,0,0.000300937,0,8.60E-08
0.11,0.1,0.003,0.1,2.5,10,1000,0,0,0.311946316,0,0.194928986
0.11,0.1,0.003,0.1,2.5,100,1000,0,0,0.01508816,0,0.000234729
0.11,0.1,0.003,0.1,2.5,1000,1000,0,0,0.000299019,0,8.07E-08
0.11,0.1,0.003,0.1,3,10,1000,0,0,0.305816569,0,0.2308515
0.11,0.1,0.003,0.1,3,100,1000,0,0,0.015379379,0,0.000311821
0.11,0.1,0.003,0.1,3,1000,1000,0,0,0.000301619,0,1.52E-07
0.11,0.1,0.003,1,0.1,10,1000,0,0,0.147580135,0,0.177331733
0.11,0.1,0.003,1,0.1,100,1000,0,0,0.0068057,0,0.000110178
0.11,0.1,0.003,1,0.1,1000,1000,0,0,0.000228062,0,5.18E-08
0.11,0.1,0.003,1,0.5,10,1000,0,0,0.122246462,0,0.182641081
0.11,0.1,0.003,1,0.5,100,1000,0,0,0.007656168,0,0.000419805
0.11,0.1,0.003,1,0.5,1000,1000,0,0,0.000246138,0,5.81E-08
0.11,0.1,0.003,1,1.1,10,1000,0,0,0.138369188,0,0.348370803
0.11,0.1,0.003,1,1.1,100,1000,0,0,0.006711598,0,0.00013882
0.11,0.1,0.003,1,1.1,1000,1000,0,0,0.000248197,0,1.81E-07
0.11,0.1,0.003,1,1.5,10,1000,0,0,0.100112688,0,0.063745962
0.11,0.1,0.003,1,1.5,100,1000,0,0,0.006318237,0,4.43E-05
0.11,0.1,0.003,1,1.5,1000,1000,0,0,0.000241806,0,8.17E-08
0.11,0.1,0.003,1,2,10,1000,0,0,0.090472764,0,0.041720204
0.11,0.1,0.003,1,2,100,1000,0,0,0.007076974,0,9.85E-05
0.11,0.1,0.003,1,2,1000,1000,0,0,0.000293981,0,1.65E-06
0.11,0.1,0.003,1,2.5,10,1000,0,0,0.089122686,0,0.02437474
0.11,0.1,0.003,1,2.5,100,1000,0,0,0.005957377,0,4.50E-05
0.11,0.1,0.003,1,2.5,1000,1000,0,0,0.000224305,0,4.59E-08
0.11,0.1,0.003,1,3,10,1000,0,0,0.100003108,0,0.056364007
0.11,0.1,0.003,1,3,100,1000,0,0,0.006511151,0,0.00013834
0.11,0.1,0.003,1,3,1000,1000,0,0,0.000239057,0,9.83E-08
0.12,0,0.0001,1.00E-05,0.1,10,1000,0,0,0,0,0
0.12,0,0.0001,1.00E-05,0.1,100,1000,0,0,0,0,0
0.12,0,0.0001,1.00E-05,0.1,1000,1000,0,0,0,0,0
0.12,0,0.0001,1.00E-05,0.5,10,1000,0,0,0,0,0
0.12,0,0.0001,1.00E-05,0.5,100,1000,0,0,0,0,0
0.12,0,0.0001,1.00E-05,0.5,1000,1000,0,0,0,0,0
0.12,0,0.0001,1.00E-05,1.1,10,1000,0,0,0,0,0
0.12,0,0.0001,1.00E-05,1.1,100,1000,0,0,0,0,0
0.12,0,0.0001,1.00E-05,1.1,1000,1000,0,0,0,0,0
0.12,0,0.0001,1.00E-05,1.5,10,1000,0,0,0,0,0
0.12,0,0.0001,1.00E-05,1.5,100,1000,0,0,0,0,0
0.12,0,0.0001,1.00E-05,1.5,1000,1000,0,0,0,0,0
0.12,0,0.0001,1.00E-05,2,10,1000,0,0,0,0,0
0.12,0,0.0001,1.00E-05,2,100,1000,0,0,0,0,0
0.12,0,0.0001,1.00E-05,2,1000,1000,0,0,0,0,0
0.12,0,0.0001,1.00E-05,2.5,10,1000,0,0,0,0,0
0.12,0,0.0001,1.00E-05,2.5,100,1000,0,0,0,0,0
0.12,0,0.0001,1.00E-05,2.5,1000,1000,0,0,0,0,0
0.12,0,0.0001,1.00E-05,3,10,1000,0,0,0,0,0
0.12,0,0.0001,1.00E-05,3,100,1000,0,0,0,0,0
0.12,0,0.0001,1.00E-05,3,1000,1000,0,0,0,0,0
0.12,0,0.0001,0.001,0.1,10,1000,0,0,0,0,0
0.12,0,0.0001,0.001,0.1,100,1000,0,0,0,0,0
0.12,0,0.0001,0.001,0.1,1000,1000,0,0,0,0,0
0.12,0,0.0001,0.001,0.5,10,1000,0,0,0,0,0
0.12,0,0.0001,0.001,0.5,100,1000,0,0,0,0,0
0.12,0,0.0001,0.001,0.5,1000,1000,0,0,0,0,0
0.12,0,0.0001,0.001,1.1,10,1000,0,0,0,0,0
0.12,0,0.0001,0.001,1.1,100,1000,0,0,0,0,0
0.12,0,0.0001,0.001,1.1,1000,1000,0,0,0,0,0
0.12,0,0.0001,0.001,1.5,10,1000,0,0,0,0,0
0.12,0,0.0001,0.001,1.5,100,1000,0,0,0,0,0
0.12,0,0.0001,0.001,1.5,1000,1000,0,0,0,0,0
0.12,0,0.0001,0.001,2,10,1000,0,0,0,0,0
0.12,0,0.0001,0.001,2,100,1000,0,0,0,0,0
0.12,0,0.0001,0.001,2,1000,1000,0,0,0,0,0
0.12,0,0.0001,0.001,2.5,10,1000,0,0,0,0,0
0.12,0,0.0001,0.001,2.5,100,1000,0,0,0,0,0
0.12,0,0.0001,0.001,2.5,1000,1000,0,0,0,0,0
0.12,0,0.0001,0.001,3,10,1000,0,0,0,0,0
0.12,0,0.0001,0.001,3,100,1000,0,0,0,0,0
0.12,0,0.0001,0.001,3,1000,1000,0,0,0,0,0
0.12,0,0.0001,0.1,0.1,10,1000,0,0,0,0,0
0.12,0,0.0001,0.1,0.1,100,1000,0,0,7.941235873,0,32.56977573
0.12,0,0.0001,0.1,0.1,1000,1000,0,0,0.330568377,0,0.006709962
0.12,0,0.0001,0.1,0.5,10,1000,0,0,0,0,0
0.12,0,0.0001,0.1,0.5,100,1000,0,0,4.694862989,0,8.850088074
0.12,0,0.0001,0.1,0.5,1000,1000,0,0,0.219440928,0,0.002886012
0.12,0,0.0001,0.1,1.1,10,1000,0,0,160.9572745,0,6527.06335
0.12,0,0.0001,0.1,1.1,100,1000,0,0,3.161746014,0,1.390413516
0.12,0,0.0001,0.1,1.1,1000,1000,0,0,0.20321438,0,0.002458728
0.12,0,0.0001,0.1,1.5,10,1000,0,0,167.0618809,0,11607.54683
0.12,0,0.0001,0.1,1.5,100,1000,0,0,2.898259538,0,1.946380626
0.12,0,0.0001,0.1,1.5,1000,1000,0,0,0.197909413,0,0.002278993
0.12,0,0.0001,0.1,2,10,1000,0,0,139.8047434,0,2577.795492
0.12,0,0.0001,0.1,2,100,1000,0,0,2.724122332,0,0.778278006
0.12,0,0.0001,0.1,2,1000,1000,0,0,0.197579755,0,0.002139855
0.12,0,0.0001,0.1,2.5,10,1000,0,0,131.3536133,0,1032.877192
0.12,0,0.0001,0.1,2.5,100,1000,0,0,2.648024307,0,0.615477285
0.12,0,0.0001,0.1,2.5,1000,1000,0,0,0.200143622,0,0.002182511
0.12,0,0.0001,0.1,3,10,1000,0,0,138.5979228,0,4241.555325
0.12,0,0.0001,0.1,3,100,1000,0,0,2.627725398,0,0.701833218
0.12,0,0.0001,0.1,3,1000,1000,0,0,0.199619582,0,0.002299304
0.12,0,0.0001,1,0.1,10,1000,0,0,83.97829125,0,2070.483185
0.12,0,0.0001,1,0.1,100,1000,0,0,0.44496737,0,0.01468039
0.12,0,0.0001,1,0.1,1000,1000,0,0,0.032005029,0,5.89E-05
0.12,0,0.0001,1,0.5,10,999,1,0.3,90.55143658,0,4217.792835
0.12,0,0.0001,1,0.5,100,999,1,0.545454545,0.304417959,0,0.005769008
0.12,0,0.0001,1,0.5,1000,997,3,0.345454545,0.021235686,0.068980716,2.36E-05
0.12,0,0.0001,1,1.1,10,1000,0,0,101.8981579,0,4390.896921
0.12,0,0.0001,1,1.1,100,994,6,0.430994152,0.243355579,0.043543999,0.003452222
0.12,0,0.0001,1,1.1,1000,995,5,0.434828283,0.019396,0.051031162,1.87E-05
0.12,0,0.0001,1,1.5,10,998,2,0.25,101.7016471,0.0625,7964.224593
0.12,0,0.0001,1,1.5,100,997,3,0.526385605,0.224522785,0.000289169,0.002845103
0.12,0,0.0001,1,1.5,1000,991,9,0.331340169,0.019417096,0.094383661,1.83E-05
0.12,0,0.0001,1,2,10,1000,0,0,109.279067,0,6749.738641
0.12,0,0.0001,1,2,100,993,7,0.317913832,0.21971817,0.043930975,0.002645534
0.12,0,0.0001,1,2,1000,991,9,0.282930727,0.019229904,0.064325494,1.87E-05
0.12,0,0.0001,1,2.5,10,1000,0,0,99.45226437,0,3584.276927
0.12,0,0.0001,1,2.5,100,993,7,0.432840444,0.21793553,0.037057139,0.002675449
0.12,0,0.0001,1,2.5,1000,992,8,0.322559793,0.018893318,0.063195771,1.96E-05
0.12,0,0.0001,1,3,10,998,2,0.473214286,100.7064718,0.009646046,4098.99714
0.12,0,0.0001,1,3,100,992,8,0.520880682,0.21884385,0.004597773,0.002735817
0.12,0,0.0001,1,3,1000,992,8,0.428841991,0.019423065,0.029015664,2.08E-05
0.12,0,0.0003,1.00E-05,0.1,10,1000,0,0,0,0,0
0.12,0,0.0003,1.00E-05,0.1,100,1000,0,0,0,0,0
0.12,0,0.0003,1.00E-05,0.1,1000,1000,0,0,0,0,0
0.12,0,0.0003,1.00E-05,0.5,10,1000,0,0,0,0,0
0.12,0,0.0003,1.00E-05,0.5,100,1000,0,0,0,0,0
0.12,0,0.0003,1.00E-05,0.5,1000,1000,0,0,0,0,0
0.12,0,0.0003,1.00E-05,1.1,10,1000,0,0,0,0,0
0.12,0,0.0003,1.00E-05,1.1,100,1000,0,0,0,0,0
0.12,0,0.0003,1.00E-05,1.1,1000,1000,0,0,0,0,0
0.12,0,0.0003,1.00E-05,1.5,10,1000,0,0,0,0,0
0.12,0,0.0003,1.00E-05,1.5,100,1000,0,0,0,0,0
0.12,0,0.0003,1.00E-05,1.5,1000,1000,0,0,0,0,0
0.12,0,0.0003,1.00E-05,2,10,1000,0,0,0,0,0
0.12,0,0.0003,1.00E-05,2,100,1000,0,0,0,0,0
0.12,0,0.0003,1.00E-05,2,1000,1000,0,0,0,0,0
0.12,0,0.0003,1.00E-05,2.5,10,1000,0,0,0,0,0
0.12,0,0.0003,1.00E-05,2.5,100,1000,0,0,0,0,0
0.12,0,0.0003,1.00E-05,2.5,1000,1000,0,0,0,0,0
0.12,0,0.0003,1.00E-05,3,10,1000,0,0,0,0,0
0.12,0,0.0003,1.00E-05,3,100,1000,0,0,0,0,0
0.12,0,0.0003,1.00E-05,3,1000,1000,0,0,0,0,0
0.12,0,0.0003,0.001,0.1,10,1000,0,0,0,0,0
0.12,0,0.0003,0.001,0.1,100,1000,0,0,0,0,0
0.12,0,0.0003,0.001,0.1,1000,1000,0,0,5.074073223,0,7.702307007
0.12,0,0.0003,0.001,0.5,10,1000,0,0,0,0,0
0.12,0,0.0003,0.001,0.5,100,1000,0,0,0,0,0
0.12,0,0.0003,0.001,0.5,1000,1000,0,0,6.240548393,0,9.127593594
0.12,0,0.0003,0.001,1.1,10,1000,0,0,0,0,0
0.12,0,0.0003,0.001,1.1,100,1000,0,0,0,0,0
0.12,0,0.0003,0.001,1.1,1000,1000,0,0,8.317328757,0,53.75598643
0.12,0,0.0003,0.001,1.5,10,1000,0,0,0,0,0
0.12,0,0.0003,0.001,1.5,100,1000,0,0,0,0,0
0.12,0,0.0003,0.001,1.5,1000,1000,0,0,5.002341713,0,4.508389272
0.12,0,0.0003,0.001,2,10,1000,0,0,0,0,0
0.12,0,0.0003,0.001,2,100,1000,0,0,0,0,0
0.12,0,0.0003,0.001,2,1000,1000,0,0,6.310851442,0,14.66124517
0.12,0,0.0003,0.001,2.5,10,1000,0,0,0,0,0
0.12,0,0.0003,0.001,2.5,100,1000,0,0,0,0,0
0.12,0,0.0003,0.001,2.5,1000,1000,0,0,4.651007946,0,6.526326617
0.12,0,0.0003,0.001,3,10,1000,0,0,0,0,0
0.12,0,0.0003,0.001,3,100,1000,0,0,0,0,0
0.12,0,0.0003,0.001,3,1000,1000,0,0,8.752353675,0,36.07407909
0.12,0,0.0003,0.1,0.1,10,1000,0,0,22.12048025,0,195.8499968
0.12,0,0.0003,0.1,0.1,100,1000,0,0,1.28334341,0,0.416583925
0.12,0,0.0003,0.1,0.1,1000,1000,0,0,0.098939501,0,0.001790475
0.12,0,0.0003,0.1,0.5,10,1000,0,0,28.18735726,0,440.6369903
0.12,0,0.0003,0.1,0.5,100,1000,0,0,0.811441859,0,0.145419881
0.12,0,0.0003,0.1,0.5,1000,1000,0,0,0.064441706,0,0.000693634
0.12,0,0.0003,0.1,1.1,10,1000,0,0,23.62712764,0,380.2363581
0.12,0,0.0003,0.1,1.1,100,1000,0,0,0.685465127,0,0.098255052
0.12,0,0.0003,0.1,1.1,1000,1000,0,0,0.061727752,0,0.000692682
0.12,0,0.0003,0.1,1.5,10,1000,0,0,25.12046495,0,404.6660488
0.12,0,0.0003,0.1,1.5,100,1000,0,0,0.661092158,0,0.087397531
0.12,0,0.0003,0.1,1.5,1000,1000,0,0,0.059489314,0,0.000556459
0.12,0,0.0003,0.1,2,10,1000,0,0,22.08090569,0,360.0022717
0.12,0,0.0003,0.1,2,100,1000,0,0,0.684645391,0,0.092392665
0.12,0,0.0003,0.1,2,1000,1000,0,0,0.063235251,0,0.000691597
0.12,0,0.0003,0.1,2.5,10,1000,0,0,24.66455791,0,441.382458
0.12,0,0.0003,0.1,2.5,100,1000,0,0,0.685157394,0,0.094101304
0.12,0,0.0003,0.1,2.5,1000,1000,0,0,0.062152054,0,0.000701636
0.12,0,0.0003,0.1,3,10,1000,0,0,21.40763822,0,467.3705746
0.12,0,0.0003,0.1,3,100,1000,0,0,0.669304085,0,0.085434012
0.12,0,0.0003,0.1,3,1000,1000,0,0,0.061858231,0,0.000678314
0.12,0,0.0003,1,0.1,10,1000,0,0,4.797976961,0,22.82781837
0.12,0,0.0003,1,0.1,100,1000,0,0,0.110720169,0,0.002164527
0.12,0,0.0003,1,0.1,1000,1000,0,0,0.009521721,0,1.55E-05
0.12,0,0.0003,1,0.5,10,1000,0,0,5.243337613,0,44.95081491
0.12,0,0.0003,1,0.5,100,1000,0,0,0.075656743,0,0.000955519
0.12,0,0.0003,1,0.5,1000,1000,0,0,0.006581452,0,7.08E-06
0.12,0,0.0003,1,1.1,10,1000,0,0,5.406384392,0,47.19012682
0.12,0,0.0003,1,1.1,100,1000,0,0,0.067282443,0,0.00074224
0.12,0,0.0003,1,1.1,1000,1000,0,0,0.00596346,0,5.69E-06
0.12,0,0.0003,1,1.5,10,1000,0,0,5.897618159,0,74.16460485
0.12,0,0.0003,1,1.5,100,1000,0,0,0.063342064,0,0.000727032
0.12,0,0.0003,1,1.5,1000,1000,0,0,0.006164204,0,6.15E-06
0.12,0,0.0003,1,2,10,1000,0,0,5.625961003,0,65.92336037
0.12,0,0.0003,1,2,100,1000,0,0,0.062722379,0,0.000672535
0.12,0,0.0003,1,2,1000,1000,0,0,0.006026902,0,5.77E-06
0.12,0,0.0003,1,2.5,10,1000,0,0,5.773621828,0,72.38278559
0.12,0,0.0003,1,2.5,100,1000,0,0,0.060927057,0,0.000670852
0.12,0,0.0003,1,2.5,1000,999,1,0,0.006122473,0,5.83E-06
0.12,0,0.0003,1,3,10,1000,0,0,6.265872925,0,88.67519018
0.12,0,0.0003,1,3,100,1000,0,0,0.064117801,0,0.000703125
0.12,0,0.0003,1,3,1000,1000,0,0,0.006152773,0,6.27E-06
0.12,0,0.001,1.00E-05,0.1,10,1000,0,0,1.860953554,0,0
0.12,0,0.001,1.00E-05,0.1,100,1000,0,0,0.96049348,0,0
0.12,0,0.001,1.00E-05,0.1,1000,1000,0,0,1.985795264,0,3.633617581
0.12,0,0.001,1.00E-05,0.5,10,1000,0,0,0,0,0
0.12,0,0.001,1.00E-05,0.5,100,1000,0,0,9.537031379,0,0
0.12,0,0.001,1.00E-05,0.5,1000,1000,0,0,1.657201816,0,3.462281396
0.12,0,0.001,1.00E-05,1.1,10,1000,0,0,0,0,0
0.12,0,0.001,1.00E-05,1.1,100,1000,0,0,5.048375966,0,11.19465135
0.12,0,0.001,1.00E-05,1.1,1000,1000,0,0,2.191506554,0,7.229137821
0.12,0,0.001,1.00E-05,1.5,10,1000,0,0,15.57060716,0,0
0.12,0,0.001,1.00E-05,1.5,100,1000,0,0,0.926987615,0,0.248792241
0.12,0,0.001,1.00E-05,1.5,1000,1000,0,0,0.955017044,0,0.920509496
0.12,0,0.001,1.00E-05,2,10,1000,0,0,9.736857041,0,0
0.12,0,0.001,1.00E-05,2,100,1000,0,0,0,0,0
0.12,0,0.001,1.00E-05,2,1000,1000,0,0,2.290032821,0,4.153568376
0.12,0,0.001,1.00E-05,2.5,10,1000,0,0,8.17389412,0,0
0.12,0,0.001,1.00E-05,2.5,100,1000,0,0,5.33787015,0,35.24736914
0.12,0,0.001,1.00E-05,2.5,1000,1000,0,0,0.896378595,0,0.43635891
0.12,0,0.001,1.00E-05,3,10,1000,0,0,15.66158658,0,0
0.12,0,0.001,1.00E-05,3,100,1000,0,0,9.108731646,0,6.867248342
0.12,0,0.001,1.00E-05,3,1000,1000,0,0,0.879149965,0,0.177026286
0.12,0,0.001,0.001,0.1,10,1000,0,0,7.229926776,0,69.04517129
0.12,0,0.001,0.001,0.1,100,1000,0,0,3.777824806,0,20.41002811
0.12,0,0.001,0.001,0.1,1000,1000,0,0,0.745483052,0,1.099184241
0.12,0,0.001,0.001,0.5,10,1000,0,0,7.87959388,0,66.11187294
0.12,0,0.001,0.001,0.5,100,1000,0,0,3.271630177,0,13.63722291
0.12,0,0.001,0.001,0.5,1000,1000,0,0,0.677009955,0,0.973139785
0.12,0,0.001,0.001,1.1,10,1000,0,0,6.948104181,0,54.27007187
0.12,0,0.001,0.001,1.1,100,1000,0,0,3.843977225,0,18.30645585
0.12,0,0.001,0.001,1.1,1000,1000,0,0,0.694828917,0,0.932335915
0.12,0,0.001,0.001,1.5,10,1000,0,0,9.055010696,0,115.7869663
0.12,0,0.001,0.001,1.5,100,1000,0,0,3.720327733,0,18.50471467
0.12,0,0.001,0.001,1.5,1000,1000,0,0,0.657530372,0,0.969307695
0.12,0,0.001,0.001,2,10,1000,0,0,7.190096993,0,55.12499285
0.12,0,0.001,0.001,2,100,1000,0,0,3.424536929,0,16.65500622
0.12,0,0.001,0.001,2,1000,1000,0,0,0.811488703,0,1.649871419
0.12,0,0.001,0.001,2.5,10,1000,0,0,8.2326433,0,82.06132698
0.12,0,0.001,0.001,2.5,100,1000,0,0,3.655554475,0,21.90150048
0.12,0,0.001,0.001,2.5,1000,1000,0,0,0.740956792,0,1.384358744
0.12,0,0.001,0.001,3,10,1000,0,0,6.575586359,0,32.13523628
0.12,0,0.001,0.001,3,100,1000,0,0,3.767308828,0,13.75354791
0.12,0,0.001,0.001,3,1000,1000,0,0,0.747964896,0,1.313365912
0.12,0,0.001,0.1,0.1,10,1000,0,0,1.538758477,0,2.60315876
0.12,0,0.001,0.1,0.1,100,1000,0,0,0.155215338,0,0.025639359
0.12,0,0.001,0.1,0.1,1000,1000,0,0,0.015113707,0,0.000240169
0.12,0,0.001,0.1,0.5,10,1000,0,0,1.261437724,0,1.700258258
0.12,0,0.001,0.1,0.5,100,1000,0,0,0.107804157,0,0.012511606
0.12,0,0.001,0.1,0.5,1000,1000,0,0,0.010161263,0,0.000112363
0.12,0,0.001,0.1,1.1,10,1000,0,0,1.097774057,0,1.386149634
0.12,0,0.001,0.1,1.1,100,1000,0,0,0.099088433,0,0.009560126
0.12,0,0.001,0.1,1.1,1000,1000,0,0,0.010482561,0,0.000104784
0.12,0,0.001,0.1,1.5,10,1000,0,0,1.04933544,0,1.172272621
0.12,0,0.001,0.1,1.5,100,1000,0,0,0.097499291,0,0.009505495
0.12,0,0.001,0.1,1.5,1000,1000,0,0,0.009872155,0,9.55E-05
0.12,0,0.001,0.1,2,10,1000,0,0,1.037004998,0,1.202525567
0.12,0,0.001,0.1,2,100,1000,0,0,0.100166339,0,0.010445886
0.12,0,0.001,0.1,2,1000,1000,0,0,0.009610573,0,9.92E-05
0.12,0,0.001,0.1,2.5,10,1000,0,0,1.015768213,0,1.172675336
0.12,0,0.001,0.1,2.5,100,1000,0,0,0.101437959,0,0.011467109
0.12,0,0.001,0.1,2.5,1000,1000,0,0,0.009799794,0,9.24E-05
0.12,0,0.001,0.1,3,10,1000,0,0,1.069245202,0,1.198095001
0.12,0,0.001,0.1,3,100,1000,0,0,0.103217562,0,0.010319219
0.12,0,0.001,0.1,3,1000,1000,0,0,0.009799558,0,9.48E-05
0.12,0,0.001,1,0.1,10,1000,0,0,0.17792948,0,0.030484698
0.12,0,0.001,1,0.1,100,1000,0,0,0.016969541,0,0.000280283
0.12,0,0.001,1,0.1,1000,1000,0,0,0.00147462,0,2.38E-06
0.12,0,0.001,1,0.5,10,1000,0,0,0.143893631,0,0.020697028
0.12,0,0.001,1,0.5,100,1000,0,0,0.011611414,0,0.000138704
0.12,0,0.001,1,0.5,1000,1000,0,0,0.001117593,0,1.38E-06
0.12,0,0.001,1,1.1,10,1000,0,0,0.108875042,0,0.011372505
0.12,0,0.001,1,1.1,100,1000,0,0,0.010180264,0,0.000118839
0.12,0,0.001,1,1.1,1000,1000,0,0,0.000979873,0,9.95E-07
0.12,0,0.001,1,1.5,10,1000,0,0,0.116426817,0,0.014635999
0.12,0,0.001,1,1.5,100,1000,0,0,0.009601401,0,0.000104561
0.12,0,0.001,1,1.5,1000,1000,0,0,0.001015374,0,9.95E-07
0.12,0,0.001,1,2,10,1000,0,0,0.105978877,0,0.011042649
0.12,0,0.001,1,2,100,1000,0,0,0.010132009,0,0.00010767
0.12,0,0.001,1,2,1000,1000,0,0,0.000998868,0,1.00E-06
0.12,0,0.001,1,2.5,10,1000,0,0,0.108107205,0,0.010908179
0.12,0,0.001,1,2.5,100,1000,0,0,0.010451835,0,0.000103653
0.12,0,0.001,1,2.5,1000,1000,0,0,0.00096471,0,9.04E-07
0.12,0,0.001,1,3,10,1000,0,0,0.114464796,0,0.011654844
0.12,0,0.001,1,3,100,1000,0,0,0.009890661,0,8.81E-05
0.12,0,0.001,1,3,1000,1000,0,0,0.000942531,0,9.08E-07
0.12,0,0.003,1.00E-05,0.1,10,1000,0,0,0.475286356,0,0.227621404
0.12,0,0.003,1.00E-05,0.1,100,1000,0,0,0.021618175,0,0.000427488
0.12,0,0.003,1.00E-05,0.1,1000,1000,0,0,0.000301133,0,9.03E-08
0.12,0,0.003,1.00E-05,0.5,10,1000,0,0,0.464210009,0,0.225524604
0.12,0,0.003,1.00E-05,0.5,100,1000,0,0,0.021810087,0,0.000464159
0.12,0,0.003,1.00E-05,0.5,1000,1000,0,0,0.000304931,0,1.00E-07
0.12,0,0.003,1.00E-05,1.1,10,1000,0,0,0.478627609,0,0.263947548
0.12,0,0.003,1.00E-05,1.1,100,1000,0,0,0.021498309,0,0.000456922
0.12,0,0.003,1.00E-05,1.1,1000,1000,0,0,0.000301199,0,8.80E-08
0.12,0,0.003,1.00E-05,1.5,10,1000,0,0,0.465914728,0,0.214139893
0.12,0,0.003,1.00E-05,1.5,100,1000,0,0,0.020715217,0,0.000450251
0.12,0,0.003,1.00E-05,1.5,1000,1000,0,0,0.000319454,0,1.02E-07
0.12,0,0.003,1.00E-05,2,10,1000,0,0,0.475285979,0,0.229819625
0.12,0,0.003,1.00E-05,2,100,1000,0,0,0.020433978,0,0.000420667
0.12,0,0.003,1.00E-05,2,1000,1000,0,0,0.000313475,0,9.14E-08
0.12,0,0.003,1.00E-05,2.5,10,1000,0,0,0.463375976,0,0.227165577
0.12,0,0.003,1.00E-05,2.5,100,1000,0,0,0.022707686,0,0.00050893
0.12,0,0.003,1.00E-05,2.5,1000,1000,0,0,0.000320643,0,1.09E-07
0.12,0,0.003,1.00E-05,3,10,1000,0,0,0.472679165,0,0.239212133
0.12,0,0.003,1.00E-05,3,100,1000,0,0,0.020459798,0,0.000447101
0.12,0,0.003,1.00E-05,3,1000,1000,0,0,0.000310226,0,9.13E-08
0.12,0,0.003,0.001,0.1,10,1000,0,0,0.456109386,0,0.210779211
0.12,0,0.003,0.001,0.1,100,1000,0,0,0.020669971,0,0.000411674
0.12,0,0.003,0.001,0.1,1000,1000,0,0,0.000324761,0,1.04E-07
0.12,0,0.003,0.001,0.5,10,1000,0,0,0.474959247,0,0.23027628
0.12,0,0.003,0.001,0.5,100,1000,0,0,0.020088477,0,0.000386928
0.12,0,0.003,0.001,0.5,1000,1000,0,0,0.000300143,0,9.01E-08
0.12,0,0.003,0.001,1.1,10,1000,0,0,0.459019084,0,0.202182629
0.12,0,0.003,0.001,1.1,100,1000,0,0,0.022191725,0,0.000460811
0.12,0,0.003,0.001,1.1,1000,1000,0,0,0.000322198,0,1.08E-07
0.12,0,0.003,0.001,1.5,10,1000,0,0,0.480170168,0,0.243561713
0.12,0,0.003,0.001,1.5,100,1000,0,0,0.021805034,0,0.000509135
0.12,0,0.003,0.001,1.5,1000,1000,0,0,0.000320086,0,1.14E-07
0.12,0,0.003,0.001,2,10,1000,0,0,0.470697032,0,0.247815797
0.12,0,0.003,0.001,2,100,1000,0,0,0.021087564,0,0.000443953
0.12,0,0.003,0.001,2,1000,1000,0,0,0.000323969,0,1.16E-07
0.12,0,0.003,0.001,2.5,10,1000,0,0,0.483773026,0,0.222616457
0.12,0,0.003,0.001,2.5,100,1000,0,0,0.020812061,0,0.000427829
0.12,0,0.003,0.001,2.5,1000,1000,0,0,0.00030221,0,1.02E-07
0.12,0,0.003,0.001,3,10,1000,0,0,0.487084524,0,0.246083979
0.12,0,0.003,0.001,3,100,1000,0,0,0.021375385,0,0.000435517
0.12,0,0.003,0.001,3,1000,1000,0,0,0.000321629,0,9.59E-08
0.12,0,0.003,0.1,0.1,10,1000,0,0,0.323822942,0,0.103284999
0.12,0,0.003,0.1,0.1,100,1000,0,0,0.017322793,0,0.000296695
0.12,0,0.003,0.1,0.1,1000,1000,0,0,0.000311278,0,1.00E-07
0.12,0,0.003,0.1,0.5,10,1000,0,0,0.34590623,0,0.116784157
0.12,0,0.003,0.1,0.5,100,1000,0,0,0.016841379,0,0.000295792
0.12,0,0.003,0.1,0.5,1000,1000,0,0,0.000303314,0,9.82E-08
0.12,0,0.003,0.1,1.1,10,1000,0,0,0.319024974,0,0.098596654
0.12,0,0.003,0.1,1.1,100,1000,0,0,0.017514683,0,0.000306112
0.12,0,0.003,0.1,1.1,1000,1000,0,0,0.000291249,0,9.78E-08
0.12,0,0.003,0.1,1.5,10,1000,0,0,0.30926959,0,0.097781661
0.12,0,0.003,0.1,1.5,100,1000,0,0,0.017915859,0,0.000320386
0.12,0,0.003,0.1,1.5,1000,1000,0,0,0.000322951,0,1.00E-07
0.12,0,0.003,0.1,2,10,1000,0,0,0.314850115,0,0.100473287
0.12,0,0.003,0.1,2,100,1000,0,0,0.017196876,0,0.000322335
0.12,0,0.003,0.1,2,1000,1000,0,0,0.000310531,0,9.45E-08
0.12,0,0.003,0.1,2.5,10,1000,0,0,0.314810324,0,0.095021021
0.12,0,0.003,0.1,2.5,100,1000,0,0,0.017912008,0,0.00030696
0.12,0,0.003,0.1,2.5,1000,1000,0,0,0.000320806,0,9.74E-08
0.12,0,0.003,0.1,3,10,1000,0,0,0.329417083,0,0.118252835
0.12,0,0.003,0.1,3,100,1000,0,0,0.01667871,0,0.000264616
0.12,0,0.003,0.1,3,1000,1000,0,0,0.000303463,0,1.01E-07
0.12,0,0.003,1,0.1,10,1000,0,0,0.083821716,0,0.006461959
0.12,0,0.003,1,0.1,100,1000,0,0,0.006650884,0,4.32E-05
0.12,0,0.003,1,0.1,1000,1000,0,0,0.000245764,0,6.04E-08
0.12,0,0.003,1,0.5,10,1000,0,0,0.081399231,0,0.006361608
0.12,0,0.003,1,0.5,100,1000,0,0,0.00668724,0,4.38E-05
0.12,0,0.003,1,0.5,1000,1000,0,0,0.000240712,0,6.43E-08
0.12,0,0.003,1,1.1,10,1000,0,0,0.081627802,0,0.00632834
0.12,0,0.003,1,1.1,100,1000,0,0,0.006917612,0,4.70E-05
0.12,0,0.003,1,1.1,1000,1000,0,0,0.000229255,0,4.79E-08
0.12,0,0.003,1,1.5,10,1000,0,0,0.083414327,0,0.006555736
0.12,0,0.003,1,1.5,100,1000,0,0,0.006706751,0,4.04E-05
0.12,0,0.003,1,1.5,1000,1000,0,0,0.000239915,0,5.70E-08
0.12,0,0.003,1,2,10,1000,0,0,0.078779566,0,0.005797434
0.12,0,0.003,1,2,100,1000,0,0,0.007175417,0,5.36E-05
0.12,0,0.003,1,2,1000,1000,0,0,0.000237419,0,5.96E-08
0.12,0,0.003,1,2.5,10,1000,0,0,0.08378594,0,0.006301942
0.12,0,0.003,1,2.5,100,1000,0,0,0.006680389,0,3.84E-05
0.12,0,0.003,1,2.5,1000,1000,0,0,0.000231985,0,5.17E-08
0.12,0,0.003,1,3,10,1000,0,0,0.085174413,0,0.007413796
0.12,0,0.003,1,3,100,1000,0,0,0.007087889,0,5.03E-05
0.12,0,0.003,1,3,1000,1000,0,0,0.000237627,0,6.06E-08
0.12,1.00E-05,0.0001,1.00E-05,0.1,10,1000,0,0,0,0,0
0.12,1.00E-05,0.0001,1.00E-05,0.1,100,1000,0,0,0,0,0
0.12,1.00E-05,0.0001,1.00E-05,0.1,1000,1000,0,0,0,0,0
0.12,1.00E-05,0.0001,1.00E-05,0.5,10,1000,0,0,0,0,0
0.12,1.00E-05,0.0001,1.00E-05,0.5,100,1000,0,0,0,0,0
0.12,1.00E-05,0.0001,1.00E-05,0.5,1000,1000,0,0,0,0,0
0.12,1.00E-05,0.0001,1.00E-05,1.1,10,1000,0,0,0,0,0
0.12,1.00E-05,0.0001,1.00E-05,1.1,100,1000,0,0,0,0,0
0.12,1.00E-05,0.0001,1.00E-05,1.1,1000,1000,0,0,0,0,0
0.12,1.00E-05,0.0001,1.00E-05,1.5,10,1000,0,0,0,0,0
0.12,1.00E-05,0.0001,1.00E-05,1.5,100,1000,0,0,0,0,0
0.12,1.00E-05,0.0001,1.00E-05,1.5,1000,1000,0,0,0,0,0
0.12,1.00E-05,0.0001,1.00E-05,2,10,1000,0,0,0,0,0
0.12,1.00E-05,0.0001,1.00E-05,2,100,1000,0,0,0,0,0
0.12,1.00E-05,0.0001,1.00E-05,2,1000,1000,0,0,0,0,0
0.12,1.00E-05,0.0001,1.00E-05,2.5,10,1000,0,0,0,0,0
0.12,1.00E-05,0.0001,1.00E-05,2.5,100,1000,0,0,0,0,0
0.12,1.00E-05,0.0001,1.00E-05,2.5,1000,1000,0,0,0,0,0
0.12,1.00E-05,0.0001,1.00E-05,3,10,1000,0,0,0,0,0
0.12,1.00E-05,0.0001,1.00E-05,3,100,1000,0,0,0,0,0
0.12,1.00E-05,0.0001,1.00E-05,3,1000,1000,0,0,0,0,0
0.12,1.00E-05,0.0001,0.001,0.1,10,1000,0,0,0,0,0
0.12,1.00E-05,0.0001,0.001,0.1,100,1000,0,0,0,0,0
0.12,1.00E-05,0.0001,0.001,0.1,1000,1000,0,0,0,0,0
0.12,1.00E-05,0.0001,0.001,0.5,10,1000,0,0,0,0,0
0.12,1.00E-05,0.0001,0.001,0.5,100,1000,0,0,0,0,0
0.12,1.00E-05,0.0001,0.001,0.5,1000,1000,0,0,0,0,0
0.12,1.00E-05,0.0001,0.001,1.1,10,1000,0,0,0,0,0
0.12,1.00E-05,0.0001,0.001,1.1,100,1000,0,0,0,0,0
0.12,1.00E-05,0.0001,0.001,1.1,1000,1000,0,0,0,0,0
0.12,1.00E-05,0.0001,0.001,1.5,10,1000,0,0,0,0,0
0.12,1.00E-05,0.0001,0.001,1.5,100,1000,0,0,0,0,0
0.12,1.00E-05,0.0001,0.001,1.5,1000,1000,0,0,0,0,0
0.12,1.00E-05,0.0001,0.001,2,10,1000,0,0,0,0,0
0.12,1.00E-05,0.0001,0.001,2,100,1000,0,0,0,0,0
0.12,1.00E-05,0.0001,0.001,2,1000,1000,0,0,0,0,0
0.12,1.00E-05,0.0001,0.001,2.5,10,1000,0,0,0,0,0
0.12,1.00E-05,0.0001,0.001,2.5,100,1000,0,0,0,0,0
0.12,1.00E-05,0.0001,0.001,2.5,1000,1000,0,0,0,0,0
0.12,1.00E-05,0.0001,0.001,3,10,1000,0,0,0,0,0
0.12,1.00E-05,0.0001,0.001,3,100,1000,0,0,0,0,0
0.12,1.00E-05,0.0001,0.001,3,1000,1000,0,0,0,0,0
0.12,1.00E-05,0.0001,0.1,0.1,10,1000,0,0,49.14328599,0,0
0.12,1.00E-05,0.0001,0.1,0.1,100,1000,0,0,8.216144802,0,37.05263092
0.12,1.00E-05,0.0001,0.1,0.1,1000,1000,0,0,0.332301295,0,0.006322336
0.12,1.00E-05,0.0001,0.1,0.5,10,1000,0,0,0,0,0
0.12,1.00E-05,0.0001,0.1,0.5,100,1000,0,0,4.55012383,0,5.22173615
0.12,1.00E-05,0.0001,0.1,0.5,1000,1000,0,0,0.218327294,0,0.002849818
0.12,1.00E-05,0.0001,0.1,1.1,10,1000,0,0,175.0813521,0,7074.475747
0.12,1.00E-05,0.0001,0.1,1.1,100,1000,0,0,3.125941584,0,1.410606428
0.12,1.00E-05,0.0001,0.1,1.1,1000,1000,0,0,0.213581175,0,0.13739062
0.12,1.00E-05,0.0001,0.1,1.5,10,1000,0,0,131.0597342,0,6176.53034
0.12,1.00E-05,0.0001,0.1,1.5,100,1000,0,0,2.896958782,0,0.901788617
0.12,1.00E-05,0.0001,0.1,1.5,1000,1000,0,0,0.199752473,0,0.009752367
0.12,1.00E-05,0.0001,0.1,2,10,1000,0,0,94.95358174,0,1592.639963
0.12,1.00E-05,0.0001,0.1,2,100,1000,0,0,2.748344304,0,0.830420757
0.12,1.00E-05,0.0001,0.1,2,1000,1000,0,0,0.200446906,0,0.00232327
0.12,1.00E-05,0.0001,0.1,2.5,10,1000,0,0,92.62542016,0,819.0679347
0.12,1.00E-05,0.0001,0.1,2.5,100,1000,0,0,2.676331149,0,0.729598763
0.12,1.00E-05,0.0001,0.1,2.5,1000,1000,0,0,0.199113478,0,0.00216612
0.12,1.00E-05,0.0001,0.1,3,10,1000,0,0,136.2927135,0,11267.90768
0.12,1.00E-05,0.0001,0.1,3,100,1000,0,0,2.679594042,0,0.756819591
0.12,1.00E-05,0.0001,0.1,3,1000,999,1,0.318181818,0.19681937,0,0.002000856
0.12,1.00E-05,0.0001,1,0.1,10,1000,0,0,84.26503381,0,2685.495424
0.12,1.00E-05,0.0001,1,0.1,100,1000,0,0,0.441142105,0,0.014681258
0.12,1.00E-05,0.0001,1,0.1,1000,999,1,0,0.031349908,0,5.78E-05
0.12,1.00E-05,0.0001,1,0.5,10,999,1,0,104.9204874,0,4978.33947
0.12,1.00E-05,0.0001,1,0.5,100,998,2,0.370652174,0.303756828,0.000426512,0.00575413
0.12,1.00E-05,0.0001,1,0.5,1000,997,3,0.277777778,0.021333785,0.043209877,2.35E-05
0.12,1.00E-05,0.0001,1,1.1,10,1000,0,0,97.10929077,0,4952.632721
0.12,1.00E-05,0.0001,1,1.1,100,995,5,0.288516746,0.241333891,0.060240379,0.003491656
0.12,1.00E-05,0.0001,1,1.1,1000,995,5,0.494162885,0.019246058,0.004460894,1.91E-05
0.12,1.00E-05,0.0001,1,1.5,10,1000,0,0,106.0290258,0,5142.288932
0.12,1.00E-05,0.0001,1,1.5,100,998,2,0.15,0.229121743,0.0225,0.003138576
0.12,1.00E-05,0.0001,1,1.5,1000,995,5,0.295104895,0.019295382,0.067384115,1.91E-05
0.12,1.00E-05,0.0001,1,2,10,1000,0,0,94.7985606,0,4695.763686
0.12,1.00E-05,0.0001,1,2,100,994,6,0.417261905,0.222324101,0.038555248,0.002726749
0.12,1.00E-05,0.0001,1,2,1000,991,9,0.430704481,0.019436866,0.055746386,1.83E-05
0.12,1.00E-05,0.0001,1,2.5,10,997,3,0.25210084,117.1402819,0.037473813,5886.86865
0.12,1.00E-05,0.0001,1,2.5,100,998,2,0.318181818,0.219086895,0.101239669,0.003031432
0.12,1.00E-05,0.0001,1,2.5,1000,991,9,0.411352875,0.019127513,0.029268471,1.83E-05
0.12,1.00E-05,0.0001,1,3,10,998,2,0.458333333,113.9758698,0.001736111,5866.795586
0.12,1.00E-05,0.0001,1,3,100,993,7,0.492070785,0.21678288,0.006336996,0.002657596
0.12,1.00E-05,0.0001,1,3,1000,989,11,0.443773518,0.01889476,0.02410447,1.88E-05
0.12,1.00E-05,0.0003,1.00E-05,0.1,10,1000,0,0,0,0,0
0.12,1.00E-05,0.0003,1.00E-05,0.1,100,1000,0,0,0,0,0
0.12,1.00E-05,0.0003,1.00E-05,0.1,1000,1000,0,0,0,0,0
0.12,1.00E-05,0.0003,1.00E-05,0.5,10,1000,0,0,0,0,0
0.12,1.00E-05,0.0003,1.00E-05,0.5,100,1000,0,0,0,0,0
0.12,1.00E-05,0.0003,1.00E-05,0.5,1000,1000,0,0,0,0,0
0.12,1.00E-05,0.0003,1.00E-05,1.1,10,1000,0,0,0,0,0
0.12,1.00E-05,0.0003,1.00E-05,1.1,100,1000,0,0,0,0,0
0.12,1.00E-05,0.0003,1.00E-05,1.1,1000,1000,0,0,0,0,0
0.12,1.00E-05,0.0003,1.00E-05,1.5,10,1000,0,0,0,0,0
0.12,1.00E-05,0.0003,1.00E-05,1.5,100,1000,0,0,0,0,0
0.12,1.00E-05,0.0003,1.00E-05,1.5,1000,1000,0,0,0,0,0
0.12,1.00E-05,0.0003,1.00E-05,2,10,1000,0,0,0,0,0
0.12,1.00E-05,0.0003,1.00E-05,2,100,1000,0,0,0,0,0
0.12,1.00E-05,0.0003,1.00E-05,2,1000,1000,0,0,0,0,0
0.12,1.00E-05,0.0003,1.00E-05,2.5,10,1000,0,0,0,0,0
0.12,1.00E-05,0.0003,1.00E-05,2.5,100,1000,0,0,0,0,0
0.12,1.00E-05,0.0003,1.00E-05,2.5,1000,1000,0,0,0,0,0
0.12,1.00E-05,0.0003,1.00E-05,3,10,1000,0,0,0,0,0
0.12,1.00E-05,0.0003,1.00E-05,3,100,1000,0,0,0,0,0
0.12,1.00E-05,0.0003,1.00E-05,3,1000,1000,0,0,0,0,0
0.12,1.00E-05,0.0003,0.001,0.1,10,1000,0,0,0,0,0
0.12,1.00E-05,0.0003,0.001,0.1,100,1000,0,0,0,0,0
0.12,1.00E-05,0.0003,0.001,0.1,1000,1000,0,0,0,0,0
0.12,1.00E-05,0.0003,0.001,0.5,10,1000,0,0,0,0,0
0.12,1.00E-05,0.0003,0.001,0.5,100,1000,0,0,0,0,0
0.12,1.00E-05,0.0003,0.001,0.5,1000,1000,0,0,8.461971822,0,20.61918077
0.12,1.00E-05,0.0003,0.001,1.1,10,1000,0,0,0,0,0
0.12,1.00E-05,0.0003,0.001,1.1,100,1000,0,0,0,0,0
0.12,1.00E-05,0.0003,0.001,1.1,1000,1000,0,0,7.495668474,0,26.49550767
0.12,1.00E-05,0.0003,0.001,1.5,10,1000,0,0,0,0,0
0.12,1.00E-05,0.0003,0.001,1.5,100,1000,0,0,0,0,0
0.12,1.00E-05,0.0003,0.001,1.5,1000,1000,0,0,7.099171616,0,14.30198876
0.12,1.00E-05,0.0003,0.001,2,10,1000,0,0,0,0,0
0.12,1.00E-05,0.0003,0.001,2,100,1000,0,0,0,0,0
0.12,1.00E-05,0.0003,0.001,2,1000,1000,0,0,4.829558071,0,9.232903877
0.12,1.00E-05,0.0003,0.001,2.5,10,1000,0,0,0,0,0
0.12,1.00E-05,0.0003,0.001,2.5,100,1000,0,0,0,0,0
0.12,1.00E-05,0.0003,0.001,2.5,1000,1000,0,0,5.053925594,0,16.90494267
0.12,1.00E-05,0.0003,0.001,3,10,1000,0,0,0,0,0
0.12,1.00E-05,0.0003,0.001,3,100,1000,0,0,0,0,0
0.12,1.00E-05,0.0003,0.001,3,1000,1000,0,0,6.074385776,0,20.55372994
0.12,1.00E-05,0.0003,0.1,0.1,10,1000,0,0,28.86598147,0,368.1070507
0.12,1.00E-05,0.0003,0.1,0.1,100,1000,0,0,1.238582629,0,0.382732456
0.12,1.00E-05,0.0003,0.1,0.1,1000,1000,0,0,0.100222597,0,0.006477678
0.12,1.00E-05,0.0003,0.1,0.5,10,1000,0,0,25.93906354,0,411.6861474
0.12,1.00E-05,0.0003,0.1,0.5,100,1000,0,0,0.815893328,0,0.133291377
0.12,1.00E-05,0.0003,0.1,0.5,1000,1000,0,0,0.0667549,0,0.000753846
0.12,1.00E-05,0.0003,0.1,1.1,10,1000,0,0,26.04554388,0,511.39854
0.12,1.00E-05,0.0003,0.1,1.1,100,1000,0,0,0.689506864,0,0.374838862
0.12,1.00E-05,0.0003,0.1,1.1,1000,1000,0,0,0.062562297,0,0.002437435
0.12,1.00E-05,0.0003,0.1,1.5,10,1000,0,0,24.28327106,0,548.7990281
0.12,1.00E-05,0.0003,0.1,1.5,100,1000,0,0,0.671763885,0,0.085458461
0.12,1.00E-05,0.0003,0.1,1.5,1000,1000,0,0,0.061840419,0,0.000625332
0.12,1.00E-05,0.0003,0.1,2,10,1000,0,0,22.54074869,0,385.4672617
0.12,1.00E-05,0.0003,0.1,2,100,1000,0,0,0.700864074,0,0.980144778
0.12,1.00E-05,0.0003,0.1,2,1000,1000,0,0,0.060574878,0,0.000605593
0.12,1.00E-05,0.0003,0.1,2.5,10,1000,0,0,26.71592462,0,896.2972341
0.12,1.00E-05,0.0003,0.1,2.5,100,1000,0,0,0.656311659,0,0.084017416
0.12,1.00E-05,0.0003,0.1,2.5,1000,1000,0,0,0.061016934,0,0.000638058
0.12,1.00E-05,0.0003,0.1,3,10,1000,0,0,21.38388299,0,323.5952932
0.12,1.00E-05,0.0003,0.1,3,100,1000,0,0,0.663475758,0,0.078134559
0.12,1.00E-05,0.0003,0.1,3,1000,1000,0,0,0.059751009,0,0.000630406
0.12,1.00E-05,0.0003,1,0.1,10,1000,0,0,4.861905921,0,24.94244158
0.12,1.00E-05,0.0003,1,0.1,100,1000,0,0,0.111165701,0,0.002359254
0.12,1.00E-05,0.0003,1,0.1,1000,1000,0,0,0.009382451,0,1.48E-05
0.12,1.00E-05,0.0003,1,0.5,10,1000,0,0,4.522945585,0,23.29846299
0.12,1.00E-05,0.0003,1,0.5,100,1000,0,0,0.075635339,0,0.000960575
0.12,1.00E-05,0.0003,1,0.5,1000,1000,0,0,0.006335047,0,7.31E-06
0.12,1.00E-05,0.0003,1,1.1,10,1000,0,0,5.373759522,0,62.21655675
0.12,1.00E-05,0.0003,1,1.1,100,1000,0,0,0.064696537,0,0.000718633
0.12,1.00E-05,0.0003,1,1.1,1000,1000,0,0,0.006160525,0,6.83E-06
0.12,1.00E-05,0.0003,1,1.5,10,1000,0,0,6.275202862,0,93.36584616
0.12,1.00E-05,0.0003,1,1.5,100,1000,0,0,0.062838291,0,0.000683549
0.12,1.00E-05,0.0003,1,1.5,1000,1000,0,0,0.006045323,0,6.30E-06
0.12,1.00E-05,0.0003,1,2,10,1000,0,0,6.479501476,0,84.92585872
0.12,1.00E-05,0.0003,1,2,100,1000,0,0,0.061816792,0,0.0006227
0.12,1.00E-05,0.0003,1,2,1000,1000,0,0,0.005963955,0,6.32E-06
0.12,1.00E-05,0.0003,1,2.5,10,1000,0,0,6.498408381,0,101.0134882
0.12,1.00E-05,0.0003,1,2.5,100,1000,0,0,0.062414847,0,0.000644838
0.12,1.00E-05,0.0003,1,2.5,1000,1000,0,0,0.006059931,0,5.40E-06
0.12,1.00E-05,0.0003,1,3,10,1000,0,0,6.3614926,0,79.37116855
0.12,1.00E-05,0.0003,1,3,100,1000,0,0,0.063113783,0,0.000709735
0.12,1.00E-05,0.0003,1,3,1000,1000,0,0,0.006069291,0,5.70E-06
0.12,1.00E-05,0.001,1.00E-05,0.1,10,1000,0,0,0,0,0
0.12,1.00E-05,0.001,1.00E-05,0.1,100,1000,0,0,6.850653357,0,44.22293043
0.12,1.00E-05,0.001,1.00E-05,0.1,1000,1000,0,0,0.708911861,0,0.736170437
0.12,1.00E-05,0.001,1.00E-05,0.5,10,1000,0,0,4.780833895,0,4.039043192
0.12,1.00E-05,0.001,1.00E-05,0.5,100,1000,0,0,4.086473381,0,12.29279955
0.12,1.00E-05,0.001,1.00E-05,0.5,1000,1000,0,0,1.896226746,0,20.78296616
0.12,1.00E-05,0.001,1.00E-05,1.1,10,1000,0,0,9.845585628,0,0
0.12,1.00E-05,0.001,1.00E-05,1.1,100,1000,0,0,4.476454206,0,5.516177051
0.12,1.00E-05,0.001,1.00E-05,1.1,1000,1000,0,0,1.60080166,0,7.534337731
0.12,1.00E-05,0.001,1.00E-05,1.5,10,1000,0,0,12.80218913,0,140.1768858
0.12,1.00E-05,0.001,1.00E-05,1.5,100,1000,0,0,4.033906255,0,8.043424781
0.12,1.00E-05,0.001,1.00E-05,1.5,1000,1000,0,0,0.962805769,0,1.425983069
0.12,1.00E-05,0.001,1.00E-05,2,10,1000,0,0,0.504651875,0,0
0.12,1.00E-05,0.001,1.00E-05,2,100,1000,0,0,7.367828351,0,78.71203302
0.12,1.00E-05,0.001,1.00E-05,2,1000,1000,0,0,3.453906046,0,49.3078381
0.12,1.00E-05,0.001,1.00E-05,2.5,10,1000,0,0,12.97097559,0,0.621488387
0.12,1.00E-05,0.001,1.00E-05,2.5,100,1000,0,0,3.235964162,0,22.098462
0.12,1.00E-05,0.001,1.00E-05,2.5,1000,1000,0,0,1.664814687,0,5.325587531
0.12,1.00E-05,0.001,1.00E-05,3,10,1000,0,0,5.422610268,0,26.49922973
0.12,1.00E-05,0.001,1.00E-05,3,100,1000,0,0,5.348532737,0,24.85768095
0.12,1.00E-05,0.001,1.00E-05,3,1000,1000,0,0,0.780343705,0,1.195422374
0.12,1.00E-05,0.001,0.001,0.1,10,1000,0,0,6.637430771,0,70.71100704
0.12,1.00E-05,0.001,0.001,0.1,100,1000,0,0,4.39190844,0,23.9197957
0.12,1.00E-05,0.001,0.001,0.1,1000,1000,0,0,1.123452076,0,6.433844771
0.12,1.00E-05,0.001,0.001,0.5,10,1000,0,0,5.531916409,0,31.45763571
0.12,1.00E-05,0.001,0.001,0.5,100,1000,0,0,3.593850647,0,18.75953615
0.12,1.00E-05,0.001,0.001,0.5,1000,1000,0,0,0.878122103,0,2.584807315
0.12,1.00E-05,0.001,0.001,1.1,10,1000,0,0,7.205428496,0,59.11296723
0.12,1.00E-05,0.001,0.001,1.1,100,1000,0,0,3.590182234,0,20.56489814
0.12,1.00E-05,0.001,0.001,1.1,1000,1000,0,0,0.882869632,0,4.611613925
0.12,1.00E-05,0.001,0.001,1.5,10,1000,0,0,7.330632735,0,59.94635572
0.12,1.00E-05,0.001,0.001,1.5,100,1000,0,0,3.936455372,0,20.61541207
0.12,1.00E-05,0.001,0.001,1.5,1000,1000,0,0,0.864314668,0,2.763488205
0.12,1.00E-05,0.001,0.001,2,10,1000,0,0,6.606250566,0,37.76493127
0.12,1.00E-05,0.001,0.001,2,100,1000,0,0,3.812527751,0,27.72690488
0.12,1.00E-05,0.001,0.001,2,1000,1000,0,0,0.78564199,0,2.154315096
0.12,1.00E-05,0.001,0.001,2.5,10,1000,0,0,8.717124151,0,86.45218982
0.12,1.00E-05,0.001,0.001,2.5,100,1000,0,0,3.963848475,0,68.64499512
0.12,1.00E-05,0.001,0.001,2.5,1000,1000,0,0,0.770788407,0,1.983742298
0.12,1.00E-05,0.001,0.001,3,10,1000,0,0,7.132250848,0,82.66577514
0.12,1.00E-05,0.001,0.001,3,100,1000,0,0,3.267862252,0,20.48457026
0.12,1.00E-05,0.001,0.001,3,1000,1000,0,0,0.805330703,0,2.384422613
0.12,1.00E-05,0.001,0.1,0.1,10,1000,0,0,1.624539441,0,3.403370117
0.12,1.00E-05,0.001,0.1,0.1,100,1000,0,0,0.208695936,0,0.924151163
0.12,1.00E-05,0.001,0.1,0.1,1000,1000,0,0,0.016232909,0,0.000744106
0.12,1.00E-05,0.001,0.1,0.5,10,1000,0,0,1.321344349,0,2.043590239
0.12,1.00E-05,0.001,0.1,0.5,100,1000,0,0,0.11406412,0,0.013441051
0.12,1.00E-05,0.001,0.1,0.5,1000,1000,0,0,0.009821884,0,0.000102828
0.12,1.00E-05,0.001,0.1,1.1,10,1000,0,0,1.070517059,0,1.188597699
0.12,1.00E-05,0.001,0.1,1.1,100,1000,0,0,0.096396832,0,0.009077274
0.12,1.00E-05,0.001,0.1,1.1,1000,1000,0,0,0.017975585,0,0.068132747
0.12,1.00E-05,0.001,0.1,1.5,10,1000,0,0,1.051727785,0,1.131570972
0.12,1.00E-05,0.001,0.1,1.5,100,1000,0,0,0.100695072,0,0.010465812
0.12,1.00E-05,0.001,0.1,1.5,1000,1000,0,0,0.052903347,0,1.726488227
0.12,1.00E-05,0.001,0.1,2,10,1000,0,0,1.019638483,0,1.58082611
0.12,1.00E-05,0.001,0.1,2,100,1000,0,0,0.101720354,0,0.010148654
0.12,1.00E-05,0.001,0.1,2,1000,1000,0,0,0.010312512,0,0.000116829
0.12,1.00E-05,0.001,0.1,2.5,10,1000,0,0,0.967674013,0,1.133111705
0.12,1.00E-05,0.001,0.1,2.5,100,1000,0,0,0.119557591,0,0.290427345
0.12,1.00E-05,0.001,0.1,2.5,1000,1000,0,0,0.011713619,0,0.001412524
0.12,1.00E-05,0.001,0.1,3,10,1000,0,0,1.003584495,0,1.062398292
0.12,1.00E-05,0.001,0.1,3,100,1000,0,0,0.127624028,0,0.376134457
0.12,1.00E-05,0.001,0.1,3,1000,1000,0,0,0.009832289,0,0.000109328
0.12,1.00E-05,0.001,1,0.1,10,1000,0,0,0.186698911,0,0.03446516
0.12,1.00E-05,0.001,1,0.1,100,1000,0,0,0.016556292,0,0.00031099
0.12,1.00E-05,0.001,1,0.1,1000,1000,0,0,0.001534593,0,2.49E-06
0.12,1.00E-05,0.001,1,0.5,10,1000,0,0,0.194781984,0,2.872511431
0.12,1.00E-05,0.001,1,0.5,100,1000,0,0,0.010539236,0,9.97E-05
0.12,1.00E-05,0.001,1,0.5,1000,1000,0,0,0.001005131,0,9.19E-07
0.12,1.00E-05,0.001,1,1.1,10,1000,0,0,0.1218863,0,0.017603904
0.12,1.00E-05,0.001,1,1.1,100,1000,0,0,0.010158904,0,9.68E-05
0.12,1.00E-05,0.001,1,1.1,1000,1000,0,0,0.00094214,0,8.58E-07
0.12,1.00E-05,0.001,1,1.5,10,1000,0,0,0.110110148,0,0.011877729
0.12,1.00E-05,0.001,1,1.5,100,1000,0,0,0.010279834,0,9.70E-05
0.12,1.00E-05,0.001,1,1.5,1000,1000,0,0,0.000984925,0,1.07E-06
0.12,1.00E-05,0.001,1,2,10,1000,0,0,0.105806045,0,0.012688694
0.12,1.00E-05,0.001,1,2,100,1000,0,0,0.00995808,0,0.000102818
0.12,1.00E-05,0.001,1,2,1000,1000,0,0,0.000936867,0,8.44E-07
0.12,1.00E-05,0.001,1,2.5,10,1000,0,0,0.109282075,0,0.011768175
0.12,1.00E-05,0.001,1,2.5,100,1000,0,0,0.00975989,0,8.49E-05
0.12,1.00E-05,0.001,1,2.5,1000,1000,0,0,0.001003357,0,9.49E-07
0.12,1.00E-05,0.001,1,3,10,1000,0,0,0.111950408,0,0.012336194
0.12,1.00E-05,0.001,1,3,100,1000,0,0,0.009862802,0,9.42E-05
0.12,1.00E-05,0.001,1,3,1000,1000,0,0,0.001052181,0,1.16E-06
0.12,1.00E-05,0.003,1.00E-05,0.1,10,1000,0,0,0.462093335,0,0.213626963
0.12,1.00E-05,0.003,1.00E-05,0.1,100,1000,0,0,0.021293054,0,0.000415211
0.12,1.00E-05,0.003,1.00E-05,0.1,1000,1000,0,0,0.000320998,0,9.73E-08
0.12,1.00E-05,0.003,1.00E-05,0.5,10,1000,0,0,0.490786532,0,0.245935476
0.12,1.00E-05,0.003,1.00E-05,0.5,100,1000,0,0,0.023919144,0,0.009583399
0.12,1.00E-05,0.003,1.00E-05,0.5,1000,1000,0,0,0.0003225,0,1.01E-07
0.12,1.00E-05,0.003,1.00E-05,1.1,10,1000,0,0,0.47772313,0,0.212369027
0.12,1.00E-05,0.003,1.00E-05,1.1,100,1000,0,0,0.021249061,0,0.000424247
0.12,1.00E-05,0.003,1.00E-05,1.1,1000,1000,0,0,0.000300915,0,8.83E-08
0.12,1.00E-05,0.003,1.00E-05,1.5,10,1000,0,0,0.494464427,0,0.237380867
0.12,1.00E-05,0.003,1.00E-05,1.5,100,1000,0,0,0.020856065,0,0.00043611
0.12,1.00E-05,0.003,1.00E-05,1.5,1000,1000,0,0,0.00031018,0,1.01E-07
0.12,1.00E-05,0.003,1.00E-05,2,10,1000,0,0,0.50487298,0,0.225438486
0.12,1.00E-05,0.003,1.00E-05,2,100,1000,0,0,0.021246463,0,0.000433108
0.12,1.00E-05,0.003,1.00E-05,2,1000,1000,0,0,0.000323503,0,9.76E-08
0.12,1.00E-05,0.003,1.00E-05,2.5,10,1000,0,0,0.461719856,0,0.224976207
0.12,1.00E-05,0.003,1.00E-05,2.5,100,1000,0,0,0.021504283,0,0.000502892
0.12,1.00E-05,0.003,1.00E-05,2.5,1000,1000,0,0,0.000330348,0,1.00E-07
0.12,1.00E-05,0.003,1.00E-05,3,10,1000,0,0,0.4656123,0,0.307108834
0.12,1.00E-05,0.003,1.00E-05,3,100,1000,0,0,0.022481735,0,0.000535445
0.12,1.00E-05,0.003,1.00E-05,3,1000,1000,0,0,0.000323692,0,9.51E-08
0.12,1.00E-05,0.003,0.001,0.1,10,1000,0,0,0.464550916,0,0.235933859
0.12,1.00E-05,0.003,0.001,0.1,100,1000,0,0,0.02093225,0,0.00043367
0.12,1.00E-05,0.003,0.001,0.1,1000,1000,0,0,0.000307847,0,9.21E-08
0.12,1.00E-05,0.003,0.001,0.5,10,1000,0,0,0.480080462,0,0.235825137
0.12,1.00E-05,0.003,0.001,0.5,100,1000,0,0,0.020720748,0,0.000386522
0.12,1.00E-05,0.003,0.001,0.5,1000,1000,0,0,0.000319133,0,1.06E-07
0.12,1.00E-05,0.003,0.001,1.1,10,1000,0,0,0.491466527,0,0.263156681
0.12,1.00E-05,0.003,0.001,1.1,100,1000,0,0,0.021755617,0,0.000420337
0.12,1.00E-05,0.003,0.001,1.1,1000,1000,0,0,0.000319239,0,1.03E-07
0.12,1.00E-05,0.003,0.001,1.5,10,1000,0,0,0.48064264,0,0.241470887
0.12,1.00E-05,0.003,0.001,1.5,100,1000,0,0,0.021005757,0,0.000460175
0.12,1.00E-05,0.003,0.001,1.5,1000,1000,0,0,0.000307547,0,1.00E-07
0.12,1.00E-05,0.003,0.001,2,10,1000,0,0,0.453437099,0,0.184809774
0.12,1.00E-05,0.003,0.001,2,100,1000,0,0,0.021541755,0,0.000463571
0.12,1.00E-05,0.003,0.001,2,1000,1000,0,0,0.000308951,0,8.89E-08
0.12,1.00E-05,0.003,0.001,2.5,10,1000,0,0,0.488080237,0,0.232500482
0.12,1.00E-05,0.003,0.001,2.5,100,1000,0,0,0.021386937,0,0.00051309
0.12,1.00E-05,0.003,0.001,2.5,1000,1000,0,0,0.000309821,0,9.28E-08
0.12,1.00E-05,0.003,0.001,3,10,1000,0,0,0.496761061,0,0.251082477
0.12,1.00E-05,0.003,0.001,3,100,1000,0,0,0.020846479,0,0.000520227
0.12,1.00E-05,0.003,0.001,3,1000,1000,0,0,0.000332174,0,1.17E-07
0.12,1.00E-05,0.003,0.1,0.1,10,1000,0,0,0.315719201,0,0.108298922
0.12,1.00E-05,0.003,0.1,0.1,100,1000,0,0,0.01859053,0,0.000359123
0.12,1.00E-05,0.003,0.1,0.1,1000,1000,0,0,0.000304056,0,1.09E-07
0.12,1.00E-05,0.003,0.1,0.5,10,1000,0,0,0.333866807,0,0.104310966
0.12,1.00E-05,0.003,0.1,0.5,100,1000,0,0,0.017288226,0,0.000330171
0.12,1.00E-05,0.003,0.1,0.5,1000,1000,0,0,0.000318844,0,9.78E-08
0.12,1.00E-05,0.003,0.1,1.1,10,1000,0,0,0.302649772,0,0.089154074
0.12,1.00E-05,0.003,0.1,1.1,100,1000,0,0,0.017743052,0,0.000334863
0.12,1.00E-05,0.003,0.1,1.1,1000,1000,0,0,0.018715169,0,0.338819533
0.12,1.00E-05,0.003,0.1,1.5,10,1000,0,0,0.414533001,0,5.568473179
0.12,1.00E-05,0.003,0.1,1.5,100,1000,0,0,0.017727239,0,0.00032755
0.12,1.00E-05,0.003,0.1,1.5,1000,1000,0,0,0.00030949,0,9.77E-08
0.12,1.00E-05,0.003,0.1,2,10,1000,0,0,0.319918188,0,0.102384622
0.12,1.00E-05,0.003,0.1,2,100,1000,0,0,0.017069614,0,0.000311878
0.12,1.00E-05,0.003,0.1,2,1000,1000,0,0,0.000307108,0,8.89E-08
0.12,1.00E-05,0.003,0.1,2.5,10,1000,0,0,0.308397917,0,0.097678959
0.12,1.00E-05,0.003,0.1,2.5,100,1000,0,0,0.016031443,0,0.000252055
0.12,1.00E-05,0.003,0.1,2.5,1000,1000,0,0,0.000303067,0,9.93E-08
0.12,1.00E-05,0.003,0.1,3,10,1000,0,0,0.358145656,0,1.870921243
0.12,1.00E-05,0.003,0.1,3,100,1000,0,0,0.016710109,0,0.000264001
0.12,1.00E-05,0.003,0.1,3,1000,1000,0,0,0.01311722,0,0.163815924
0.12,1.00E-05,0.003,1,0.1,10,1000,0,0,0.085232769,0,0.007549569
0.12,1.00E-05,0.003,1,0.1,100,1000,0,0,0.007269354,0,4.67E-05
0.12,1.00E-05,0.003,1,0.1,1000,1000,0,0,0.000245577,0,6.06E-08
0.12,1.00E-05,0.003,1,0.5,10,1000,0,0,0.089149945,0,0.015251114
0.12,1.00E-05,0.003,1,0.5,100,1000,0,0,0.018729644,0,0.144875985
0.12,1.00E-05,0.003,1,0.5,1000,1000,0,0,0.000232067,0,4.82E-08
0.12,1.00E-05,0.003,1,1.1,10,1000,0,0,0.079704135,0,0.006510344
0.12,1.00E-05,0.003,1,1.1,100,1000,0,0,0.006686817,0,4.32E-05
0.12,1.00E-05,0.003,1,1.1,1000,1000,0,0,0.000239633,0,5.55E-08
0.12,1.00E-05,0.003,1,1.5,10,1000,0,0,0.08172356,0,0.006609584
0.12,1.00E-05,0.003,1,1.5,100,1000,0,0,0.007067366,0,4.68E-05
0.12,1.00E-05,0.003,1,1.5,1000,1000,0,0,0.000244046,0,6.24E-08
0.12,1.00E-05,0.003,1,2,10,1000,0,0,0.086085851,0,0.006993104
0.12,1.00E-05,0.003,1,2,100,1000,0,0,0.006757378,0,4.66E-05
0.12,1.00E-05,0.003,1,2,1000,1000,0,0,0.000240457,0,5.87E-08
0.12,1.00E-05,0.003,1,2.5,10,1000,0,0,0.08099258,0,0.006829365
0.12,1.00E-05,0.003,1,2.5,100,1000,0,0,0.006802159,0,4.17E-05
0.12,1.00E-05,0.003,1,2.5,1000,1000,0,0,0.000247695,0,6.50E-08
0.12,1.00E-05,0.003,1,3,10,1000,0,0,0.083702921,0,0.006338133
0.12,1.00E-05,0.003,1,3,100,1000,0,0,0.00657355,0,4.26E-05
0.12,1.00E-05,0.003,1,3,1000,1000,0,0,0.000248721,0,5.80E-08
0.12,0.0001,0.0001,1.00E-05,0.1,10,1000,0,0,0,0,0
0.12,0.0001,0.0001,1.00E-05,0.1,100,1000,0,0,0,0,0
0.12,0.0001,0.0001,1.00E-05,0.1,1000,1000,0,0,0,0,0
0.12,0.0001,0.0001,1.00E-05,0.5,10,1000,0,0,0,0,0
0.12,0.0001,0.0001,1.00E-05,0.5,100,1000,0,0,0,0,0
0.12,0.0001,0.0001,1.00E-05,0.5,1000,1000,0,0,0,0,0
0.12,0.0001,0.0001,1.00E-05,1.1,10,1000,0,0,0,0,0
0.12,0.0001,0.0001,1.00E-05,1.1,100,1000,0,0,0,0,0
0.12,0.0001,0.0001,1.00E-05,1.1,1000,1000,0,0,0,0,0
0.12,0.0001,0.0001,1.00E-05,1.5,10,1000,0,0,0,0,0
0.12,0.0001,0.0001,1.00E-05,1.5,100,1000,0,0,0,0,0
0.12,0.0001,0.0001,1.00E-05,1.5,1000,1000,0,0,0,0,0
0.12,0.0001,0.0001,1.00E-05,2,10,1000,0,0,0,0,0
0.12,0.0001,0.0001,1.00E-05,2,100,1000,0,0,0,0,0
0.12,0.0001,0.0001,1.00E-05,2,1000,1000,0,0,0,0,0
0.12,0.0001,0.0001,1.00E-05,2.5,10,1000,0,0,0,0,0
0.12,0.0001,0.0001,1.00E-05,2.5,100,1000,0,0,0,0,0
0.12,0.0001,0.0001,1.00E-05,2.5,1000,1000,0,0,0,0,0
0.12,0.0001,0.0001,1.00E-05,3,10,1000,0,0,0,0,0
0.12,0.0001,0.0001,1.00E-05,3,100,1000,0,0,0,0,0
0.12,0.0001,0.0001,1.00E-05,3,1000,1000,0,0,0,0,0
0.12,0.0001,0.0001,0.001,0.1,10,1000,0,0,0,0,0
0.12,0.0001,0.0001,0.001,0.1,100,1000,0,0,0,0,0
0.12,0.0001,0.0001,0.001,0.1,1000,1000,0,0,0,0,0
0.12,0.0001,0.0001,0.001,0.5,10,1000,0,0,0,0,0
0.12,0.0001,0.0001,0.001,0.5,100,1000,0,0,0,0,0
0.12,0.0001,0.0001,0.001,0.5,1000,1000,0,0,0,0,0
0.12,0.0001,0.0001,0.001,1.1,10,1000,0,0,0,0,0
0.12,0.0001,0.0001,0.001,1.1,100,1000,0,0,0,0,0
0.12,0.0001,0.0001,0.001,1.1,1000,1000,0,0,0,0,0
0.12,0.0001,0.0001,0.001,1.5,10,1000,0,0,0,0,0
0.12,0.0001,0.0001,0.001,1.5,100,1000,0,0,0,0,0
0.12,0.0001,0.0001,0.001,1.5,1000,1000,0,0,0,0,0
0.12,0.0001,0.0001,0.001,2,10,1000,0,0,0,0,0
0.12,0.0001,0.0001,0.001,2,100,1000,0,0,0,0,0
0.12,0.0001,0.0001,0.001,2,1000,1000,0,0,0,0,0
0.12,0.0001,0.0001,0.001,2.5,10,1000,0,0,0,0,0
0.12,0.0001,0.0001,0.001,2.5,100,1000,0,0,0,0,0
0.12,0.0001,0.0001,0.001,2.5,1000,1000,0,0,0,0,0
0.12,0.0001,0.0001,0.001,3,10,1000,0,0,0,0,0
0.12,0.0001,0.0001,0.001,3,100,1000,0,0,0,0,0
0.12,0.0001,0.0001,0.001,3,1000,1000,0,0,0,0,0
0.12,0.0001,0.0001,0.1,0.1,10,1000,0,0,178.0542013,0,0
0.12,0.0001,0.0001,0.1,0.1,100,1000,0,0,7.842498994,0,22.51504349
0.12,0.0001,0.0001,0.1,0.1,1000,1000,0,0,0.363586267,0,0.349746561
0.12,0.0001,0.0001,0.1,0.5,10,1000,0,0,132.5186834,0,2360.262682
0.12,0.0001,0.0001,0.1,0.5,100,1000,0,0,4.63354325,0,7.600043986
0.12,0.0001,0.0001,0.1,0.5,1000,1000,0,0,0.231470199,0,0.091296734
0.12,0.0001,0.0001,0.1,1.1,10,1000,0,0,85.42651109,0,3422.995875
0.12,0.0001,0.0001,0.1,1.1,100,1000,0,0,3.239590959,0,3.054082838
0.12,0.0001,0.0001,0.1,1.1,1000,1000,0,0,0.257413669,0,2.620722807
0.12,0.0001,0.0001,0.1,1.5,10,1000,0,0,153.4452728,0,7840.911792
0.12,0.0001,0.0001,0.1,1.5,100,1000,0,0,2.919943478,0,2.547387165
0.12,0.0001,0.0001,0.1,1.5,1000,1000,0,0,0.199377103,0,0.002284191
0.12,0.0001,0.0001,0.1,2,10,1000,0,0,160.4946171,0,19743.09078
0.12,0.0001,0.0001,0.1,2,100,1000,0,0,2.724380832,0,0.888257829
0.12,0.0001,0.0001,0.1,2,1000,1000,0,0,0.197669744,0,0.005352566
0.12,0.0001,0.0001,0.1,2.5,10,1000,0,0,131.6375739,0,3113.398945
0.12,0.0001,0.0001,0.1,2.5,100,1000,0,0,2.671688508,0,0.658879033
0.12,0.0001,0.0001,0.1,2.5,1000,1000,0,0,0.198916796,0,0.002374282
0.12,0.0001,0.0001,0.1,3,10,1000,0,0,143.9154946,0,2429.007522
0.12,0.0001,0.0001,0.1,3,100,1000,0,0,2.604168348,0,0.676022387
0.12,0.0001,0.0001,0.1,3,1000,998,2,0.15,0.237052219,0.0225,1.500578186
0.12,0.0001,0.0001,1,0.1,10,1000,0,0,82.25449296,0,2242.244832
0.12,0.0001,0.0001,1,0.1,100,1000,0,0,0.475248136,0,0.546764663
0.12,0.0001,0.0001,1,0.1,1000,998,2,0.465625,0.125526511,0.004306641,8.771275799
0.12,0.0001,0.0001,1,0.5,10,1000,0,0,86.61452129,0,3367.764365
0.12,0.0001,0.0001,1,0.5,100,1000,0,0,0.476909059,0,27.91588049
0.12,0.0001,0.0001,1,0.5,1000,994,6,0.472258297,0.021130275,0.002243874,2.32E-05
0.12,0.0001,0.0001,1,1.1,10,1000,0,0,98.82432843,0,3999.909516
0.12,0.0001,0.0001,1,1.1,100,997,3,0.553333333,0.269049831,0.001688889,0.634922002
0.12,0.0001,0.0001,1,1.1,1000,997,3,0.395417307,0.032000448,0.006770113,0.156068013
0.12,0.0001,0.0001,1,1.5,10,1000,0,0,101.7259655,0,4743.122246
0.12,0.0001,0.0001,1,1.5,100,997,3,0.508472758,0.232158079,0.004004579,0.003193961
0.12,0.0001,0.0001,1,1.5,1000,993,7,0.499043934,0.01918325,0.072807519,2.06E-05
0.12,0.0001,0.0001,1,2,10,999,1,0,106.9635535,0,4756.867168
0.12,0.0001,0.0001,1,2,100,994,6,0.450204617,0.220412538,0.043923261,0.002734996
0.12,0.0001,0.0001,1,2,1000,993,7,0.493532533,0.019214559,0.002977028,1.84E-05
0.12,0.0001,0.0001,1,2.5,10,999,1,0,96.45968357,0,4018.948255
0.12,0.0001,0.0001,1,2.5,100,993,7,0.263095238,0.214645091,0.062338435,0.002549023
0.12,0.0001,0.0001,1,2.5,1000,989,11,0.393632382,0.019356791,0.038011531,1.99E-05
0.12,0.0001,0.0001,1,3,10,999,1,0.516129032,108.8158508,0,5776.413811
0.12,0.0001,0.0001,1,3,100,995,5,0.549004329,0.22685627,0.053934701,0.065088418
0.12,0.0001,0.0001,1,3,1000,989,11,0.445487076,0.073589331,0.012419488,2.962986017
0.12,0.0001,0.0003,1.00E-05,0.1,10,1000,0,0,0,0,0
0.12,0.0001,0.0003,1.00E-05,0.1,100,1000,0,0,0,0,0
0.12,0.0001,0.0003,1.00E-05,0.1,1000,1000,0,0,0,0,0
0.12,0.0001,0.0003,1.00E-05,0.5,10,1000,0,0,0,0,0
0.12,0.0001,0.0003,1.00E-05,0.5,100,1000,0,0,0,0,0
0.12,0.0001,0.0003,1.00E-05,0.5,1000,1000,0,0,0,0,0
0.12,0.0001,0.0003,1.00E-05,1.1,10,1000,0,0,0,0,0
0.12,0.0001,0.0003,1.00E-05,1.1,100,1000,0,0,0,0,0
0.12,0.0001,0.0003,1.00E-05,1.1,1000,1000,0,0,0,0,0
0.12,0.0001,0.0003,1.00E-05,1.5,10,1000,0,0,0,0,0
0.12,0.0001,0.0003,1.00E-05,1.5,100,1000,0,0,0,0,0
0.12,0.0001,0.0003,1.00E-05,1.5,1000,1000,0,0,0,0,0
0.12,0.0001,0.0003,1.00E-05,2,10,1000,0,0,0,0,0
0.12,0.0001,0.0003,1.00E-05,2,100,1000,0,0,0,0,0
0.12,0.0001,0.0003,1.00E-05,2,1000,1000,0,0,0,0,0
0.12,0.0001,0.0003,1.00E-05,2.5,10,1000,0,0,0,0,0
0.12,0.0001,0.0003,1.00E-05,2.5,100,1000,0,0,0,0,0
0.12,0.0001,0.0003,1.00E-05,2.5,1000,1000,0,0,0,0,0
0.12,0.0001,0.0003,1.00E-05,3,10,1000,0,0,0,0,0
0.12,0.0001,0.0003,1.00E-05,3,100,1000,0,0,0,0,0
0.12,0.0001,0.0003,1.00E-05,3,1000,1000,0,0,0,0,0
0.12,0.0001,0.0003,0.001,0.1,10,1000,0,0,0,0,0
0.12,0.0001,0.0003,0.001,0.1,100,1000,0,0,0,0,0
0.12,0.0001,0.0003,0.001,0.1,1000,1000,0,0,6.645257794,0,5.254348964
0.12,0.0001,0.0003,0.001,0.5,10,1000,0,0,0,0,0
0.12,0.0001,0.0003,0.001,0.5,100,1000,0,0,0,0,0
0.12,0.0001,0.0003,0.001,0.5,1000,1000,0,0,5.557414348,0,9.696132473
0.12,0.0001,0.0003,0.001,1.1,10,1000,0,0,0,0,0
0.12,0.0001,0.0003,0.001,1.1,100,1000,0,0,0,0,0
0.12,0.0001,0.0003,0.001,1.1,1000,1000,0,0,4.847901835,0,7.802381963
0.12,0.0001,0.0003,0.001,1.5,10,1000,0,0,0,0,0
0.12,0.0001,0.0003,0.001,1.5,100,1000,0,0,0,0,0
0.12,0.0001,0.0003,0.001,1.5,1000,1000,0,0,8.668633444,0,47.07869982
0.12,0.0001,0.0003,0.001,2,10,1000,0,0,0,0,0
0.12,0.0001,0.0003,0.001,2,100,1000,0,0,0,0,0
0.12,0.0001,0.0003,0.001,2,1000,1000,0,0,7.930229826,0,17.90937308
0.12,0.0001,0.0003,0.001,2.5,10,1000,0,0,0,0,0
0.12,0.0001,0.0003,0.001,2.5,100,1000,0,0,0,0,0
0.12,0.0001,0.0003,0.001,2.5,1000,1000,0,0,6.698008717,0,11.72344473
0.12,0.0001,0.0003,0.001,3,10,1000,0,0,0,0,0
0.12,0.0001,0.0003,0.001,3,100,1000,0,0,0,0,0
0.12,0.0001,0.0003,0.001,3,1000,1000,0,0,5.746820478,0,13.78703732
0.12,0.0001,0.0003,0.1,0.1,10,1000,0,0,24.90471258,0,287.9589591
0.12,0.0001,0.0003,0.1,0.1,100,1000,0,0,1.317346611,0,1.905942501
0.12,0.0001,0.0003,0.1,0.1,1000,1000,0,0,0.201932068,0,5.970147299
0.12,0.0001,0.0003,0.1,0.5,10,1000,0,0,26.321681,0,471.954898
0.12,0.0001,0.0003,0.1,0.5,100,1000,0,0,0.83429086,0,0.477806686
0.12,0.0001,0.0003,0.1,0.5,1000,1000,0,0,0.071494588,0,0.029753914
0.12,0.0001,0.0003,0.1,1.1,10,1000,0,0,26.40045302,0,511.4908042
0.12,0.0001,0.0003,0.1,1.1,100,1000,0,0,0.70768262,0,0.276672675
0.12,0.0001,0.0003,0.1,1.1,1000,1000,0,0,0.071041376,0,0.043161291
0.12,0.0001,0.0003,0.1,1.5,10,1000,0,0,25.35818904,0,392.4698315
0.12,0.0001,0.0003,0.1,1.5,100,1000,0,0,0.725640077,0,1.252556852
0.12,0.0001,0.0003,0.1,1.5,1000,1000,0,0,0.274171766,0,18.98147582
0.12,0.0001,0.0003,0.1,2,10,1000,0,0,25.54974122,0,653.124178
0.12,0.0001,0.0003,0.1,2,100,1000,0,0,0.753030734,0,5.985081869
0.12,0.0001,0.0003,0.1,2,1000,1000,0,0,0.062335086,0,0.000730078
0.12,0.0001,0.0003,0.1,2.5,10,1000,0,0,22.87608248,0,399.0700795
0.12,0.0001,0.0003,0.1,2.5,100,1000,0,0,0.660011177,0,0.084157804
0.12,0.0001,0.0003,0.1,2.5,1000,1000,0,0,0.071430113,0,0.056869083
0.12,0.0001,0.0003,0.1,3,10,1000,0,0,21.19709418,0,383.2118502
0.12,0.0001,0.0003,0.1,3,100,1000,0,0,0.713518884,0,1.370271502
0.12,0.0001,0.0003,0.1,3,1000,1000,0,0,0.13444801,0,3.547596336
0.12,0.0001,0.0003,1,0.1,10,1000,0,0,4.851291118,0,41.69617958
0.12,0.0001,0.0003,1,0.1,100,1000,0,0,0.165302502,0,2.939229693
0.12,0.0001,0.0003,1,0.1,1000,1000,0,0,0.009317319,0,1.44E-05
0.12,0.0001,0.0003,1,0.5,10,1000,0,0,5.238658347,0,39.79724774
0.12,0.0001,0.0003,1,0.5,100,1000,0,0,0.07628181,0,0.001102993
0.12,0.0001,0.0003,1,0.5,1000,1000,0,0,0.006209694,0,6.42E-06
0.12,0.0001,0.0003,1,1.1,10,1000,0,0,5.339085637,0,44.90978043
0.12,0.0001,0.0003,1,1.1,100,1000,0,0,0.072035412,0,0.04897166
0.12,0.0001,0.0003,1,1.1,1000,1000,0,0,0.006019169,0,6.22E-06
0.12,0.0001,0.0003,1,1.5,10,1000,0,0,5.138522564,0,57.31528951
0.12,0.0001,0.0003,1,1.5,100,1000,0,0,0.062666697,0,0.00066472
0.12,0.0001,0.0003,1,1.5,1000,1000,0,0,0.006020904,0,6.10E-06
0.12,0.0001,0.0003,1,2,10,1000,0,0,6.41199596,0,100.3041374
0.12,0.0001,0.0003,1,2,100,1000,0,0,0.06354486,0,0.00072156
0.12,0.0001,0.0003,1,2,1000,1000,0,0,0.006073215,0,6.36E-06
0.12,0.0001,0.0003,1,2.5,10,1000,0,0,6.516048141,0,98.70728375
0.12,0.0001,0.0003,1,2.5,100,998,2,0.25,0.069990949,0.0625,0.066971763
0.12,0.0001,0.0003,1,2.5,1000,1000,0,0,0.030809428,0,0.307641977
0.12,0.0001,0.0003,1,3,10,1000,0,0,6.146760217,0,75.5820247
0.12,0.0001,0.0003,1,3,100,1000,0,0,0.062860113,0,0.000700824
0.12,0.0001,0.0003,1,3,1000,998,2,0.25,0.005934258,0.0625,6.09E-06
0.12,0.0001,0.001,1.00E-05,0.1,10,1000,0,0,5.551699362,0,20.7616936
0.12,0.0001,0.001,1.00E-05,0.1,100,1000,0,0,4.567806165,0,25.50449589
0.12,0.0001,0.001,1.00E-05,0.1,1000,1000,0,0,2.908246792,0,37.94885481
0.12,0.0001,0.001,1.00E-05,0.5,10,1000,0,0,14.94612214,0,221.898366
0.12,0.0001,0.001,1.00E-05,0.5,100,1000,0,0,3.414095112,0,13.71976029
0.12,0.0001,0.001,1.00E-05,0.5,1000,1000,0,0,1.822390754,0,10.79875786
0.12,0.0001,0.001,1.00E-05,1.1,10,1000,0,0,7.58224018,0,28.15000245
0.12,0.0001,0.001,1.00E-05,1.1,100,1000,0,0,6.290838388,0,42.19293441
0.12,0.0001,0.001,1.00E-05,1.1,1000,1000,0,0,2.065895337,0,17.75456128
0.12,0.0001,0.001,1.00E-05,1.5,10,1000,0,0,8.715557676,0,55.42464857
0.12,0.0001,0.001,1.00E-05,1.5,100,1000,0,0,6.409358175,0,80.97976913
0.12,0.0001,0.001,1.00E-05,1.5,1000,1000,0,0,2.037535923,0,18.81016276
0.12,0.0001,0.001,1.00E-05,2,10,1000,0,0,8.053195569,0,19.57661203
0.12,0.0001,0.001,1.00E-05,2,100,1000,0,0,7.729329001,0,151.3599578
0.12,0.0001,0.001,1.00E-05,2,1000,1000,0,0,2.253260063,0,19.28071987
0.12,0.0001,0.001,1.00E-05,2.5,10,1000,0,0,10.14360099,0,146.9951683
0.12,0.0001,0.001,1.00E-05,2.5,100,1000,0,0,4.849479269,0,30.93263642
0.12,0.0001,0.001,1.00E-05,2.5,1000,1000,0,0,2.158242503,0,10.30387959
0.12,0.0001,0.001,1.00E-05,3,10,1000,0,0,3.072230629,0,4.325698778
0.12,0.0001,0.001,1.00E-05,3,100,1000,0,0,5.860991763,0,99.26758709
0.12,0.0001,0.001,1.00E-05,3,1000,1000,0,0,1.514194815,0,5.916044572
0.12,0.0001,0.001,0.001,0.1,10,1000,0,0,8.260029356,0,76.45338706
0.12,0.0001,0.001,0.001,0.1,100,1000,0,0,4.787244944,0,66.09402036
0.12,0.0001,0.001,0.001,0.1,1000,1000,0,0,2.093060868,0,36.83963909
0.12,0.0001,0.001,0.001,0.5,10,1000,0,0,6.675034161,0,77.73934917
0.12,0.0001,0.001,0.001,0.5,100,1000,0,0,3.727408795,0,23.23170793
0.12,0.0001,0.001,0.001,0.5,1000,1000,0,0,1.478763043,0,31.61061324
0.12,0.0001,0.001,0.001,1.1,10,1000,0,0,9.874197154,0,264.8729075
0.12,0.0001,0.001,0.001,1.1,100,1000,0,0,4.61528068,0,56.384334
0.12,0.0001,0.001,0.001,1.1,1000,1000,0,0,1.70031546,0,43.98417732
0.12,0.0001,0.001,0.001,1.5,10,1000,0,0,6.397492795,0,54.31677701
0.12,0.0001,0.001,0.001,1.5,100,1000,0,0,4.347205521,0,28.95554451
0.12,0.0001,0.001,0.001,1.5,1000,1000,0,0,1.460978063,0,24.07495653
0.12,0.0001,0.001,0.001,2,10,1000,0,0,7.863923988,0,48.54871583
0.12,0.0001,0.001,0.001,2,100,1000,0,0,3.59496285,0,29.10500659
0.12,0.0001,0.001,0.001,2,1000,1000,0,0,1.448139163,0,36.28205638
0.12,0.0001,0.001,0.001,2.5,10,1000,0,0,5.876187485,0,32.39913473
0.12,0.0001,0.001,0.001,2.5,100,1000,0,0,4.625450344,0,44.17345989
0.12,0.0001,0.001,0.001,2.5,1000,1000,0,0,1.923289446,0,38.78813231
0.12,0.0001,0.001,0.001,3,10,1000,0,0,6.822586234,0,61.90114696
0.12,0.0001,0.001,0.001,3,100,1000,0,0,3.615533042,0,18.48660743
0.12,0.0001,0.001,0.001,3,1000,1000,0,0,1.520733472,0,25.64583151
0.12,0.0001,0.001,0.1,0.1,10,1000,0,0,1.643791755,0,6.061256775
0.12,0.0001,0.001,0.1,0.1,100,1000,0,0,0.194398672,0,0.344507159
0.12,0.0001,0.001,0.1,0.1,1000,1000,0,0,0.169880412,0,9.248295823
0.12,0.0001,0.001,0.1,0.5,10,1000,0,0,1.467763725,0,12.43563191
0.12,0.0001,0.001,0.1,0.5,100,1000,0,0,0.286662757,0,6.672899419
0.12,0.0001,0.001,0.1,0.5,1000,1000,0,0,0.02876975,0,0.200183982
0.12,0.0001,0.001,0.1,1.1,10,1000,0,0,1.193095657,0,1.762477603
0.12,0.0001,0.001,0.1,1.1,100,1000,0,0,0.171789581,0,1.825353621
0.12,0.0001,0.001,0.1,1.1,1000,1000,0,0,0.00977786,0,0.000123592
0.12,0.0001,0.001,0.1,1.5,10,1000,0,0,1.060541875,0,2.019228697
0.12,0.0001,0.001,0.1,1.5,100,1000,0,0,0.37571797,0,25.98370606
0.12,0.0001,0.001,0.1,1.5,1000,1000,0,0,0.032701935,0,0.192188645
0.12,0.0001,0.001,0.1,2,10,1000,0,0,1.087077223,0,2.125821688
0.12,0.0001,0.001,0.1,2,100,1000,0,0,0.127013644,0,0.673762092
0.12,0.0001,0.001,0.1,2,1000,1000,0,0,0.009699837,0,9.39E-05
0.12,0.0001,0.001,0.1,2.5,10,1000,0,0,1.082059225,0,1.586445132
0.12,0.0001,0.001,0.1,2.5,100,1000,0,0,0.113958421,0,0.202440109
0.12,0.0001,0.001,0.1,2.5,1000,1000,0,0,0.009700272,0,9.45E-05
0.12,0.0001,0.001,0.1,3,10,1000,0,0,1.10447369,0,3.486200582
0.12,0.0001,0.001,0.1,3,100,1000,0,0,0.159952555,0,1.471216397
0.12,0.0001,0.001,0.1,3,1000,1000,0,0,0.019455436,0,0.053468446
0.12,0.0001,0.001,1,0.1,10,1000,0,0,0.17159446,0,0.02937544
0.12,0.0001,0.001,1,0.1,100,1000,0,0,0.037947588,0,0.346034506
0.12,0.0001,0.001,1,0.1,1000,1000,0,0,0.001480933,0,2.14E-06
0.12,0.0001,0.001,1,0.5,10,1000,0,0,0.152658481,0,0.149255045
0.12,0.0001,0.001,1,0.5,100,1000,0,0,0.076106341,0,3.099828745
0.12,0.0001,0.001,1,0.5,1000,1000,0,0,0.001096134,0,1.11E-06
0.12,0.0001,0.001,1,1.1,10,1000,0,0,0.124593569,0,0.01579554
0.12,0.0001,0.001,1,1.1,100,1000,0,0,0.010590019,0,0.00011316
0.12,0.0001,0.001,1,1.1,1000,1000,0,0,0.001008091,0,9.96E-07
0.12,0.0001,0.001,1,1.5,10,1000,0,0,0.115167464,0,0.014908295
0.12,0.0001,0.001,1,1.5,100,1000,0,0,0.012422907,0,0.00311463
0.12,0.0001,0.001,1,1.5,1000,1000,0,0,0.000988587,0,8.60E-07
0.12,0.0001,0.001,1,2,10,1000,0,0,0.127589663,0,0.390190895
0.12,0.0001,0.001,1,2,100,1000,0,0,0.010471009,0,0.00010126
0.12,0.0001,0.001,1,2,1000,1000,0,0,0.025191528,0,0.555403122
0.12,0.0001,0.001,1,2.5,10,1000,0,0,0.113585796,0,0.014372852
0.12,0.0001,0.001,1,2.5,100,1000,0,0,0.016863521,0,0.046637685
0.12,0.0001,0.001,1,2.5,1000,1000,0,0,0.009200106,0,0.067617769
0.12,0.0001,0.001,1,3,10,1000,0,0,0.110756468,0,0.012967218
0.12,0.0001,0.001,1,3,100,1000,0,0,0.011039724,0,0.00048447
0.12,0.0001,0.001,1,3,1000,1000,0,0,0.001049878,0,1.15E-06
0.12,0.0001,0.003,1.00E-05,0.1,10,1000,0,0,0.548756133,0,4.148404247
0.12,0.0001,0.003,1.00E-05,0.1,100,1000,0,0,0.032207107,0,0.12162396
0.12,0.0001,0.003,1.00E-05,0.1,1000,1000,0,0,0.000324881,0,1.07E-07
0.12,0.0001,0.003,1.00E-05,0.5,10,1000,0,0,0.446810803,0,0.187140404
0.12,0.0001,0.003,1.00E-05,0.5,100,1000,0,0,0.020058747,0,0.000346301
0.12,0.0001,0.003,1.00E-05,0.5,1000,1000,0,0,0.004129263,0,0.014474068
0.12,0.0001,0.003,1.00E-05,1.1,10,1000,0,0,0.484719449,0,0.656086455
0.12,0.0001,0.003,1.00E-05,1.1,100,1000,0,0,0.021135467,0,0.000444647
0.12,0.0001,0.003,1.00E-05,1.1,1000,1000,0,0,0.00033247,0,1.25E-07
0.12,0.0001,0.003,1.00E-05,1.5,10,1000,0,0,0.517377085,0,1.083292842
0.12,0.0001,0.003,1.00E-05,1.5,100,1000,0,0,0.020245608,0,0.00039013
0.12,0.0001,0.003,1.00E-05,1.5,1000,1000,0,0,0.000309328,0,8.77E-08
0.12,0.0001,0.003,1.00E-05,2,10,1000,0,0,0.485054353,0,0.207172299
0.12,0.0001,0.003,1.00E-05,2,100,1000,0,0,0.021273977,0,0.00045061
0.12,0.0001,0.003,1.00E-05,2,1000,1000,0,0,0.000327289,0,1.08E-07
0.12,0.0001,0.003,1.00E-05,2.5,10,1000,0,0,0.47427082,0,0.23019756
0.12,0.0001,0.003,1.00E-05,2.5,100,1000,0,0,0.075118886,0,1.436614881
0.12,0.0001,0.003,1.00E-05,2.5,1000,1000,0,0,0.000322875,0,1.05E-07
0.12,0.0001,0.003,1.00E-05,3,10,1000,0,0,0.475801704,0,0.228165643
0.12,0.0001,0.003,1.00E-05,3,100,1000,0,0,0.020406253,0,0.000412778
0.12,0.0001,0.003,1.00E-05,3,1000,1000,0,0,0.004679452,0,0.019087853
0.12,0.0001,0.003,0.001,0.1,10,1000,0,0,0.509853314,0,0.984986243
0.12,0.0001,0.003,0.001,0.1,100,1000,0,0,0.021786635,0,0.000504833
0.12,0.0001,0.003,0.001,0.1,1000,1000,0,0,0.000302528,0,9.65E-08
0.12,0.0001,0.003,0.001,0.5,10,1000,0,0,0.497735233,0,0.231949638
0.12,0.0001,0.003,0.001,0.5,100,1000,0,0,0.021182993,0,0.000468392
0.12,0.0001,0.003,0.001,0.5,1000,1000,0,0,0.000312348,0,1.01E-07
0.12,0.0001,0.003,0.001,1.1,10,1000,0,0,0.521319666,0,1.473574312
0.12,0.0001,0.003,0.001,1.1,100,1000,0,0,0.020445138,0,0.000431725
0.12,0.0001,0.003,0.001,1.1,1000,1000,0,0,0.000298442,0,9.15E-08
0.12,0.0001,0.003,0.001,1.5,10,1000,0,0,0.440336273,0,0.170946427
0.12,0.0001,0.003,0.001,1.5,100,1000,0,0,0.028083076,0,0.039267867
0.12,0.0001,0.003,0.001,1.5,1000,1000,0,0,0.000326247,0,1.02E-07
0.12,0.0001,0.003,0.001,2,10,1000,0,0,0.509671003,0,1.022691123
0.12,0.0001,0.003,0.001,2,100,1000,0,0,0.021903815,0,0.000504006
0.12,0.0001,0.003,0.001,2,1000,1000,0,0,0.000313404,0,1.06E-07
0.12,0.0001,0.003,0.001,2.5,10,1000,0,0,0.468838192,0,0.583805855
0.12,0.0001,0.003,0.001,2.5,100,1000,0,0,0.060627824,0,1.625276763
0.12,0.0001,0.003,0.001,2.5,1000,1000,0,0,0.000329469,0,1.13E-07
0.12,0.0001,0.003,0.001,3,10,1000,0,0,0.481465327,0,0.366194841
0.12,0.0001,0.003,0.001,3,100,1000,0,0,0.023977459,0,0.015840882
0.12,0.0001,0.003,0.001,3,1000,1000,0,0,0.000305904,0,8.63E-08
0.12,0.0001,0.003,0.1,0.1,10,1000,0,0,0.323697668,0,0.101846301
0.12,0.0001,0.003,0.1,0.1,100,1000,0,0,0.017646343,0,0.000305952
0.12,0.0001,0.003,0.1,0.1,1000,1000,0,0,0.000285654,0,7.41E-08
0.12,0.0001,0.003,0.1,0.5,10,1000,0,0,0.315487941,0,0.106073107
0.12,0.0001,0.003,0.1,0.5,100,1000,0,0,0.043613861,0,0.688633134
0.12,0.0001,0.003,0.1,0.5,1000,1000,0,0,0.000310541,0,9.25E-08
0.12,0.0001,0.003,0.1,1.1,10,1000,0,0,0.395241833,0,4.283344167
0.12,0.0001,0.003,0.1,1.1,100,1000,0,0,0.077604038,0,3.529914904
0.12,0.0001,0.003,0.1,1.1,1000,1000,0,0,0.000305483,0,8.88E-08
0.12,0.0001,0.003,0.1,1.5,10,1000,0,0,0.427829111,0,5.905823458
0.12,0.0001,0.003,0.1,1.5,100,1000,0,0,0.037738628,0,0.431478695
0.12,0.0001,0.003,0.1,1.5,1000,1000,0,0,0.000295692,0,8.80E-08
0.12,0.0001,0.003,0.1,2,10,1000,0,0,0.314650479,0,0.105741083
0.12,0.0001,0.003,0.1,2,100,1000,0,0,0.053987044,0,1.320021985
0.12,0.0001,0.003,0.1,2,1000,1000,0,0,0.000304938,0,8.78E-08
0.12,0.0001,0.003,0.1,2.5,10,1000,0,0,0.326810759,0,0.116730094
0.12,0.0001,0.003,0.1,2.5,100,1000,0,0,0.048952828,0,0.999709105
0.12,0.0001,0.003,0.1,2.5,1000,1000,0,0,0.00581316,0,0.030349568
0.12,0.0001,0.003,0.1,3,10,1000,0,0,0.35200939,0,0.389396144
0.12,0.0001,0.003,0.1,3,100,1000,0,0,0.016307633,0,0.00023653
0.12,0.0001,0.003,0.1,3,1000,1000,0,0,0.000295542,0,9.25E-08
0.12,0.0001,0.003,1,0.1,10,1000,0,0,0.115502121,0,1.038636095
0.12,0.0001,0.003,1,0.1,100,1000,0,0,0.006585155,0,4.45E-05
0.12,0.0001,0.003,1,0.1,1000,1000,0,0,0.035472948,0,0.619759625
0.12,0.0001,0.003,1,0.5,10,1000,0,0,0.081379078,0,0.006150754
0.12,0.0001,0.003,1,0.5,100,1000,0,0,0.006983835,0,6.27E-05
0.12,0.0001,0.003,1,0.5,1000,1000,0,0,0.000224758,0,5.52E-08
0.12,0.0001,0.003,1,1.1,10,1000,0,0,0.107423845,0,0.529429033
0.12,0.0001,0.003,1,1.1,100,1000,0,0,0.006756649,0,4.66E-05
0.12,0.0001,0.003,1,1.1,1000,1000,0,0,0.000248027,0,5.60E-08
0.12,0.0001,0.003,1,1.5,10,1000,0,0,0.081180607,0,0.006215369
0.12,0.0001,0.003,1,1.5,100,1000,0,0,0.006643148,0,4.53E-05
0.12,0.0001,0.003,1,1.5,1000,1000,0,0,0.000235334,0,4.97E-08
0.12,0.0001,0.003,1,2,10,1000,0,0,0.079036996,0,0.006227152
0.12,0.0001,0.003,1,2,100,1000,0,0,0.013754777,0,0.051544107
0.12,0.0001,0.003,1,2,1000,1000,0,0,0.00023331,0,5.30E-08
0.12,0.0001,0.003,1,2.5,10,1000,0,0,0.078140985,0,0.006714223
0.12,0.0001,0.003,1,2.5,100,1000,0,0,0.006516968,0,4.33E-05
0.12,0.0001,0.003,1,2.5,1000,1000,0,0,0.000252171,0,7.01E-08
0.12,0.0001,0.003,1,3,10,1000,0,0,0.082810046,0,0.006536757
0.12,0.0001,0.003,1,3,100,1000,0,0,0.006393983,0,3.87E-05
0.12,0.0001,0.003,1,3,1000,1000,0,0,0.000252479,0,6.18E-08
0.12,0.001,0.0001,1.00E-05,0.1,10,1000,0,0,0,0,0
0.12,0.001,0.0001,1.00E-05,0.1,100,1000,0,0,0,0,0
0.12,0.001,0.0001,1.00E-05,0.1,1000,1000,0,0,0,0,0
0.12,0.001,0.0001,1.00E-05,0.5,10,1000,0,0,0,0,0
0.12,0.001,0.0001,1.00E-05,0.5,100,1000,0,0,0,0,0
0.12,0.001,0.0001,1.00E-05,0.5,1000,1000,0,0,0,0,0
0.12,0.001,0.0001,1.00E-05,1.1,10,1000,0,0,0,0,0
0.12,0.001,0.0001,1.00E-05,1.1,100,1000,0,0,0,0,0
0.12,0.001,0.0001,1.00E-05,1.1,1000,1000,0,0,0,0,0
0.12,0.001,0.0001,1.00E-05,1.5,10,1000,0,0,0,0,0
0.12,0.001,0.0001,1.00E-05,1.5,100,1000,0,0,0,0,0
0.12,0.001,0.0001,1.00E-05,1.5,1000,1000,0,0,0,0,0
0.12,0.001,0.0001,1.00E-05,2,10,1000,0,0,0,0,0
0.12,0.001,0.0001,1.00E-05,2,100,1000,0,0,0,0,0
0.12,0.001,0.0001,1.00E-05,2,1000,1000,0,0,0,0,0
0.12,0.001,0.0001,1.00E-05,2.5,10,1000,0,0,0,0,0
0.12,0.001,0.0001,1.00E-05,2.5,100,1000,0,0,0,0,0
0.12,0.001,0.0001,1.00E-05,2.5,1000,1000,0,0,0,0,0
0.12,0.001,0.0001,1.00E-05,3,10,1000,0,0,0,0,0
0.12,0.001,0.0001,1.00E-05,3,100,1000,0,0,0,0,0
0.12,0.001,0.0001,1.00E-05,3,1000,1000,0,0,0,0,0
0.12,0.001,0.0001,0.001,0.1,10,1000,0,0,0,0,0
0.12,0.001,0.0001,0.001,0.1,100,1000,0,0,0,0,0
0.12,0.001,0.0001,0.001,0.1,1000,1000,0,0,0,0,0
0.12,0.001,0.0001,0.001,0.5,10,1000,0,0,0,0,0
0.12,0.001,0.0001,0.001,0.5,100,1000,0,0,0,0,0
0.12,0.001,0.0001,0.001,0.5,1000,1000,0,0,0,0,0
0.12,0.001,0.0001,0.001,1.1,10,1000,0,0,0,0,0
0.12,0.001,0.0001,0.001,1.1,100,1000,0,0,0,0,0
0.12,0.001,0.0001,0.001,1.1,1000,1000,0,0,0,0,0
0.12,0.001,0.0001,0.001,1.5,10,1000,0,0,0,0,0
0.12,0.001,0.0001,0.001,1.5,100,1000,0,0,0,0,0
0.12,0.001,0.0001,0.001,1.5,1000,1000,0,0,0,0,0
0.12,0.001,0.0001,0.001,2,10,1000,0,0,0,0,0
0.12,0.001,0.0001,0.001,2,100,1000,0,0,0,0,0
0.12,0.001,0.0001,0.001,2,1000,1000,0,0,0,0,0
0.12,0.001,0.0001,0.001,2.5,10,1000,0,0,0,0,0
0.12,0.001,0.0001,0.001,2.5,100,1000,0,0,0,0,0
0.12,0.001,0.0001,0.001,2.5,1000,1000,0,0,0,0,0
0.12,0.001,0.0001,0.001,3,10,1000,0,0,0,0,0
0.12,0.001,0.0001,0.001,3,100,1000,0,0,0,0,0
0.12,0.001,0.0001,0.001,3,1000,1000,0,0,0,0,0
0.12,0.001,0.0001,0.1,0.1,10,1000,0,0,261.4836441,0,0
0.12,0.001,0.0001,0.1,0.1,100,1000,0,0,8.339982658,0,54.95995812
0.12,0.001,0.0001,0.1,0.1,1000,1000,0,0,0.327825126,0,0.01736086
0.12,0.001,0.0001,0.1,0.5,10,1000,0,0,68.76904053,0,0
0.12,0.001,0.0001,0.1,0.5,100,1000,0,0,4.584341117,0,7.587155713
0.12,0.001,0.0001,0.1,0.5,1000,1000,0,0,0.219773376,0,0.005083609
0.12,0.001,0.0001,0.1,1.1,10,1000,0,0,114.6246777,0,4604.259947
0.12,0.001,0.0001,0.1,1.1,100,1000,0,0,3.120566625,0,2.266591213
0.12,0.001,0.0001,0.1,1.1,1000,1000,0,0,0.198912826,0,0.004120513
0.12,0.001,0.0001,0.1,1.5,10,1000,0,0,86.6624879,0,2296.456062
0.12,0.001,0.0001,0.1,1.5,100,1000,0,0,2.944308692,0,3.639425033
0.12,0.001,0.0001,0.1,1.5,1000,1000,0,0,0.203241208,0,0.020280947
0.12,0.001,0.0001,0.1,2,10,1000,0,0,198.0951166,0,14728.64647
0.12,0.001,0.0001,0.1,2,100,1000,0,0,2.917672744,0,16.96447365
0.12,0.001,0.0001,0.1,2,1000,999,1,0.411764706,0.195744254,0,0.002232878
0.12,0.001,0.0001,0.1,2.5,10,1000,0,0,104.3523242,0,3389.682737
0.12,0.001,0.0001,0.1,2.5,100,1000,0,0,2.712079935,0,1.304550339
0.12,0.001,0.0001,0.1,2.5,1000,1000,0,0,0.201329476,0,0.012722512
0.12,0.001,0.0001,0.1,3,10,1000,0,0,171.8529833,0,7390.28837
0.12,0.001,0.0001,0.1,3,100,1000,0,0,2.635392985,0,1.148806966
0.12,0.001,0.0001,0.1,3,1000,1000,0,0,0.19712608,0,0.002398169
0.12,0.001,0.0001,1,0.1,10,1000,0,0,76.17823007,0,2171.622049
0.12,0.001,0.0001,1,0.1,100,999,1,0.4,0.461317644,0,0.361907294
0.12,0.001,0.0001,1,0.1,1000,997,3,0.263636364,0.031652838,0.060220386,5.80E-05
0.12,0.001,0.0001,1,0.5,10,1000,0,0,101.0362669,0,4532.066842
0.12,0.001,0.0001,1,0.5,100,999,1,0.583333333,0.309497761,0,0.024243873
0.12,0.001,0.0001,1,0.5,1000,998,2,0.564705882,0.021196769,0.001245675,2.55E-05
0.12,0.001,0.0001,1,1.1,10,999,1,0.5,108.9810259,0,6711.954814
0.12,0.001,0.0001,1,1.1,100,995,5,0.405952381,0.296994224,0.042522676,1.419815482
0.12,0.001,0.0001,1,1.1,1000,995,5,0.363729604,0.019317149,0.036339329,1.99E-05
0.12,0.001,0.0001,1,1.5,10,1000,0,0,112.226337,0,6206.579803
0.12,0.001,0.0001,1,1.5,100,999,1,0.3,0.245894777,0,0.231240032
0.12,0.001,0.0001,1,1.5,1000,995,5,0.077419355,0.019324055,0.023975026,2.04E-05
0.12,0.001,0.0001,1,2,10,999,1,0.419354839,105.180272,0,7437.860705
0.12,0.001,0.0001,1,2,100,994,6,0.563131313,0.227969832,0.042655086,0.044489984
0.12,0.001,0.0001,1,2,1000,992,8,0.546198103,0.019262371,0.030973608,1.81E-05
0.12,0.001,0.0001,1,2.5,10,998,2,0.493589744,110.7928223,4.11E-05,6311.143449
0.12,0.001,0.0001,1,2.5,100,995,5,0.375,0.239964424,0.054,0.536377572
0.12,0.001,0.0001,1,2.5,1000,990,10,0.31115802,0.019442325,0.043825557,2.10E-05
0.12,0.001,0.0001,1,3,10,999,1,0.363636364,117.4819,0,5347.318513
0.12,0.001,0.0001,1,3,100,998,2,0.5,0.216332533,0.017313019,0.009660239
0.12,0.001,0.0001,1,3,1000,987,13,0.416207942,0.019176642,0.032517268,1.95E-05
0.12,0.001,0.0003,1.00E-05,0.1,10,1000,0,0,0,0,0
0.12,0.001,0.0003,1.00E-05,0.1,100,1000,0,0,0,0,0
0.12,0.001,0.0003,1.00E-05,0.1,1000,1000,0,0,6.882124237,0,15.55811313
0.12,0.001,0.0003,1.00E-05,0.5,10,1000,0,0,0,0,0
0.12,0.001,0.0003,1.00E-05,0.5,100,1000,0,0,0,0,0
0.12,0.001,0.0003,1.00E-05,0.5,1000,1000,0,0,6.544735091,0,31.66586222
0.12,0.001,0.0003,1.00E-05,1.1,10,1000,0,0,0,0,0
0.12,0.001,0.0003,1.00E-05,1.1,100,1000,0,0,0,0,0
0.12,0.001,0.0003,1.00E-05,1.1,1000,1000,0,0,5.845244711,0,10.51171141
0.12,0.001,0.0003,1.00E-05,1.5,10,1000,0,0,0,0,0
0.12,0.001,0.0003,1.00E-05,1.5,100,1000,0,0,0,0,0
0.12,0.001,0.0003,1.00E-05,1.5,1000,1000,0,0,6.838511958,0,11.43003788
0.12,0.001,0.0003,1.00E-05,2,10,1000,0,0,0,0,0
0.12,0.001,0.0003,1.00E-05,2,100,1000,0,0,0,0,0
0.12,0.001,0.0003,1.00E-05,2,1000,1000,0,0,6.578656023,0,13.27503166
0.12,0.001,0.0003,1.00E-05,2.5,10,1000,0,0,0,0,0
0.12,0.001,0.0003,1.00E-05,2.5,100,1000,0,0,0,0,0
0.12,0.001,0.0003,1.00E-05,2.5,1000,1000,0,0,6.380886314,0,21.5755992
0.12,0.001,0.0003,1.00E-05,3,10,1000,0,0,0,0,0
0.12,0.001,0.0003,1.00E-05,3,100,1000,0,0,0,0,0
0.12,0.001,0.0003,1.00E-05,3,1000,1000,0,0,6.505765124,0,26.51184183
0.12,0.001,0.0003,0.001,0.1,10,1000,0,0,0,0,0
0.12,0.001,0.0003,0.001,0.1,100,1000,0,0,0,0,0
0.12,0.001,0.0003,0.001,0.1,1000,1000,0,0,6.448582603,0,22.3144262
0.12,0.001,0.0003,0.001,0.5,10,1000,0,0,0,0,0
0.12,0.001,0.0003,0.001,0.5,100,1000,0,0,0,0,0
0.12,0.001,0.0003,0.001,0.5,1000,1000,0,0,6.649067775,0,25.37684623
0.12,0.001,0.0003,0.001,1.1,10,1000,0,0,0,0,0
0.12,0.001,0.0003,0.001,1.1,100,1000,0,0,17.82958097,0,0
0.12,0.001,0.0003,0.001,1.1,1000,1000,0,0,6.124755714,0,24.43553646
0.12,0.001,0.0003,0.001,1.5,10,1000,0,0,0,0,0
0.12,0.001,0.0003,0.001,1.5,100,1000,0,0,13.0860869,0,37.04908421
0.12,0.001,0.0003,0.001,1.5,1000,1000,0,0,6.95334394,0,34.94770882
0.12,0.001,0.0003,0.001,2,10,1000,0,0,0,0,0
0.12,0.001,0.0003,0.001,2,100,1000,0,0,24.4996028,0,0
0.12,0.001,0.0003,0.001,2,1000,1000,0,0,6.459800729,0,25.38855205
0.12,0.001,0.0003,0.001,2.5,10,1000,0,0,0,0,0
0.12,0.001,0.0003,0.001,2.5,100,1000,0,0,16.32488823,0,62.2933352
0.12,0.001,0.0003,0.001,2.5,1000,1000,0,0,6.487611037,0,31.60191484
0.12,0.001,0.0003,0.001,3,10,1000,0,0,0,0,0
0.12,0.001,0.0003,0.001,3,100,1000,0,0,0,0,0
0.12,0.001,0.0003,0.001,3,1000,1000,0,0,6.567495598,0,24.16663497
0.12,0.001,0.0003,0.1,0.1,10,1000,0,0,29.99264198,0,727.1655014
0.12,0.001,0.0003,0.1,0.1,100,1000,0,0,1.753944357,0,29.38505927
0.12,0.001,0.0003,0.1,0.1,1000,1000,0,0,0.102102365,0,0.009969949
0.12,0.001,0.0003,0.1,0.5,10,1000,0,0,28.88566072,0,626.8690943
0.12,0.001,0.0003,0.1,0.5,100,1000,0,0,1.041516575,0,7.396853981
0.12,0.001,0.0003,0.1,0.5,1000,1000,0,0,0.078669337,0,0.102035425
0.12,0.001,0.0003,0.1,1.1,10,1000,0,0,25.88956735,0,450.0738652
0.12,0.001,0.0003,0.1,1.1,100,1000,0,0,0.827648205,0,2.486373512
0.12,0.001,0.0003,0.1,1.1,1000,1000,0,0,0.065238118,0,0.008024455
0.12,0.001,0.0003,0.1,1.5,10,1000,0,0,26.05233389,0,624.2217249
0.12,0.001,0.0003,0.1,1.5,100,1000,0,0,0.712361926,0,0.688020662
0.12,0.001,0.0003,0.1,1.5,1000,1000,0,0,0.062213666,0,0.001548385
0.12,0.001,0.0003,0.1,2,10,1000,0,0,23.1379652,0,819.3262088
0.12,0.001,0.0003,0.1,2,100,1000,0,0,0.750284194,0,2.612187503
0.12,0.001,0.0003,0.1,2,1000,1000,0,0,0.067792624,0,0.008326533
0.12,0.001,0.0003,0.1,2.5,10,1000,0,0,22.93733582,0,448.2696117
0.12,0.001,0.0003,0.1,2.5,100,1000,0,0,0.678334787,0,0.530777644
0.12,0.001,0.0003,0.1,2.5,1000,1000,0,0,0.063599872,0,0.003196501
0.12,0.001,0.0003,0.1,3,10,1000,0,0,24.16216047,0,641.2002961
0.12,0.001,0.0003,0.1,3,100,1000,0,0,0.857730739,0,2.944784359
0.12,0.001,0.0003,0.1,3,1000,1000,0,0,0.071438745,0,0.024997
0.12,0.001,0.0003,1,0.1,10,1000,0,0,5.609487069,0,60.72557573
0.12,0.001,0.0003,1,0.1,100,1000,0,0,0.230522368,0,3.628817149
0.12,0.001,0.0003,1,0.1,1000,1000,0,0,0.009389802,0,1.72E-05
0.12,0.001,0.0003,1,0.5,10,1000,0,0,5.279106318,0,50.9778811
0.12,0.001,0.0003,1,0.5,100,1000,0,0,0.087398542,0,0.050995418
0.12,0.001,0.0003,1,0.5,1000,1000,0,0,0.006654984,0,5.91E-05
0.12,0.001,0.0003,1,1.1,10,1000,0,0,5.673735589,0,71.48167258
0.12,0.001,0.0003,1,1.1,100,1000,0,0,0.063786541,0,0.000640157
0.12,0.001,0.0003,1,1.1,1000,1000,0,0,0.005968109,0,6.30E-06
0.12,0.001,0.0003,1,1.5,10,1000,0,0,5.850250939,0,75.77749702
0.12,0.001,0.0003,1,1.5,100,1000,0,0,0.095026383,0,1.022339528
0.12,0.001,0.0003,1,1.5,1000,1000,0,0,0.005931595,0,5.92E-06
0.12,0.001,0.0003,1,2,10,1000,0,0,6.800481593,0,127.1843253
0.12,0.001,0.0003,1,2,100,1000,0,0,0.068988696,0,0.058066393
0.12,0.001,0.0003,1,2,1000,1000,0,0,0.006245194,0,6.42E-05
0.12,0.001,0.0003,1,2.5,10,1000,0,0,6.493785324,0,158.6218832
0.12,0.001,0.0003,1,2.5,100,1000,0,0,0.135725813,0,3.357309822
0.12,0.001,0.0003,1,2.5,1000,1000,0,0,0.006024795,0,6.17E-06
0.12,0.001,0.0003,1,3,10,1000,0,0,6.678064966,0,110.3235197
0.12,0.001,0.0003,1,3,100,1000,0,0,0.06164235,0,0.000666568
0.12,0.001,0.0003,1,3,1000,999,1,0.533333333,0.00668317,0,0.000501047
0.12,0.001,0.001,1.00E-05,0.1,10,1000,0,0,9.348129232,0,133.5119107
0.12,0.001,0.001,1.00E-05,0.1,100,1000,0,0,6.781776564,0,107.6170761
0.12,0.001,0.001,1.00E-05,0.1,1000,1000,0,0,3.394944457,0,47.35069148
0.12,0.001,0.001,1.00E-05,0.5,10,1000,0,0,12.45089451,0,390.715798
0.12,0.001,0.001,1.00E-05,0.5,100,1000,0,0,8.855273305,0,206.1289945
0.12,0.001,0.001,1.00E-05,0.5,1000,1000,0,0,3.414918145,0,88.20299048
0.12,0.001,0.001,1.00E-05,1.1,10,1000,0,0,10.85630808,0,181.1470014
0.12,0.001,0.001,1.00E-05,1.1,100,1000,0,0,8.088816882,0,242.2197697
0.12,0.001,0.001,1.00E-05,1.1,1000,1000,0,0,3.638085828,0,75.39607503
0.12,0.001,0.001,1.00E-05,1.5,10,1000,0,0,12.94193566,0,371.9007025
0.12,0.001,0.001,1.00E-05,1.5,100,1000,0,0,8.52977273,0,172.2963827
0.12,0.001,0.001,1.00E-05,1.5,1000,1000,0,0,3.287813746,0,63.44007691
0.12,0.001,0.001,1.00E-05,2,10,1000,0,0,10.52606743,0,253.8164427
0.12,0.001,0.001,1.00E-05,2,100,1000,0,0,7.466558663,0,170.788722
0.12,0.001,0.001,1.00E-05,2,1000,1000,0,0,3.970193623,0,69.98410161
0.12,0.001,0.001,1.00E-05,2.5,10,1000,0,0,13.52421708,0,681.1497634
0.12,0.001,0.001,1.00E-05,2.5,100,1000,0,0,8.925113464,0,403.7433927
0.12,0.001,0.001,1.00E-05,2.5,1000,1000,0,0,3.78723981,0,111.9089538
0.12,0.001,0.001,1.00E-05,3,10,1000,0,0,13.84044464,0,379.3692057
0.12,0.001,0.001,1.00E-05,3,100,1000,0,0,9.052685694,0,200.3576007
0.12,0.001,0.001,1.00E-05,3,1000,1000,0,0,4.252902169,0,118.047105
0.12,0.001,0.001,0.001,0.1,10,1000,0,0,12.12670026,0,340.8501756
0.12,0.001,0.001,0.001,0.1,100,1000,0,0,6.416416513,0,117.937893
0.12,0.001,0.001,0.001,0.1,1000,1000,0,0,3.017684993,0,66.68088889
0.12,0.001,0.001,0.001,0.5,10,1000,0,0,8.489134669,0,121.6372101
0.12,0.001,0.001,0.001,0.5,100,1000,0,0,7.613129775,0,182.9091686
0.12,0.001,0.001,0.001,0.5,1000,1000,0,0,2.428545299,0,52.57861504
0.12,0.001,0.001,0.001,1.1,10,1000,0,0,11.10363055,0,231.835024
0.12,0.001,0.001,0.001,1.1,100,1000,0,0,6.975664642,0,195.9937002
0.12,0.001,0.001,0.001,1.1,1000,1000,0,0,2.311468738,0,41.31128805
0.12,0.001,0.001,0.001,1.5,10,1000,0,0,9.955756773,0,213.0391853
0.12,0.001,0.001,0.001,1.5,100,1000,0,0,6.538280077,0,170.9072556
0.12,0.001,0.001,0.001,1.5,1000,1000,0,0,2.279477243,0,35.62779706
0.12,0.001,0.001,0.001,2,10,1000,0,0,11.10716048,0,310.8022096
0.12,0.001,0.001,0.001,2,100,1000,0,0,7.611622875,0,246.3845786
0.12,0.001,0.001,0.001,2,1000,1000,0,0,2.890114568,0,98.44062283
0.12,0.001,0.001,0.001,2.5,10,1000,0,0,11.92696091,0,250.4605238
0.12,0.001,0.001,0.001,2.5,100,1000,0,0,7.508928483,0,229.6773188
0.12,0.001,0.001,0.001,2.5,1000,1000,0,0,2.12713936,0,24.84928426
0.12,0.001,0.001,0.001,3,10,1000,0,0,11.6018813,0,301.1608993
0.12,0.001,0.001,0.001,3,100,1000,0,0,6.604595988,0,116.8913105
0.12,0.001,0.001,0.001,3,1000,1000,0,0,2.415911767,0,42.33267934
0.12,0.001,0.001,0.1,0.1,10,1000,0,0,2.84139738,0,65.74067198
0.12,0.001,0.001,0.1,0.1,100,1000,0,0,0.358105882,0,3.575385914
0.12,0.001,0.001,0.1,0.1,1000,1000,0,0,0.04139623,0,0.110213195
0.12,0.001,0.001,0.1,0.5,10,1000,0,0,1.96924529,0,32.1076175
0.12,0.001,0.001,0.1,0.5,100,1000,0,0,0.193462338,0,1.148187372
0.12,0.001,0.001,0.1,0.5,1000,1000,0,0,0.083805737,0,1.70726625
0.12,0.001,0.001,0.1,1.1,10,1000,0,0,1.663552899,0,26.1086302
0.12,0.001,0.001,0.1,1.1,100,1000,0,0,0.271793119,0,2.644919933
0.12,0.001,0.001,0.1,1.1,1000,1000,0,0,0.018983097,0,0.019736226
0.12,0.001,0.001,0.1,1.5,10,1000,0,0,1.47357854,0,13.83834624
0.12,0.001,0.001,0.1,1.5,100,1000,0,0,0.30879538,0,8.595105239
0.12,0.001,0.001,0.1,1.5,1000,1000,0,0,0.058416037,0,0.729182573
0.12,0.001,0.001,0.1,2,10,1000,0,0,1.788136049,0,62.21836236
0.12,0.001,0.001,0.1,2,100,1000,0,0,0.175113118,0,1.41424667
0.12,0.001,0.001,0.1,2,1000,1000,0,0,0.079181703,0,1.20260444
0.12,0.001,0.001,0.1,2.5,10,1000,0,0,1.551823236,0,23.1257216
0.12,0.001,0.001,0.1,2.5,100,1000,0,0,0.148023318,0,0.642144854
0.12,0.001,0.001,0.1,2.5,1000,1000,0,0,0.052294415,0,1.513618879
0.12,0.001,0.001,0.1,3,10,1000,0,0,1.529671749,0,25.90156761
0.12,0.001,0.001,0.1,3,100,1000,0,0,0.308168132,0,29.63658808
0.12,0.001,0.001,0.1,3,1000,1000,0,0,0.02190422,0,0.023580406
0.12,0.001,0.001,1,0.1,10,1000,0,0,1.042576651,0,64.20668876
0.12,0.001,0.001,1,0.1,100,1000,0,0,0.117750366,0,2.278245398
0.12,0.001,0.001,1,0.1,1000,1000,0,0,0.002820034,0,0.001760519
0.12,0.001,0.001,1,0.5,10,1000,0,0,0.4003184,0,9.714406427
0.12,0.001,0.001,1,0.5,100,1000,0,0,0.073599824,0,2.756822709
0.12,0.001,0.001,1,0.5,1000,1000,0,0,0.013163896,0,0.138863152
0.12,0.001,0.001,1,1.1,10,1000,0,0,0.167981794,0,0.837454341
0.12,0.001,0.001,1,1.1,100,1000,0,0,0.016467992,0,0.014919555
0.12,0.001,0.001,1,1.1,1000,1000,0,0,0.01750744,0,0.26559239
0.12,0.001,0.001,1,1.5,10,1000,0,0,0.169192807,0,1.87761203
0.12,0.001,0.001,1,1.5,100,1000,0,0,0.016190044,0,0.019238285
0.12,0.001,0.001,1,1.5,1000,1000,0,0,0.001019438,0,1.09E-06
0.12,0.001,0.001,1,2,10,1000,0,0,0.115810861,0,0.049392076
0.12,0.001,0.001,1,2,100,1000,0,0,0.137215257,0,6.612279559
0.12,0.001,0.001,1,2,1000,1000,0,0,0.003467869,0,0.006281938
0.12,0.001,0.001,1,2.5,10,1000,0,0,0.203498538,0,5.206546737
0.12,0.001,0.001,1,2.5,100,1000,0,0,0.020869548,0,0.063882367
0.12,0.001,0.001,1,2.5,1000,1000,0,0,0.001070411,0,4.96E-06
0.12,0.001,0.001,1,3,10,1000,0,0,0.113862922,0,0.022670385
0.12,0.001,0.001,1,3,100,1000,0,0,0.010608969,0,0.000103255
0.12,0.001,0.001,1,3,1000,1000,0,0,0.001506578,0,0.00023388
0.12,0.001,0.003,1.00E-05,0.1,10,1000,0,0,0.824722767,0,17.7007486
0.12,0.001,0.003,1.00E-05,0.1,100,1000,0,0,0.019535679,0,0.000358188
0.12,0.001,0.003,1.00E-05,0.1,1000,1000,0,0,0.009072966,0,0.040461959
0.12,0.001,0.003,1.00E-05,0.5,10,1000,0,0,0.589380255,0,2.752196201
0.12,0.001,0.003,1.00E-05,0.5,100,1000,0,0,0.043502973,0,0.202756437
0.12,0.001,0.003,1.00E-05,0.5,1000,1000,0,0,0.000295815,0,8.01E-08
0.12,0.001,0.003,1.00E-05,1.1,10,1000,0,0,1.100287244,0,33.66353269
0.12,0.001,0.003,1.00E-05,1.1,100,1000,0,0,0.188139944,0,9.064954396
0.12,0.001,0.003,1.00E-05,1.1,1000,1000,0,0,0.000324774,0,9.99E-08
0.12,0.001,0.003,1.00E-05,1.5,10,1000,0,0,0.578515483,0,2.961436901
0.12,0.001,0.003,1.00E-05,1.5,100,1000,0,0,0.126935469,0,5.667699305
0.12,0.001,0.003,1.00E-05,1.5,1000,1000,0,0,0.00984862,0,0.090515843
0.12,0.001,0.003,1.00E-05,2,10,1000,0,0,0.699655883,0,5.423089608
0.12,0.001,0.003,1.00E-05,2,100,1000,0,0,0.186633426,0,7.5190782
0.12,0.001,0.003,1.00E-05,2,1000,1000,0,0,0.002949311,0,0.006912623
0.12,0.001,0.003,1.00E-05,2.5,10,1000,0,0,0.674397748,0,5.633850248
0.12,0.001,0.003,1.00E-05,2.5,100,1000,0,0,0.140565179,0,6.598462544
0.12,0.001,0.003,1.00E-05,2.5,1000,1000,0,0,0.000317133,0,1.08E-07
0.12,0.001,0.003,1.00E-05,3,10,1000,0,0,0.589649935,0,4.160032339
0.12,0.001,0.003,1.00E-05,3,100,1000,0,0,0.038542786,0,0.117997745
0.12,0.001,0.003,1.00E-05,3,1000,1000,0,0,0.002803249,0,0.006134661
0.12,0.001,0.003,0.001,0.1,10,1000,0,0,0.618621495,0,4.133924004
0.12,0.001,0.003,0.001,0.1,100,1000,0,0,0.077298614,0,1.568408667
0.12,0.001,0.003,0.001,0.1,1000,1000,0,0,0.000304141,0,1.04E-07
0.12,0.001,0.003,0.001,0.5,10,1000,0,0,0.740959448,0,11.06118249
0.12,0.001,0.003,0.001,0.5,100,1000,0,0,0.054926182,0,0.77264002
0.12,0.001,0.003,0.001,0.5,1000,1000,0,0,0.000330812,0,1.12E-07
0.12,0.001,0.003,0.001,1.1,10,1000,0,0,0.749526101,0,22.89488758
0.12,0.001,0.003,0.001,1.1,100,1000,0,0,0.064901982,0,0.681773611
0.12,0.001,0.003,0.001,1.1,1000,1000,0,0,0.000313842,0,9.85E-08
0.12,0.001,0.003,0.001,1.5,10,1000,0,0,0.651602707,0,7.28534316
0.12,0.001,0.003,0.001,1.5,100,1000,0,0,0.024568172,0,0.013643044
0.12,0.001,0.003,0.001,1.5,1000,1000,0,0,0.000333369,0,1.15E-07
0.12,0.001,0.003,0.001,2,10,1000,0,0,0.907616641,0,27.76942699
0.12,0.001,0.003,0.001,2,100,1000,0,0,0.177071288,0,11.03543975
0.12,0.001,0.003,0.001,2,1000,1000,0,0,0.000322232,0,1.07E-07
0.12,0.001,0.003,0.001,2.5,10,1000,0,0,0.622202608,0,6.669350472
0.12,0.001,0.003,0.001,2.5,100,1000,0,0,0.076715361,0,1.114115078
0.12,0.001,0.003,0.001,2.5,1000,1000,0,0,0.000883184,0,0.000310907
0.12,0.001,0.003,0.001,3,10,1000,0,0,0.589266105,0,3.406570659
0.12,0.001,0.003,0.001,3,100,1000,0,0,0.09968066,0,1.929805195
0.12,0.001,0.003,0.001,3,1000,1000,0,0,0.000309478,0,9.31E-08
0.12,0.001,0.003,0.1,0.1,10,1000,0,0,0.41094333,0,2.457732605
0.12,0.001,0.003,0.1,0.1,100,1000,0,0,0.06533141,0,0.737065051
0.12,0.001,0.003,0.1,0.1,1000,1000,0,0,0.00606325,0,0.032803446
0.12,0.001,0.003,0.1,0.5,10,1000,0,0,0.498619099,0,5.64880152
0.12,0.001,0.003,0.1,0.5,100,1000,0,0,0.045948939,0,0.57030773
0.12,0.001,0.003,0.1,0.5,1000,1000,0,0,0.000309422,0,9.81E-08
0.12,0.001,0.003,0.1,1.1,10,1000,0,0,0.383149895,0,2.938972345
0.12,0.001,0.003,0.1,1.1,100,1000,0,0,0.024991616,0,0.050336466
0.12,0.001,0.003,0.1,1.1,1000,1000,0,0,0.000315852,0,9.72E-08
0.12,0.001,0.003,0.1,1.5,10,1000,0,0,0.419098315,0,2.191101872
0.12,0.001,0.003,0.1,1.5,100,1000,0,0,0.02382804,0,0.035650768
0.12,0.001,0.003,0.1,1.5,1000,1000,0,0,0.00055235,0,6.25E-05
0.12,0.001,0.003,0.1,2,10,1000,0,0,0.671047561,0,26.23455287
0.12,0.001,0.003,0.1,2,100,1000,0,0,0.078740147,0,1.298518867
0.12,0.001,0.003,0.1,2,1000,1000,0,0,0.000317979,0,1.11E-07
0.12,0.001,0.003,0.1,2.5,10,1000,0,0,0.49289173,0,5.04862463
0.12,0.001,0.003,0.1,2.5,100,1000,0,0,0.136553462,0,2.291201101
0.12,0.001,0.003,0.1,2.5,1000,1000,0,0,0.000673309,0,8.89E-05
0.12,0.001,0.003,0.1,3,10,1000,0,0,0.389978122,0,1.65669723
0.12,0.001,0.003,0.1,3,100,1000,0,0,0.018976152,0,0.003161479
0.12,0.001,0.003,0.1,3,1000,1000,0,0,0.009430297,0,0.083270562
0.12,0.001,0.003,1,0.1,10,1000,0,0,0.270590023,0,7.954311275
0.12,0.001,0.003,1,0.1,100,1000,0,0,0.135728784,0,5.009340499
0.12,0.001,0.003,1,0.1,1000,1000,0,0,0.001262539,0,0.001074722
0.12,0.001,0.003,1,0.5,10,1000,0,0,0.192915044,0,4.368303708
0.12,0.001,0.003,1,0.5,100,1000,0,0,0.006760909,0,4.68E-05
0.12,0.001,0.003,1,0.5,1000,1000,0,0,0.000239152,0,5.79E-08
0.12,0.001,0.003,1,1.1,10,1000,0,0,0.12939915,0,1.108436179
0.12,0.001,0.003,1,1.1,100,1000,0,0,0.010892553,0,0.016509164
0.12,0.001,0.003,1,1.1,1000,1000,0,0,0.00034895,0,1.34E-05
0.12,0.001,0.003,1,1.5,10,1000,0,0,0.118025539,0,0.836339264
0.12,0.001,0.003,1,1.5,100,1000,0,0,0.007545566,0,0.000832791
0.12,0.001,0.003,1,1.5,1000,1000,0,0,0.000229403,0,5.11E-08
0.12,0.001,0.003,1,2,10,1000,0,0,0.085673032,0,0.037772313
0.12,0.001,0.003,1,2,100,1000,0,0,0.018700366,0,0.118496489
0.12,0.001,0.003,1,2,1000,1000,0,0,0.000227298,0,5.74E-08
0.12,0.001,0.003,1,2.5,10,1000,0,0,0.093145471,0,0.041704967
0.12,0.001,0.003,1,2.5,100,1000,0,0,0.006200721,0,3.48E-05
0.12,0.001,0.003,1,2.5,1000,1000,0,0,0.000230586,0,5.13E-08
0.12,0.001,0.003,1,3,10,1000,0,0,0.159566239,0,2.915197668
0.12,0.001,0.003,1,3,100,1000,0,0,0.02766259,0,0.441914202
0.12,0.001,0.003,1,3,1000,1000,0,0,0.011412739,0,0.124455665
0.12,0.1,0.0001,1.00E-05,0.1,10,1000,0,0,83.88805494,0,885.918259
0.12,0.1,0.0001,1.00E-05,0.1,100,1000,0,0,3.324211178,0,2.11525862
0.12,0.1,0.0001,1.00E-05,0.1,1000,1000,0,0,0.196825676,0,0.002188313
0.12,0.1,0.0001,1.00E-05,0.5,10,1000,0,0,149.455573,0,4285.83349
0.12,0.1,0.0001,1.00E-05,0.5,100,1000,0,0,3.262950201,0,1.89976412
0.12,0.1,0.0001,1.00E-05,0.5,1000,999,1,0.357142857,0.199708916,0,0.002291154
0.12,0.1,0.0001,1.00E-05,1.1,10,1000,0,0,189.3074178,0,5634.154006
0.12,0.1,0.0001,1.00E-05,1.1,100,1000,0,0,3.173580893,0,1.674401188
0.12,0.1,0.0001,1.00E-05,1.1,1000,999,1,0.379310345,0.198044001,0,0.00220323
0.12,0.1,0.0001,1.00E-05,1.5,10,1000,0,0,161.7784694,0,9283.425321
0.12,0.1,0.0001,1.00E-05,1.5,100,1000,0,0,3.255621962,0,1.626481325
0.12,0.1,0.0001,1.00E-05,1.5,1000,1000,0,0,0.20178991,0,0.002363306
0.12,0.1,0.0001,1.00E-05,2,10,1000,0,0,187.5210527,0,8040.450906
0.12,0.1,0.0001,1.00E-05,2,100,1000,0,0,3.259293276,0,1.728953488
0.12,0.1,0.0001,1.00E-05,2,1000,1000,0,0,0.200699381,0,0.002237904
0.12,0.1,0.0001,1.00E-05,2.5,10,1000,0,0,108.3783107,0,5088.36705
0.12,0.1,0.0001,1.00E-05,2.5,100,1000,0,0,3.214569355,0,1.75928637
0.12,0.1,0.0001,1.00E-05,2.5,1000,1000,0,0,0.200220546,0,0.002434598
0.12,0.1,0.0001,1.00E-05,3,10,1000,0,0,156.159985,0,15899.15018
0.12,0.1,0.0001,1.00E-05,3,100,1000,0,0,3.29992847,0,2.118614285
0.12,0.1,0.0001,1.00E-05,3,1000,1000,0,0,0.198585774,0,0.002391482
0.12,0.1,0.0001,0.001,0.1,10,1000,0,0,130.5591302,0,8893.49525
0.12,0.1,0.0001,0.001,0.1,100,1000,0,0,3.268174681,0,3.233361438
0.12,0.1,0.0001,0.001,0.1,1000,1000,0,0,0.199390981,0,0.002334794
0.12,0.1,0.0001,0.001,0.5,10,1000,0,0,123.9534159,0,4428.102269
0.12,0.1,0.0001,0.001,0.5,100,999,1,0.6,3.204520907,0,1.72943689
0.12,0.1,0.0001,0.001,0.5,1000,1000,0,0,0.199428487,0,0.002481784
0.12,0.1,0.0001,0.001,1.1,10,1000,0,0,121.5816349,0,1416.852274
0.12,0.1,0.0001,0.001,1.1,100,1000,0,0,3.380848346,0,19.26176315
0.12,0.1,0.0001,0.001,1.1,1000,1000,0,0,0.200468709,0,0.002249638
0.12,0.1,0.0001,0.001,1.5,10,1000,0,0,141.4871926,0,5294.360199
0.12,0.1,0.0001,0.001,1.5,100,1000,0,0,3.183965177,0,1.901767654
0.12,0.1,0.0001,0.001,1.5,1000,1000,0,0,0.197999787,0,0.002186332
0.12,0.1,0.0001,0.001,2,10,1000,0,0,115.7842917,0,8018.003271
0.12,0.1,0.0001,0.001,2,100,1000,0,0,3.255154059,0,2.198769866
0.12,0.1,0.0001,0.001,2,1000,1000,0,0,0.197375016,0,0.00215505
0.12,0.1,0.0001,0.001,2.5,10,1000,0,0,95.57256362,0,478.8625724
0.12,0.1,0.0001,0.001,2.5,100,1000,0,0,3.151553756,0,2.113557282
0.12,0.1,0.0001,0.001,2.5,1000,1000,0,0,0.199463666,0,0.002326856
0.12,0.1,0.0001,0.001,3,10,1000,0,0,216.673296,0,38386.34988
0.12,0.1,0.0001,0.001,3,100,1000,0,0,3.219712547,0,1.661347692
0.12,0.1,0.0001,0.001,3,1000,999,1,0.285714286,0.195664533,0,0.00194047
0.12,0.1,0.0001,0.1,0.1,10,999,1,0.666666667,125.8770527,0,7456.202324
0.12,0.1,0.0001,0.1,0.1,100,1000,0,0,1.812564873,0,0.362588882
0.12,0.1,0.0001,0.1,0.1,1000,1000,0,0,0.121183358,0,0.000758748
0.12,0.1,0.0001,0.1,0.5,10,999,1,0.5,140.2829172,0,12711.67702
0.12,0.1,0.0001,0.1,0.5,100,1000,0,0,1.547465729,0,0.231305219
0.12,0.1,0.0001,0.1,0.5,1000,998,2,0.458333333,0.103061145,0.001736111,0.000608961
0.12,0.1,0.0001,0.1,1.1,10,1000,0,0,118.6776115,0,4642.430415
0.12,0.1,0.0001,0.1,1.1,100,1000,0,0,1.366446762,0,0.154579291
0.12,0.1,0.0001,0.1,1.1,1000,999,1,0.214285714,0.098541608,0,0.00054376
0.12,0.1,0.0001,0.1,1.5,10,1000,0,0,133.7945395,0,6979.955391
0.12,0.1,0.0001,0.1,1.5,100,1000,0,0,1.320211136,0,0.148041415
0.12,0.1,0.0001,0.1,1.5,1000,998,2,1,0.097782003,0,0.000570054
0.12,0.1,0.0001,0.1,2,10,1000,0,0,130.1106842,0,7971.56956
0.12,0.1,0.0001,0.1,2,100,998,2,0.619047619,1.277207975,0.002267574,0.134528944
0.12,0.1,0.0001,0.1,2,1000,997,3,0.429292929,0.098478284,0.004948475,0.000562904
0.12,0.1,0.0001,0.1,2.5,10,1000,0,0,145.1035251,0,11925.09766
0.12,0.1,0.0001,0.1,2.5,100,1000,0,0,1.276848558,0,0.140015937
0.12,0.1,0.0001,0.1,2.5,1000,996,4,0.335042735,0.098263626,0.041889108,0.000491833
0.12,0.1,0.0001,0.1,3,10,1000,0,0,135.5806298,0,10353.34248
0.12,0.1,0.0001,0.1,3,100,1000,0,0,1.258256992,0,0.11399082
0.12,0.1,0.0001,0.1,3,1000,998,2,0.5,0.097863909,0.25,0.000543125
0.12,0.1,0.0001,1,0.1,10,998,2,0.395652174,111.3804525,1.89E-05,7529.752834
0.12,0.1,0.0001,1,0.1,100,999,1,0.3,0.375775476,0,0.009701956
0.12,0.1,0.0001,1,0.1,1000,991,9,0.366498492,0.027266575,0.034014444,3.82E-05
0.12,0.1,0.0001,1,0.5,10,998,2,0.166666667,94.8604929,0.027777778,3859.907049
0.12,0.1,0.0001,1,0.5,100,997,3,0.505698006,0.271693008,0.001489436,0.004865098
0.12,0.1,0.0001,1,0.5,1000,984,16,0.545332289,0.019033426,0.077062803,1.88E-05
0.12,0.1,0.0001,1,1.1,10,999,1,0.666666667,106.1397669,0,7764.504789
0.12,0.1,0.0001,1,1.1,100,992,8,0.515080535,0.219764413,0.052267497,0.002693335
0.12,0.1,0.0001,1,1.1,1000,988,12,0.478198113,0.01776421,0.048949095,1.71E-05
0.12,0.1,0.0001,1,1.5,10,999,1,0.428571429,128.6993589,0,10469.90563
0.12,0.1,0.0001,1,1.5,100,989,11,0.492410645,0.207552723,0.009059978,0.002430799
0.12,0.1,0.0001,1,1.5,1000,987,13,0.403569444,0.017508545,0.024730906,1.62E-05
0.12,0.1,0.0001,1,2,10,999,1,0.647058824,118.3749574,0,6781.184865
0.12,0.1,0.0001,1,2,100,990,10,0.416335658,0.202867492,0.043864172,0.002263816
0.12,0.1,0.0001,1,2,1000,984,16,0.383775818,0.0173069,0.042585233,1.56E-05
0.12,0.1,0.0001,1,2.5,10,998,2,0.455882353,130.6905971,0.001946367,8802.907265
0.12,0.1,0.0001,1,2.5,100,984,16,0.476748629,0.200485544,0.023836721,0.002284348
0.12,0.1,0.0001,1,2.5,1000,984,16,0.459748661,0.017442682,0.049138687,1.55E-05
0.12,0.1,0.0001,1,3,10,999,1,1,114.779356,0,8202.802487
0.12,0.1,0.0001,1,3,100,987,13,0.480269984,0.19965495,0.011544605,0.002212739
0.12,0.1,0.0001,1,3,1000,986,14,0.529630411,0.017551496,0.042515178,1.68E-05
0.12,0.1,0.0003,1.00E-05,0.1,10,1000,0,0,30.45837424,0,1045.84147
0.12,0.1,0.0003,1.00E-05,0.1,100,1000,0,0,0.701768396,0,0.108118009
0.12,0.1,0.0003,1.00E-05,0.1,1000,1000,0,0,0.061478911,0,0.000651491
0.12,0.1,0.0003,1.00E-05,0.5,10,1000,0,0,29.10540565,0,1115.485067
0.12,0.1,0.0003,1.00E-05,0.5,100,1000,0,0,0.686133829,0,0.099395234
0.12,0.1,0.0003,1.00E-05,0.5,1000,1000,0,0,0.060240169,0,0.00060885
0.12,0.1,0.0003,1.00E-05,1.1,10,1000,0,0,31.93767073,0,1171.437687
0.12,0.1,0.0003,1.00E-05,1.1,100,1000,0,0,0.701112537,0,0.113537637
0.12,0.1,0.0003,1.00E-05,1.1,1000,1000,0,0,0.062591661,0,0.000711188
0.12,0.1,0.0003,1.00E-05,1.5,10,1000,0,0,30.12546743,0,874.048802
0.12,0.1,0.0003,1.00E-05,1.5,100,1000,0,0,0.697831948,0,0.100219348
0.12,0.1,0.0003,1.00E-05,1.5,1000,1000,0,0,0.06343804,0,0.000733799
0.12,0.1,0.0003,1.00E-05,2,10,1000,0,0,31.81281107,0,1293.439241
0.12,0.1,0.0003,1.00E-05,2,100,1000,0,0,0.699625598,0,0.104433093
0.12,0.1,0.0003,1.00E-05,2,1000,1000,0,0,0.061461031,0,0.00064772
0.12,0.1,0.0003,1.00E-05,2.5,10,1000,0,0,33.87028972,0,1589.835234
0.12,0.1,0.0003,1.00E-05,2.5,100,1000,0,0,0.691765381,0,0.095828012
0.12,0.1,0.0003,1.00E-05,2.5,1000,1000,0,0,0.061936948,0,0.000670117
0.12,0.1,0.0003,1.00E-05,3,10,1000,0,0,33.17980307,0,1449.783859
0.12,0.1,0.0003,1.00E-05,3,100,1000,0,0,0.700316683,0,0.106530035
0.12,0.1,0.0003,1.00E-05,3,1000,1000,0,0,0.061757704,0,0.000700491
0.12,0.1,0.0003,0.001,0.1,10,1000,0,0,29.71812479,0,925.4494842
0.12,0.1,0.0003,0.001,0.1,100,1000,0,0,0.691614005,0,0.09843144
0.12,0.1,0.0003,0.001,0.1,1000,1000,0,0,0.061307723,0,0.000631627
0.12,0.1,0.0003,0.001,0.5,10,1000,0,0,28.85384509,0,1000.696132
0.12,0.1,0.0003,0.001,0.5,100,1000,0,0,0.692340593,0,0.102406744
0.12,0.1,0.0003,0.001,0.5,1000,1000,0,0,0.061838413,0,0.000675193
0.12,0.1,0.0003,0.001,1.1,10,1000,0,0,29.24779557,0,780.6954855
0.12,0.1,0.0003,0.001,1.1,100,1000,0,0,0.696742319,0,0.094562235
0.12,0.1,0.0003,0.001,1.1,1000,1000,0,0,0.061273878,0,0.000650414
0.12,0.1,0.0003,0.001,1.5,10,1000,0,0,27.91356844,0,896.7875424
0.12,0.1,0.0003,0.001,1.5,100,1000,0,0,0.685363322,0,0.096107405
0.12,0.1,0.0003,0.001,1.5,1000,1000,0,0,0.061023456,0,0.000661742
0.12,0.1,0.0003,0.001,2,10,1000,0,0,31.07887912,0,1273.977459
0.12,0.1,0.0003,0.001,2,100,1000,0,0,0.678135209,0,0.10019367
0.12,0.1,0.0003,0.001,2,1000,1000,0,0,0.060429132,0,0.000653876
0.12,0.1,0.0003,0.001,2.5,10,1000,0,0,30.97626675,0,1105.984987
0.12,0.1,0.0003,0.001,2.5,100,1000,0,0,0.6921254,0,0.094224963
0.12,0.1,0.0003,0.001,2.5,1000,1000,0,0,0.060516702,0,0.00062251
0.12,0.1,0.0003,0.001,3,10,1000,0,0,33.18530731,0,1587.989276
0.12,0.1,0.0003,0.001,3,100,1000,0,0,0.694191082,0,0.097531497
0.12,0.1,0.0003,0.001,3,1000,1000,0,0,0.061382863,0,0.000640566
0.12,0.1,0.0003,0.1,0.1,10,1000,0,0,23.07835224,0,868.9446134
0.12,0.1,0.0003,0.1,0.1,100,1000,0,0,0.41960908,0,0.034860986
0.12,0.1,0.0003,0.1,0.1,1000,1000,0,0,0.037453751,0,0.000224519
0.12,0.1,0.0003,0.1,0.5,10,1000,0,0,21.15207244,0,577.937088
0.12,0.1,0.0003,0.1,0.5,100,1000,0,0,0.358610796,0,0.025741093
0.12,0.1,0.0003,0.1,0.5,1000,1000,0,0,0.030308521,0,0.000156369
0.12,0.1,0.0003,0.1,1.1,10,1000,0,0,21.36523814,0,700.8746082
0.12,0.1,0.0003,0.1,1.1,100,1000,0,0,0.332717503,0,0.021600311
0.12,0.1,0.0003,0.1,1.1,1000,1000,0,0,0.030308538,0,0.00015905
0.12,0.1,0.0003,0.1,1.5,10,1000,0,0,20.1363676,0,630.6697215
0.12,0.1,0.0003,0.1,1.5,100,1000,0,0,0.333067962,0,0.020892434
0.12,0.1,0.0003,0.1,1.5,1000,1000,0,0,0.030777563,0,0.000161336
0.12,0.1,0.0003,0.1,2,10,1000,0,0,21.00303516,0,617.8457923
0.12,0.1,0.0003,0.1,2,100,1000,0,0,0.33729925,0,0.019732845
0.12,0.1,0.0003,0.1,2,1000,1000,0,0,0.030209746,0,0.000142305
0.12,0.1,0.0003,0.1,2.5,10,1000,0,0,18.2246036,0,457.0404904
0.12,0.1,0.0003,0.1,2.5,100,1000,0,0,0.326698031,0,0.017981349
0.12,0.1,0.0003,0.1,2.5,1000,1000,0,0,0.030248854,0,0.000161623
0.12,0.1,0.0003,0.1,3,10,1000,0,0,21.14578388,0,844.7323427
0.12,0.1,0.0003,0.1,3,100,1000,0,0,0.33071744,0,0.020152769
0.12,0.1,0.0003,0.1,3,1000,1000,0,0,0.030883629,0,0.000167752
0.12,0.1,0.0003,1,0.1,10,1000,0,0,7.458656473,0,144.4720534
0.12,0.1,0.0003,1,0.1,100,1000,0,0,0.094629051,0,0.001744915
0.12,0.1,0.0003,1,0.1,1000,1000,0,0,0.008211358,0,1.16E-05
0.12,0.1,0.0003,1,0.5,10,1000,0,0,6.010972631,0,160.7788327
0.12,0.1,0.0003,1,0.5,100,999,1,0.486486486,0.064941542,0,0.000836494
0.12,0.1,0.0003,1,0.5,1000,998,2,0.625,0.005731435,0.015625,5.64E-06
0.12,0.1,0.0003,1,1.1,10,999,1,0.166666667,6.350915148,0,131.1797859
0.12,0.1,0.0003,1,1.1,100,999,1,0.75,0.05800488,0,0.000553032
0.12,0.1,0.0003,1,1.1,1000,999,1,0.5,0.005494505,0,4.99E-06
0.12,0.1,0.0003,1,1.5,10,1000,0,0,6.829875004,0,183.5381546
0.12,0.1,0.0003,1,1.5,100,999,1,0.5,0.057714079,0,0.000573631
0.12,0.1,0.0003,1,1.5,1000,999,1,0.2,0.005452804,0,5.28E-06
0.12,0.1,0.0003,1,2,10,1000,0,0,6.107544264,0,128.9240713
0.12,0.1,0.0003,1,2,100,1000,0,0,0.056273783,0,0.000552405
0.12,0.1,0.0003,1,2,1000,997,3,0.264957265,0.005433962,0.037840602,4.67E-06
0.12,0.1,0.0003,1,2.5,10,1000,0,0,7.507518736,0,218.4924989
0.12,0.1,0.0003,1,2.5,100,1000,0,0,0.056674153,0,0.000559554
0.12,0.1,0.0003,1,2.5,1000,1000,0,0,0.005401995,0,5.08E-06
0.12,0.1,0.0003,1,3,10,1000,0,0,7.245541504,0,175.8907868
0.12,0.1,0.0003,1,3,100,998,2,0.4,0.058714025,0.16,0.001082842
0.12,0.1,0.0003,1,3,1000,997,3,0.518518519,0.005523087,0.000685871,5.72E-06
0.12,0.1,0.001,1.00E-05,0.1,10,1000,0,0,1.478135853,0,4.863578368
0.12,0.1,0.001,1.00E-05,0.1,100,1000,0,0,0.108118904,0,0.011859452
0.12,0.1,0.001,1.00E-05,0.1,1000,1000,0,0,0.010511057,0,0.000111245
0.12,0.1,0.001,1.00E-05,0.5,10,1000,0,0,1.526870972,0,5.178579263
0.12,0.1,0.001,1.00E-05,0.5,100,1000,0,0,0.104261519,0,0.012316175
0.12,0.1,0.001,1.00E-05,0.5,1000,1000,0,0,0.010287041,0,0.000124879
0.12,0.1,0.001,1.00E-05,1.1,10,1000,0,0,1.56777521,0,4.238432276
0.12,0.1,0.001,1.00E-05,1.1,100,1000,0,0,0.101485145,0,0.011805291
0.12,0.1,0.001,1.00E-05,1.1,1000,1000,0,0,0.010163381,0,0.000110412
0.12,0.1,0.001,1.00E-05,1.5,10,1000,0,0,1.586860684,0,4.903718288
0.12,0.1,0.001,1.00E-05,1.5,100,1000,0,0,0.10359161,0,0.011830356
0.12,0.1,0.001,1.00E-05,1.5,1000,1000,0,0,0.010016245,0,9.93E-05
0.12,0.1,0.001,1.00E-05,2,10,1000,0,0,1.604837197,0,4.910399252
0.12,0.1,0.001,1.00E-05,2,100,1000,0,0,0.106125425,0,0.013290198
0.12,0.1,0.001,1.00E-05,2,1000,1000,0,0,0.009820269,0,0.000109878
0.12,0.1,0.001,1.00E-05,2.5,10,1000,0,0,1.5415368,0,6.711364827
0.12,0.1,0.001,1.00E-05,2.5,100,1000,0,0,0.098920299,0,0.010680374
0.12,0.1,0.001,1.00E-05,2.5,1000,1000,0,0,0.01002116,0,0.000107354
0.12,0.1,0.001,1.00E-05,3,10,1000,0,0,1.476873947,0,4.906344313
0.12,0.1,0.001,1.00E-05,3,100,1000,0,0,0.10920323,0,0.013976548
0.12,0.1,0.001,1.00E-05,3,1000,1000,0,0,0.0107554,0,0.000136604
0.12,0.1,0.001,0.001,0.1,10,1000,0,0,1.599479133,0,4.505502129
0.12,0.1,0.001,0.001,0.1,100,1000,0,0,0.101684101,0,0.013416079
0.12,0.1,0.001,0.001,0.1,1000,1000,0,0,0.010494546,0,0.000133236
0.12,0.1,0.001,0.001,0.5,10,1000,0,0,1.538761727,0,4.716491548
0.12,0.1,0.001,0.001,0.5,100,1000,0,0,0.100712294,0,0.009945973
0.12,0.1,0.001,0.001,0.5,1000,1000,0,0,0.010242709,0,0.000116971
0.12,0.1,0.001,0.001,1.1,10,1000,0,0,1.471600485,0,3.886912851
0.12,0.1,0.001,0.001,1.1,100,1000,0,0,0.10246161,0,0.012441526
0.12,0.1,0.001,0.001,1.1,1000,1000,0,0,0.009921123,0,9.96E-05
0.12,0.1,0.001,0.001,1.5,10,1000,0,0,1.59457423,0,4.64575913
0.12,0.1,0.001,0.001,1.5,100,1000,0,0,0.104334561,0,0.012305005
0.12,0.1,0.001,0.001,1.5,1000,1000,0,0,0.010379165,0,0.000117431
0.12,0.1,0.001,0.001,2,10,1000,0,0,1.628789195,0,7.038416593
0.12,0.1,0.001,0.001,2,100,1000,0,0,0.102137429,0,0.011532591
0.12,0.1,0.001,0.001,2,1000,1000,0,0,0.009863542,0,0.000121078
0.12,0.1,0.001,0.001,2.5,10,1000,0,0,1.594825241,0,5.514854368
0.12,0.1,0.001,0.001,2.5,100,1000,0,0,0.110049322,0,0.012884044
0.12,0.1,0.001,0.001,2.5,1000,1000,0,0,0.009907644,0,9.89E-05
0.12,0.1,0.001,0.001,3,10,1000,0,0,1.565652964,0,7.247420168
0.12,0.1,0.001,0.001,3,100,1000,0,0,0.102403014,0,0.010584209
0.12,0.1,0.001,0.001,3,1000,1000,0,0,0.009986887,0,0.000122517
0.12,0.1,0.001,0.1,0.1,10,1000,0,0,1.020399431,0,1.862632598
0.12,0.1,0.001,0.1,0.1,100,1000,0,0,0.064733907,0,0.00408726
0.12,0.1,0.001,0.1,0.1,1000,1000,0,0,0.005792039,0,3.24E-05
0.12,0.1,0.001,0.1,0.5,10,1000,0,0,0.878249754,0,2.038390605
0.12,0.1,0.001,0.1,0.5,100,1000,0,0,0.055735204,0,0.003411778
0.12,0.1,0.001,0.1,0.5,1000,1000,0,0,0.00512424,0,2.67E-05
0.12,0.1,0.001,0.1,1.1,10,1000,0,0,0.703533023,0,0.758788698
0.12,0.1,0.001,0.1,1.1,100,1000,0,0,0.052809461,0,0.002970328
0.12,0.1,0.001,0.1,1.1,1000,1000,0,0,0.005219238,0,3.21E-05
0.12,0.1,0.001,0.1,1.5,10,1000,0,0,0.704103323,0,0.934100277
0.12,0.1,0.001,0.1,1.5,100,1000,0,0,0.054515588,0,0.002750775
0.12,0.1,0.001,0.1,1.5,1000,1000,0,0,0.004896446,0,2.56E-05
0.12,0.1,0.001,0.1,2,10,1000,0,0,0.704391545,0,0.880599049
0.12,0.1,0.001,0.1,2,100,1000,0,0,0.052004683,0,0.003206103
0.12,0.1,0.001,0.1,2,1000,1000,0,0,0.005128734,0,2.71E-05
0.12,0.1,0.001,0.1,2.5,10,1000,0,0,0.743469953,0,1.131002398
0.12,0.1,0.001,0.1,2.5,100,1000,0,0,0.05088118,0,0.002574924
0.12,0.1,0.001,0.1,2.5,1000,1000,0,0,0.005044539,0,2.52E-05
0.12,0.1,0.001,0.1,3,10,1000,0,0,0.738653684,0,1.097736391
0.12,0.1,0.001,0.1,3,100,1000,0,0,0.053539626,0,0.002982257
0.12,0.1,0.001,0.1,3,1000,1000,0,0,0.005261148,0,3.01E-05
0.12,0.1,0.001,1,0.1,10,1000,0,0,0.280224068,0,0.391968883
0.12,0.1,0.001,1,0.1,100,1000,0,0,0.015123549,0,0.000358953
0.12,0.1,0.001,1,0.1,1000,1000,0,0,0.001304724,0,1.47E-06
0.12,0.1,0.001,1,0.5,10,1000,0,0,0.178597538,0,0.118605924
0.12,0.1,0.001,1,0.5,100,1000,0,0,0.010926072,0,0.000141086
0.12,0.1,0.001,1,0.5,1000,1000,0,0,0.000935489,0,9.20E-07
0.12,0.1,0.001,1,1.1,10,1000,0,0,0.160219109,0,0.127775043
0.12,0.1,0.001,1,1.1,100,1000,0,0,0.010278852,0,0.000184567
0.12,0.1,0.001,1,1.1,1000,1000,0,0,0.000971129,0,9.78E-07
0.12,0.1,0.001,1,1.5,10,1000,0,0,0.132452495,0,0.107694556
0.12,0.1,0.001,1,1.5,100,1000,0,0,0.009111219,0,0.000100208
0.12,0.1,0.001,1,1.5,1000,1000,0,0,0.000921247,0,8.88E-07
0.12,0.1,0.001,1,2,10,1000,0,0,0.116669202,0,0.043846066
0.12,0.1,0.001,1,2,100,1000,0,0,0.009785406,0,0.000131238
0.12,0.1,0.001,1,2,1000,1000,0,0,0.00090712,0,9.19E-07
0.12,0.1,0.001,1,2.5,10,1000,0,0,0.134075005,0,0.110353243
0.12,0.1,0.001,1,2.5,100,1000,0,0,0.009469973,0,9.96E-05
0.12,0.1,0.001,1,2.5,1000,1000,0,0,0.000890722,0,8.52E-07
0.12,0.1,0.001,1,3,10,1000,0,0,0.116679611,0,0.02852948
0.12,0.1,0.001,1,3,100,1000,0,0,0.009571387,0,0.000134196
0.12,0.1,0.001,1,3,1000,1000,0,0,0.000944241,0,9.24E-07
0.12,0.1,0.003,1.00E-05,0.1,10,1000,0,0,0.39720964,0,0.315177851
0.12,0.1,0.003,1.00E-05,0.1,100,1000,0,0,0.019024427,0,0.000613559
0.12,0.1,0.003,1.00E-05,0.1,1000,1000,0,0,0.000311263,0,9.75E-08
0.12,0.1,0.003,1.00E-05,0.5,10,1000,0,0,0.401492953,0,0.282134941
0.12,0.1,0.003,1.00E-05,0.5,100,1000,0,0,0.01925093,0,0.000672844
0.12,0.1,0.003,1.00E-05,0.5,1000,1000,0,0,0.000325457,0,1.11E-07
0.12,0.1,0.003,1.00E-05,1.1,10,1000,0,0,0.4080055,0,0.29920365
0.12,0.1,0.003,1.00E-05,1.1,100,1000,0,0,0.018998238,0,0.000528725
0.12,0.1,0.003,1.00E-05,1.1,1000,1000,0,0,0.00030794,0,1.01E-07
0.12,0.1,0.003,1.00E-05,1.5,10,1000,0,0,0.433736964,0,0.356344453
0.12,0.1,0.003,1.00E-05,1.5,100,1000,0,0,0.017851757,0,0.000518656
0.12,0.1,0.003,1.00E-05,1.5,1000,1000,0,0,0.000320157,0,9.78E-08
0.12,0.1,0.003,1.00E-05,2,10,1000,0,0,0.44179704,0,0.533804036
0.12,0.1,0.003,1.00E-05,2,100,1000,0,0,0.01778346,0,0.000366694
0.12,0.1,0.003,1.00E-05,2,1000,1000,0,0,0.000303508,0,8.35E-08
0.12,0.1,0.003,1.00E-05,2.5,10,1000,0,0,0.428380202,0,0.406333981
0.12,0.1,0.003,1.00E-05,2.5,100,1000,0,0,0.01823797,0,0.000337748
0.12,0.1,0.003,1.00E-05,2.5,1000,1000,0,0,0.000318222,0,1.88E-07
0.12,0.1,0.003,1.00E-05,3,10,1000,0,0,0.422877724,0,0.488767577
0.12,0.1,0.003,1.00E-05,3,100,1000,0,0,0.019008985,0,0.000716097
0.12,0.1,0.003,1.00E-05,3,1000,1000,0,0,0.000329711,0,1.57E-07
0.12,0.1,0.003,0.001,0.1,10,1000,0,0,0.40055423,0,0.253723596
0.12,0.1,0.003,0.001,0.1,100,1000,0,0,0.017924129,0,0.00040394
0.12,0.1,0.003,0.001,0.1,1000,1000,0,0,0.000318591,0,4.94E-07
0.12,0.1,0.003,0.001,0.5,10,1000,0,0,0.392156023,0,0.327748485
0.12,0.1,0.003,0.001,0.5,100,1000,0,0,0.018979529,0,0.000504838
0.12,0.1,0.003,0.001,0.5,1000,1000,0,0,0.000331085,0,1.30E-06
0.12,0.1,0.003,0.001,1.1,10,1000,0,0,0.402475305,0,0.348170925
0.12,0.1,0.003,0.001,1.1,100,1000,0,0,0.018192413,0,0.000463759
0.12,0.1,0.003,0.001,1.1,1000,1000,0,0,0.000313613,0,2.73E-07
0.12,0.1,0.003,0.001,1.5,10,1000,0,0,0.410139632,0,0.388402257
0.12,0.1,0.003,0.001,1.5,100,1000,0,0,0.018245034,0,0.000643774
0.12,0.1,0.003,0.001,1.5,1000,1000,0,0,0.000303649,0,8.80E-08
0.12,0.1,0.003,0.001,2,10,1000,0,0,0.394198224,0,0.258815059
0.12,0.1,0.003,0.001,2,100,1000,0,0,0.018314308,0,0.000400829
0.12,0.1,0.003,0.001,2,1000,1000,0,0,0.00030088,0,9.72E-08
0.12,0.1,0.003,0.001,2.5,10,1000,0,0,0.389366144,0,0.293154442
0.12,0.1,0.003,0.001,2.5,100,1000,0,0,0.018233221,0,0.000379765
0.12,0.1,0.003,0.001,2.5,1000,1000,0,0,0.000304786,0,8.85E-08
0.12,0.1,0.003,0.001,3,10,1000,0,0,0.406117147,0,0.252625959
0.12,0.1,0.003,0.001,3,100,1000,0,0,0.018211846,0,0.000320155
0.12,0.1,0.003,0.001,3,1000,1000,0,0,0.000309244,0,9.64E-08
0.12,0.1,0.003,0.1,0.1,10,1000,0,0,0.317389518,0,0.282250552
0.12,0.1,0.003,0.1,0.1,100,1000,0,0,0.015834476,0,0.000456795
0.12,0.1,0.003,0.1,0.1,1000,1000,0,0,0.000300345,0,9.57E-08
0.12,0.1,0.003,0.1,0.5,10,1000,0,0,0.317258566,0,0.19823922
0.12,0.1,0.003,0.1,0.5,100,1000,0,0,0.015910129,0,0.000379053
0.12,0.1,0.003,0.1,0.5,1000,1000,0,0,0.000298436,0,8.81E-08
0.12,0.1,0.003,0.1,1.1,10,1000,0,0,0.318062289,0,0.29989755
0.12,0.1,0.003,0.1,1.1,100,1000,0,0,0.015578341,0,0.000446402
0.12,0.1,0.003,0.1,1.1,1000,1000,0,0,0.000293945,0,8.33E-08
0.12,0.1,0.003,0.1,1.5,10,1000,0,0,0.317254809,0,0.188110363
0.12,0.1,0.003,0.1,1.5,100,1000,0,0,0.016178377,0,0.000440327
0.12,0.1,0.003,0.1,1.5,1000,1000,0,0,0.000305645,0,1.04E-07
0.12,0.1,0.003,0.1,2,10,1000,0,0,0.301695655,0,0.220971384
0.12,0.1,0.003,0.1,2,100,1000,0,0,0.015575904,0,0.000393115
0.12,0.1,0.003,0.1,2,1000,1000,0,0,0.000313324,0,1.50E-07
0.12,0.1,0.003,0.1,2.5,10,1000,0,0,0.295218654,0,0.185102989
0.12,0.1,0.003,0.1,2.5,100,1000,0,0,0.015171743,0,0.000429479
0.12,0.1,0.003,0.1,2.5,1000,1000,0,0,0.00030184,0,9.49E-08
0.12,0.1,0.003,0.1,3,10,1000,0,0,0.310840632,0,0.171057732
0.12,0.1,0.003,0.1,3,100,1000,0,0,0.015112495,0,0.000266341
0.12,0.1,0.003,0.1,3,1000,1000,0,0,0.00029007,0,8.22E-08
0.12,0.1,0.003,1,0.1,10,1000,0,0,0.116442649,0,0.073939868
0.12,0.1,0.003,1,0.1,100,1000,0,0,0.007052589,0,9.95E-05
0.12,0.1,0.003,1,0.1,1000,1000,0,0,0.000236761,0,6.08E-08
0.12,0.1,0.003,1,0.5,10,1000,0,0,0.103335668,0,0.046172213
0.12,0.1,0.003,1,0.5,100,1000,0,0,0.006981868,0,0.000219612
0.12,0.1,0.003,1,0.5,1000,1000,0,0,0.000284474,0,7.29E-07
0.12,0.1,0.003,1,1.1,10,1000,0,0,0.101632334,0,0.055589493
0.12,0.1,0.003,1,1.1,100,1000,0,0,0.006583637,0,4.57E-05
0.12,0.1,0.003,1,1.1,1000,1000,0,0,0.000225265,0,5.04E-08
0.12,0.1,0.003,1,1.5,10,1000,0,0,0.107425621,0,0.072804876
0.12,0.1,0.003,1,1.5,100,1000,0,0,0.006421752,0,8.62E-05
0.12,0.1,0.003,1,1.5,1000,1000,0,0,0.000246958,0,5.92E-08
0.12,0.1,0.003,1,2,10,1000,0,0,0.123136709,0,0.188813979
0.12,0.1,0.003,1,2,100,1000,0,0,0.007021524,0,0.00021754
0.12,0.1,0.003,1,2,1000,1000,0,0,0.000232946,0,1.65E-07
0.12,0.1,0.003,1,2.5,10,1000,0,0,0.118420715,0,0.16609175
0.12,0.1,0.003,1,2.5,100,1000,0,0,0.006231,0,0.00010955
0.12,0.1,0.003,1,2.5,1000,1000,0,0,0.000241888,0,6.13E-08
0.12,0.1,0.003,1,3,10,1000,0,0,0.087011344,0,0.023207621
0.12,0.1,0.003,1,3,100,1000,0,0,0.006677159,0,5.38E-05
0.12,0.1,0.003,1,3,1000,1000,0,0,0.00023061,0,5.33E-08
0.15,0,0.0001,1.00E-05,0.1,10,1000,0,0,0,0,0
0.15,0,0.0001,1.00E-05,0.1,100,1000,0,0,0,0,0
0.15,0,0.0001,1.00E-05,0.1,1000,1000,0,0,0,0,0
0.15,0,0.0001,1.00E-05,0.5,10,1000,0,0,0,0,0
0.15,0,0.0001,1.00E-05,0.5,100,1000,0,0,0,0,0
0.15,0,0.0001,1.00E-05,0.5,1000,1000,0,0,0,0,0
0.15,0,0.0001,1.00E-05,1.1,10,1000,0,0,0,0,0
0.15,0,0.0001,1.00E-05,1.1,100,1000,0,0,0,0,0
0.15,0,0.0001,1.00E-05,1.1,1000,1000,0,0,0,0,0
0.15,0,0.0001,1.00E-05,1.5,10,1000,0,0,0,0,0
0.15,0,0.0001,1.00E-05,1.5,100,1000,0,0,0,0,0
0.15,0,0.0001,1.00E-05,1.5,1000,1000,0,0,0,0,0
0.15,0,0.0001,1.00E-05,2,10,1000,0,0,0,0,0
0.15,0,0.0001,1.00E-05,2,100,1000,0,0,0,0,0
0.15,0,0.0001,1.00E-05,2,1000,1000,0,0,0,0,0
0.15,0,0.0001,1.00E-05,2.5,10,1000,0,0,0,0,0
0.15,0,0.0001,1.00E-05,2.5,100,1000,0,0,0,0,0
0.15,0,0.0001,1.00E-05,2.5,1000,1000,0,0,0,0,0
0.15,0,0.0001,1.00E-05,3,10,1000,0,0,0,0,0
0.15,0,0.0001,1.00E-05,3,100,1000,0,0,0,0,0
0.15,0,0.0001,1.00E-05,3,1000,1000,0,0,0,0,0
0.15,0,0.0001,0.001,0.1,10,1000,0,0,0,0,0
0.15,0,0.0001,0.001,0.1,100,1000,0,0,0,0,0
0.15,0,0.0001,0.001,0.1,1000,1000,0,0,0,0,0
0.15,0,0.0001,0.001,0.5,10,1000,0,0,0,0,0
0.15,0,0.0001,0.001,0.5,100,1000,0,0,0,0,0
0.15,0,0.0001,0.001,0.5,1000,1000,0,0,0,0,0
0.15,0,0.0001,0.001,1.1,10,1000,0,0,0,0,0
0.15,0,0.0001,0.001,1.1,100,1000,0,0,0,0,0
0.15,0,0.0001,0.001,1.1,1000,1000,0,0,0,0,0
0.15,0,0.0001,0.001,1.5,10,1000,0,0,0,0,0
0.15,0,0.0001,0.001,1.5,100,1000,0,0,0,0,0
0.15,0,0.0001,0.001,1.5,1000,1000,0,0,0,0,0
0.15,0,0.0001,0.001,2,10,1000,0,0,0,0,0
0.15,0,0.0001,0.001,2,100,1000,0,0,0,0,0
0.15,0,0.0001,0.001,2,1000,1000,0,0,0,0,0
0.15,0,0.0001,0.001,2.5,10,1000,0,0,0,0,0
0.15,0,0.0001,0.001,2.5,100,1000,0,0,0,0,0
0.15,0,0.0001,0.001,2.5,1000,1000,0,0,0,0,0
0.15,0,0.0001,0.001,3,10,1000,0,0,0,0,0
0.15,0,0.0001,0.001,3,100,1000,0,0,0,0,0
0.15,0,0.0001,0.001,3,1000,1000,0,0,0,0,0
0.15,0,0.0001,0.1,0.1,10,1000,0,0,0,0,0
0.15,0,0.0001,0.1,0.1,100,1000,0,0,0,0,0
0.15,0,0.0001,0.1,0.1,1000,1000,0,0,1.017475148,0,0.033096569
0.15,0,0.0001,0.1,0.5,10,999,1,0.285714286,0,0,0
0.15,0,0.0001,0.1,0.5,100,992,8,0.268896902,0,0.032681274,0
0.15,0,0.0001,0.1,0.5,1000,995,5,0.243309536,0.650051124,0.020938866,0.011536308
0.15,0,0.0001,0.1,1.1,10,988,12,0.317505386,0,0.028033255,0
0.15,0,0.0001,0.1,1.1,100,951,49,0.331254204,58.5339015,0.043970789,2064.653979
0.15,0,0.0001,0.1,1.1,1000,936,64,0.296018355,0.56889225,0.015967695,0.008302173
0.15,0,0.0001,0.1,1.5,10,988,12,0.356936548,142.3449665,0.010188468,0
0.15,0,0.0001,0.1,1.5,100,891,109,0.343943559,140.7192149,0.020106754,31925.4135
0.15,0,0.0001,0.1,1.5,1000,882,118,0.309109737,0.553317716,0.016112174,0.008070746
0.15,0,0.0001,0.1,2,10,972,28,0.371239605,366.3462715,0.008014054,15618.45929
0.15,0,0.0001,0.1,2,100,833,167,0.334619584,123.1195943,0.015909244,27041.60847
0.15,0,0.0001,0.1,2,1000,776,224,0.344019504,0.550521764,0.014006638,0.007504425
0.15,0,0.0001,0.1,2.5,10,959,41,0.377046933,414.076945,0.007209729,47907.49652
0.15,0,0.0001,0.1,2.5,100,778,222,0.349669862,185.2560299,0.014863065,46139.93857
0.15,0,0.0001,0.1,2.5,1000,712,288,0.352539335,0.553052428,0.017032417,0.00752691
0.15,0,0.0001,0.1,3,10,949,51,0.388007515,507.4338466,0.022868677,28680.96796
0.15,0,0.0001,0.1,3,100,693,307,0.363147676,180.8817226,0.014316557,49746.66332
0.15,0,0.0001,0.1,3,1000,647,353,0.365455405,0.548443602,0.013757154,0.007670519
0.15,0,0.0001,1,0.1,10,795,205,0.45166474,305.0859419,0.005812954,26847.56538
0.15,0,0.0001,1,0.1,100,162,838,0.445967444,16.61493909,0.006357903,3628.215378
0.15,0,0.0001,1,0.1,1000,118,882,0.44690843,0.086926276,0.007629512,0.000164715
0.15,0,0.0001,1,0.5,10,681,319,0.462696409,291.3627867,0.005025306,24725.9597
0.15,0,0.0001,1,0.5,100,76,924,0.461225478,10.49449788,0.003574234,1672.734192
0.15,0,0.0001,1,0.5,1000,63,937,0.458689192,0.05882615,0.005096412,7.57E-05
0.15,0,0.0001,1,1.1,10,606,394,0.472537217,277.2490642,0.001758915,22795.71565
0.15,0,0.0001,1,1.1,100,51,949,0.476210501,7.174963061,0.001493246,734.8320744
0.15,0,0.0001,1,1.1,1000,41,959,0.475449795,0.051871207,0.002182569,5.95E-05
0.15,0,0.0001,1,1.5,10,559,441,0.476629359,296.7848635,0.002411728,25992.97202
0.15,0,0.0001,1,1.5,100,37,963,0.477746167,5.443687656,0.001819656,423.8478722
0.15,0,0.0001,1,1.5,1000,22,978,0.477721017,0.050699505,0.002637904,5.43E-05
0.15,0,0.0001,1,2,10,543,457,0.480561296,275.1080559,0.001812869,21085.56285
0.15,0,0.0001,1,2,100,30,970,0.480048549,6.73066768,0.002042813,1322.309643
0.15,0,0.0001,1,2,1000,18,982,0.480547364,0.050817727,0.001811176,5.41E-05
0.15,0,0.0001,1,2.5,10,503,497,0.480858462,285.2551856,0.001913418,24034.37182
0.15,0,0.0001,1,2.5,100,23,977,0.484236247,3.555632553,0.001519282,182.3436288
0.15,0,0.0001,1,2.5,1000,25,975,0.484668581,0.050851316,0.001146767,5.32E-05
0.15,0,0.0001,1,3,10,480,520,0.486477316,285.7685901,0.000814087,24534.73499
0.15,0,0.0001,1,3,100,20,980,0.484852832,3.704600102,0.001261578,487.3293971
0.15,0,0.0001,1,3,1000,16,984,0.48619878,0.050564006,0.001137391,5.19E-05
0.15,0,0.0003,1.00E-05,0.1,10,1000,0,0,0,0,0
0.15,0,0.0003,1.00E-05,0.1,100,1000,0,0,0,0,0
0.15,0,0.0003,1.00E-05,0.1,1000,1000,0,0,0,0,0
0.15,0,0.0003,1.00E-05,0.5,10,1000,0,0,0,0,0
0.15,0,0.0003,1.00E-05,0.5,100,1000,0,0,0,0,0
0.15,0,0.0003,1.00E-05,0.5,1000,1000,0,0,0,0,0
0.15,0,0.0003,1.00E-05,1.1,10,1000,0,0,0,0,0
0.15,0,0.0003,1.00E-05,1.1,100,1000,0,0,0,0,0
0.15,0,0.0003,1.00E-05,1.1,1000,1000,0,0,0,0,0
0.15,0,0.0003,1.00E-05,1.5,10,1000,0,0,0,0,0
0.15,0,0.0003,1.00E-05,1.5,100,1000,0,0,0,0,0
0.15,0,0.0003,1.00E-05,1.5,1000,1000,0,0,0,0,0
0.15,0,0.0003,1.00E-05,2,10,1000,0,0,0,0,0
0.15,0,0.0003,1.00E-05,2,100,1000,0,0,0,0,0
0.15,0,0.0003,1.00E-05,2,1000,1000,0,0,0,0,0
0.15,0,0.0003,1.00E-05,2.5,10,1000,0,0,0,0,0
0.15,0,0.0003,1.00E-05,2.5,100,1000,0,0,0,0,0
0.15,0,0.0003,1.00E-05,2.5,1000,1000,0,0,0,0,0
0.15,0,0.0003,1.00E-05,3,10,1000,0,0,0,0,0
0.15,0,0.0003,1.00E-05,3,100,1000,0,0,0,0,0
0.15,0,0.0003,1.00E-05,3,1000,1000,0,0,0,0,0
0.15,0,0.0003,0.001,0.1,10,1000,0,0,0,0,0
0.15,0,0.0003,0.001,0.1,100,1000,0,0,0,0,0
0.15,0,0.0003,0.001,0.1,1000,1000,0,0,0,0,0
0.15,0,0.0003,0.001,0.5,10,1000,0,0,0,0,0
0.15,0,0.0003,0.001,0.5,100,1000,0,0,0,0,0
0.15,0,0.0003,0.001,0.5,1000,1000,0,0,0,0,0
0.15,0,0.0003,0.001,1.1,10,1000,0,0,0,0,0
0.15,0,0.0003,0.001,1.1,100,1000,0,0,0,0,0
0.15,0,0.0003,0.001,1.1,1000,1000,0,0,0,0,0
0.15,0,0.0003,0.001,1.5,10,1000,0,0,0,0,0
0.15,0,0.0003,0.001,1.5,100,1000,0,0,0,0,0
0.15,0,0.0003,0.001,1.5,1000,1000,0,0,0,0,0
0.15,0,0.0003,0.001,2,10,1000,0,0,0,0,0
0.15,0,0.0003,0.001,2,100,1000,0,0,0,0,0
0.15,0,0.0003,0.001,2,1000,1000,0,0,0,0,0
0.15,0,0.0003,0.001,2.5,10,1000,0,0,0,0,0
0.15,0,0.0003,0.001,2.5,100,1000,0,0,0,0,0
0.15,0,0.0003,0.001,2.5,1000,1000,0,0,0,0,0
0.15,0,0.0003,0.001,3,10,1000,0,0,0,0,0
0.15,0,0.0003,0.001,3,100,1000,0,0,0,0,0
0.15,0,0.0003,0.001,3,1000,1000,0,0,0,0,0
0.15,0,0.0003,0.1,0.1,10,1000,0,0,94.4719226,0,3649.477328
0.15,0,0.0003,0.1,0.1,100,1000,0,0,6.616841348,0,22.73473776
0.15,0,0.0003,0.1,0.1,1000,1000,0,0,0.292144128,0,0.006759825
0.15,0,0.0003,0.1,0.5,10,1000,0,0,120.9954893,0,5371.393359
0.15,0,0.0003,0.1,0.5,100,999,1,0,3.589587219,0,3.989612377
0.15,0,0.0003,0.1,0.5,1000,999,1,0,0.190320379,0,0.002660498
0.15,0,0.0003,0.1,1.1,10,1000,0,0,167.3942094,0,11147.13706
0.15,0,0.0003,0.1,1.1,100,998,2,0,2.521526316,0,1.001019085
0.15,0,0.0003,0.1,1.1,1000,999,1,0.428571429,0.173326147,0,0.002165314
0.15,0,0.0003,0.1,1.5,10,1000,0,0,152.5457867,0,8654.716666
0.15,0,0.0003,0.1,1.5,100,1000,0,0,2.336884753,0,0.647219614
0.15,0,0.0003,0.1,1.5,1000,994,6,0.292673002,0.173132915,0.026967986,0.002115094
0.15,0,0.0003,0.1,2,10,1000,0,0,158.3727717,0,13717.49859
0.15,0,0.0003,0.1,2,100,993,7,0.327922078,2.208065866,0.028186972,0.525702416
0.15,0,0.0003,0.1,2,1000,995,5,0.264126984,0.17166523,0.028046964,0.002023727
0.15,0,0.0003,0.1,2.5,10,999,1,0.333333333,148.772321,0,12134.06291
0.15,0,0.0003,0.1,2.5,100,989,11,0.330986752,2.180848429,0.025662695,0.562287612
0.15,0,0.0003,0.1,2.5,1000,982,18,0.300644692,0.17257528,0.052322136,0.00227838
0.15,0,0.0003,0.1,3,10,996,4,0.272068511,143.723212,0.025094127,10933.91465
0.15,0,0.0003,0.1,3,100,982,18,0.316008028,2.179426463,0.023436352,0.529723841
0.15,0,0.0003,0.1,3,1000,982,18,0.250793862,0.17172816,0.026046983,0.002094407
0.15,0,0.0003,1,0.1,10,981,19,0.419676717,58.91321307,0.020527832,1446.070428
0.15,0,0.0003,1,0.1,100,901,99,0.402377252,0.351897163,0.033936432,0.009942691
0.15,0,0.0003,1,0.1,1000,879,121,0.405302079,0.026555672,0.029179264,4.34E-05
0.15,0,0.0003,1,0.5,10,954,46,0.439483914,66.90924854,0.024272476,2412.800627
0.15,0,0.0003,1,0.5,100,812,188,0.421667635,0.241583394,0.022910117,0.004260688
0.15,0,0.0003,1,0.5,1000,786,214,0.448072335,0.017735382,0.023454014,1.99E-05
0.15,0,0.0003,1,1.1,10,898,102,0.444738808,69.33103898,0.028097473,2530.210203
0.15,0,0.0003,1,1.1,100,726,274,0.435801689,0.195557333,0.020921454,0.002620207
0.15,0,0.0003,1,1.1,1000,704,296,0.450497762,0.016421501,0.015682252,1.71E-05
0.15,0,0.0003,1,1.5,10,877,123,0.456924715,78.32039292,0.015151703,3641.908501
0.15,0,0.0003,1,1.5,100,698,302,0.465521448,0.1888205,0.013772235,0.002396451
0.15,0,0.0003,1,1.5,1000,692,308,0.464045927,0.016362009,0.012499455,1.58E-05
0.15,0,0.0003,1,2,10,856,144,0.454402089,75.89884937,0.016987005,2754.261026
0.15,0,0.0003,1,2,100,708,292,0.457561198,0.181659995,0.015881548,0.002072913
0.15,0,0.0003,1,2,1000,665,335,0.451834735,0.016536502,0.015914299,1.76E-05
0.15,0,0.0003,1,2.5,10,852,148,0.481997845,80.17989259,0.00777256,3841.387114
0.15,0,0.0003,1,2.5,100,634,366,0.465954222,0.180086418,0.01350865,0.002154332
0.15,0,0.0003,1,2.5,1000,648,352,0.46041423,0.016437453,0.014125609,1.68E-05
0.15,0,0.0003,1,3,10,845,155,0.464078416,80.52132832,0.014687582,3560.092532
0.15,0,0.0003,1,3,100,634,366,0.45980754,0.179768327,0.018259513,0.002157483
0.15,0,0.0003,1,3,1000,611,389,0.475774931,0.016598196,0.012036574,1.69E-05
0.15,0,0.001,1.00E-05,0.1,10,1000,0,0,0,0,0
0.15,0,0.001,1.00E-05,0.1,100,1000,0,0,0,0,0
0.15,0,0.001,1.00E-05,0.1,1000,1000,0,0,0,0,0
0.15,0,0.001,1.00E-05,0.5,10,1000,0,0,0,0,0
0.15,0,0.001,1.00E-05,0.5,100,1000,0,0,0,0,0
0.15,0,0.001,1.00E-05,0.5,1000,1000,0,0,0,0,0
0.15,0,0.001,1.00E-05,1.1,10,1000,0,0,0,0,0
0.15,0,0.001,1.00E-05,1.1,100,1000,0,0,0,0,0
0.15,0,0.001,1.00E-05,1.1,1000,1000,0,0,0,0,0
0.15,0,0.001,1.00E-05,1.5,10,1000,0,0,0,0,0
0.15,0,0.001,1.00E-05,1.5,100,1000,0,0,0,0,0
0.15,0,0.001,1.00E-05,1.5,1000,1000,0,0,0,0,0
0.15,0,0.001,1.00E-05,2,10,1000,0,0,0,0,0
0.15,0,0.001,1.00E-05,2,100,1000,0,0,0,0,0
0.15,0,0.001,1.00E-05,2,1000,1000,0,0,0,0,0
0.15,0,0.001,1.00E-05,2.5,10,1000,0,0,0,0,0
0.15,0,0.001,1.00E-05,2.5,100,1000,0,0,0,0,0
0.15,0,0.001,1.00E-05,2.5,1000,1000,0,0,0,0,0
0.15,0,0.001,1.00E-05,3,10,1000,0,0,0,0,0
0.15,0,0.001,1.00E-05,3,100,1000,0,0,0,0,0
0.15,0,0.001,1.00E-05,3,1000,1000,0,0,0,0,0
0.15,0,0.001,0.001,0.1,10,1000,0,0,0,0,0
0.15,0,0.001,0.001,0.1,100,1000,0,0,0,0,0
0.15,0,0.001,0.001,0.1,1000,1000,0,0,0.692922185,0,0
0.15,0,0.001,0.001,0.5,10,1000,0,0,0,0,0
0.15,0,0.001,0.001,0.5,100,1000,0,0,0,0,0
0.15,0,0.001,0.001,0.5,1000,1000,0,0,3.486130683,0,11.73341898
0.15,0,0.001,0.001,1.1,10,1000,0,0,0,0,0
0.15,0,0.001,0.001,1.1,100,1000,0,0,4.017723952,0,0.337533884
0.15,0,0.001,0.001,1.1,1000,1000,0,0,3.563177236,0,10.81340543
0.15,0,0.001,0.001,1.5,10,1000,0,0,0,0,0
0.15,0,0.001,0.001,1.5,100,1000,0,0,0,0,0
0.15,0,0.001,0.001,1.5,1000,1000,0,0,2.397862579,0,1.766800287
0.15,0,0.001,0.001,2,10,1000,0,0,0,0,0
0.15,0,0.001,0.001,2,100,1000,0,0,29.23163887,0,0
0.15,0,0.001,0.001,2,1000,1000,0,0,4.828896703,0,28.01448296
0.15,0,0.001,0.001,2.5,10,1000,0,0,0,0,0
0.15,0,0.001,0.001,2.5,100,1000,0,0,0,0,0
0.15,0,0.001,0.001,2.5,1000,1000,0,0,4.92542,0,30.88531169
0.15,0,0.001,0.001,3,10,1000,0,0,0,0,0
0.15,0,0.001,0.001,3,100,1000,0,0,0,0,0
0.15,0,0.001,0.001,3,1000,1000,0,0,3.94694949,0,5.201525831
0.15,0,0.001,0.1,0.1,10,1000,0,0,13.01404753,0,110.1348993
0.15,0,0.001,0.1,0.1,100,1000,0,0,0.819434127,0,0.239148654
0.15,0,0.001,0.1,0.1,1000,1000,0,0,0.067079259,0,0.001425775
0.15,0,0.001,0.1,0.5,10,1000,0,0,13.46423798,0,148.3261862
0.15,0,0.001,0.1,0.5,100,1000,0,0,0.533904234,0,0.091383992
0.15,0,0.001,0.1,0.5,1000,1000,0,0,0.044408019,0,0.000580523
0.15,0,0.001,0.1,1.1,10,1000,0,0,11.41947982,0,142.8705112
0.15,0,0.001,0.1,1.1,100,1000,0,0,0.458984636,0,0.060355347
0.15,0,0.001,0.1,1.1,1000,1000,0,0,0.042589449,0,0.000530148
0.15,0,0.001,0.1,1.5,10,1000,0,0,11.15708611,0,158.1289369
0.15,0,0.001,0.1,1.5,100,1000,0,0,0.445076244,0,0.058144721
0.15,0,0.001,0.1,1.5,1000,1000,0,0,0.041858322,0,0.000478413
0.15,0,0.001,0.1,2,10,1000,0,0,10.09372117,0,97.15011591
0.15,0,0.001,0.1,2,100,1000,0,0,0.452706184,0,0.062756482
0.15,0,0.001,0.1,2,1000,1000,0,0,0.043389077,0,0.00054679
0.15,0,0.001,0.1,2.5,10,1000,0,0,10.91059763,0,122.3983919
0.15,0,0.001,0.1,2.5,100,1000,0,0,0.436672381,0,0.051830589
0.15,0,0.001,0.1,2.5,1000,1000,0,0,0.041278719,0,0.000426236
0.15,0,0.001,0.1,3,10,1000,0,0,10.96709445,0,186.6572737
0.15,0,0.001,0.1,3,100,1000,0,0,0.441546222,0,0.055776102
0.15,0,0.001,0.1,3,1000,1000,0,0,0.042332369,0,0.000481517
0.15,0,0.001,1,0.1,10,1000,0,0,1.562809354,0,2.215069882
0.15,0,0.001,1,0.1,100,1000,0,0,0.07077568,0,0.001370298
0.15,0,0.001,1,0.1,1000,1000,0,0,0.006343618,0,1.08E-05
0.15,0,0.001,1,0.5,10,1000,0,0,1.343294594,0,2.809970177
0.15,0,0.001,1,0.5,100,1000,0,0,0.048848837,0,0.000623472
0.15,0,0.001,1,0.5,1000,1000,0,0,0.004125497,0,4.20E-06
0.15,0,0.001,1,1.1,10,1000,0,0,1.137346452,0,3.156681009
0.15,0,0.001,1,1.1,100,1000,0,0,0.0415074,0,0.000459858
0.15,0,0.001,1,1.1,1000,1000,0,0,0.004071258,0,3.88E-06
0.15,0,0.001,1,1.5,10,1000,0,0,1.002505109,0,1.41156133
0.15,0,0.001,1,1.5,100,1000,0,0,0.040596181,0,0.000392644
0.15,0,0.001,1,1.5,1000,1000,0,0,0.004022262,0,3.80E-06
0.15,0,0.001,1,2,10,1000,0,0,0.861060775,0,0.797852361
0.15,0,0.001,1,2,100,999,1,0.6,0.040101963,0,0.000412491
0.15,0,0.001,1,2,1000,1000,0,0,0.004091402,0,4.03E-06
0.15,0,0.001,1,2.5,10,999,1,0.517241379,0.898040095,0,2.885469419
0.15,0,0.001,1,2.5,100,999,1,0.380952381,0.039984977,0,0.000377971
0.15,0,0.001,1,2.5,1000,999,1,0.4,0.004194068,0,4.32E-06
0.15,0,0.001,1,3,10,1000,0,0,0.849488029,0,1.651315176
0.15,0,0.001,1,3,100,1000,0,0,0.041593157,0,0.000440024
0.15,0,0.001,1,3,1000,999,1,0.5,0.004204078,0,4.30E-06
0.15,0,0.003,1.00E-05,0.1,10,1000,0,0,0.516934379,0,0
0.15,0,0.003,1.00E-05,0.1,100,1000,0,0,1.592268031,0,0
0.15,0,0.003,1.00E-05,0.1,1000,1000,0,0,10.42891565,0,0
0.15,0,0.003,1.00E-05,0.5,10,1000,0,0,0,0,0
0.15,0,0.003,1.00E-05,0.5,100,1000,0,0,1.2920667,0,0.61544547
0.15,0,0.003,1.00E-05,0.5,1000,1000,0,0,3.040770677,0,22.45077195
0.15,0,0.003,1.00E-05,1.1,10,1000,0,0,0,0,0
0.15,0,0.003,1.00E-05,1.1,100,1000,0,0,7.117727931,0,23.61750861
0.15,0,0.003,1.00E-05,1.1,1000,1000,0,0,0.85919986,0,0
0.15,0,0.003,1.00E-05,1.5,10,1000,0,0,8.971297967,0,0
0.15,0,0.003,1.00E-05,1.5,100,1000,0,0,17.8525469,0,0
0.15,0,0.003,1.00E-05,1.5,1000,1000,0,0,0.030074944,0,0
0.15,0,0.003,1.00E-05,2,10,1000,0,0,0.869318782,0,0
0.15,0,0.003,1.00E-05,2,100,1000,0,0,5.519209948,0,3.414436142
0.15,0,0.003,1.00E-05,2,1000,1000,0,0,0.319251375,0,0.034641397
0.15,0,0.003,1.00E-05,2.5,10,1000,0,0,0,0,0
0.15,0,0.003,1.00E-05,2.5,100,1000,0,0,3.485277839,0,5.8539358
0.15,0,0.003,1.00E-05,2.5,1000,1000,0,0,0.859867128,0,0.512817033
0.15,0,0.003,1.00E-05,3,10,1000,0,0,0.418593759,0,0
0.15,0,0.003,1.00E-05,3,100,1000,0,0,1.501806924,0,0
0.15,0,0.003,1.00E-05,3,1000,1000,0,0,0.586354396,0,0.290678145
0.15,0,0.003,0.001,0.1,10,1000,0,0,7.566382316,0,39.45108847
0.15,0,0.003,0.001,0.1,100,1000,0,0,2.292627052,0,7.581923515
0.15,0,0.003,0.001,0.1,1000,1000,0,0,0.525757944,0,0.602717869
0.15,0,0.003,0.001,0.5,10,1000,0,0,9.057564018,0,94.86274238
0.15,0,0.003,0.001,0.5,100,1000,0,0,2.929186229,0,17.28012231
0.15,0,0.003,0.001,0.5,1000,1000,0,0,0.435316186,0,0.369196803
0.15,0,0.003,0.001,1.1,10,1000,0,0,7.199298668,0,42.49297028
0.15,0,0.003,0.001,1.1,100,1000,0,0,2.366033146,0,9.624489828
0.15,0,0.003,0.001,1.1,1000,1000,0,0,0.46135112,0,0.563635804
0.15,0,0.003,0.001,1.5,10,1000,0,0,4.663779217,0,13.08670291
0.15,0,0.003,0.001,1.5,100,1000,0,0,2.54582263,0,17.66197693
0.15,0,0.003,0.001,1.5,1000,1000,0,0,0.410760027,0,0.340945274
0.15,0,0.003,0.001,2,10,1000,0,0,6.599458634,0,37.00468537
0.15,0,0.003,0.001,2,100,1000,0,0,2.279329762,0,7.243259087
0.15,0,0.003,0.001,2,1000,1000,0,0,0.536932948,0,0.949962786
0.15,0,0.003,0.001,2.5,10,1000,0,0,6.512877938,0,52.32676589
0.15,0,0.003,0.001,2.5,100,1000,0,0,2.593771834,0,11.9505586
0.15,0,0.003,0.001,2.5,1000,1000,0,0,0.503885277,0,0.716991535
0.15,0,0.003,0.001,3,10,1000,0,0,6.88670079,0,45.44221693
0.15,0,0.003,0.001,3,100,1000,0,0,2.709984045,0,22.79397143
0.15,0,0.003,0.001,3,1000,1000,0,0,0.623293875,0,1.678441525
0.15,0,0.003,0.1,0.1,10,1000,0,0,1.501303962,0,2.479020297
0.15,0,0.003,0.1,0.1,100,1000,0,0,0.162895595,0,0.029316537
0.15,0,0.003,0.1,0.1,1000,1000,0,0,0.014907292,0,0.000229892
0.15,0,0.003,0.1,0.5,10,1000,0,0,1.24090198,0,1.714770753
0.15,0,0.003,0.1,0.5,100,1000,0,0,0.113612072,0,0.014710238
0.15,0,0.003,0.1,0.5,1000,1000,0,0,0.009548651,0,8.47E-05
0.15,0,0.003,0.1,1.1,10,1000,0,0,1.125952325,0,1.490699289
0.15,0,0.003,0.1,1.1,100,1000,0,0,0.101823162,0,0.011592372
0.15,0,0.003,0.1,1.1,1000,1000,0,0,0.010362096,0,0.000122665
0.15,0,0.003,0.1,1.5,10,1000,0,0,1.082016953,0,1.347656576
0.15,0,0.003,0.1,1.5,100,1000,0,0,0.101098238,0,0.010154603
0.15,0,0.003,0.1,1.5,1000,1000,0,0,0.00996557,0,0.000118117
0.15,0,0.003,0.1,2,10,1000,0,0,1.057835027,0,1.371092376
0.15,0,0.003,0.1,2,100,1000,0,0,0.104237314,0,0.01260669
0.15,0,0.003,0.1,2,1000,1000,0,0,0.009830725,0,0.000108153
0.15,0,0.003,0.1,2.5,10,1000,0,0,1.091763623,0,1.347166722
0.15,0,0.003,0.1,2.5,100,1000,0,0,0.104958116,0,0.01110585
0.15,0,0.003,0.1,2.5,1000,1000,0,0,0.00980817,0,0.000105941
0.15,0,0.003,0.1,3,10,1000,0,0,1.024252766,0,1.179034732
0.15,0,0.003,0.1,3,100,1000,0,0,0.10026909,0,0.010348596
0.15,0,0.003,0.1,3,1000,1000,0,0,0.009791701,0,0.000100877
0.15,0,0.003,1,0.1,10,1000,0,0,0.183927166,0,0.035494767
0.15,0,0.003,1,0.1,100,1000,0,0,0.016729856,0,0.000308533
0.15,0,0.003,1,0.1,1000,1000,0,0,0.001466408,0,2.33E-06
0.15,0,0.003,1,0.5,10,1000,0,0,0.141964227,0,0.019596304
0.15,0,0.003,1,0.5,100,1000,0,0,0.011774039,0,0.000136222
0.15,0,0.003,1,0.5,1000,1000,0,0,0.001016183,0,1.05E-06
0.15,0,0.003,1,1.1,10,1000,0,0,0.118776761,0,0.013505905
0.15,0,0.003,1,1.1,100,1000,0,0,0.009785467,0,9.42E-05
0.15,0,0.003,1,1.1,1000,1000,0,0,0.001012152,0,1.04E-06
0.15,0,0.003,1,1.5,10,1000,0,0,0.110507671,0,0.012110462
0.15,0,0.003,1,1.5,100,1000,0,0,0.009892853,0,9.54E-05
0.15,0,0.003,1,1.5,1000,1000,0,0,0.00096974,0,9.41E-07
0.15,0,0.003,1,2,10,1000,0,0,0.111479808,0,0.012898932
0.15,0,0.003,1,2,100,1000,0,0,0.010116871,0,9.95E-05
0.15,0,0.003,1,2,1000,1000,0,0,0.000988868,0,9.77E-07
0.15,0,0.003,1,2.5,10,1000,0,0,0.112564884,0,0.012200739
0.15,0,0.003,1,2.5,100,1000,0,0,0.009973988,0,0.000117151
0.15,0,0.003,1,2.5,1000,1000,0,0,0.001019064,0,9.64E-07
0.15,0,0.003,1,3,10,1000,0,0,0.108542171,0,0.011982606
0.15,0,0.003,1,3,100,1000,0,0,0.00971535,0,9.79E-05
0.15,0,0.003,1,3,1000,1000,0,0,0.001017553,0,1.11E-06
0.15,1.00E-05,0.0001,1.00E-05,0.1,10,1000,0,0,0,0,0
0.15,1.00E-05,0.0001,1.00E-05,0.1,100,1000,0,0,0,0,0
0.15,1.00E-05,0.0001,1.00E-05,0.1,1000,1000,0,0,0,0,0
0.15,1.00E-05,0.0001,1.00E-05,0.5,10,1000,0,0,0,0,0
0.15,1.00E-05,0.0001,1.00E-05,0.5,100,1000,0,0,0,0,0
0.15,1.00E-05,0.0001,1.00E-05,0.5,1000,1000,0,0,0,0,0
0.15,1.00E-05,0.0001,1.00E-05,1.1,10,1000,0,0,0,0,0
0.15,1.00E-05,0.0001,1.00E-05,1.1,100,1000,0,0,0,0,0
0.15,1.00E-05,0.0001,1.00E-05,1.1,1000,1000,0,0,0,0,0
0.15,1.00E-05,0.0001,1.00E-05,1.5,10,1000,0,0,0,0,0
0.15,1.00E-05,0.0001,1.00E-05,1.5,100,1000,0,0,0,0,0
0.15,1.00E-05,0.0001,1.00E-05,1.5,1000,1000,0,0,0,0,0
0.15,1.00E-05,0.0001,1.00E-05,2,10,1000,0,0,0,0,0
0.15,1.00E-05,0.0001,1.00E-05,2,100,1000,0,0,0,0,0
0.15,1.00E-05,0.0001,1.00E-05,2,1000,1000,0,0,0,0,0
0.15,1.00E-05,0.0001,1.00E-05,2.5,10,1000,0,0,0,0,0
0.15,1.00E-05,0.0001,1.00E-05,2.5,100,1000,0,0,0,0,0
0.15,1.00E-05,0.0001,1.00E-05,2.5,1000,1000,0,0,0,0,0
0.15,1.00E-05,0.0001,1.00E-05,3,10,1000,0,0,0,0,0
0.15,1.00E-05,0.0001,1.00E-05,3,100,1000,0,0,0,0,0
0.15,1.00E-05,0.0001,1.00E-05,3,1000,1000,0,0,0,0,0
0.15,1.00E-05,0.0001,0.001,0.1,10,1000,0,0,0,0,0
0.15,1.00E-05,0.0001,0.001,0.1,100,1000,0,0,0,0,0
0.15,1.00E-05,0.0001,0.001,0.1,1000,1000,0,0,0,0,0
0.15,1.00E-05,0.0001,0.001,0.5,10,1000,0,0,0,0,0
0.15,1.00E-05,0.0001,0.001,0.5,100,1000,0,0,0,0,0
0.15,1.00E-05,0.0001,0.001,0.5,1000,1000,0,0,0,0,0
0.15,1.00E-05,0.0001,0.001,1.1,10,1000,0,0,0,0,0
0.15,1.00E-05,0.0001,0.001,1.1,100,1000,0,0,0,0,0
0.15,1.00E-05,0.0001,0.001,1.1,1000,1000,0,0,0,0,0
0.15,1.00E-05,0.0001,0.001,1.5,10,1000,0,0,0,0,0
0.15,1.00E-05,0.0001,0.001,1.5,100,1000,0,0,0,0,0
0.15,1.00E-05,0.0001,0.001,1.5,1000,1000,0,0,0,0,0
0.15,1.00E-05,0.0001,0.001,2,10,1000,0,0,0,0,0
0.15,1.00E-05,0.0001,0.001,2,100,1000,0,0,0,0,0
0.15,1.00E-05,0.0001,0.001,2,1000,1000,0,0,0,0,0
0.15,1.00E-05,0.0001,0.001,2.5,10,1000,0,0,0,0,0
0.15,1.00E-05,0.0001,0.001,2.5,100,1000,0,0,0,0,0
0.15,1.00E-05,0.0001,0.001,2.5,1000,1000,0,0,0,0,0
0.15,1.00E-05,0.0001,0.001,3,10,1000,0,0,0,0,0
0.15,1.00E-05,0.0001,0.001,3,100,1000,0,0,0,0,0
0.15,1.00E-05,0.0001,0.001,3,1000,1000,0,0,0,0,0
0.15,1.00E-05,0.0001,0.1,0.1,10,1000,0,0,0,0,0
0.15,1.00E-05,0.0001,0.1,0.1,100,1000,0,0,0,0,0
0.15,1.00E-05,0.0001,0.1,0.1,1000,1000,0,0,1.023713524,0,0.077339543
0.15,1.00E-05,0.0001,0.1,0.5,10,1000,0,0,0,0,0
0.15,1.00E-05,0.0001,0.1,0.5,100,996,4,0.318533026,35.89279067,0.001674044,0
0.15,1.00E-05,0.0001,0.1,0.5,1000,989,11,0.23070637,0.654869956,0.025523529,0.010690078
0.15,1.00E-05,0.0001,0.1,1.1,10,989,11,0.262405826,0,0.027096424,0
0.15,1.00E-05,0.0001,0.1,1.1,100,968,32,0.28648854,170.9779643,0.016437378,48511.06385
0.15,1.00E-05,0.0001,0.1,1.1,1000,939,61,0.305327829,0.565942689,0.021577864,0.014672875
0.15,1.00E-05,0.0001,0.1,1.5,10,988,12,0.303703681,0,0.021442684,0
0.15,1.00E-05,0.0001,0.1,1.5,100,925,75,0.335849227,135.2773263,0.018549054,34393.81222
0.15,1.00E-05,0.0001,0.1,1.5,1000,878,122,0.327326527,0.554338059,0.017968303,0.007710489
0.15,1.00E-05,0.0001,0.1,2,10,972,28,0.357839504,334.5172178,0.009059322,38101.91634
0.15,1.00E-05,0.0001,0.1,2,100,854,146,0.341498504,144.1754658,0.013476053,23855.81649
0.15,1.00E-05,0.0001,0.1,2,1000,787,213,0.334616967,0.552426646,0.015718971,0.00829316
0.15,1.00E-05,0.0001,0.1,2.5,10,962,38,0.347968936,627.4163805,0.017627226,56776.53928
0.15,1.00E-05,0.0001,0.1,2.5,100,763,237,0.348236002,160.27942,0.016660335,47729.203
0.15,1.00E-05,0.0001,0.1,2.5,1000,719,281,0.339224219,0.590476638,0.015129116,1.641230378
0.15,1.00E-05,0.0001,0.1,3,10,947,53,0.374952761,549.8131965,0.008449887,89732.61283
0.15,1.00E-05,0.0001,0.1,3,100,695,305,0.373980119,179.045686,0.010727673,50660.81642
0.15,1.00E-05,0.0001,0.1,3,1000,653,347,0.363349747,0.550256243,0.013065031,0.007676864
0.15,1.00E-05,0.0001,1,0.1,10,780,220,0.460378253,301.8186693,0.005976055,32852.55201
0.15,1.00E-05,0.0001,1,0.1,100,156,844,0.448485817,13.86647563,0.00695406,2201.514237
0.15,1.00E-05,0.0001,1,0.1,1000,120,880,0.451400781,0.087943141,0.005480779,0.000168501
0.15,1.00E-05,0.0001,1,0.5,10,680,320,0.461523515,288.0552551,0.002883588,26796.81985
0.15,1.00E-05,0.0001,1,0.5,100,75,925,0.465587959,8.605085031,0.003919039,1055.87939
0.15,1.00E-05,0.0001,1,0.5,1000,60,940,0.464820649,0.058480356,0.003549894,7.35E-05
0.15,1.00E-05,0.0001,1,1.1,10,610,390,0.471338733,286.513173,0.003027931,19755.26579
0.15,1.00E-05,0.0001,1,1.1,100,60,940,0.47579122,5.899016422,0.00209884,659.9316025
0.15,1.00E-05,0.0001,1,1.1,1000,46,954,0.472855369,0.051569317,0.002259215,5.15E-05
0.15,1.00E-05,0.0001,1,1.5,10,542,458,0.479444409,289.8711174,0.00190659,22564.76625
0.15,1.00E-05,0.0001,1,1.5,100,41,959,0.477998191,4.481421083,0.00154593,264.6930551
0.15,1.00E-05,0.0001,1,1.5,1000,24,976,0.479608245,0.051307866,0.001320608,5.84E-05
0.15,1.00E-05,0.0001,1,2,10,525,475,0.481684166,277.0070105,0.001068811,24476.34321
0.15,1.00E-05,0.0001,1,2,100,39,961,0.481257957,4.507993495,0.001202431,370.9613419
0.15,1.00E-05,0.0001,1,2,1000,23,977,0.48364347,0.050477642,0.001395406,5.47E-05
0.15,1.00E-05,0.0001,1,2.5,10,520,480,0.485876922,278.1914412,0.000912681,23039.67011
0.15,1.00E-05,0.0001,1,2.5,100,31,969,0.483556637,3.861286765,0.00149001,283.9922808
0.15,1.00E-05,0.0001,1,2.5,1000,18,982,0.486678391,0.050832434,0.001188242,5.48E-05
0.15,1.00E-05,0.0001,1,3,10,485,515,0.485819362,271.5447379,0.000887506,19356.54263
0.15,1.00E-05,0.0001,1,3,100,34,966,0.485810292,3.192879831,0.001482769,175.866036
0.15,1.00E-05,0.0001,1,3,1000,21,979,0.486444936,0.051084799,0.001103115,5.08E-05
0.15,1.00E-05,0.0003,1.00E-05,0.1,10,1000,0,0,0,0,0
0.15,1.00E-05,0.0003,1.00E-05,0.1,100,1000,0,0,0,0,0
0.15,1.00E-05,0.0003,1.00E-05,0.1,1000,1000,0,0,0,0,0
0.15,1.00E-05,0.0003,1.00E-05,0.5,10,1000,0,0,0,0,0
0.15,1.00E-05,0.0003,1.00E-05,0.5,100,1000,0,0,0,0,0
0.15,1.00E-05,0.0003,1.00E-05,0.5,1000,1000,0,0,0,0,0
0.15,1.00E-05,0.0003,1.00E-05,1.1,10,1000,0,0,0,0,0
0.15,1.00E-05,0.0003,1.00E-05,1.1,100,1000,0,0,0,0,0
0.15,1.00E-05,0.0003,1.00E-05,1.1,1000,1000,0,0,0,0,0
0.15,1.00E-05,0.0003,1.00E-05,1.5,10,1000,0,0,0,0,0
0.15,1.00E-05,0.0003,1.00E-05,1.5,100,1000,0,0,0,0,0
0.15,1.00E-05,0.0003,1.00E-05,1.5,1000,1000,0,0,0,0,0
0.15,1.00E-05,0.0003,1.00E-05,2,10,1000,0,0,0,0,0
0.15,1.00E-05,0.0003,1.00E-05,2,100,1000,0,0,0,0,0
0.15,1.00E-05,0.0003,1.00E-05,2,1000,1000,0,0,0,0,0
0.15,1.00E-05,0.0003,1.00E-05,2.5,10,1000,0,0,0,0,0
0.15,1.00E-05,0.0003,1.00E-05,2.5,100,1000,0,0,0,0,0
0.15,1.00E-05,0.0003,1.00E-05,2.5,1000,1000,0,0,0,0,0
0.15,1.00E-05,0.0003,1.00E-05,3,10,1000,0,0,0,0,0
0.15,1.00E-05,0.0003,1.00E-05,3,100,1000,0,0,0,0,0
0.15,1.00E-05,0.0003,1.00E-05,3,1000,1000,0,0,0,0,0
0.15,1.00E-05,0.0003,0.001,0.1,10,1000,0,0,0,0,0
0.15,1.00E-05,0.0003,0.001,0.1,100,1000,0,0,0,0,0
0.15,1.00E-05,0.0003,0.001,0.1,1000,1000,0,0,0,0,0
0.15,1.00E-05,0.0003,0.001,0.5,10,1000,0,0,0,0,0
0.15,1.00E-05,0.0003,0.001,0.5,100,1000,0,0,0,0,0
0.15,1.00E-05,0.0003,0.001,0.5,1000,1000,0,0,0,0,0
0.15,1.00E-05,0.0003,0.001,1.1,10,1000,0,0,0,0,0
0.15,1.00E-05,0.0003,0.001,1.1,100,1000,0,0,0,0,0
0.15,1.00E-05,0.0003,0.001,1.1,1000,1000,0,0,0,0,0
0.15,1.00E-05,0.0003,0.001,1.5,10,1000,0,0,0,0,0
0.15,1.00E-05,0.0003,0.001,1.5,100,1000,0,0,0,0,0
0.15,1.00E-05,0.0003,0.001,1.5,1000,1000,0,0,0,0,0
0.15,1.00E-05,0.0003,0.001,2,10,1000,0,0,0,0,0
0.15,1.00E-05,0.0003,0.001,2,100,1000,0,0,0,0,0
0.15,1.00E-05,0.0003,0.001,2,1000,1000,0,0,0,0,0
0.15,1.00E-05,0.0003,0.001,2.5,10,1000,0,0,0,0,0
0.15,1.00E-05,0.0003,0.001,2.5,100,1000,0,0,0,0,0
0.15,1.00E-05,0.0003,0.001,2.5,1000,1000,0,0,0,0,0
0.15,1.00E-05,0.0003,0.001,3,10,1000,0,0,0,0,0
0.15,1.00E-05,0.0003,0.001,3,100,1000,0,0,0,0,0
0.15,1.00E-05,0.0003,0.001,3,1000,1000,0,0,0,0,0
0.15,1.00E-05,0.0003,0.1,0.1,10,1000,0,0,105.8033269,0,398.3113127
0.15,1.00E-05,0.0003,0.1,0.1,100,1000,0,0,7.298879976,0,270.6674468
0.15,1.00E-05,0.0003,0.1,0.1,1000,1000,0,0,0.287705434,0,0.00670571
0.15,1.00E-05,0.0003,0.1,0.5,10,1000,0,0,116.4637709,0,6273.888795
0.15,1.00E-05,0.0003,0.1,0.5,100,1000,0,0,3.622388847,0,4.680964147
0.15,1.00E-05,0.0003,0.1,0.5,1000,1000,0,0,0.191771347,0,0.002667222
0.15,1.00E-05,0.0003,0.1,1.1,10,1000,0,0,174.43627,0,20065.37868
0.15,1.00E-05,0.0003,0.1,1.1,100,998,2,0.136363636,2.509222101,0.018595041,0.87227253
0.15,1.00E-05,0.0003,0.1,1.1,1000,999,1,0,0.172001087,0,0.002136229
0.15,1.00E-05,0.0003,0.1,1.5,10,1000,0,0,127.6776023,0,8729.636181
0.15,1.00E-05,0.0003,0.1,1.5,100,998,2,0.322916667,2.537913003,0.000108507,24.04459765
0.15,1.00E-05,0.0003,0.1,1.5,1000,997,3,0.203448276,0.171962988,0.020713436,0.002069037
0.15,1.00E-05,0.0003,0.1,2,10,1000,0,0,125.3802291,0,7513.677721
0.15,1.00E-05,0.0003,0.1,2,100,994,6,0.295454545,2.198181146,0.059362565,0.545479271
0.15,1.00E-05,0.0003,0.1,2,1000,991,9,0.394479267,0.173535731,0.00408912,0.002080267
0.15,1.00E-05,0.0003,0.1,2.5,10,997,3,0.239316239,134.3593148,0.029074439,6752.347532
0.15,1.00E-05,0.0003,0.1,2.5,100,991,9,0.300937951,2.20947293,0.030691805,0.581609908
0.15,1.00E-05,0.0003,0.1,2.5,1000,984,16,0.285385748,0.182304998,0.023391451,0.090181703
0.15,1.00E-05,0.0003,0.1,3,10,997,3,0.235897436,137.6026098,0.029243918,8712.739858
0.15,1.00E-05,0.0003,0.1,3,100,986,14,0.271744001,2.203331913,0.034559033,0.513337312
0.15,1.00E-05,0.0003,0.1,3,1000,983,17,0.28690465,0.170704581,0.029438078,0.002044007
0.15,1.00E-05,0.0003,1,0.1,10,984,16,0.440024232,62.48221225,0.02530617,1781.694968
0.15,1.00E-05,0.0003,1,0.1,100,878,122,0.421061763,0.364893115,0.028587855,0.147742749
0.15,1.00E-05,0.0003,1,0.1,1000,895,105,0.391948481,0.026704211,0.028290369,4.88E-05
0.15,1.00E-05,0.0003,1,0.5,10,942,58,0.43464491,65.95690639,0.020057052,2005.511401
0.15,1.00E-05,0.0003,1,0.5,100,811,189,0.425833869,0.239849784,0.023454658,0.004337222
0.15,1.00E-05,0.0003,1,0.5,1000,794,206,0.430355501,0.017819291,0.022520214,1.93E-05
0.15,1.00E-05,0.0003,1,1.1,10,898,102,0.456224511,69.60317778,0.010916167,2848.661193
0.15,1.00E-05,0.0003,1,1.1,100,724,276,0.43098377,0.19629285,0.022380472,0.002571324
0.15,1.00E-05,0.0003,1,1.1,1000,743,257,0.458404279,0.016242856,0.01782229,1.59E-05
0.15,1.00E-05,0.0003,1,1.5,10,877,123,0.459620895,79.74307229,0.018078325,3857.853493
0.15,1.00E-05,0.0003,1,1.5,100,697,303,0.462503774,0.187276174,0.020439534,0.002359907
0.15,1.00E-05,0.0003,1,1.5,1000,685,315,0.461931565,0.016247059,0.019226532,1.56E-05
0.15,1.00E-05,0.0003,1,2,10,840,160,0.485732291,80.89210793,0.00922757,3876.427094
0.15,1.00E-05,0.0003,1,2,100,695,305,0.457706619,0.182308277,0.017130375,0.002240459
0.15,1.00E-05,0.0003,1,2,1000,648,352,0.458995227,0.016209959,0.015543767,1.68E-05
0.15,1.00E-05,0.0003,1,2.5,10,859,141,0.474824518,77.16635079,0.015554557,3500.143908
0.15,1.00E-05,0.0003,1,2.5,100,647,353,0.460543213,0.180513227,0.014254345,0.002158903
0.15,1.00E-05,0.0003,1,2.5,1000,629,371,0.47021729,0.01625114,0.014219229,1.60E-05
0.15,1.00E-05,0.0003,1,3,10,834,166,0.459150322,82.12077816,0.016884595,3209.748329
0.15,1.00E-05,0.0003,1,3,100,666,334,0.470987834,0.179423348,0.011635943,0.002199033
0.15,1.00E-05,0.0003,1,3,1000,614,386,0.470547181,0.016194182,0.011324288,1.51E-05
0.15,1.00E-05,0.001,1.00E-05,0.1,10,1000,0,0,0,0,0
0.15,1.00E-05,0.001,1.00E-05,0.1,100,1000,0,0,0,0,0
0.15,1.00E-05,0.001,1.00E-05,0.1,1000,1000,0,0,0,0,0
0.15,1.00E-05,0.001,1.00E-05,0.5,10,1000,0,0,0,0,0
0.15,1.00E-05,0.001,1.00E-05,0.5,100,1000,0,0,0,0,0
0.15,1.00E-05,0.001,1.00E-05,0.5,1000,1000,0,0,0,0,0
0.15,1.00E-05,0.001,1.00E-05,1.1,10,1000,0,0,0,0,0
0.15,1.00E-05,0.001,1.00E-05,1.1,100,1000,0,0,0,0,0
0.15,1.00E-05,0.001,1.00E-05,1.1,1000,1000,0,0,0,0,0
0.15,1.00E-05,0.001,1.00E-05,1.5,10,1000,0,0,0,0,0
0.15,1.00E-05,0.001,1.00E-05,1.5,100,1000,0,0,0,0,0
0.15,1.00E-05,0.001,1.00E-05,1.5,1000,1000,0,0,0,0,0
0.15,1.00E-05,0.001,1.00E-05,2,10,1000,0,0,0,0,0
0.15,1.00E-05,0.001,1.00E-05,2,100,1000,0,0,0,0,0
0.15,1.00E-05,0.001,1.00E-05,2,1000,1000,0,0,0,0,0
0.15,1.00E-05,0.001,1.00E-05,2.5,10,1000,0,0,0,0,0
0.15,1.00E-05,0.001,1.00E-05,2.5,100,1000,0,0,0,0,0
0.15,1.00E-05,0.001,1.00E-05,2.5,1000,1000,0,0,0,0,0
0.15,1.00E-05,0.001,1.00E-05,3,10,1000,0,0,0,0,0
0.15,1.00E-05,0.001,1.00E-05,3,100,1000,0,0,0,0,0
0.15,1.00E-05,0.001,1.00E-05,3,1000,1000,0,0,0,0,0
0.15,1.00E-05,0.001,0.001,0.1,10,1000,0,0,0,0,0
0.15,1.00E-05,0.001,0.001,0.1,100,1000,0,0,0,0,0
0.15,1.00E-05,0.001,0.001,0.1,1000,1000,0,0,1.978822997,0,1.082076628
0.15,1.00E-05,0.001,0.001,0.5,10,1000,0,0,0,0,0
0.15,1.00E-05,0.001,0.001,0.5,100,1000,0,0,0,0,0
0.15,1.00E-05,0.001,0.001,0.5,1000,1000,0,0,2.952585049,0,4.562838823
0.15,1.00E-05,0.001,0.001,1.1,10,1000,0,0,0,0,0
0.15,1.00E-05,0.001,0.001,1.1,100,1000,0,0,0,0,0
0.15,1.00E-05,0.001,0.001,1.1,1000,1000,0,0,6.244922326,0,38.94708952
0.15,1.00E-05,0.001,0.001,1.5,10,1000,0,0,0,0,0
0.15,1.00E-05,0.001,0.001,1.5,100,1000,0,0,0,0,0
0.15,1.00E-05,0.001,0.001,1.5,1000,1000,0,0,3.64529207,0,7.230633632
0.15,1.00E-05,0.001,0.001,2,10,1000,0,0,0,0,0
0.15,1.00E-05,0.001,0.001,2,100,1000,0,0,8.392180612,0,5.510500629
0.15,1.00E-05,0.001,0.001,2,1000,1000,0,0,4.638264986,0,22.37783022
0.15,1.00E-05,0.001,0.001,2.5,10,1000,0,0,0,0,0
0.15,1.00E-05,0.001,0.001,2.5,100,1000,0,0,0,0,0
0.15,1.00E-05,0.001,0.001,2.5,1000,1000,0,0,2.788382601,0,5.071336264
0.15,1.00E-05,0.001,0.001,3,10,1000,0,0,0,0,0
0.15,1.00E-05,0.001,0.001,3,100,1000,0,0,5.781223875,0,0
0.15,1.00E-05,0.001,0.001,3,1000,1000,0,0,2.772977824,0,3.871187529
0.15,1.00E-05,0.001,0.1,0.1,10,1000,0,0,13.54024286,0,136.0297555
0.15,1.00E-05,0.001,0.1,0.1,100,1000,0,0,0.81665907,0,0.230667035
0.15,1.00E-05,0.001,0.1,0.1,1000,1000,0,0,0.066621083,0,0.001284733
0.15,1.00E-05,0.001,0.1,0.5,10,1000,0,0,12.37702823,0,119.8712794
0.15,1.00E-05,0.001,0.1,0.5,100,1000,0,0,0.542397998,0,0.090823242
0.15,1.00E-05,0.001,0.1,0.5,1000,1000,0,0,0.043565047,0,0.000505063
0.15,1.00E-05,0.001,0.1,1.1,10,1000,0,0,11.24234362,0,115.9355278
0.15,1.00E-05,0.001,0.1,1.1,100,1000,0,0,0.459081757,0,0.062290141
0.15,1.00E-05,0.001,0.1,1.1,1000,1000,0,0,0.043331156,0,0.000507673
0.15,1.00E-05,0.001,0.1,1.5,10,1000,0,0,10.8970333,0,133.5854437
0.15,1.00E-05,0.001,0.1,1.5,100,1000,0,0,0.445359924,0,0.058388524
0.15,1.00E-05,0.001,0.1,1.5,1000,1000,0,0,0.046957261,0,0.018901685
0.15,1.00E-05,0.001,0.1,2,10,1000,0,0,10.07126383,0,111.0079976
0.15,1.00E-05,0.001,0.1,2,100,1000,0,0,0.449173455,0,0.063214711
0.15,1.00E-05,0.001,0.1,2,1000,1000,0,0,0.04228794,0,0.000480218
0.15,1.00E-05,0.001,0.1,2.5,10,1000,0,0,9.683017072,0,100.2770872
0.15,1.00E-05,0.001,0.1,2.5,100,1000,0,0,0.455232348,0,0.073626741
0.15,1.00E-05,0.001,0.1,2.5,1000,1000,0,0,0.04186964,0,0.000496088
0.15,1.00E-05,0.001,0.1,3,10,1000,0,0,9.185806695,0,99.665647
0.15,1.00E-05,0.001,0.1,3,100,1000,0,0,0.449961374,0,0.059572293
0.15,1.00E-05,0.001,0.1,3,1000,1000,0,0,0.041286305,0,0.000516785
0.15,1.00E-05,0.001,1,0.1,10,1000,0,0,1.600064411,0,2.848226083
0.15,1.00E-05,0.001,1,0.1,100,1000,0,0,0.070615006,0,0.001454489
0.15,1.00E-05,0.001,1,0.1,1000,1000,0,0,0.006151544,0,9.34E-06
0.15,1.00E-05,0.001,1,0.5,10,1000,0,0,1.259807514,0,1.92046356
0.15,1.00E-05,0.001,1,0.5,100,999,1,0.466666667,0.047536699,0,0.000568276
0.15,1.00E-05,0.001,1,0.5,1000,1000,0,0,0.004315627,0,4.63E-06
0.15,1.00E-05,0.001,1,1.1,10,1000,0,0,1.142671209,0,1.913110159
0.15,1.00E-05,0.001,1,1.1,100,1000,0,0,0.041889784,0,0.000450959
0.15,1.00E-05,0.001,1,1.1,1000,1000,0,0,0.004043081,0,4.11E-06
0.15,1.00E-05,0.001,1,1.5,10,1000,0,0,0.983111449,0,1.516083642
0.15,1.00E-05,0.001,1,1.5,100,999,1,0.5,0.0414781,0,0.000435969
0.15,1.00E-05,0.001,1,1.5,1000,1000,0,0,0.004021689,0,4.22E-06
0.15,1.00E-05,0.001,1,2,10,1000,0,0,0.920171139,0,2.051350626
0.15,1.00E-05,0.001,1,2,100,1000,0,0,0.042379924,0,0.000479554
0.15,1.00E-05,0.001,1,2,1000,998,2,0.660714286,0.004082991,0.007971939,4.32E-06
0.15,1.00E-05,0.001,1,2.5,10,1000,0,0,1.003182397,0,3.257051817
0.15,1.00E-05,0.001,1,2.5,100,999,1,0.379310345,0.04135428,0,0.000423625
0.15,1.00E-05,0.001,1,2.5,1000,1000,0,0,0.003999594,0,3.95E-06
0.15,1.00E-05,0.001,1,3,10,998,2,0.229166667,0.829899181,0.052517361,0.792098886
0.15,1.00E-05,0.001,1,3,100,1000,0,0,0.041275634,0,0.00041181
0.15,1.00E-05,0.001,1,3,1000,995,5,0.307017544,0.00406507,0.071775931,3.99E-06
0.15,1.00E-05,0.003,1.00E-05,0.1,10,1000,0,0,14.03482365,0,129.3852336
0.15,1.00E-05,0.003,1.00E-05,0.1,100,1000,0,0,0.386359352,0,0.029143636
0.15,1.00E-05,0.003,1.00E-05,0.1,1000,1000,0,0,0.514987681,0,0.159354723
0.15,1.00E-05,0.003,1.00E-05,0.5,10,1000,0,0,20.06454513,0,0
0.15,1.00E-05,0.003,1.00E-05,0.5,100,1000,0,0,1.632564055,0,2.621999145
0.15,1.00E-05,0.003,1.00E-05,0.5,1000,1000,0,0,0.074923285,0,0
0.15,1.00E-05,0.003,1.00E-05,1.1,10,1000,0,0,0,0,0
0.15,1.00E-05,0.003,1.00E-05,1.1,100,1000,0,0,2.268758582,0,3.856735878
0.15,1.00E-05,0.003,1.00E-05,1.1,1000,1000,0,0,1.913290795,0,4.1119149
0.15,1.00E-05,0.003,1.00E-05,1.5,10,1000,0,0,9.325540058,0,0
0.15,1.00E-05,0.003,1.00E-05,1.5,100,1000,0,0,0.294771317,0,0.010596611
0.15,1.00E-05,0.003,1.00E-05,1.5,1000,1000,0,0,0.481610999,0,0.285555051
0.15,1.00E-05,0.003,1.00E-05,2,10,1000,0,0,0,0,0
0.15,1.00E-05,0.003,1.00E-05,2,100,1000,0,0,1.995424953,0,2.370407826
0.15,1.00E-05,0.003,1.00E-05,2,1000,1000,0,0,0.55220261,0,0.536792188
0.15,1.00E-05,0.003,1.00E-05,2.5,10,1000,0,0,4.121761953,0,0
0.15,1.00E-05,0.003,1.00E-05,2.5,100,1000,0,0,2.676130656,0,0.918082535
0.15,1.00E-05,0.003,1.00E-05,2.5,1000,1000,0,0,0.260796559,0,0.084728432
0.15,1.00E-05,0.003,1.00E-05,3,10,1000,0,0,5.879842302,0,0
0.15,1.00E-05,0.003,1.00E-05,3,100,1000,0,0,2.268957628,0,0.007795844
0.15,1.00E-05,0.003,1.00E-05,3,1000,1000,0,0,0.778321892,0,0.742039595
0.15,1.00E-05,0.003,0.001,0.1,10,1000,0,0,7.40868955,0,29.80606016
0.15,1.00E-05,0.003,0.001,0.1,100,1000,0,0,2.442906717,0,7.239996511
0.15,1.00E-05,0.003,0.001,0.1,1000,1000,0,0,0.55569708,0,0.886273533
0.15,1.00E-05,0.003,0.001,0.5,10,1000,0,0,5.985093052,0,31.01730041
0.15,1.00E-05,0.003,0.001,0.5,100,1000,0,0,2.307978628,0,11.59703619
0.15,1.00E-05,0.003,0.001,0.5,1000,1000,0,0,0.585693513,0,2.094588466
0.15,1.00E-05,0.003,0.001,1.1,10,1000,0,0,5.282787133,0,26.84135343
0.15,1.00E-05,0.003,0.001,1.1,100,1000,0,0,2.874528387,0,13.84988002
0.15,1.00E-05,0.003,0.001,1.1,1000,1000,0,0,0.526069424,0,0.959441352
0.15,1.00E-05,0.003,0.001,1.5,10,1000,0,0,6.490113033,0,39.56862064
0.15,1.00E-05,0.003,0.001,1.5,100,1000,0,0,2.927720643,0,12.20593148
0.15,1.00E-05,0.003,0.001,1.5,1000,1000,0,0,0.621067991,0,3.096883643
0.15,1.00E-05,0.003,0.001,2,10,1000,0,0,6.094645041,0,32.00968904
0.15,1.00E-05,0.003,0.001,2,100,1000,0,0,3.029755621,0,19.8980009
0.15,1.00E-05,0.003,0.001,2,1000,1000,0,0,0.466263906,0,0.605202878
0.15,1.00E-05,0.003,0.001,2.5,10,1000,0,0,7.246188351,0,71.49206868
0.15,1.00E-05,0.003,0.001,2.5,100,1000,0,0,1.750957102,0,3.433283885
0.15,1.00E-05,0.003,0.001,2.5,1000,1000,0,0,0.846227849,0,11.06250294
0.15,1.00E-05,0.003,0.001,3,10,1000,0,0,5.910299183,0,50.86919943
0.15,1.00E-05,0.003,0.001,3,100,1000,0,0,1.941216638,0,4.944227657
0.15,1.00E-05,0.003,0.001,3,1000,1000,0,0,0.456841943,0,0.727984733
0.15,1.00E-05,0.003,0.1,0.1,10,1000,0,0,1.596794511,0,2.883829936
0.15,1.00E-05,0.003,0.1,0.1,100,1000,0,0,0.171670347,0,0.03518541
0.15,1.00E-05,0.003,0.1,0.1,1000,1000,0,0,0.015039526,0,0.000245773
0.15,1.00E-05,0.003,0.1,0.5,10,1000,0,0,1.230130246,0,1.891141342
0.15,1.00E-05,0.003,0.1,0.5,100,1000,0,0,0.109334469,0,0.01289762
0.15,1.00E-05,0.003,0.1,0.5,1000,1000,0,0,0.010534998,0,0.000131638
0.15,1.00E-05,0.003,0.1,1.1,10,1000,0,0,1.064989584,0,1.62080313
0.15,1.00E-05,0.003,0.1,1.1,100,1000,0,0,0.100650277,0,0.009897556
0.15,1.00E-05,0.003,0.1,1.1,1000,1000,0,0,0.010247508,0,0.000110104
0.15,1.00E-05,0.003,0.1,1.5,10,1000,0,0,1.030463173,0,1.220517092
0.15,1.00E-05,0.003,0.1,1.5,100,1000,0,0,0.099103713,0,0.009568782
0.15,1.00E-05,0.003,0.1,1.5,1000,1000,0,0,0.00989715,0,9.10E-05
0.15,1.00E-05,0.003,0.1,2,10,1000,0,0,0.957324646,0,1.421775877
0.15,1.00E-05,0.003,0.1,2,100,1000,0,0,0.101706143,0,0.010720523
0.15,1.00E-05,0.003,0.1,2,1000,1000,0,0,0.009763488,0,9.77E-05
0.15,1.00E-05,0.003,0.1,2.5,10,1000,0,0,0.978374097,0,1.118270946
0.15,1.00E-05,0.003,0.1,2.5,100,1000,0,0,0.100435783,0,0.010277533
0.15,1.00E-05,0.003,0.1,2.5,1000,1000,0,0,0.011085844,0,0.001053426
0.15,1.00E-05,0.003,0.1,3,10,1000,0,0,1.00956778,0,1.152657169
0.15,1.00E-05,0.003,0.1,3,100,1000,0,0,0.098003114,0,0.011460373
0.15,1.00E-05,0.003,0.1,3,1000,1000,0,0,0.012060295,0,0.005082694
0.15,1.00E-05,0.003,1,0.1,10,1000,0,0,0.186699303,0,0.029541142
0.15,1.00E-05,0.003,1,0.1,100,1000,0,0,0.015857014,0,0.000211958
0.15,1.00E-05,0.003,1,0.1,1000,1000,0,0,0.001526912,0,2.48E-06
0.15,1.00E-05,0.003,1,0.5,10,1000,0,0,0.133914317,0,0.017996725
0.15,1.00E-05,0.003,1,0.5,100,1000,0,0,0.011668925,0,0.000146761
0.15,1.00E-05,0.003,1,0.5,1000,1000,0,0,0.001048184,0,1.07E-06
0.15,1.00E-05,0.003,1,1.1,10,1000,0,0,0.127825169,0,0.015681714
0.15,1.00E-05,0.003,1,1.1,100,1000,0,0,0.010179633,0,0.000123122
0.15,1.00E-05,0.003,1,1.1,1000,1000,0,0,0.000985123,0,9.81E-07
0.15,1.00E-05,0.003,1,1.5,10,1000,0,0,0.109720058,0,0.011316883
0.15,1.00E-05,0.003,1,1.5,100,1000,0,0,0.01007485,0,0.000110278
0.15,1.00E-05,0.003,1,1.5,1000,1000,0,0,0.000961611,0,8.95E-07
0.15,1.00E-05,0.003,1,2,10,1000,0,0,0.11420562,0,0.01394142
0.15,1.00E-05,0.003,1,2,100,1000,0,0,0.009647315,0,9.13E-05
0.15,1.00E-05,0.003,1,2,1000,1000,0,0,0.000988223,0,9.40E-07
0.15,1.00E-05,0.003,1,2.5,10,1000,0,0,0.11584695,0,0.014033834
0.15,1.00E-05,0.003,1,2.5,100,1000,0,0,0.01041585,0,9.93E-05
0.15,1.00E-05,0.003,1,2.5,1000,1000,0,0,0.00104895,0,1.14E-06
0.15,1.00E-05,0.003,1,3,10,1000,0,0,0.10822511,0,0.012688291
0.15,1.00E-05,0.003,1,3,100,1000,0,0,0.010114576,0,0.000103048
0.15,1.00E-05,0.003,1,3,1000,1000,0,0,0.015708249,0,0.21434993
0.15,0.0001,0.0001,1.00E-05,0.1,10,1000,0,0,0,0,0
0.15,0.0001,0.0001,1.00E-05,0.1,100,1000,0,0,0,0,0
0.15,0.0001,0.0001,1.00E-05,0.1,1000,1000,0,0,0,0,0
0.15,0.0001,0.0001,1.00E-05,0.5,10,1000,0,0,0,0,0
0.15,0.0001,0.0001,1.00E-05,0.5,100,1000,0,0,0,0,0
0.15,0.0001,0.0001,1.00E-05,0.5,1000,1000,0,0,0,0,0
0.15,0.0001,0.0001,1.00E-05,1.1,10,1000,0,0,0,0,0
0.15,0.0001,0.0001,1.00E-05,1.1,100,1000,0,0,0,0,0
0.15,0.0001,0.0001,1.00E-05,1.1,1000,1000,0,0,0,0,0
0.15,0.0001,0.0001,1.00E-05,1.5,10,1000,0,0,0,0,0
0.15,0.0001,0.0001,1.00E-05,1.5,100,1000,0,0,0,0,0
0.15,0.0001,0.0001,1.00E-05,1.5,1000,1000,0,0,0,0,0
0.15,0.0001,0.0001,1.00E-05,2,10,1000,0,0,0,0,0
0.15,0.0001,0.0001,1.00E-05,2,100,1000,0,0,0,0,0
0.15,0.0001,0.0001,1.00E-05,2,1000,1000,0,0,0,0,0
0.15,0.0001,0.0001,1.00E-05,2.5,10,1000,0,0,0,0,0
0.15,0.0001,0.0001,1.00E-05,2.5,100,1000,0,0,0,0,0
0.15,0.0001,0.0001,1.00E-05,2.5,1000,1000,0,0,0,0,0
0.15,0.0001,0.0001,1.00E-05,3,10,1000,0,0,0,0,0
0.15,0.0001,0.0001,1.00E-05,3,100,1000,0,0,0,0,0
0.15,0.0001,0.0001,1.00E-05,3,1000,1000,0,0,0,0,0
0.15,0.0001,0.0001,0.001,0.1,10,1000,0,0,0,0,0
0.15,0.0001,0.0001,0.001,0.1,100,1000,0,0,0,0,0
0.15,0.0001,0.0001,0.001,0.1,1000,1000,0,0,0,0,0
0.15,0.0001,0.0001,0.001,0.5,10,1000,0,0,0,0,0
0.15,0.0001,0.0001,0.001,0.5,100,1000,0,0,0,0,0
0.15,0.0001,0.0001,0.001,0.5,1000,1000,0,0,0,0,0
0.15,0.0001,0.0001,0.001,1.1,10,1000,0,0,0,0,0
0.15,0.0001,0.0001,0.001,1.1,100,1000,0,0,0,0,0
0.15,0.0001,0.0001,0.001,1.1,1000,1000,0,0,0,0,0
0.15,0.0001,0.0001,0.001,1.5,10,1000,0,0,0,0,0
0.15,0.0001,0.0001,0.001,1.5,100,1000,0,0,0,0,0
0.15,0.0001,0.0001,0.001,1.5,1000,1000,0,0,0,0,0
0.15,0.0001,0.0001,0.001,2,10,1000,0,0,0,0,0
0.15,0.0001,0.0001,0.001,2,100,1000,0,0,0,0,0
0.15,0.0001,0.0001,0.001,2,1000,1000,0,0,0,0,0
0.15,0.0001,0.0001,0.001,2.5,10,1000,0,0,0,0,0
0.15,0.0001,0.0001,0.001,2.5,100,1000,0,0,0,0,0
0.15,0.0001,0.0001,0.001,2.5,1000,1000,0,0,0,0,0
0.15,0.0001,0.0001,0.001,3,10,1000,0,0,0,0,0
0.15,0.0001,0.0001,0.001,3,100,1000,0,0,0,0,0
0.15,0.0001,0.0001,0.001,3,1000,1000,0,0,0,0,0
0.15,0.0001,0.0001,0.1,0.1,10,1000,0,0,0,0,0
0.15,0.0001,0.0001,0.1,0.1,100,1000,0,0,0,0,0
0.15,0.0001,0.0001,0.1,0.1,1000,999,1,0.222222222,1.031558525,0,0.075628453
0.15,0.0001,0.0001,0.1,0.5,10,1000,0,0,0,0,0
0.15,0.0001,0.0001,0.1,0.5,100,994,6,0.290450254,36.84527165,0.024196003,0
0.15,0.0001,0.0001,0.1,0.5,1000,992,8,0.266836847,0.657751712,0.035496256,0.032154797
0.15,0.0001,0.0001,0.1,1.1,10,996,4,0.243831169,0,0.020863868,0
0.15,0.0001,0.0001,0.1,1.1,100,944,56,0.28541347,74.71706942,0.026703839,4664.980827
0.15,0.0001,0.0001,0.1,1.1,1000,933,67,0.316311075,0.563284987,0.015526706,0.020448146
0.15,0.0001,0.0001,0.1,1.5,10,985,15,0.311990494,295.0696484,0.018257192,0
0.15,0.0001,0.0001,0.1,1.5,100,896,104,0.316312073,134.7798279,0.024875264,46870.55285
0.15,0.0001,0.0001,0.1,1.5,1000,860,140,0.324584437,0.553325406,0.019216513,0.00814712
0.15,0.0001,0.0001,0.1,2,10,963,37,0.326809094,422.9343532,0.018483504,29453.11985
0.15,0.0001,0.0001,0.1,2,100,851,149,0.332031451,117.3238636,0.02346338,25441.47551
0.15,0.0001,0.0001,0.1,2,1000,796,204,0.344358807,0.562685911,0.017244983,0.065603095
0.15,0.0001,0.0001,0.1,2.5,10,958,42,0.397877091,486.7404838,0.00301478,85084.45631
0.15,0.0001,0.0001,0.1,2.5,100,788,212,0.363894139,158.3497808,0.011524088,44007.46864
0.15,0.0001,0.0001,0.1,2.5,1000,708,292,0.364116352,0.5990962,0.011782228,1.015397107
0.15,0.0001,0.0001,0.1,3,10,929,71,0.382236235,460.2890936,0.017634999,35862.25152
0.15,0.0001,0.0001,0.1,3,100,701,299,0.369809457,189.3699388,0.012255587,52649.75861
0.15,0.0001,0.0001,0.1,3,1000,618,382,0.364620856,0.585830384,0.01317797,1.071184882
0.15,0.0001,0.0001,1,0.1,10,777,223,0.455168174,312.2609432,0.005291529,25643.83608
0.15,0.0001,0.0001,1,0.1,100,149,851,0.453607043,12.84317614,0.00571487,1147.687416
0.15,0.0001,0.0001,1,0.1,1000,110,890,0.449789831,0.087237412,0.00554029,0.000170136
0.15,0.0001,0.0001,1,0.5,10,667,333,0.460501817,289.950844,0.00706681,27731.12588
0.15,0.0001,0.0001,1,0.5,100,81,919,0.460803106,8.393050424,0.003522099,881.120096
0.15,0.0001,0.0001,1,0.5,1000,64,936,0.464563563,0.058718014,0.00298932,7.62E-05
0.15,0.0001,0.0001,1,1.1,10,566,434,0.473736876,275.1210743,0.001699639,23401.01376
0.15,0.0001,0.0001,1,1.1,100,50,950,0.474509207,8.100892086,0.002277339,1593.75827
0.15,0.0001,0.0001,1,1.1,1000,38,962,0.473058028,0.051625401,0.002852109,5.95E-05
0.15,0.0001,0.0001,1,1.5,10,580,420,0.477025255,287.1822394,0.001750523,25383.37332
0.15,0.0001,0.0001,1,1.5,100,47,953,0.478327737,5.637882687,0.001565005,503.2221765
0.15,0.0001,0.0001,1,1.5,1000,24,976,0.477479475,0.050540694,0.001884342,5.36E-05
0.15,0.0001,0.0001,1,2,10,546,454,0.478781543,278.1250616,0.001111579,24922.68299
0.15,0.0001,0.0001,1,2,100,28,972,0.481735354,4.930552258,0.001433887,472.8724646
0.15,0.0001,0.0001,1,2,1000,18,982,0.480962565,0.050820155,0.001012779,5.19E-05
0.15,0.0001,0.0001,1,2.5,10,503,497,0.486766879,259.8815299,0.001003268,18315.04721
0.15,0.0001,0.0001,1,2.5,100,33,967,0.483876099,4.64283626,0.001204211,659.3196866
0.15,0.0001,0.0001,1,2.5,1000,17,983,0.484653788,0.055789938,0.001207255,0.024781116
0.15,0.0001,0.0001,1,3,10,505,495,0.484654385,274.6684076,0.001787139,20723.15885
0.15,0.0001,0.0001,1,3,100,30,970,0.482810905,4.297317094,0.00113697,680.6921499
0.15,0.0001,0.0001,1,3,1000,19,981,0.483548948,0.050145089,0.001569537,5.16E-05
0.15,0.0001,0.0003,1.00E-05,0.1,10,1000,0,0,0,0,0
0.15,0.0001,0.0003,1.00E-05,0.1,100,1000,0,0,0,0,0
0.15,0.0001,0.0003,1.00E-05,0.1,1000,1000,0,0,0,0,0
0.15,0.0001,0.0003,1.00E-05,0.5,10,1000,0,0,0,0,0
0.15,0.0001,0.0003,1.00E-05,0.5,100,1000,0,0,0,0,0
0.15,0.0001,0.0003,1.00E-05,0.5,1000,1000,0,0,0,0,0
0.15,0.0001,0.0003,1.00E-05,1.1,10,1000,0,0,0,0,0
0.15,0.0001,0.0003,1.00E-05,1.1,100,1000,0,0,0,0,0
0.15,0.0001,0.0003,1.00E-05,1.1,1000,1000,0,0,0,0,0
0.15,0.0001,0.0003,1.00E-05,1.5,10,1000,0,0,0,0,0
0.15,0.0001,0.0003,1.00E-05,1.5,100,1000,0,0,0,0,0
0.15,0.0001,0.0003,1.00E-05,1.5,1000,1000,0,0,0,0,0
0.15,0.0001,0.0003,1.00E-05,2,10,1000,0,0,0,0,0
0.15,0.0001,0.0003,1.00E-05,2,100,1000,0,0,0,0,0
0.15,0.0001,0.0003,1.00E-05,2,1000,1000,0,0,0,0,0
0.15,0.0001,0.0003,1.00E-05,2.5,10,1000,0,0,0,0,0
0.15,0.0001,0.0003,1.00E-05,2.5,100,1000,0,0,0,0,0
0.15,0.0001,0.0003,1.00E-05,2.5,1000,1000,0,0,0,0,0
0.15,0.0001,0.0003,1.00E-05,3,10,1000,0,0,0,0,0
0.15,0.0001,0.0003,1.00E-05,3,100,1000,0,0,0,0,0
0.15,0.0001,0.0003,1.00E-05,3,1000,1000,0,0,0,0,0
0.15,0.0001,0.0003,0.001,0.1,10,1000,0,0,0,0,0
0.15,0.0001,0.0003,0.001,0.1,100,1000,0,0,0,0,0
0.15,0.0001,0.0003,0.001,0.1,1000,1000,0,0,0,0,0
0.15,0.0001,0.0003,0.001,0.5,10,1000,0,0,0,0,0
0.15,0.0001,0.0003,0.001,0.5,100,1000,0,0,0,0,0
0.15,0.0001,0.0003,0.001,0.5,1000,1000,0,0,0,0,0
0.15,0.0001,0.0003,0.001,1.1,10,1000,0,0,0,0,0
0.15,0.0001,0.0003,0.001,1.1,100,1000,0,0,0,0,0
0.15,0.0001,0.0003,0.001,1.1,1000,1000,0,0,0,0,0
0.15,0.0001,0.0003,0.001,1.5,10,1000,0,0,0,0,0
0.15,0.0001,0.0003,0.001,1.5,100,1000,0,0,0,0,0
0.15,0.0001,0.0003,0.001,1.5,1000,1000,0,0,0,0,0
0.15,0.0001,0.0003,0.001,2,10,1000,0,0,0,0,0
0.15,0.0001,0.0003,0.001,2,100,1000,0,0,0,0,0
0.15,0.0001,0.0003,0.001,2,1000,1000,0,0,0,0,0
0.15,0.0001,0.0003,0.001,2.5,10,1000,0,0,0,0,0
0.15,0.0001,0.0003,0.001,2.5,100,1000,0,0,0,0,0
0.15,0.0001,0.0003,0.001,2.5,1000,1000,0,0,0,0,0
0.15,0.0001,0.0003,0.001,3,10,1000,0,0,0,0,0
0.15,0.0001,0.0003,0.001,3,100,1000,0,0,0,0,0
0.15,0.0001,0.0003,0.001,3,1000,1000,0,0,0,0,0
0.15,0.0001,0.0003,0.1,0.1,10,1000,0,0,105.8541612,0,882.7072928
0.15,0.0001,0.0003,0.1,0.1,100,1000,0,0,6.730335589,0,53.0366796
0.15,0.0001,0.0003,0.1,0.1,1000,1000,0,0,0.301941751,0,0.214184156
0.15,0.0001,0.0003,0.1,0.5,10,1000,0,0,112.8961413,0,1711.706954
0.15,0.0001,0.0003,0.1,0.5,100,1000,0,0,3.644567686,0,17.29828117
0.15,0.0001,0.0003,0.1,0.5,1000,1000,0,0,0.226931114,0,0.76742423
0.15,0.0001,0.0003,0.1,1.1,10,1000,0,0,163.5115262,0,16288.96303
0.15,0.0001,0.0003,0.1,1.1,100,999,1,0,2.607845839,0,3.059996308
0.15,0.0001,0.0003,0.1,1.1,1000,998,2,0.344512195,0.209272318,0.008932555,0.645485182
0.15,0.0001,0.0003,0.1,1.5,10,999,1,0.307692308,136.2162657,0,10605.72279
0.15,0.0001,0.0003,0.1,1.5,100,998,2,0,2.368972929,0,1.603625214
0.15,0.0001,0.0003,0.1,1.5,1000,996,4,0.245199693,0.218718043,0.020614444,2.028706579
0.15,0.0001,0.0003,0.1,2,10,999,1,0,143.8889253,0,10813.88006
0.15,0.0001,0.0003,0.1,2,100,995,5,0.369445221,2.369397447,0.007360796,9.626699634
0.15,0.0001,0.0003,0.1,2,1000,997,3,0.446775447,0.181755858,0.007608208,0.053435534
0.15,0.0001,0.0003,0.1,2.5,10,1000,0,0,135.543658,0,7004.323174
0.15,0.0001,0.0003,0.1,2.5,100,985,15,0.309510891,2.364218753,0.045867853,13.26647942
0.15,0.0001,0.0003,0.1,2.5,1000,991,9,0.259937888,0.207722266,0.019445104,1.122724569
0.15,0.0001,0.0003,0.1,3,10,998,2,0.176470588,143.030907,0.031141869,9300.410581
0.15,0.0001,0.0003,0.1,3,100,991,9,0.359084488,2.203860794,0.008667877,1.338103257
0.15,0.0001,0.0003,0.1,3,1000,979,21,0.315389849,0.196199883,0.028573978,0.394420103
0.15,0.0001,0.0003,1,0.1,10,976,24,0.401919155,63.65879136,0.030487607,2111.417543
0.15,0.0001,0.0003,1,0.1,100,881,119,0.379955526,0.413055396,0.038593385,1.965191047
0.15,0.0001,0.0003,1,0.1,1000,887,113,0.402815336,0.031070515,0.031992471,0.019569903
0.15,0.0001,0.0003,1,0.5,10,931,69,0.415848008,64.53517738,0.013016837,2073.032381
0.15,0.0001,0.0003,1,0.5,100,799,201,0.432677869,0.243807415,0.021487423,0.004472045
0.15,0.0001,0.0003,1,0.5,1000,797,203,0.442313112,0.017870114,0.025028571,2.21E-05
0.15,0.0001,0.0003,1,1.1,10,900,100,0.440709747,72.95539948,0.022950747,2781.51129
0.15,0.0001,0.0003,1,1.1,100,710,290,0.45883339,0.196617046,0.019507695,0.002838496
0.15,0.0001,0.0003,1,1.1,1000,740,260,0.446438648,0.01644735,0.021542825,1.68E-05
0.15,0.0001,0.0003,1,1.5,10,883,117,0.452626187,77.42664623,0.019234025,3048.963539
0.15,0.0001,0.0003,1,1.5,100,715,285,0.457313002,0.18503174,0.015734893,0.002366686
0.15,0.0001,0.0003,1,1.5,1000,690,310,0.465083918,0.016239351,0.012116742,1.68E-05
0.15,0.0001,0.0003,1,2,10,859,141,0.459018146,79.61117132,0.01721195,3667.705987
0.15,0.0001,0.0003,1,2,100,666,334,0.472560523,0.181941956,0.011004357,0.002041348
0.15,0.0001,0.0003,1,2,1000,670,330,0.462902787,0.016281157,0.015874847,1.55E-05
0.15,0.0001,0.0003,1,2.5,10,844,156,0.45896954,81.05289162,0.011623372,3653.756305
0.15,0.0001,0.0003,1,2.5,100,638,362,0.475411165,0.219741403,0.011946352,1.669073278
0.15,0.0001,0.0003,1,2.5,1000,648,352,0.46720204,0.016318578,0.014500274,1.61E-05
0.15,0.0001,0.0003,1,3,10,855,145,0.467487199,78.39793336,0.010324844,3276.113909
0.15,0.0001,0.0003,1,3,100,629,371,0.467465236,0.180016721,0.011911176,0.002091647
0.15,0.0001,0.0003,1,3,1000,646,354,0.465280966,0.016516021,0.014217197,8.78E-05
0.15,0.0001,0.001,1.00E-05,0.1,10,1000,0,0,0,0,0
0.15,0.0001,0.001,1.00E-05,0.1,100,1000,0,0,0,0,0
0.15,0.0001,0.001,1.00E-05,0.1,1000,1000,0,0,0,0,0
0.15,0.0001,0.001,1.00E-05,0.5,10,1000,0,0,0,0,0
0.15,0.0001,0.001,1.00E-05,0.5,100,1000,0,0,0,0,0
0.15,0.0001,0.001,1.00E-05,0.5,1000,1000,0,0,0,0,0
0.15,0.0001,0.001,1.00E-05,1.1,10,1000,0,0,0,0,0
0.15,0.0001,0.001,1.00E-05,1.1,100,1000,0,0,0,0,0
0.15,0.0001,0.001,1.00E-05,1.1,1000,1000,0,0,0,0,0
0.15,0.0001,0.001,1.00E-05,1.5,10,1000,0,0,0,0,0
0.15,0.0001,0.001,1.00E-05,1.5,100,1000,0,0,0,0,0
0.15,0.0001,0.001,1.00E-05,1.5,1000,1000,0,0,0,0,0
0.15,0.0001,0.001,1.00E-05,2,10,1000,0,0,0,0,0
0.15,0.0001,0.001,1.00E-05,2,100,1000,0,0,0,0,0
0.15,0.0001,0.001,1.00E-05,2,1000,1000,0,0,0,0,0
0.15,0.0001,0.001,1.00E-05,2.5,10,1000,0,0,0,0,0
0.15,0.0001,0.001,1.00E-05,2.5,100,1000,0,0,0,0,0
0.15,0.0001,0.001,1.00E-05,2.5,1000,1000,0,0,0,0,0
0.15,0.0001,0.001,1.00E-05,3,10,1000,0,0,0,0,0
0.15,0.0001,0.001,1.00E-05,3,100,1000,0,0,0,0,0
0.15,0.0001,0.001,1.00E-05,3,1000,1000,0,0,0,0,0
0.15,0.0001,0.001,0.001,0.1,10,1000,0,0,0,0,0
0.15,0.0001,0.001,0.001,0.1,100,1000,0,0,7.506750605,0,8.49364131
0.15,0.0001,0.001,0.001,0.1,1000,1000,0,0,4.614410237,0,40.79089768
0.15,0.0001,0.001,0.001,0.5,10,1000,0,0,0,0,0
0.15,0.0001,0.001,0.001,0.5,100,1000,0,0,4.887168857,0,0.075589234
0.15,0.0001,0.001,0.001,0.5,1000,1000,0,0,3.200736169,0,7.321305008
0.15,0.0001,0.001,0.001,1.1,10,1000,0,0,0,0,0
0.15,0.0001,0.001,0.001,1.1,100,1000,0,0,0,0,0
0.15,0.0001,0.001,0.001,1.1,1000,1000,0,0,4.973003394,0,47.35041334
0.15,0.0001,0.001,0.001,1.5,10,1000,0,0,0,0,0
0.15,0.0001,0.001,0.001,1.5,100,1000,0,0,13.21495333,0,44.6618032
0.15,0.0001,0.001,0.001,1.5,1000,1000,0,0,2.909910565,0,11.06105122
0.15,0.0001,0.001,0.001,2,10,1000,0,0,0,0,0
0.15,0.0001,0.001,0.001,2,100,1000,0,0,2.155290278,0,0
0.15,0.0001,0.001,0.001,2,1000,1000,0,0,3.376193277,0,8.695390161
0.15,0.0001,0.001,0.001,2.5,10,1000,0,0,0,0,0
0.15,0.0001,0.001,0.001,2.5,100,1000,0,0,8.198455896,0,0
0.15,0.0001,0.001,0.001,2.5,1000,1000,0,0,3.031583867,0,7.165238325
0.15,0.0001,0.001,0.001,3,10,1000,0,0,0,0,0
0.15,0.0001,0.001,0.001,3,100,1000,0,0,9.663201668,0,0
0.15,0.0001,0.001,0.001,3,1000,1000,0,0,2.553606726,0,5.812433957
0.15,0.0001,0.001,0.1,0.1,10,1000,0,0,12.86613453,0,96.35628303
0.15,0.0001,0.001,0.1,0.1,100,1000,0,0,0.90558697,0,2.450709105
0.15,0.0001,0.001,0.1,0.1,1000,1000,0,0,0.074523694,0,0.018292309
0.15,0.0001,0.001,0.1,0.5,10,1000,0,0,12.27175018,0,130.2107371
0.15,0.0001,0.001,0.1,0.5,100,1000,0,0,0.519926173,0,0.088088129
0.15,0.0001,0.001,0.1,0.5,1000,1000,0,0,0.054685086,0,0.040571726
0.15,0.0001,0.001,0.1,1.1,10,1000,0,0,11.32113153,0,108.1106889
0.15,0.0001,0.001,0.1,1.1,100,1000,0,0,0.505393003,0,1.488619523
0.15,0.0001,0.001,0.1,1.1,1000,1000,0,0,0.080494204,0,1.342636416
0.15,0.0001,0.001,0.1,1.5,10,1000,0,0,10.44468703,0,115.9227701
0.15,0.0001,0.001,0.1,1.5,100,1000,0,0,0.482292853,0,0.838737823
0.15,0.0001,0.001,0.1,1.5,1000,1000,0,0,0.048883983,0,0.041770327
0.15,0.0001,0.001,0.1,2,10,1000,0,0,10.99799646,0,125.1344028
0.15,0.0001,0.001,0.1,2,100,1000,0,0,0.581294689,0,5.338625497
0.15,0.0001,0.001,0.1,2,1000,1000,0,0,0.048728238,0,0.037214568
0.15,0.0001,0.001,0.1,2.5,10,1000,0,0,10.96202345,0,136.1025292
0.15,0.0001,0.001,0.1,2.5,100,1000,0,0,0.429887024,0,0.050181002
0.15,0.0001,0.001,0.1,2.5,1000,1000,0,0,0.069688266,0,0.582824561
0.15,0.0001,0.001,0.1,3,10,1000,0,0,9.964654758,0,94.28668269
0.15,0.0001,0.001,0.1,3,100,1000,0,0,0.483505604,0,0.799260277
0.15,0.0001,0.001,0.1,3,1000,1000,0,0,0.117782807,0,2.502528525
0.15,0.0001,0.001,1,0.1,10,1000,0,0,1.635688639,0,2.934449402
0.15,0.0001,0.001,1,0.1,100,1000,0,0,0.071006062,0,0.001343641
0.15,0.0001,0.001,1,0.1,1000,1000,0,0,0.007794529,0,0.002516417
0.15,0.0001,0.001,1,0.5,10,1000,0,0,1.410601397,0,3.025045204
0.15,0.0001,0.001,1,0.5,100,1000,0,0,0.049460119,0,0.000637637
0.15,0.0001,0.001,1,0.5,1000,1000,0,0,0.004247482,0,4.57E-06
0.15,0.0001,0.001,1,1.1,10,1000,0,0,1.105883609,0,2.707602378
0.15,0.0001,0.001,1,1.1,100,1000,0,0,0.047571915,0,0.027673719
0.15,0.0001,0.001,1,1.1,1000,998,2,0.571428571,0.004088485,0.005102041,4.19E-06
0.15,0.0001,0.001,1,1.5,10,1000,0,0,1.096365507,0,7.454826951
0.15,0.0001,0.001,1,1.5,100,997,3,0.318181818,0.040709621,0.050964187,0.000375227
0.15,0.0001,0.001,1,1.5,1000,1000,0,0,0.00402086,0,4.09E-06
0.15,0.0001,0.001,1,2,10,1000,0,0,0.961912837,0,1.94223186
0.15,0.0001,0.001,1,2,100,998,2,0.192307692,0.040003805,0.036982249,0.000450398
0.15,0.0001,0.001,1,2,1000,999,1,0.333333333,0.004114549,0,4.26E-06
0.15,0.0001,0.001,1,2.5,10,1000,0,0,0.795985684,0,0.72065738
0.15,0.0001,0.001,1,2.5,100,999,1,0.5,0.055608089,0,0.213545404
0.15,0.0001,0.001,1,2.5,1000,999,1,0.4,0.004028711,0,4.15E-06
0.15,0.0001,0.001,1,3,10,1000,0,0,0.848571414,0,1.247868593
0.15,0.0001,0.001,1,3,100,999,1,0,0.041281761,0,0.000422136
0.15,0.0001,0.001,1,3,1000,999,1,0.4,0.004007121,0,3.93E-06
0.15,0.0001,0.003,1.00E-05,0.1,10,1000,0,0,5.246086551,0,20.99802074
0.15,0.0001,0.003,1.00E-05,0.1,100,1000,0,0,5.927248874,0,303.7126398
0.15,0.0001,0.003,1.00E-05,0.1,1000,1000,0,0,0.467575669,0,0.273832691
0.15,0.0001,0.003,1.00E-05,0.5,10,1000,0,0,7.132892829,0,28.86841554
0.15,0.0001,0.003,1.00E-05,0.5,100,1000,0,0,2.371881448,0,5.252777286
0.15,0.0001,0.003,1.00E-05,0.5,1000,1000,0,0,1.479676069,0,9.706562798
0.15,0.0001,0.003,1.00E-05,1.1,10,1000,0,0,8.535424892,0,100.9213301
0.15,0.0001,0.003,1.00E-05,1.1,100,1000,0,0,3.964712326,0,35.16885704
0.15,0.0001,0.003,1.00E-05,1.1,1000,1000,0,0,1.118401438,0,7.195790314
0.15,0.0001,0.003,1.00E-05,1.5,10,1000,0,0,3.741816085,0,9.009198736
0.15,0.0001,0.003,1.00E-05,1.5,100,1000,0,0,2.433961304,0,6.997754796
0.15,0.0001,0.003,1.00E-05,1.5,1000,1000,0,0,0.832904507,0,2.416569063
0.15,0.0001,0.003,1.00E-05,2,10,1000,0,0,3.827489242,0,23.50119114
0.15,0.0001,0.003,1.00E-05,2,100,1000,0,0,3.482989732,0,14.89397868
0.15,0.0001,0.003,1.00E-05,2,1000,1000,0,0,0.690683428,0,1.190485781
0.15,0.0001,0.003,1.00E-05,2.5,10,1000,0,0,16.92596256,0,115.7739856
0.15,0.0001,0.003,1.00E-05,2.5,100,1000,0,0,3.18723141,0,16.87432263
0.15,0.0001,0.003,1.00E-05,2.5,1000,1000,0,0,1.01332018,0,3.736993104
0.15,0.0001,0.003,1.00E-05,3,10,1000,0,0,3.873562473,0,10.45348513
0.15,0.0001,0.003,1.00E-05,3,100,1000,0,0,2.93303873,0,13.95203223
0.15,0.0001,0.003,1.00E-05,3,1000,1000,0,0,1.376287214,0,6.869349421
0.15,0.0001,0.003,0.001,0.1,10,1000,0,0,6.7537042,0,47.67867592
0.15,0.0001,0.003,0.001,0.1,100,1000,0,0,2.518117914,0,10.26450991
0.15,0.0001,0.003,0.001,0.1,1000,1000,0,0,1.181023042,0,23.39864697
0.15,0.0001,0.003,0.001,0.5,10,1000,0,0,6.75935343,0,26.2567671
0.15,0.0001,0.003,0.001,0.5,100,1000,0,0,2.692962125,0,12.80394653
0.15,0.0001,0.003,0.001,0.5,1000,1000,0,0,0.783172667,0,7.588031105
0.15,0.0001,0.003,0.001,1.1,10,1000,0,0,5.261098879,0,21.15953093
0.15,0.0001,0.003,0.001,1.1,100,1000,0,0,2.304179024,0,15.99396673
0.15,0.0001,0.003,0.001,1.1,1000,1000,0,0,0.943907606,0,9.187316367
0.15,0.0001,0.003,0.001,1.5,10,1000,0,0,6.732117852,0,43.01285344
0.15,0.0001,0.003,0.001,1.5,100,1000,0,0,3.143325115,0,38.50484028
0.15,0.0001,0.003,0.001,1.5,1000,1000,0,0,1.043245575,0,31.75699975
0.15,0.0001,0.003,0.001,2,10,1000,0,0,6.129209344,0,28.87267403
0.15,0.0001,0.003,0.001,2,100,1000,0,0,2.823017898,0,30.02152456
0.15,0.0001,0.003,0.001,2,1000,1000,0,0,0.90993002,0,7.451395193
0.15,0.0001,0.003,0.001,2.5,10,1000,0,0,7.138564878,0,47.71753044
0.15,0.0001,0.003,0.001,2.5,100,1000,0,0,2.851560908,0,14.59790458
0.15,0.0001,0.003,0.001,2.5,1000,1000,0,0,0.770618057,0,2.03261257
0.15,0.0001,0.003,0.001,3,10,1000,0,0,6.540817333,0,45.34653863
0.15,0.0001,0.003,0.001,3,100,1000,0,0,3.015806095,0,15.41241398
0.15,0.0001,0.003,0.001,3,1000,1000,0,0,0.881582821,0,7.139394664
0.15,0.0001,0.003,0.1,0.1,10,1000,0,0,1.743084674,0,9.985180126
0.15,0.0001,0.003,0.1,0.1,100,1000,0,0,0.215622402,0,1.18403877
0.15,0.0001,0.003,0.1,0.1,1000,1000,0,0,0.051657524,0,0.650763194
0.15,0.0001,0.003,0.1,0.5,10,1000,0,0,1.272287544,0,2.282509081
0.15,0.0001,0.003,0.1,0.5,100,1000,0,0,0.119303373,0,0.168233225
0.15,0.0001,0.003,0.1,0.5,1000,1000,0,0,0.018710554,0,0.061825587
0.15,0.0001,0.003,0.1,1.1,10,1000,0,0,1.036280501,0,1.490427643
0.15,0.0001,0.003,0.1,1.1,100,1000,0,0,0.130934083,0,0.634588517
0.15,0.0001,0.003,0.1,1.1,1000,1000,0,0,0.081244209,0,3.11548784
0.15,0.0001,0.003,0.1,1.5,10,1000,0,0,1.095827443,0,4.794622154
0.15,0.0001,0.003,0.1,1.5,100,1000,0,0,0.101823498,0,0.013846994
0.15,0.0001,0.003,0.1,1.5,1000,1000,0,0,0.06195111,0,1.236425495
0.15,0.0001,0.003,0.1,2,10,1000,0,0,1.030536377,0,1.152745872
0.15,0.0001,0.003,0.1,2,100,1000,0,0,0.102403262,0,0.01109871
0.15,0.0001,0.003,0.1,2,1000,1000,0,0,0.014356149,0,0.012601822
0.15,0.0001,0.003,0.1,2.5,10,1000,0,0,1.154511164,0,12.10476507
0.15,0.0001,0.003,0.1,2.5,100,1000,0,0,0.115149129,0,0.087305442
0.15,0.0001,0.003,0.1,2.5,1000,1000,0,0,0.046089514,0,0.45886975
0.15,0.0001,0.003,0.1,3,10,1000,0,0,1.096888176,0,4.654671269
0.15,0.0001,0.003,0.1,3,100,1000,0,0,0.125227805,0,0.330000555
0.15,0.0001,0.003,0.1,3,1000,1000,0,0,0.023581473,0,0.068805782
0.15,0.0001,0.003,1,0.1,10,1000,0,0,0.293029405,0,6.525159323
0.15,0.0001,0.003,1,0.1,100,1000,0,0,0.017059397,0,0.000296494
0.15,0.0001,0.003,1,0.1,1000,1000,0,0,0.001483726,0,2.12E-06
0.15,0.0001,0.003,1,0.5,10,1000,0,0,0.151981903,0,0.047076524
0.15,0.0001,0.003,1,0.5,100,1000,0,0,0.010674509,0,0.000121178
0.15,0.0001,0.003,1,0.5,1000,1000,0,0,0.000989771,0,1.09E-06
0.15,0.0001,0.003,1,1.1,10,1000,0,0,0.114112139,0,0.011942816
0.15,0.0001,0.003,1,1.1,100,1000,0,0,0.013526844,0,0.010955991
0.15,0.0001,0.003,1,1.1,1000,1000,0,0,0.000983524,0,9.28E-07
0.15,0.0001,0.003,1,1.5,10,1000,0,0,0.13835328,0,0.560093673
0.15,0.0001,0.003,1,1.5,100,1000,0,0,0.01053376,0,0.000107494
0.15,0.0001,0.003,1,1.5,1000,1000,0,0,0.008980532,0,0.063543574
0.15,0.0001,0.003,1,2,10,1000,0,0,0.10832095,0,0.01119088
0.15,0.0001,0.003,1,2,100,1000,0,0,0.009452602,0,9.42E-05
0.15,0.0001,0.003,1,2,1000,1000,0,0,0.001059766,0,1.26E-06
0.15,0.0001,0.003,1,2.5,10,1000,0,0,0.114849447,0,0.011769382
0.15,0.0001,0.003,1,2.5,100,1000,0,0,0.010666443,0,0.000114067
0.15,0.0001,0.003,1,2.5,1000,1000,0,0,0.00100685,0,1.03E-06
0.15,0.0001,0.003,1,3,10,1000,0,0,0.114657318,0,0.011972001
0.15,0.0001,0.003,1,3,100,1000,0,0,0.010300295,0,0.0001026
0.15,0.0001,0.003,1,3,1000,1000,0,0,0.001005405,0,9.86E-07
0.15,0.001,0.0001,1.00E-05,0.1,10,1000,0,0,0,0,0
0.15,0.001,0.0001,1.00E-05,0.1,100,1000,0,0,0,0,0
0.15,0.001,0.0001,1.00E-05,0.1,1000,1000,0,0,0,0,0
0.15,0.001,0.0001,1.00E-05,0.5,10,1000,0,0,0,0,0
0.15,0.001,0.0001,1.00E-05,0.5,100,1000,0,0,0,0,0
0.15,0.001,0.0001,1.00E-05,0.5,1000,1000,0,0,0,0,0
0.15,0.001,0.0001,1.00E-05,1.1,10,1000,0,0,0,0,0
0.15,0.001,0.0001,1.00E-05,1.1,100,1000,0,0,0,0,0
0.15,0.001,0.0001,1.00E-05,1.1,1000,1000,0,0,0,0,0
0.15,0.001,0.0001,1.00E-05,1.5,10,1000,0,0,0,0,0
0.15,0.001,0.0001,1.00E-05,1.5,100,1000,0,0,0,0,0
0.15,0.001,0.0001,1.00E-05,1.5,1000,1000,0,0,0,0,0
0.15,0.001,0.0001,1.00E-05,2,10,1000,0,0,0,0,0
0.15,0.001,0.0001,1.00E-05,2,100,1000,0,0,0,0,0
0.15,0.001,0.0001,1.00E-05,2,1000,1000,0,0,0,0,0
0.15,0.001,0.0001,1.00E-05,2.5,10,1000,0,0,0,0,0
0.15,0.001,0.0001,1.00E-05,2.5,100,1000,0,0,0,0,0
0.15,0.001,0.0001,1.00E-05,2.5,1000,1000,0,0,0,0,0
0.15,0.001,0.0001,1.00E-05,3,10,1000,0,0,0,0,0
0.15,0.001,0.0001,1.00E-05,3,100,1000,0,0,0,0,0
0.15,0.001,0.0001,1.00E-05,3,1000,1000,0,0,0,0,0
0.15,0.001,0.0001,0.001,0.1,10,1000,0,0,0,0,0
0.15,0.001,0.0001,0.001,0.1,100,1000,0,0,0,0,0
0.15,0.001,0.0001,0.001,0.1,1000,1000,0,0,0,0,0
0.15,0.001,0.0001,0.001,0.5,10,1000,0,0,0,0,0
0.15,0.001,0.0001,0.001,0.5,100,1000,0,0,0,0,0
0.15,0.001,0.0001,0.001,0.5,1000,1000,0,0,0,0,0
0.15,0.001,0.0001,0.001,1.1,10,1000,0,0,0,0,0
0.15,0.001,0.0001,0.001,1.1,100,1000,0,0,0,0,0
0.15,0.001,0.0001,0.001,1.1,1000,1000,0,0,0,0,0
0.15,0.001,0.0001,0.001,1.5,10,1000,0,0,0,0,0
0.15,0.001,0.0001,0.001,1.5,100,1000,0,0,0,0,0
0.15,0.001,0.0001,0.001,1.5,1000,1000,0,0,0,0,0
0.15,0.001,0.0001,0.001,2,10,1000,0,0,0,0,0
0.15,0.001,0.0001,0.001,2,100,1000,0,0,0,0,0
0.15,0.001,0.0001,0.001,2,1000,1000,0,0,0,0,0
0.15,0.001,0.0001,0.001,2.5,10,1000,0,0,0,0,0
0.15,0.001,0.0001,0.001,2.5,100,1000,0,0,0,0,0
0.15,0.001,0.0001,0.001,2.5,1000,1000,0,0,0,0,0
0.15,0.001,0.0001,0.001,3,10,1000,0,0,0,0,0
0.15,0.001,0.0001,0.001,3,100,1000,0,0,0,0,0
0.15,0.001,0.0001,0.001,3,1000,1000,0,0,0,0,0
0.15,0.001,0.0001,0.1,0.1,10,1000,0,0,0,0,0
0.15,0.001,0.0001,0.1,0.1,100,1000,0,0,0,0,0
0.15,0.001,0.0001,0.1,0.1,1000,998,2,0.272727273,1.018782007,0,0.041137458
0.15,0.001,0.0001,0.1,0.5,10,999,1,0.375,0,0,0
0.15,0.001,0.0001,0.1,0.5,100,995,5,0.258333333,90.50218245,0.018333333,0
0.15,0.001,0.0001,0.1,0.5,1000,987,13,0.268496359,0.644336021,0.019545711,0.010892545
0.15,0.001,0.0001,0.1,1.1,10,985,15,0.302803041,642.805363,0.01684648,0
0.15,0.001,0.0001,0.1,1.1,100,943,57,0.31032424,81.39618638,0.01232848,11194.65641
0.15,0.001,0.0001,0.1,1.1,1000,931,69,0.29576442,0.559225336,0.021254667,0.007718512
0.15,0.001,0.0001,0.1,1.5,10,978,22,0.318411874,866.6504025,0.013801935,0
0.15,0.001,0.0001,0.1,1.5,100,906,94,0.300799391,76.36003043,0.021144439,8260.594115
0.15,0.001,0.0001,0.1,1.5,1000,877,123,0.314724313,0.548995333,0.017339854,0.006950288
0.15,0.001,0.0001,0.1,2,10,975,25,0.355139619,365.0934857,0.021741279,47425.73055
0.15,0.001,0.0001,0.1,2,100,846,154,0.352968842,142.0660928,0.013406298,40210.62447
0.15,0.001,0.0001,0.1,2,1000,755,245,0.333828729,0.548148905,0.017753148,0.007101993
0.15,0.001,0.0001,0.1,2.5,10,963,37,0.349244165,602.4818223,0.020039803,54844.83136
0.15,0.001,0.0001,0.1,2.5,100,744,256,0.362434058,200.7954044,0.016077828,63958.5814
0.15,0.001,0.0001,0.1,2.5,1000,699,301,0.352995211,0.546961213,0.01566941,0.011596149
0.15,0.001,0.0001,0.1,3,10,945,55,0.387405615,469.4460209,0.010512313,42896.48343
0.15,0.001,0.0001,0.1,3,100,696,304,0.380977863,188.7580547,0.011958532,54897.91529
0.15,0.001,0.0001,0.1,3,1000,651,349,0.363841349,0.545525258,0.013136834,0.010022396
0.15,0.001,0.0001,1,0.1,10,766,234,0.452070603,323.7033298,0.005754696,31928.53439
0.15,0.001,0.0001,1,0.1,100,144,856,0.447153865,16.58679138,0.006482687,2216.234368
0.15,0.001,0.0001,1,0.1,1000,124,876,0.451645903,0.088601163,0.005787794,0.003573904
0.15,0.001,0.0001,1,0.5,10,661,339,0.466567148,301.0812964,0.003552339,29012.21474
0.15,0.001,0.0001,1,0.5,100,84,916,0.465113566,10.06809544,0.00343019,1479.863204
0.15,0.001,0.0001,1,0.5,1000,53,947,0.464130912,0.058726906,0.003091718,7.54E-05
0.15,0.001,0.0001,1,1.1,10,550,450,0.472259679,277.6658019,0.002629445,20487.24388
0.15,0.001,0.0001,1,1.1,100,47,953,0.474247655,5.626770861,0.002589277,347.4216539
0.15,0.001,0.0001,1,1.1,1000,23,977,0.472445538,0.05164489,0.002409744,5.48E-05
0.15,0.001,0.0001,1,1.5,10,554,446,0.478391894,292.8333132,0.001350136,26003.00282
0.15,0.001,0.0001,1,1.5,100,42,958,0.476766039,5.129681925,0.001278398,1150.303631
0.15,0.001,0.0001,1,1.5,1000,28,972,0.475611355,0.051100383,0.001306401,5.35E-05
0.15,0.001,0.0001,1,2,10,535,465,0.480676014,278.1283089,0.001150644,21180.35755
0.15,0.001,0.0001,1,2,100,38,962,0.482206982,3.332120785,0.00141205,136.2096582
0.15,0.001,0.0001,1,2,1000,14,986,0.480871817,0.050641281,0.001579027,5.32E-05
0.15,0.001,0.0001,1,2.5,10,516,484,0.480700491,271.1144407,0.001172018,20785.55566
0.15,0.001,0.0001,1,2.5,100,31,969,0.481685135,4.335208475,0.001321089,734.8782973
0.15,0.001,0.0001,1,2.5,1000,14,986,0.481436552,0.052367351,0.001578443,0.001229865
0.15,0.001,0.0001,1,3,10,482,518,0.487937489,281.7694049,0.001280798,20814.08147
0.15,0.001,0.0001,1,3,100,29,971,0.487390771,3.627830292,0.000808255,266.625182
0.15,0.001,0.0001,1,3,1000,20,980,0.486793309,0.050833631,0.000761763,5.18E-05
0.15,0.001,0.0003,1.00E-05,0.1,10,1000,0,0,0,0,0
0.15,0.001,0.0003,1.00E-05,0.1,100,1000,0,0,0,0,0
0.15,0.001,0.0003,1.00E-05,0.1,1000,1000,0,0,0,0,0
0.15,0.001,0.0003,1.00E-05,0.5,10,1000,0,0,0,0,0
0.15,0.001,0.0003,1.00E-05,0.5,100,1000,0,0,0,0,0
0.15,0.001,0.0003,1.00E-05,0.5,1000,1000,0,0,0,0,0
0.15,0.001,0.0003,1.00E-05,1.1,10,1000,0,0,0,0,0
0.15,0.001,0.0003,1.00E-05,1.1,100,1000,0,0,0,0,0
0.15,0.001,0.0003,1.00E-05,1.1,1000,1000,0,0,0,0,0
0.15,0.001,0.0003,1.00E-05,1.5,10,1000,0,0,0,0,0
0.15,0.001,0.0003,1.00E-05,1.5,100,1000,0,0,0,0,0
0.15,0.001,0.0003,1.00E-05,1.5,1000,1000,0,0,0,0,0
0.15,0.001,0.0003,1.00E-05,2,10,1000,0,0,0,0,0
0.15,0.001,0.0003,1.00E-05,2,100,1000,0,0,0,0,0
0.15,0.001,0.0003,1.00E-05,2,1000,1000,0,0,0,0,0
0.15,0.001,0.0003,1.00E-05,2.5,10,1000,0,0,0,0,0
0.15,0.001,0.0003,1.00E-05,2.5,100,1000,0,0,0,0,0
0.15,0.001,0.0003,1.00E-05,2.5,1000,1000,0,0,0,0,0
0.15,0.001,0.0003,1.00E-05,3,10,1000,0,0,0,0,0
0.15,0.001,0.0003,1.00E-05,3,100,1000,0,0,0,0,0
0.15,0.001,0.0003,1.00E-05,3,1000,1000,0,0,0,0,0
0.15,0.001,0.0003,0.001,0.1,10,1000,0,0,0,0,0
0.15,0.001,0.0003,0.001,0.1,100,1000,0,0,0,0,0
0.15,0.001,0.0003,0.001,0.1,1000,1000,0,0,0,0,0
0.15,0.001,0.0003,0.001,0.5,10,1000,0,0,0,0,0
0.15,0.001,0.0003,0.001,0.5,100,1000,0,0,0,0,0
0.15,0.001,0.0003,0.001,0.5,1000,1000,0,0,0,0,0
0.15,0.001,0.0003,0.001,1.1,10,1000,0,0,0,0,0
0.15,0.001,0.0003,0.001,1.1,100,1000,0,0,0,0,0
0.15,0.001,0.0003,0.001,1.1,1000,1000,0,0,0,0,0
0.15,0.001,0.0003,0.001,1.5,10,1000,0,0,0,0,0
0.15,0.001,0.0003,0.001,1.5,100,1000,0,0,0,0,0
0.15,0.001,0.0003,0.001,1.5,1000,1000,0,0,0,0,0
0.15,0.001,0.0003,0.001,2,10,1000,0,0,0,0,0
0.15,0.001,0.0003,0.001,2,100,1000,0,0,0,0,0
0.15,0.001,0.0003,0.001,2,1000,1000,0,0,0,0,0
0.15,0.001,0.0003,0.001,2.5,10,1000,0,0,0,0,0
0.15,0.001,0.0003,0.001,2.5,100,1000,0,0,0,0,0
0.15,0.001,0.0003,0.001,2.5,1000,1000,0,0,0,0,0
0.15,0.001,0.0003,0.001,3,10,1000,0,0,0,0,0
0.15,0.001,0.0003,0.001,3,100,1000,0,0,0,0,0
0.15,0.001,0.0003,0.001,3,1000,1000,0,0,0,0,0
0.15,0.001,0.0003,0.1,0.1,10,1000,0,0,0,0,0
0.15,0.001,0.0003,0.1,0.1,100,1000,0,0,7.051077382,0,71.40685688
0.15,0.001,0.0003,0.1,0.1,1000,1000,0,0,0.310434825,0,0.254784893
0.15,0.001,0.0003,0.1,0.5,10,1000,0,0,91.55522589,0,788.8628217
0.15,0.001,0.0003,0.1,0.5,100,1000,0,0,3.723793362,0,16.06852312
0.15,0.001,0.0003,0.1,0.5,1000,1000,0,0,0.2262434,0,1.171553847
0.15,0.001,0.0003,0.1,1.1,10,1000,0,0,153.997331,0,7452.835606
0.15,0.001,0.0003,0.1,1.1,100,999,1,0.361702128,2.619501972,0,4.433909715
0.15,0.001,0.0003,0.1,1.1,1000,999,1,0.3125,0.198934859,0,0.32854855
0.15,0.001,0.0003,0.1,1.5,10,1000,0,0,137.1159455,0,6345.25703
0.15,0.001,0.0003,0.1,1.5,100,992,8,0.243487165,2.573349467,0.019985118,26.44852853
0.15,0.001,0.0003,0.1,1.5,1000,998,2,0.374418605,0.175973541,0.000654408,0.011486296
0.15,0.001,0.0003,0.1,2,10,998,2,0.30495356,129.1645592,0.000117417,5395.521257
0.15,0.001,0.0003,0.1,2,100,994,6,0.30084144,2.344168486,0.000783387,2.530791726
0.15,0.001,0.0003,0.1,2,1000,990,10,0.234859307,0.183958182,0.037798323,0.087257105
0.15,0.001,0.0003,0.1,2.5,10,997,3,0.247491639,135.5339588,0.033318046,9365.300314
0.15,0.001,0.0003,0.1,2.5,100,987,13,0.395066739,2.346163849,0.022584755,6.642516362
0.15,0.001,0.0003,0.1,2.5,1000,985,15,0.277882211,0.176156666,0.03267851,0.018098452
0.15,0.001,0.0003,0.1,3,10,995,5,0.303174603,135.9140397,0.030390842,11482.63373
0.15,0.001,0.0003,0.1,3,100,978,22,0.352190007,2.46455064,0.033587466,13.25153985
0.15,0.001,0.0003,0.1,3,1000,985,15,0.410081236,0.177734845,0.050492213,0.026859979
0.15,0.001,0.0003,1,0.1,10,963,37,0.38046579,68.87289745,0.071750807,2138.030488
0.15,0.001,0.0003,1,0.1,100,884,116,0.444262139,0.370510648,0.025781019,0.112829248
0.15,0.001,0.0003,1,0.1,1000,860,140,0.396329128,0.026031815,0.029737297,4.53E-05
0.15,0.001,0.0003,1,0.5,10,942,58,0.429485536,69.60692693,0.022291002,2261.25862
0.15,0.001,0.0003,1,0.5,100,820,180,0.457546444,0.258301776,0.024176443,0.112312331
0.15,0.001,0.0003,1,0.5,1000,799,201,0.448509417,0.017738485,0.017835177,3.31E-05
0.15,0.001,0.0003,1,1.1,10,890,110,0.441833661,70.125527,0.013331933,2293.300625
0.15,0.001,0.0003,1,1.1,100,721,279,0.45217952,0.261458842,0.017866714,4.01329043
0.15,0.001,0.0003,1,1.1,1000,738,262,0.446691198,0.0163907,0.019105387,1.75E-05
0.15,0.001,0.0003,1,1.5,10,891,109,0.468724488,78.66668022,0.012847096,3144.22776
0.15,0.001,0.0003,1,1.5,100,713,287,0.447770236,0.18558835,0.019422432,0.002290157
0.15,0.001,0.0003,1,1.5,1000,704,296,0.442742828,0.016167734,0.018666166,1.78E-05
0.15,0.001,0.0003,1,2,10,839,161,0.477978494,79.06339678,0.015204358,3191.941764
0.15,0.001,0.0003,1,2,100,672,328,0.456293556,0.194148388,0.0173402,0.143581987
0.15,0.001,0.0003,1,2,1000,652,348,0.456100284,0.01625931,0.017941417,1.80E-05
0.15,0.001,0.0003,1,2.5,10,846,154,0.459514164,77.54701465,0.018144245,3112.581637
0.15,0.001,0.0003,1,2.5,100,655,345,0.459998726,0.176684317,0.012391915,0.001931439
0.15,0.001,0.0003,1,2.5,1000,623,377,0.465358215,0.017131195,0.011276348,0.000991421
0.15,0.001,0.0003,1,3,10,845,155,0.482622184,80.65870385,0.009012727,3562.30574
0.15,0.001,0.0003,1,3,100,630,370,0.472674474,0.178993805,0.011478599,0.002064099
0.15,0.001,0.0003,1,3,1000,643,357,0.47239314,0.016143409,0.010911449,1.65E-05
0.15,0.001,0.001,1.00E-05,0.1,10,1000,0,0,0,0,0
0.15,0.001,0.001,1.00E-05,0.1,100,1000,0,0,0,0,0
0.15,0.001,0.001,1.00E-05,0.1,1000,1000,0,0,4.225003392,0,24.07885859
0.15,0.001,0.001,1.00E-05,0.5,10,1000,0,0,0,0,0
0.15,0.001,0.001,1.00E-05,0.5,100,1000,0,0,0,0,0
0.15,0.001,0.001,1.00E-05,0.5,1000,1000,0,0,3.402301317,0,9.909772674
0.15,0.001,0.001,1.00E-05,1.1,10,1000,0,0,0,0,0
0.15,0.001,0.001,1.00E-05,1.1,100,1000,0,0,0,0,0
0.15,0.001,0.001,1.00E-05,1.1,1000,1000,0,0,3.855223337,0,5.265062208
0.15,0.001,0.001,1.00E-05,1.5,10,1000,0,0,0,0,0
0.15,0.001,0.001,1.00E-05,1.5,100,1000,0,0,6.283890584,0,0
0.15,0.001,0.001,1.00E-05,1.5,1000,1000,0,0,6.31632266,0,24.51575394
0.15,0.001,0.001,1.00E-05,2,10,1000,0,0,0,0,0
0.15,0.001,0.001,1.00E-05,2,100,1000,0,0,0,0,0
0.15,0.001,0.001,1.00E-05,2,1000,1000,0,0,3.261988953,0,10.48606758
0.15,0.001,0.001,1.00E-05,2.5,10,1000,0,0,0,0,0
0.15,0.001,0.001,1.00E-05,2.5,100,1000,0,0,4.823441382,0,0
0.15,0.001,0.001,1.00E-05,2.5,1000,1000,0,0,3.111836156,0,3.32675147
0.15,0.001,0.001,1.00E-05,3,10,1000,0,0,0,0,0
0.15,0.001,0.001,1.00E-05,3,100,1000,0,0,0,0,0
0.15,0.001,0.001,1.00E-05,3,1000,1000,0,0,3.734859463,0,4.834842718
0.15,0.001,0.001,0.001,0.1,10,1000,0,0,0,0,0
0.15,0.001,0.001,0.001,0.1,100,1000,0,0,5.30358019,0,0
0.15,0.001,0.001,0.001,0.1,1000,1000,0,0,3.775601203,0,14.51666636
0.15,0.001,0.001,0.001,0.5,10,1000,0,0,0,0,0
0.15,0.001,0.001,0.001,0.5,100,1000,0,0,0,0,0
0.15,0.001,0.001,0.001,0.5,1000,1000,0,0,3.664446385,0,11.32581107
0.15,0.001,0.001,0.001,1.1,10,1000,0,0,0,0,0
0.15,0.001,0.001,0.001,1.1,100,1000,0,0,7.872438512,0,31.17917889
0.15,0.001,0.001,0.001,1.1,1000,1000,0,0,3.013740708,0,6.990605745
0.15,0.001,0.001,0.001,1.5,10,1000,0,0,0,0,0
0.15,0.001,0.001,0.001,1.5,100,1000,0,0,13.60053927,0,46.56352126
0.15,0.001,0.001,0.001,1.5,1000,1000,0,0,4.70150445,0,23.33177359
0.15,0.001,0.001,0.001,2,10,1000,0,0,0,0,0
0.15,0.001,0.001,0.001,2,100,1000,0,0,10.79379147,0,43.69748651
0.15,0.001,0.001,0.001,2,1000,1000,0,0,3.915617811,0,13.7435215
0.15,0.001,0.001,0.001,2.5,10,1000,0,0,0,0,0
0.15,0.001,0.001,0.001,2.5,100,1000,0,0,5.888800778,0,6.155828019
0.15,0.001,0.001,0.001,2.5,1000,1000,0,0,3.77731045,0,19.93560212
0.15,0.001,0.001,0.001,3,10,1000,0,0,0,0,0
0.15,0.001,0.001,0.001,3,100,1000,0,0,17.43250186,0,314.0712771
0.15,0.001,0.001,0.001,3,1000,1000,0,0,3.873840279,0,14.11627369
0.15,0.001,0.001,0.1,0.1,10,1000,0,0,14.76362886,0,200.6810688
0.15,0.001,0.001,0.1,0.1,100,1000,0,0,1.060588071,0,7.238214993
0.15,0.001,0.001,0.1,0.1,1000,1000,0,0,0.201424061,0,3.174270753
0.15,0.001,0.001,0.1,0.5,10,1000,0,0,14.50033188,0,220.7207756
0.15,0.001,0.001,0.1,0.5,100,1000,0,0,0.978509614,0,18.71173366
0.15,0.001,0.001,0.1,0.5,1000,1000,0,0,0.08055771,0,0.481883678
0.15,0.001,0.001,0.1,1.1,10,1000,0,0,11.76382036,0,163.0610709
0.15,0.001,0.001,0.1,1.1,100,1000,0,0,0.708877077,0,8.59071604
0.15,0.001,0.001,0.1,1.1,1000,1000,0,0,0.056557701,0,0.054891525
0.15,0.001,0.001,0.1,1.5,10,1000,0,0,13.03558872,0,275.3211078
0.15,0.001,0.001,0.1,1.5,100,1000,0,0,0.554591481,0,3.021068548
0.15,0.001,0.001,0.1,1.5,1000,1000,0,0,0.096658891,0,1.804566033
0.15,0.001,0.001,0.1,2,10,1000,0,0,11.30419588,0,319.3413148
0.15,0.001,0.001,0.1,2,100,1000,0,0,0.644526933,0,9.583230604
0.15,0.001,0.001,0.1,2,1000,1000,0,0,0.054418231,0,0.032056215
0.15,0.001,0.001,0.1,2.5,10,1000,0,0,10.9251602,0,165.664433
0.15,0.001,0.001,0.1,2.5,100,1000,0,0,0.504398587,0,0.83167158
0.15,0.001,0.001,0.1,2.5,1000,1000,0,0,0.083095192,0,0.465498622
0.15,0.001,0.001,0.1,3,10,1000,0,0,10.33555074,0,120.8242777
0.15,0.001,0.001,0.1,3,100,1000,0,0,0.545415346,0,1.158431964
0.15,0.001,0.001,0.1,3,1000,1000,0,0,0.083938248,0,0.32023295
0.15,0.001,0.001,1,0.1,10,1000,0,0,2.517775606,0,57.17492014
0.15,0.001,0.001,1,0.1,100,1000,0,0,0.224500386,0,6.284133015
0.15,0.001,0.001,1,0.1,1000,1000,0,0,0.007458461,0,0.001050909
0.15,0.001,0.001,1,0.5,10,1000,0,0,1.710220389,0,31.00297693
0.15,0.001,0.001,1,0.5,100,1000,0,0,0.062489236,0,0.1020048
0.15,0.001,0.001,1,0.5,1000,1000,0,0,0.004621224,0,0.000103316
0.15,0.001,0.001,1,1.1,10,1000,0,0,1.112305502,0,1.832057039
0.15,0.001,0.001,1,1.1,100,1000,0,0,0.048722004,0,0.016135193
0.15,0.001,0.001,1,1.1,1000,999,1,0.473684211,0.007143864,0,0.00990015
0.15,0.001,0.001,1,1.5,10,1000,0,0,1.075713604,0,2.591217811
0.15,0.001,0.001,1,1.5,100,999,1,0.428571429,0.041329447,0,0.000480587
0.15,0.001,0.001,1,1.5,1000,999,1,0,0.01124932,0,0.030933613
0.15,0.001,0.001,1,2,10,999,1,0.529411765,0.950080092,0,6.665668522
0.15,0.001,0.001,1,2,100,1000,0,0,0.044662773,0,0.012758891
0.15,0.001,0.001,1,2,1000,998,2,0.3,0.004836036,0.09,0.000701304
0.15,0.001,0.001,1,2.5,10,1000,0,0,0.91794039,0,3.810286154
0.15,0.001,0.001,1,2.5,100,999,1,0.625,0.048130272,0,0.02125282
0.15,0.001,0.001,1,2.5,1000,997,3,0.456944444,0.004184287,0.012040895,7.19E-05
0.15,0.001,0.001,1,3,10,999,1,0.5,0.883949798,0,2.6883646
0.15,0.001,0.001,1,3,100,999,1,0.333333333,0.041569253,0,0.000409122
0.15,0.001,0.001,1,3,1000,999,1,0.5,0.007053581,0,0.004306173
0.15,0.001,0.003,1.00E-05,0.1,10,1000,0,0,9.488339067,0,240.8968889
0.15,0.001,0.003,1.00E-05,0.1,100,1000,0,0,4.413383223,0,69.98645269
0.15,0.001,0.003,1.00E-05,0.1,1000,1000,0,0,3.454047227,0,106.8311253
0.15,0.001,0.003,1.00E-05,0.5,10,1000,0,0,8.934702199,0,100.1262815
0.15,0.001,0.003,1.00E-05,0.5,100,1000,0,0,4.492973336,0,60.19731573
0.15,0.001,0.003,1.00E-05,0.5,1000,1000,0,0,2.694930782,0,65.43478908
0.15,0.001,0.003,1.00E-05,1.1,10,1000,0,0,8.543407249,0,98.68096441
0.15,0.001,0.003,1.00E-05,1.1,100,1000,0,0,6.551631623,0,181.540692
0.15,0.001,0.003,1.00E-05,1.1,1000,1000,0,0,3.13741819,0,73.96992919
0.15,0.001,0.003,1.00E-05,1.5,10,1000,0,0,10.15217009,0,156.5564113
0.15,0.001,0.003,1.00E-05,1.5,100,1000,0,0,4.71050943,0,84.50712468
0.15,0.001,0.003,1.00E-05,1.5,1000,1000,0,0,2.825196458,0,59.21784554
0.15,0.001,0.003,1.00E-05,2,10,1000,0,0,8.406031855,0,47.96135335
0.15,0.001,0.003,1.00E-05,2,100,1000,0,0,4.140714576,0,68.48530252
0.15,0.001,0.003,1.00E-05,2,1000,1000,0,0,4.282246164,0,185.5697108
0.15,0.001,0.003,1.00E-05,2.5,10,1000,0,0,7.301744106,0,90.14559324
0.15,0.001,0.003,1.00E-05,2.5,100,1000,0,0,5.171447162,0,73.12467953
0.15,0.001,0.003,1.00E-05,2.5,1000,1000,0,0,2.870435657,0,51.06798843
0.15,0.001,0.003,1.00E-05,3,10,1000,0,0,5.585826455,0,33.65807202
0.15,0.001,0.003,1.00E-05,3,100,1000,0,0,5.561982722,0,107.4661062
0.15,0.001,0.003,1.00E-05,3,1000,1000,0,0,2.749545355,0,44.11283568
0.15,0.001,0.003,0.001,0.1,10,1000,0,0,8.551804338,0,153.6880953
0.15,0.001,0.003,0.001,0.1,100,1000,0,0,4.169015614,0,68.24947524
0.15,0.001,0.003,0.001,0.1,1000,1000,0,0,2.657797515,0,58.3462922
0.15,0.001,0.003,0.001,0.5,10,1000,0,0,7.700835719,0,117.5309097
0.15,0.001,0.003,0.001,0.5,100,1000,0,0,4.546281446,0,123.6602887
0.15,0.001,0.003,0.001,0.5,1000,1000,0,0,2.223426895,0,51.93042305
0.15,0.001,0.003,0.001,1.1,10,1000,0,0,11.18943751,0,315.4777543
0.15,0.001,0.003,0.001,1.1,100,1000,0,0,4.628779543,0,87.23347977
0.15,0.001,0.003,0.001,1.1,1000,1000,0,0,2.790667643,0,76.5016874
0.15,0.001,0.003,0.001,1.5,10,1000,0,0,8.100886577,0,117.4657322
0.15,0.001,0.003,0.001,1.5,100,1000,0,0,4.290288382,0,87.17066875
0.15,0.001,0.003,0.001,1.5,1000,1000,0,0,1.874174996,0,23.15393384
0.15,0.001,0.003,0.001,2,10,1000,0,0,8.457617448,0,228.1007412
0.15,0.001,0.003,0.001,2,100,1000,0,0,4.412754904,0,110.3955439
0.15,0.001,0.003,0.001,2,1000,1000,0,0,2.25221176,0,39.91886399
0.15,0.001,0.003,0.001,2.5,10,1000,0,0,10.13706941,0,128.1727031
0.15,0.001,0.003,0.001,2.5,100,1000,0,0,3.905130734,0,52.04431046
0.15,0.001,0.003,0.001,2.5,1000,1000,0,0,2.286848527,0,61.84958784
0.15,0.001,0.003,0.001,3,10,1000,0,0,9.577488691,0,272.2735426
0.15,0.001,0.003,0.001,3,100,1000,0,0,4.478623974,0,95.80180013
0.15,0.001,0.003,0.001,3,1000,1000,0,0,2.788915032,0,49.13902656
0.15,0.001,0.003,0.1,0.1,10,1000,0,0,2.499697725,0,39.15108499
0.15,0.001,0.003,0.1,0.1,100,1000,0,0,0.588704426,0,9.18572302
0.15,0.001,0.003,0.1,0.1,1000,1000,0,0,0.089945884,0,0.388334446
0.15,0.001,0.003,0.1,0.5,10,1000,0,0,1.687198225,0,15.17084543
0.15,0.001,0.003,0.1,0.5,100,1000,0,0,0.29775185,0,3.736694486
0.15,0.001,0.003,0.1,0.5,1000,1000,0,0,0.160564477,0,4.438884223
0.15,0.001,0.003,0.1,1.1,10,1000,0,0,1.318125128,0,8.967612761
0.15,0.001,0.003,0.1,1.1,100,1000,0,0,0.376473051,0,9.702340223
0.15,0.001,0.003,0.1,1.1,1000,1000,0,0,0.103387672,0,0.926601603
0.15,0.001,0.003,0.1,1.5,10,1000,0,0,1.314424398,0,8.650634841
0.15,0.001,0.003,0.1,1.5,100,1000,0,0,0.285076932,0,5.277977669
0.15,0.001,0.003,0.1,1.5,1000,1000,0,0,0.052801244,0,0.4273684
0.15,0.001,0.003,0.1,2,10,1000,0,0,1.510619987,0,14.57780906
0.15,0.001,0.003,0.1,2,100,1000,0,0,0.272546945,0,4.071482979
0.15,0.001,0.003,0.1,2,1000,1000,0,0,0.287683912,0,21.16543344
0.15,0.001,0.003,0.1,2.5,10,1000,0,0,1.745564613,0,31.56864341
0.15,0.001,0.003,0.1,2.5,100,1000,0,0,0.577315841,0,47.26309587
0.15,0.001,0.003,0.1,2.5,1000,1000,0,0,0.14629766,0,2.11634417
0.15,0.001,0.003,0.1,3,10,1000,0,0,1.446184369,0,16.93522074
0.15,0.001,0.003,0.1,3,100,1000,0,0,0.191078816,0,0.914800209
0.15,0.001,0.003,0.1,3,1000,1000,0,0,0.049298868,0,0.473603681
0.15,0.001,0.003,1,0.1,10,1000,0,0,0.487014644,0,9.712502212
0.15,0.001,0.003,1,0.1,100,1000,0,0,0.092628208,0,1.152475097
0.15,0.001,0.003,1,0.1,1000,1000,0,0,0.013352096,0,0.0926723
0.15,0.001,0.003,1,0.5,10,1000,0,0,0.257733693,0,3.225238209
0.15,0.001,0.003,1,0.5,100,1000,0,0,0.039750465,0,0.550758641
0.15,0.001,0.003,1,0.5,1000,1000,0,0,0.010679778,0,0.060494151
0.15,0.001,0.003,1,1.1,10,1000,0,0,0.175915585,0,1.171521646
0.15,0.001,0.003,1,1.1,100,1000,0,0,0.071427622,0,1.332649834
0.15,0.001,0.003,1,1.1,1000,1000,0,0,0.001777463,0,0.000606543
0.15,0.001,0.003,1,1.5,10,1000,0,0,0.203716752,0,3.334157862
0.15,0.001,0.003,1,1.5,100,1000,0,0,0.012564022,0,0.006290355
0.15,0.001,0.003,1,1.5,1000,1000,0,0,0.059540552,0,2.431049982
0.15,0.001,0.003,1,2,10,1000,0,0,0.109662208,0,0.012119715
0.15,0.001,0.003,1,2,100,1000,0,0,0.024590543,0,0.133331387
0.15,0.001,0.003,1,2,1000,1000,0,0,0.000987526,0,9.93E-07
0.15,0.001,0.003,1,2.5,10,1000,0,0,0.23684449,0,3.825213585
0.15,0.001,0.003,1,2.5,100,1000,0,0,0.016175053,0,0.027425972
0.15,0.001,0.003,1,2.5,1000,1000,0,0,0.001060994,0,1.10E-06
0.15,0.001,0.003,1,3,10,1000,0,0,0.114948324,0,0.01264366
0.15,0.001,0.003,1,3,100,1000,0,0,0.017654108,0,0.05535427
0.15,0.001,0.003,1,3,1000,1000,0,0,0.000992268,0,1.32E-06
0.15,0.1,0.0001,1.00E-05,0.1,10,971,29,0.313929643,494.1054706,0.024826902,0
0.15,0.1,0.0001,1.00E-05,0.1,100,934,66,0.335287129,91.312642,0.018864938,33476.61766
0.15,0.1,0.0001,1.00E-05,0.1,1000,898,102,0.322467606,0.570297797,0.015089615,0.008838476
0.15,0.1,0.0001,1.00E-05,0.5,10,980,20,0.323359869,284.7726605,0.013203196,0
0.15,0.1,0.0001,1.00E-05,0.5,100,943,57,0.369340014,67.34147538,0.049310399,12840.78886
0.15,0.1,0.0001,1.00E-05,0.5,1000,901,99,0.368614319,0.572364913,0.032948549,0.008422287
0.15,0.1,0.0001,1.00E-05,1.1,10,977,23,0.254343597,0,0.017602516,0
0.15,0.1,0.0001,1.00E-05,1.1,100,940,60,0.324586522,54.73651964,0.019443044,2182.713179
0.15,0.1,0.0001,1.00E-05,1.1,1000,892,108,0.338619903,0.569609747,0.028502242,0.008027231
0.15,0.1,0.0001,1.00E-05,1.5,10,983,17,0.354576293,0,0.006951247,0
0.15,0.1,0.0001,1.00E-05,1.5,100,932,68,0.328567396,59.09451217,0.024331203,3355.134764
0.15,0.1,0.0001,1.00E-05,1.5,1000,894,106,0.329515551,0.570774817,0.021103307,0.008732953
0.15,0.1,0.0001,1.00E-05,2,10,984,16,0.33855447,0,0.037786269,0
0.15,0.1,0.0001,1.00E-05,2,100,920,80,0.365235089,127.0375044,0.023663823,37518.96548
0.15,0.1,0.0001,1.00E-05,2,1000,903,97,0.350034675,0.56192544,0.023809828,0.008171677
0.15,0.1,0.0001,1.00E-05,2.5,10,979,21,0.327463872,630.2117393,0.025893167,0
0.15,0.1,0.0001,1.00E-05,2.5,100,925,75,0.332539567,38.80567411,0.028597401,1198.067376
0.15,0.1,0.0001,1.00E-05,2.5,1000,904,96,0.339020287,0.563518408,0.029265608,0.008338802
0.15,0.1,0.0001,1.00E-05,3,10,984,16,0.273162634,0,0.020049232,0
0.15,0.1,0.0001,1.00E-05,3,100,931,69,0.334398021,65.12667861,0.041886387,3645.355335
0.15,0.1,0.0001,1.00E-05,3,1000,912,88,0.362961874,0.570774264,0.034665606,0.009012493
0.15,0.1,0.0001,0.001,0.1,10,985,15,0.333378305,268.5461976,0.043102483,0
0.15,0.1,0.0001,0.001,0.1,100,926,74,0.319355985,75.1510695,0.034694153,10845.63506
0.15,0.1,0.0001,0.001,0.1,1000,910,90,0.313437377,0.565475037,0.014419001,0.008633623
0.15,0.1,0.0001,0.001,0.5,10,988,12,0.327883118,0,0.037553761,0
0.15,0.1,0.0001,0.001,0.5,100,931,69,0.362606178,46.81651408,0.032514686,1676.744519
0.15,0.1,0.0001,0.001,0.5,1000,890,110,0.33035289,0.564755939,0.025873537,0.008323188
0.15,0.1,0.0001,0.001,1.1,10,982,18,0.338189126,0,0.020142721,0
0.15,0.1,0.0001,0.001,1.1,100,917,83,0.350499726,52.87236255,0.034920117,1506.68306
0.15,0.1,0.0001,0.001,1.1,1000,882,118,0.349819405,0.562943056,0.026441915,0.008229858
0.15,0.1,0.0001,0.001,1.5,10,981,19,0.31393939,417.7551668,0.020111149,0
0.15,0.1,0.0001,0.001,1.5,100,933,67,0.369861545,80.72506727,0.029452206,10613.94013
0.15,0.1,0.0001,0.001,1.5,1000,908,92,0.346726424,0.558099618,0.023821334,0.008239968
0.15,0.1,0.0001,0.001,2,10,986,14,0.318749746,0,0.054929487,0
0.15,0.1,0.0001,0.001,2,100,902,98,0.320310609,46.59177281,0.017536147,2364.322845
0.15,0.1,0.0001,0.001,2,1000,912,88,0.361070125,0.559853833,0.02195771,0.007832513
0.15,0.1,0.0001,0.001,2.5,10,979,21,0.329965903,0,0.016620806,0
0.15,0.1,0.0001,0.001,2.5,100,922,78,0.364534846,82.36162688,0.04601173,14159.1778
0.15,0.1,0.0001,0.001,2.5,1000,899,101,0.330444309,0.559848279,0.015947144,0.008075547
0.15,0.1,0.0001,0.001,3,10,983,17,0.357359712,480.9541909,0.016416089,0
0.15,0.1,0.0001,0.001,3,100,911,89,0.370103082,67.06556271,0.040794819,8763.228929
0.15,0.1,0.0001,0.001,3,1000,895,105,0.344808315,0.557173215,0.026622635,0.007712265
0.15,0.1,0.0001,0.1,0.1,10,916,84,0.408499448,510.0456256,0.022323089,51947.18026
0.15,0.1,0.0001,0.1,0.1,100,712,288,0.370230262,113.6705283,0.016793532,33357.93572
0.15,0.1,0.0001,0.1,0.1,1000,639,361,0.379987133,0.345367539,0.016737192,0.002969379
0.15,0.1,0.0001,0.1,0.5,10,885,115,0.382118002,488.3946281,0.019742563,38715.64844
0.15,0.1,0.0001,0.1,0.5,100,611,389,0.401590002,143.1327364,0.015810922,49745.43799
0.15,0.1,0.0001,0.1,0.5,1000,573,427,0.390819091,0.287211011,0.01464187,0.001957388
0.15,0.1,0.0001,0.1,1.1,10,831,169,0.405339431,515.2937233,0.017849793,55935.12754
0.15,0.1,0.0001,0.1,1.1,100,514,486,0.395600352,147.7948203,0.012010556,49862.68034
0.15,0.1,0.0001,0.1,1.1,1000,458,542,0.40172833,0.268418669,0.011626647,0.001641547
0.15,0.1,0.0001,0.1,1.5,10,794,206,0.410471012,471.2435212,0.016132448,57322.26352
0.15,0.1,0.0001,0.1,1.5,100,474,526,0.408453271,136.6856689,0.014359001,43307.14826
0.15,0.1,0.0001,0.1,1.5,1000,412,588,0.409998759,0.268097933,0.009755245,0.001545326
0.15,0.1,0.0001,0.1,2,10,805,195,0.400725583,505.0092261,0.009813082,58561.68312
0.15,0.1,0.0001,0.1,2,100,420,580,0.40969475,125.6497688,0.012406504,40253.17517
0.15,0.1,0.0001,0.1,2,1000,335,665,0.415597367,0.265261428,0.009239642,0.001638824
0.15,0.1,0.0001,0.1,2.5,10,791,209,0.427020637,489.0675658,0.007675365,56950.83432
0.15,0.1,0.0001,0.1,2.5,100,352,648,0.417810273,128.0914855,0.007823073,39202.71427
0.15,0.1,0.0001,0.1,2.5,1000,309,691,0.414099743,0.264817301,0.0069976,0.0015537
0.15,0.1,0.0001,0.1,3,10,734,266,0.422505233,488.0792791,0.009951188,52956.48451
0.15,0.1,0.0001,0.1,3,100,316,684,0.421615203,108.7074247,0.007950394,34173.18119
0.15,0.1,0.0001,0.1,3,1000,287,713,0.419497008,0.265913564,0.008702324,0.001615695
0.15,0.1,0.0001,1,0.1,10,528,472,0.460682391,316.5850591,0.005517482,31799.91311
0.15,0.1,0.0001,1,0.1,100,80,920,0.462083053,8.833253526,0.004153083,1160.906998
0.15,0.1,0.0001,1,0.1,1000,49,951,0.46427864,0.074555748,0.004838722,0.000117682
0.15,0.1,0.0001,1,0.5,10,509,491,0.470030158,314.2308842,0.002540111,29883.16065
0.15,0.1,0.0001,1,0.5,100,40,960,0.472118543,7.831920361,0.002864372,1912.948455
0.15,0.1,0.0001,1,0.5,1000,38,962,0.469689073,0.052660978,0.002877867,5.76E-05
0.15,0.1,0.0001,1,1.1,10,487,513,0.479387355,298.6305341,0.001634088,29881.60624
0.15,0.1,0.0001,1,1.1,100,39,961,0.475892451,3.405910985,0.002001287,155.9552796
0.15,0.1,0.0001,1,1.1,1000,27,973,0.478425233,0.047048726,0.001635777,4.55E-05
0.15,0.1,0.0001,1,1.5,10,456,544,0.481816682,295.4463743,0.002112613,28126.06725
0.15,0.1,0.0001,1,1.5,100,30,970,0.479457209,4.636714449,0.001808425,463.4593363
0.15,0.1,0.0001,1,1.5,1000,19,981,0.481925935,0.046467988,0.001883351,4.80E-05
0.15,0.1,0.0001,1,2,10,434,566,0.482296553,284.6897765,0.001597346,22659.10608
0.15,0.1,0.0001,1,2,100,19,981,0.482065624,2.877289584,0.001382736,198.5554873
0.15,0.1,0.0001,1,2,1000,19,981,0.482916347,0.046286302,0.001493341,4.35E-05
0.15,0.1,0.0001,1,2.5,10,468,532,0.485988939,286.8499515,0.001075023,25755.55944
0.15,0.1,0.0001,1,2.5,100,15,985,0.484523618,3.068994045,0.001098779,301.7683409
0.15,0.1,0.0001,1,2.5,1000,25,975,0.486914908,0.046199077,0.001892291,4.48E-05
0.15,0.1,0.0001,1,3,10,410,590,0.486349799,274.8280754,0.000973084,22130.53005
0.15,0.1,0.0001,1,3,100,28,972,0.486332333,3.057988734,0.00099156,492.4231767
0.15,0.1,0.0001,1,3,1000,18,982,0.486450139,0.046043053,0.00098176,4.33E-05
0.15,0.1,0.0003,1.00E-05,0.1,10,999,1,0.5,178.4333413,0,15890.57547
0.15,0.1,0.0003,1.00E-05,0.1,100,997,3,0.444444444,2.590527177,0.00617284,1.441682475
0.15,0.1,0.0003,1.00E-05,0.1,1000,988,12,0.38489381,0.174368702,0.041949539,0.002196538
0.15,0.1,0.0003,1.00E-05,0.5,10,999,1,0.346153846,171.4175313,0,15542.75663
0.15,0.1,0.0003,1.00E-05,0.5,100,994,6,0.326895425,2.60666671,0.007004619,1.267395426
0.15,0.1,0.0003,1.00E-05,0.5,1000,991,9,0.363483738,0.172340354,0.070231546,0.002156347
0.15,0.1,0.0003,1.00E-05,1.1,10,997,3,0.328571429,149.862274,0.082585034,9814.641044
0.15,0.1,0.0003,1.00E-05,1.1,100,994,6,0.412640056,2.571020466,0.074029824,1.127375751
0.15,0.1,0.0003,1.00E-05,1.1,1000,989,11,0.389648033,0.172856998,0.01084794,0.002214568
0.15,0.1,0.0003,1.00E-05,1.5,10,997,3,0.523809524,167.6808442,0.001133787,16228.0437
0.15,0.1,0.0003,1.00E-05,1.5,100,994,6,0.382142857,2.554142939,0.120377457,1.169797554
0.15,0.1,0.0003,1.00E-05,1.5,1000,994,6,0.29807853,0.173345424,0.011956932,0.002353494
0.15,0.1,0.0003,1.00E-05,2,10,999,1,0.285714286,171.261493,0,16092.44376
0.15,0.1,0.0003,1.00E-05,2,100,994,6,0.35290093,2.592505008,0.041825055,1.233118054
0.15,0.1,0.0003,1.00E-05,2,1000,994,6,0.384173533,0.173706973,0.087057441,0.00214094
0.15,0.1,0.0003,1.00E-05,2.5,10,999,1,0.333333333,138.5470597,0,9992.601586
0.15,0.1,0.0003,1.00E-05,2.5,100,997,3,0.224537037,2.616608628,0.025602281,1.194981028
0.15,0.1,0.0003,1.00E-05,2.5,1000,990,10,0.298406593,0.175486306,0.007285366,0.002219804
0.15,0.1,0.0003,1.00E-05,3,10,998,2,0.320833333,154.7542085,0.002934028,8942.954757
0.15,0.1,0.0003,1.00E-05,3,100,990,10,0.378184316,2.590437392,0.025251452,1.417673803
0.15,0.1,0.0003,1.00E-05,3,1000,990,10,0.371977336,0.17374024,0.028201613,0.002065874
0.15,0.1,0.0003,0.001,0.1,10,997,3,0.588888889,183.0953672,0.089135802,21243.37612
0.15,0.1,0.0003,0.001,0.1,100,991,9,0.15491453,2.582615089,0.027741625,1.428557461
0.15,0.1,0.0003,0.001,0.1,1000,994,6,0.293586449,0.173772706,0.023771738,0.002099604
0.15,0.1,0.0003,0.001,0.5,10,997,3,0.277777778,182.7993328,0.043209877,23782.71039
0.15,0.1,0.0003,0.001,0.5,100,994,6,0.229482323,2.51165475,0.037931896,0.961571047
0.15,0.1,0.0003,0.001,0.5,1000,995,5,0.286666667,0.171297398,0.027044444,0.002219445
0.15,0.1,0.0003,0.001,1.1,10,999,1,0.285714286,165.2820142,0,11559.07484
0.15,0.1,0.0003,0.001,1.1,100,997,3,0.576923077,2.639345338,0.101577909,1.342109403
0.15,0.1,0.0003,0.001,1.1,1000,993,7,0.335795783,0.169393738,0.005285519,0.002164387
0.15,0.1,0.0003,0.001,1.5,10,994,6,0.36487051,184.0072233,0.005346709,19964.19878
0.15,0.1,0.0003,0.001,1.5,100,993,7,0.328371004,2.591784116,0.031449062,1.11132886
0.15,0.1,0.0003,0.001,1.5,1000,993,7,0.295658263,0.171953589,0.029151386,0.002241692
0.15,0.1,0.0003,0.001,2,10,998,2,0.274621212,200.1308379,0.022386507,27692.95356
0.15,0.1,0.0003,0.001,2,100,1000,0,0,2.510763117,0,1.031124921
0.15,0.1,0.0003,0.001,2,1000,996,4,0.308955805,0.169760851,0.003572396,0.002234436
0.15,0.1,0.0003,0.001,2.5,10,1000,0,0,178.0140785,0,13961.44784
0.15,0.1,0.0003,0.001,2.5,100,993,7,0.230027157,2.609170039,0.042402329,1.989817702
0.15,0.1,0.0003,0.001,2.5,1000,988,12,0.29994881,0.167409739,0.048818985,0.002254457
0.15,0.1,0.0003,0.001,3,10,998,2,0.354166667,153.1523728,0.000434028,12912.86315
0.15,0.1,0.0003,0.001,3,100,989,11,0.265795896,2.527407493,0.014621489,1.325842846
0.15,0.1,0.0003,0.001,3,1000,993,7,0.343598725,0.172530013,0.050447565,0.002186519
0.15,0.1,0.0003,0.1,0.1,10,995,5,0.471736159,154.3111744,0.074760656,13503.23681
0.15,0.1,0.0003,0.1,0.1,100,973,27,0.344536416,1.456415758,0.016912686,0.267358625
0.15,0.1,0.0003,0.1,0.1,1000,967,33,0.398720903,0.104739857,0.036709437,0.000749982
0.15,0.1,0.0003,0.1,0.5,10,991,9,0.316672539,147.9901789,0.02069249,12076.95525
0.15,0.1,0.0003,0.1,0.5,100,959,41,0.362071793,1.234833493,0.016654728,0.161768781
0.15,0.1,0.0003,0.1,0.5,1000,963,37,0.376107338,0.087904799,0.019940321,0.000538718
0.15,0.1,0.0003,0.1,1.1,10,981,19,0.423551374,140.1819272,0.027498102,14757.20051
0.15,0.1,0.0003,0.1,1.1,100,938,62,0.388352194,1.066403102,0.035003838,0.105476969
0.15,0.1,0.0003,0.1,1.1,1000,931,69,0.408853094,0.084495718,0.025233708,0.000482633
0.15,0.1,0.0003,0.1,1.5,10,987,13,0.458152103,133.3902343,0.029710966,9327.837224
0.15,0.1,0.0003,0.1,1.5,100,928,72,0.412655891,1.052057568,0.02325725,0.096332546
0.15,0.1,0.0003,0.1,1.5,1000,929,71,0.392011401,0.082959438,0.031358506,0.000455999
0.15,0.1,0.0003,0.1,2,10,970,30,0.345852055,143.7396532,0.023688262,14314.72455
0.15,0.1,0.0003,0.1,2,100,918,82,0.423971894,1.059093611,0.027695151,0.105533828
0.15,0.1,0.0003,0.1,2,1000,901,99,0.373636489,0.08343988,0.025562649,0.000446233
0.15,0.1,0.0003,0.1,2.5,10,967,33,0.429734251,132.0616484,0.026842969,8214.187945
0.15,0.1,0.0003,0.1,2.5,100,917,83,0.405879454,1.040570144,0.026975168,0.099426655
0.15,0.1,0.0003,0.1,2.5,1000,916,84,0.427120304,0.082597353,0.037822041,0.000481893
0.15,0.1,0.0003,0.1,3,10,970,30,0.387127953,138.0853976,0.016741681,9671.940016
0.15,0.1,0.0003,0.1,3,100,899,101,0.424049463,1.031407851,0.017894912,0.104236949
0.15,0.1,0.0003,0.1,3,1000,877,123,0.400929871,0.082745196,0.019390042,0.000453467
0.15,0.1,0.0003,1,0.1,10,874,126,0.449556675,86.310621,0.018824718,4706.368364
0.15,0.1,0.0003,1,0.1,100,738,262,0.453546654,0.294671763,0.021817687,0.00732214
0.15,0.1,0.0003,1,0.1,1000,711,289,0.450237515,0.022943241,0.020417481,3.59E-05
0.15,0.1,0.0003,1,0.5,10,842,158,0.479531355,85.27621997,0.011738858,4704.587447
0.15,0.1,0.0003,1,0.5,100,670,330,0.468701948,0.217423762,0.015507694,0.003269294
0.15,0.1,0.0003,1,0.5,1000,643,357,0.462569779,0.015913238,0.020762923,1.60E-05
0.15,0.1,0.0003,1,1.1,10,801,199,0.478009443,84.53084954,0.019151827,4603.062173
0.15,0.1,0.0003,1,1.1,100,626,374,0.472600583,0.180706271,0.012330737,0.002285139
0.15,0.1,0.0003,1,1.1,1000,619,381,0.460063066,0.014867747,0.018306047,1.42E-05
0.15,0.1,0.0003,1,1.5,10,810,190,0.468792208,90.08900079,0.019284577,5326.836082
0.15,0.1,0.0003,1,1.5,100,594,406,0.472224547,0.17014611,0.01335202,0.002184656
0.15,0.1,0.0003,1,1.5,1000,602,398,0.469913836,0.01487792,0.012649094,1.44E-05
0.15,0.1,0.0003,1,2,10,799,201,0.479435341,86.53175522,0.010913813,4321.414474
0.15,0.1,0.0003,1,2,100,601,399,0.483607097,0.165463411,0.00972911,0.001824402
0.15,0.1,0.0003,1,2,1000,575,425,0.48114815,0.014749527,0.012860819,1.49E-05
0.15,0.1,0.0003,1,2.5,10,747,253,0.484618154,94.75687932,0.012611102,4861.754023
0.15,0.1,0.0003,1,2.5,100,571,429,0.473864932,0.161483772,0.014536058,0.001836873
0.15,0.1,0.0003,1,2.5,1000,577,423,0.474574078,0.014630632,0.009615621,1.32E-05
0.15,0.1,0.0003,1,3,10,787,213,0.498073208,86.03185875,0.010572254,3950.861694
0.15,0.1,0.0003,1,3,100,576,424,0.481893553,0.165413858,0.010242243,0.001740902
0.15,0.1,0.0003,1,3,1000,575,425,0.483871732,0.014756166,0.007404512,1.46E-05
0.15,0.1,0.001,1.00E-05,0.1,10,1000,0,0,15.28762452,0,448.6854599
0.15,0.1,0.001,1.00E-05,0.1,100,1000,0,0,0.479179727,0,0.072647577
0.15,0.1,0.001,1.00E-05,0.1,1000,1000,0,0,0.042219568,0,0.000483966
0.15,0.1,0.001,1.00E-05,0.5,10,1000,0,0,15.16365243,0,328.2851674
0.15,0.1,0.001,1.00E-05,0.5,100,1000,0,0,0.448636446,0,0.067865528
0.15,0.1,0.001,1.00E-05,0.5,1000,1000,0,0,0.043059596,0,0.000521177
0.15,0.1,0.001,1.00E-05,1.1,10,1000,0,0,14.63203109,0,329.7353621
0.15,0.1,0.001,1.00E-05,1.1,100,999,1,0.25,0.451474614,0,0.067138905
0.15,0.1,0.001,1.00E-05,1.1,1000,1000,0,0,0.042875277,0,0.000495112
0.15,0.1,0.001,1.00E-05,1.5,10,1000,0,0,15.10398003,0,505.9418963
0.15,0.1,0.001,1.00E-05,1.5,100,1000,0,0,0.447345919,0,0.061260612
0.15,0.1,0.001,1.00E-05,1.5,1000,1000,0,0,0.043291608,0,0.000506969
0.15,0.1,0.001,1.00E-05,2,10,1000,0,0,14.51422081,0,340.3045118
0.15,0.1,0.001,1.00E-05,2,100,999,1,0.333333333,0.464626825,0,0.069966412
0.15,0.1,0.001,1.00E-05,2,1000,1000,0,0,0.042753636,0,0.000496116
0.15,0.1,0.001,1.00E-05,2.5,10,1000,0,0,16.77709979,0,452.1913879
0.15,0.1,0.001,1.00E-05,2.5,100,1000,0,0,0.483702159,0,0.071689924
0.15,0.1,0.001,1.00E-05,2.5,1000,1000,0,0,0.042953647,0,0.000540778
0.15,0.1,0.001,1.00E-05,3,10,1000,0,0,16.49867759,0,478.3758693
0.15,0.1,0.001,1.00E-05,3,100,1000,0,0,0.461787138,0,0.0690659
0.15,0.1,0.001,1.00E-05,3,1000,1000,0,0,0.043752952,0,0.000483937
0.15,0.1,0.001,0.001,0.1,10,1000,0,0,15.66995539,0,440.1168464
0.15,0.1,0.001,0.001,0.1,100,1000,0,0,0.454297203,0,0.062877059
0.15,0.1,0.001,0.001,0.1,1000,1000,0,0,0.041974254,0,0.000511335
0.15,0.1,0.001,0.001,0.5,10,1000,0,0,14.75760626,0,398.5377876
0.15,0.1,0.001,0.001,0.5,100,1000,0,0,0.456913828,0,0.062550325
0.15,0.1,0.001,0.001,0.5,1000,1000,0,0,0.042231474,0,0.000464794
0.15,0.1,0.001,0.001,1.1,10,1000,0,0,15.61373861,0,339.8927292
0.15,0.1,0.001,0.001,1.1,100,1000,0,0,0.445876747,0,0.068161509
0.15,0.1,0.001,0.001,1.1,1000,1000,0,0,0.042865767,0,0.000503274
0.15,0.1,0.001,0.001,1.5,10,1000,0,0,15.24979985,0,437.379314
0.15,0.1,0.001,0.001,1.5,100,1000,0,0,0.45868242,0,0.070777945
0.15,0.1,0.001,0.001,1.5,1000,1000,0,0,0.042306293,0,0.000480332
0.15,0.1,0.001,0.001,2,10,1000,0,0,15.21184165,0,448.0666946
0.15,0.1,0.001,0.001,2,100,1000,0,0,0.455683525,0,0.06414615
0.15,0.1,0.001,0.001,2,1000,1000,0,0,0.042632964,0,0.000541144
0.15,0.1,0.001,0.001,2.5,10,1000,0,0,15.85327798,0,565.3924216
0.15,0.1,0.001,0.001,2.5,100,1000,0,0,0.465219424,0,0.062850808
0.15,0.1,0.001,0.001,2.5,1000,1000,0,0,0.04216267,0,0.000516916
0.15,0.1,0.001,0.001,3,10,1000,0,0,15.22221345,0,397.0659072
0.15,0.1,0.001,0.001,3,100,1000,0,0,0.461046076,0,0.072257792
0.15,0.1,0.001,0.001,3,1000,1000,0,0,0.041843959,0,0.000494769
0.15,0.1,0.001,0.1,0.1,10,1000,0,0,10.1003875,0,269.8770466
0.15,0.1,0.001,0.1,0.1,100,999,1,0.4,0.278847734,0,0.022865711
0.15,0.1,0.001,0.1,0.1,1000,1000,0,0,0.025051865,0,0.000171092
0.15,0.1,0.001,0.1,0.5,10,1000,0,0,8.188140254,0,136.7417066
0.15,0.1,0.001,0.1,0.5,100,1000,0,0,0.243901177,0,0.017481243
0.15,0.1,0.001,0.1,0.5,1000,1000,0,0,0.021183726,0,0.000122594
0.15,0.1,0.001,0.1,1.1,10,1000,0,0,8.276179197,0,190.0863776
0.15,0.1,0.001,0.1,1.1,100,1000,0,0,0.218699429,0,0.013931122
0.15,0.1,0.001,0.1,1.1,1000,1000,0,0,0.019886151,0,0.000104574
0.15,0.1,0.001,0.1,1.5,10,1000,0,0,8.23103505,0,157.4515861
0.15,0.1,0.001,0.1,1.5,100,1000,0,0,0.221007539,0,0.013502421
0.15,0.1,0.001,0.1,1.5,1000,1000,0,0,0.019853805,0,0.000104009
0.15,0.1,0.001,0.1,2,10,999,1,0.454545455,7.797461614,0,200.2640103
0.15,0.1,0.001,0.1,2,100,999,1,0.666666667,0.221246338,0,0.013829365
0.15,0.1,0.001,0.1,2,1000,1000,0,0,0.02037837,0,0.000107455
0.15,0.1,0.001,0.1,2.5,10,1000,0,0,7.413352818,0,111.3879839
0.15,0.1,0.001,0.1,2.5,100,1000,0,0,0.216170866,0,0.01435646
0.15,0.1,0.001,0.1,2.5,1000,1000,0,0,0.020194471,0,0.000105547
0.15,0.1,0.001,0.1,3,10,1000,0,0,7.339633325,0,139.0345419
0.15,0.1,0.001,0.1,3,100,999,1,0.714285714,0.214184543,0,0.013813197
0.15,0.1,0.001,0.1,3,1000,1000,0,0,0.020373871,0,0.000106171
0.15,0.1,0.001,1,0.1,10,997,3,0.575,1.856201356,0.02375,7.962171619
0.15,0.1,0.001,1,0.1,100,997,3,0.366418528,0.062323607,0.070013909,0.001344253
0.15,0.1,0.001,1,0.1,1000,999,1,0.6,0.00564963,0,8.70E-06
0.15,0.1,0.001,1,0.5,10,996,4,0.415178571,1.473094581,0.071966677,7.49325158
0.15,0.1,0.001,1,0.5,100,995,5,0.383333333,0.044673859,0.137777778,0.000504141
0.15,0.1,0.001,1,0.5,1000,997,3,0.244444444,0.003880341,0.030617284,4.06E-06
0.15,0.1,0.001,1,1.1,10,1000,0,0,1.238748168,0,14.76088942
0.15,0.1,0.001,1,1.1,100,998,2,0.607142857,0.038130275,0.011479592,0.000490959
0.15,0.1,0.001,1,1.1,1000,995,5,0.432913753,0.003682403,0.057069857,3.43E-06
0.15,0.1,0.001,1,1.5,10,998,2,0.511857708,1.024173649,0.001128748,2.786525428
0.15,0.1,0.001,1,1.5,100,996,4,0.458333333,0.037536613,0.006241391,0.000401692
0.15,0.1,0.001,1,1.5,1000,994,6,0.464418571,0.00363913,0.009939633,3.16E-06
0.15,0.1,0.001,1,2,10,994,6,0.309912854,0.936959058,0.052488419,4.088128379
0.15,0.1,0.001,1,2,100,997,3,0.284848485,0.037748023,0.041065197,0.000460529
0.15,0.1,0.001,1,2,1000,994,6,0.443447293,0.003768841,0.018447517,3.56E-06
0.15,0.1,0.001,1,2.5,10,992,8,0.411580087,0.822702704,0.029744605,1.720185298
0.15,0.1,0.001,1,2.5,100,995,5,0.401263158,0.038399434,0.04046954,0.000353249
0.15,0.1,0.001,1,2.5,1000,990,10,0.438577803,0.003555735,0.010237658,3.51E-06
0.15,0.1,0.001,1,3,10,995,5,0.549206349,0.752614466,0.011493071,1.306569919
0.15,0.1,0.001,1,3,100,992,8,0.450873477,0.039026049,0.013026775,0.000516879
0.15,0.1,0.001,1,3,1000,997,3,0.494301994,0.003721266,0.001489436,3.38E-06
0.15,0.1,0.003,1.00E-05,0.1,10,1000,0,0,1.753611078,0,9.396683557
0.15,0.1,0.003,1.00E-05,0.1,100,1000,0,0,0.102588217,0,0.013247431
0.15,0.1,0.003,1.00E-05,0.1,1000,1000,0,0,0.010347015,0,0.000133115
0.15,0.1,0.003,1.00E-05,0.5,10,1000,0,0,1.640610281,0,8.398540319
0.15,0.1,0.003,1.00E-05,0.5,100,1000,0,0,0.102584106,0,0.012795313
0.15,0.1,0.003,1.00E-05,0.5,1000,1000,0,0,0.010479392,0,0.000144776
0.15,0.1,0.003,1.00E-05,1.1,10,1000,0,0,1.613317887,0,6.600924202
0.15,0.1,0.003,1.00E-05,1.1,100,1000,0,0,0.112277435,0,0.016187388
0.15,0.1,0.003,1.00E-05,1.1,1000,1000,0,0,0.010562556,0,0.00013216
0.15,0.1,0.003,1.00E-05,1.5,10,1000,0,0,1.694334666,0,6.855266756
0.15,0.1,0.003,1.00E-05,1.5,100,1000,0,0,0.119200777,0,0.015681377
0.15,0.1,0.003,1.00E-05,1.5,1000,1000,0,0,0.010564924,0,0.000126977
0.15,0.1,0.003,1.00E-05,2,10,1000,0,0,1.676602418,0,6.016030949
0.15,0.1,0.003,1.00E-05,2,100,1000,0,0,0.110301167,0,0.01383474
0.15,0.1,0.003,1.00E-05,2,1000,1000,0,0,0.010615266,0,0.000114268
0.15,0.1,0.003,1.00E-05,2.5,10,1000,0,0,1.556639828,0,5.067675241
0.15,0.1,0.003,1.00E-05,2.5,100,1000,0,0,0.113464928,0,0.016425033
0.15,0.1,0.003,1.00E-05,2.5,1000,1000,0,0,0.01124532,0,0.000137231
0.15,0.1,0.003,1.00E-05,3,10,1000,0,0,1.66801552,0,6.838513474
0.15,0.1,0.003,1.00E-05,3,100,1000,0,0,0.106234214,0,0.014354633
0.15,0.1,0.003,1.00E-05,3,1000,1000,0,0,0.010896284,0,0.000131061
0.15,0.1,0.003,0.001,0.1,10,1000,0,0,1.623998032,0,4.880189249
0.15,0.1,0.003,0.001,0.1,100,1000,0,0,0.108491302,0,0.014302647
0.15,0.1,0.003,0.001,0.1,1000,1000,0,0,0.010971134,0,0.000133554
0.15,0.1,0.003,0.001,0.5,10,1000,0,0,1.430587014,0,3.570408893
0.15,0.1,0.003,0.001,0.5,100,1000,0,0,0.104584549,0,0.011792516
0.15,0.1,0.003,0.001,0.5,1000,1000,0,0,0.010234119,0,0.000115718
0.15,0.1,0.003,0.001,1.1,10,1000,0,0,1.581010015,0,4.966791
0.15,0.1,0.003,0.001,1.1,100,1000,0,0,0.10653139,0,0.012737228
0.15,0.1,0.003,0.001,1.1,1000,1000,0,0,0.009872814,0,0.000105419
0.15,0.1,0.003,0.001,1.5,10,1000,0,0,1.584684283,0,5.043174294
0.15,0.1,0.003,0.001,1.5,100,1000,0,0,0.109465315,0,0.015848008
0.15,0.1,0.003,0.001,1.5,1000,1000,0,0,0.010690882,0,0.000130148
0.15,0.1,0.003,0.001,2,10,1000,0,0,1.642013737,0,7.66548906
0.15,0.1,0.003,0.001,2,100,1000,0,0,0.107940515,0,0.013852082
0.15,0.1,0.003,0.001,2,1000,1000,0,0,0.010789045,0,0.000125008
0.15,0.1,0.003,0.001,2.5,10,1000,0,0,1.566223385,0,6.552548291
0.15,0.1,0.003,0.001,2.5,100,1000,0,0,0.103214705,0,0.012749598
0.15,0.1,0.003,0.001,2.5,1000,1000,0,0,0.010389788,0,0.000119273
0.15,0.1,0.003,0.001,3,10,1000,0,0,1.545487439,0,5.175382597
0.15,0.1,0.003,0.001,3,100,1000,0,0,0.110652772,0,0.014247095
0.15,0.1,0.003,0.001,3,1000,1000,0,0,0.010932809,0,0.000142662
0.15,0.1,0.003,0.1,0.1,10,1000,0,0,1.108335188,0,4.527187143
0.15,0.1,0.003,0.1,0.1,100,1000,0,0,0.066439504,0,0.005637879
0.15,0.1,0.003,0.1,0.1,1000,1000,0,0,0.006753998,0,5.37E-05
0.15,0.1,0.003,0.1,0.5,10,1000,0,0,0.955553943,0,2.678089041
0.15,0.1,0.003,0.1,0.5,100,1000,0,0,0.057401819,0,0.004140807
0.15,0.1,0.003,0.1,0.5,1000,1000,0,0,0.005612174,0,5.11E-05
0.15,0.1,0.003,0.1,1.1,10,1000,0,0,0.820768349,0,1.588331147
0.15,0.1,0.003,0.1,1.1,100,1000,0,0,0.053835231,0,0.004111474
0.15,0.1,0.003,0.1,1.1,1000,1000,0,0,0.005252592,0,3.13E-05
0.15,0.1,0.003,0.1,1.5,10,1000,0,0,0.769822963,0,1.063114494
0.15,0.1,0.003,0.1,1.5,100,1000,0,0,0.054015859,0,0.003199631
0.15,0.1,0.003,0.1,1.5,1000,1000,0,0,0.005297278,0,3.38E-05
0.15,0.1,0.003,0.1,2,10,1000,0,0,0.831532241,0,1.744856414
0.15,0.1,0.003,0.1,2,100,1000,0,0,0.055334525,0,0.00441075
0.15,0.1,0.003,0.1,2,1000,1000,0,0,0.005542965,0,4.19E-05
0.15,0.1,0.003,0.1,2.5,10,1000,0,0,0.725871957,0,0.962990439
0.15,0.1,0.003,0.1,2.5,100,1000,0,0,0.053348929,0,0.003833364
0.15,0.1,0.003,0.1,2.5,1000,1000,0,0,0.00504726,0,2.72E-05
0.15,0.1,0.003,0.1,3,10,1000,0,0,0.69399078,0,0.88565709
0.15,0.1,0.003,0.1,3,100,1000,0,0,0.054846615,0,0.003419867
0.15,0.1,0.003,0.1,3,1000,1000,0,0,0.005036727,0,2.62E-05
0.15,0.1,0.003,1,0.1,10,1000,0,0,0.32825192,0,0.44654564
0.15,0.1,0.003,1,0.1,100,1000,0,0,0.014948428,0,0.000352696
0.15,0.1,0.003,1,0.1,1000,1000,0,0,0.001294457,0,2.09E-06
0.15,0.1,0.003,1,0.5,10,1000,0,0,0.203104639,0,0.245787661
0.15,0.1,0.003,1,0.5,100,1000,0,0,0.009738011,0,9.32E-05
0.15,0.1,0.003,1,0.5,1000,1000,0,0,0.000969823,0,1.02E-06
0.15,0.1,0.003,1,1.1,10,1000,0,0,0.157375511,0,0.140458767
0.15,0.1,0.003,1,1.1,100,1000,0,0,0.010043977,0,0.000132931
0.15,0.1,0.003,1,1.1,1000,1000,0,0,0.000962399,0,8.98E-07
0.15,0.1,0.003,1,1.5,10,1000,0,0,0.13208643,0,0.079032601
0.15,0.1,0.003,1,1.5,100,1000,0,0,0.00936223,0,0.000120334
0.15,0.1,0.003,1,1.5,1000,1000,0,0,0.001006374,0,6.40E-06
0.15,0.1,0.003,1,2,10,1000,0,0,0.142554529,0,0.150936127
0.15,0.1,0.003,1,2,100,1000,0,0,0.01032112,0,0.000269935
0.15,0.1,0.003,1,2,1000,1000,0,0,0.000933576,0,8.52E-07
0.15,0.1,0.003,1,2.5,10,1000,0,0,0.137153088,0,0.230009435
0.15,0.1,0.003,1,2.5,100,1000,0,0,0.009658285,0,0.000140421
0.15,0.1,0.003,1,2.5,1000,1000,0,0,0.000871944,0,1.21E-06
0.15,0.1,0.003,1,3,10,1000,0,0,0.13109973,0,0.074187492
0.15,0.1,0.003,1,3,100,1000,0,0,0.010134557,0,0.000273606
0.15,0.1,0.003,1,3,1000,1000,0,0,0.00097441,0,1.87E-06
0.2,0,0.0001,1.00E-05,0.1,10,1000,0,0,0,0,0
0.2,0,0.0001,1.00E-05,0.1,100,1000,0,0,0,0,0
0.2,0,0.0001,1.00E-05,0.1,1000,1000,0,0,0,0,0
0.2,0,0.0001,1.00E-05,0.5,10,1000,0,0,0,0,0
0.2,0,0.0001,1.00E-05,0.5,100,1000,0,0,0,0,0
0.2,0,0.0001,1.00E-05,0.5,1000,1000,0,0,0,0,0
0.2,0,0.0001,1.00E-05,1.1,10,1000,0,0,0,0,0
0.2,0,0.0001,1.00E-05,1.1,100,1000,0,0,0,0,0
0.2,0,0.0001,1.00E-05,1.1,1000,1000,0,0,0,0,0
0.2,0,0.0001,1.00E-05,1.5,10,1000,0,0,0,0,0
0.2,0,0.0001,1.00E-05,1.5,100,1000,0,0,0,0,0
0.2,0,0.0001,1.00E-05,1.5,1000,1000,0,0,0,0,0
0.2,0,0.0001,1.00E-05,2,10,1000,0,0,0,0,0
0.2,0,0.0001,1.00E-05,2,100,1000,0,0,0,0,0
0.2,0,0.0001,1.00E-05,2,1000,1000,0,0,0,0,0
0.2,0,0.0001,1.00E-05,2.5,10,1000,0,0,0,0,0
0.2,0,0.0001,1.00E-05,2.5,100,1000,0,0,0,0,0
0.2,0,0.0001,1.00E-05,2.5,1000,1000,0,0,0,0,0
0.2,0,0.0001,1.00E-05,3,10,1000,0,0,0,0,0
0.2,0,0.0001,1.00E-05,3,100,1000,0,0,0,0,0
0.2,0,0.0001,1.00E-05,3,1000,1000,0,0,0,0,0
0.2,0,0.0001,0.001,0.1,10,1000,0,0,0,0,0
0.2,0,0.0001,0.001,0.1,100,1000,0,0,0,0,0
0.2,0,0.0001,0.001,0.1,1000,1000,0,0,0,0,0
0.2,0,0.0001,0.001,0.5,10,1000,0,0,0,0,0
0.2,0,0.0001,0.001,0.5,100,1000,0,0,0,0,0
0.2,0,0.0001,0.001,0.5,1000,1000,0,0,0,0,0
0.2,0,0.0001,0.001,1.1,10,1000,0,0,0,0,0
0.2,0,0.0001,0.001,1.1,100,1000,0,0,0,0,0
0.2,0,0.0001,0.001,1.1,1000,1000,0,0,0,0,0
0.2,0,0.0001,0.001,1.5,10,1000,0,0,0,0,0
0.2,0,0.0001,0.001,1.5,100,1000,0,0,0,0,0
0.2,0,0.0001,0.001,1.5,1000,1000,0,0,0,0,0
0.2,0,0.0001,0.001,2,10,1000,0,0,0,0,0
0.2,0,0.0001,0.001,2,100,1000,0,0,0,0,0
0.2,0,0.0001,0.001,2,1000,1000,0,0,0,0,0
0.2,0,0.0001,0.001,2.5,10,1000,0,0,0,0,0
0.2,0,0.0001,0.001,2.5,100,1000,0,0,0,0,0
0.2,0,0.0001,0.001,2.5,1000,1000,0,0,0,0,0
0.2,0,0.0001,0.001,3,10,1000,0,0,0,0,0
0.2,0,0.0001,0.001,3,100,1000,0,0,0,0,0
0.2,0,0.0001,0.001,3,1000,1000,0,0,0,0,0
0.2,0,0.0001,0.1,0.1,10,915,85,0.243564865,0,0.004357397,0
0.2,0,0.0001,0.1,0.1,100,454,546,0.243307853,0,0.006439314,0
0.2,0,0.0001,0.1,0.1,1000,354,646,0.24336654,3.371704888,0.006772141,0.915217676
0.2,0,0.0001,0.1,0.5,10,707,293,0.292678537,0,0.001364405,0
0.2,0,0.0001,0.1,0.5,100,52,948,0.2918399,0,0.001948764,0
0.2,0,0.0001,0.1,0.5,1000,25,975,0.28812811,1.809279358,0.00182749,0.073412474
0.2,0,0.0001,0.1,1.1,10,523,477,0.322022641,828.9542829,0.000910469,28637.78483
0.2,0,0.0001,0.1,1.1,100,20,980,0.322564756,671.4272371,0.000949591,30800.19997
0.2,0,0.0001,0.1,1.1,1000,1,999,0.321804808,1.396814342,0.000976342,0.035972309
0.2,0,0.0001,0.1,1.5,10,483,517,0.33600107,652.6781484,0.000794547,45221.23623
0.2,0,0.0001,0.1,1.5,100,15,985,0.337855544,652.1430454,0.000793769,54659.96029
0.2,0,0.0001,0.1,1.5,1000,1,999,0.337221117,1.338978771,0.000773214,0.02825902
0.2,0,0.0001,0.1,2,10,465,535,0.354863256,605.3945551,0.000695926,46015.43523
0.2,0,0.0001,0.1,2,100,12,988,0.350629087,537.0352268,0.000703182,60923.31582
0.2,0,0.0001,0.1,2,1000,0,1000,0.352476055,1.319306858,0.000712581,0.030040907
0.2,0,0.0001,0.1,2.5,10,427,573,0.363763261,526.6011377,0.000490525,40714.52507
0.2,0,0.0001,0.1,2.5,100,8,992,0.363760472,426.9077429,0.000554466,54505.52353
0.2,0,0.0001,0.1,2.5,1000,0,1000,0.362984567,1.31648957,0.00063377,0.03115826
0.2,0,0.0001,0.1,3,10,380,620,0.373403392,417.3664769,0.000535927,29492.24745
0.2,0,0.0001,0.1,3,100,10,990,0.372265468,290.9034757,0.000533151,28464.95932
0.2,0,0.0001,0.1,3,1000,4,996,0.371501049,1.308557956,0.000595375,0.028135712
0.2,0,0.0001,1,0.1,10,381,619,0.448798068,134.7826107,0.00073311,1133.391148
0.2,0,0.0001,1,0.1,100,9,991,0.447004468,48.41305785,0.000706212,315.3817649
0.2,0,0.0001,1,0.1,1000,0,1000,0.446537974,0.198312958,0.000691486,0.000454075
0.2,0,0.0001,1,0.5,10,243,757,0.460179084,126.6776378,0.000521118,1048.607713
0.2,0,0.0001,1,0.5,100,2,998,0.459562873,42.53886161,0.000526034,237.2161888
0.2,0,0.0001,1,0.5,1000,0,1000,0.46051342,0.133801038,0.000507656,0.000189224
0.2,0,0.0001,1,1.1,10,173,827,0.47048329,120.579906,0.000370311,985.9169537
0.2,0,0.0001,1,1.1,100,0,1000,0.471571901,38.74090217,0.000386404,186.1525498
0.2,0,0.0001,1,1.1,1000,0,1000,0.469817967,0.112871464,0.000356458,0.00013456
0.2,0,0.0001,1,1.5,10,133,867,0.474340847,117.7253334,0.00029417,955.271121
0.2,0,0.0001,1,1.5,100,2,998,0.473932437,37.00184673,0.000341577,163.9809116
0.2,0,0.0001,1,1.5,1000,0,1000,0.473717191,0.10991553,0.000301544,0.000131297
0.2,0,0.0001,1,2,10,127,873,0.478450197,116.4127909,0.000256608,969.8735822
0.2,0,0.0001,1,2,100,0,1000,0.478563774,36.31473833,0.000264687,156.4891871
0.2,0,0.0001,1,2,1000,0,1000,0.47831333,0.10778095,0.00025125,0.000123536
0.2,0,0.0001,1,2.5,10,125,875,0.481232702,114.8524261,0.000224044,960.2928642
0.2,0,0.0001,1,2.5,100,0,1000,0.482923442,35.37985241,0.000226697,150.9626776
0.2,0,0.0001,1,2.5,1000,0,1000,0.481338981,0.107825182,0.000198305,0.000119834
0.2,0,0.0001,1,3,10,112,888,0.483217477,112.543145,0.000201213,884.8994639
0.2,0,0.0001,1,3,100,0,1000,0.482972803,34.35381064,0.000197907,135.9565792
0.2,0,0.0001,1,3,1000,0,1000,0.483402787,0.107519446,0.000206135,0.0001235
0.2,0,0.0003,1.00E-05,0.1,10,1000,0,0,0,0,0
0.2,0,0.0003,1.00E-05,0.1,100,1000,0,0,0,0,0
0.2,0,0.0003,1.00E-05,0.1,1000,1000,0,0,0,0,0
0.2,0,0.0003,1.00E-05,0.5,10,1000,0,0,0,0,0
0.2,0,0.0003,1.00E-05,0.5,100,1000,0,0,0,0,0
0.2,0,0.0003,1.00E-05,0.5,1000,1000,0,0,0,0,0
0.2,0,0.0003,1.00E-05,1.1,10,1000,0,0,0,0,0
0.2,0,0.0003,1.00E-05,1.1,100,1000,0,0,0,0,0
0.2,0,0.0003,1.00E-05,1.1,1000,1000,0,0,0,0,0
0.2,0,0.0003,1.00E-05,1.5,10,1000,0,0,0,0,0
0.2,0,0.0003,1.00E-05,1.5,100,1000,0,0,0,0,0
0.2,0,0.0003,1.00E-05,1.5,1000,1000,0,0,0,0,0
0.2,0,0.0003,1.00E-05,2,10,1000,0,0,0,0,0
0.2,0,0.0003,1.00E-05,2,100,1000,0,0,0,0,0
0.2,0,0.0003,1.00E-05,2,1000,1000,0,0,0,0,0
0.2,0,0.0003,1.00E-05,2.5,10,1000,0,0,0,0,0
0.2,0,0.0003,1.00E-05,2.5,100,1000,0,0,0,0,0
0.2,0,0.0003,1.00E-05,2.5,1000,1000,0,0,0,0,0
0.2,0,0.0003,1.00E-05,3,10,1000,0,0,0,0,0
0.2,0,0.0003,1.00E-05,3,100,1000,0,0,0,0,0
0.2,0,0.0003,1.00E-05,3,1000,1000,0,0,0,0,0
0.2,0,0.0003,0.001,0.1,10,1000,0,0,0,0,0
0.2,0,0.0003,0.001,0.1,100,1000,0,0,0,0,0
0.2,0,0.0003,0.001,0.1,1000,1000,0,0,0,0,0
0.2,0,0.0003,0.001,0.5,10,1000,0,0,0,0,0
0.2,0,0.0003,0.001,0.5,100,1000,0,0,0,0,0
0.2,0,0.0003,0.001,0.5,1000,1000,0,0,0,0,0
0.2,0,0.0003,0.001,1.1,10,1000,0,0,0,0,0
0.2,0,0.0003,0.001,1.1,100,1000,0,0,0,0,0
0.2,0,0.0003,0.001,1.1,1000,1000,0,0,0,0,0
0.2,0,0.0003,0.001,1.5,10,1000,0,0,0,0,0
0.2,0,0.0003,0.001,1.5,100,1000,0,0,0,0,0
0.2,0,0.0003,0.001,1.5,1000,1000,0,0,0,0,0
0.2,0,0.0003,0.001,2,10,1000,0,0,0,0,0
0.2,0,0.0003,0.001,2,100,1000,0,0,0,0,0
0.2,0,0.0003,0.001,2,1000,1000,0,0,0,0,0
0.2,0,0.0003,0.001,2.5,10,1000,0,0,0,0,0
0.2,0,0.0003,0.001,2.5,100,1000,0,0,0,0,0
0.2,0,0.0003,0.001,2.5,1000,1000,0,0,0,0,0
0.2,0,0.0003,0.001,3,10,1000,0,0,0,0,0
0.2,0,0.0003,0.001,3,100,1000,0,0,0,0,0
0.2,0,0.0003,0.001,3,1000,1000,0,0,0,0,0
0.2,0,0.0003,0.1,0.1,10,999,1,0.37037037,0,0,0
0.2,0,0.0003,0.1,0.1,100,981,19,0.235913977,35.39723529,0.016737173,907.7686298
0.2,0,0.0003,0.1,0.1,1000,980,20,0.207587004,0.737220062,0.018580328,0.029363152
0.2,0,0.0003,0.1,0.5,10,939,61,0.267115264,403.7688243,0.012655702,54330.58552
0.2,0,0.0003,0.1,0.5,100,741,259,0.258102383,117.8808563,0.013411719,33074.53003
0.2,0,0.0003,0.1,0.5,1000,753,247,0.263143035,0.450313284,0.012913982,0.008403886
0.2,0,0.0003,0.1,1.1,10,751,249,0.319187482,485.1436902,0.005220186,60420.18284
0.2,0,0.0003,0.1,1.1,100,356,644,0.315989171,185.4887544,0.005654406,70665.50845
0.2,0,0.0003,0.1,1.1,1000,331,669,0.317620816,0.390868474,0.00545373,0.005970638
0.2,0,0.0003,0.1,1.5,10,621,379,0.336044555,421.6848757,0.003843695,53156.36511
0.2,0,0.0003,0.1,1.5,100,208,792,0.331287319,139.3893491,0.004383825,44137.07055
0.2,0,0.0003,0.1,1.5,1000,167,833,0.327060668,0.385515728,0.004691121,0.005716417
0.2,0,0.0003,0.1,2,10,567,433,0.349008755,356.9386823,0.00304502,40537.51836
0.2,0,0.0003,0.1,2,100,109,891,0.352906155,79.431366,0.002946823,21302.14695
0.2,0,0.0003,0.1,2,1000,115,885,0.348481882,0.382114125,0.002841929,0.005547358
0.2,0,0.0003,0.1,2.5,10,505,495,0.360668908,288.516533,0.002861724,27020.86114
0.2,0,0.0003,0.1,2.5,100,61,939,0.361280384,50.66321034,0.002691941,10019.19953
0.2,0,0.0003,0.1,2.5,1000,49,951,0.362703774,0.386970163,0.00220298,0.005846189
0.2,0,0.0003,0.1,3,10,460,540,0.370343428,254.2841367,0.002423118,20543.00476
0.2,0,0.0003,0.1,3,100,49,951,0.370683806,31.84121667,0.002312959,4144.255004
0.2,0,0.0003,0.1,3,1000,43,957,0.370034364,0.389144467,0.002458572,0.006168992
0.2,0,0.0003,1,0.1,10,402,598,0.4500337,87.78853579,0.002445071,1403.694889
0.2,0,0.0003,1,0.1,100,7,993,0.44900556,1.118046851,0.002227691,0.132407551
0.2,0,0.0003,1,0.1,1000,0,1000,0.447094677,0.057304284,0.002346328,0.00010914
0.2,0,0.0003,1,0.5,10,255,745,0.45836757,83.90367898,0.00180352,1332.157076
0.2,0,0.0003,1,0.5,100,1,999,0.459959566,0.774707793,0.001694583,0.04393457
0.2,0,0.0003,1,0.5,1000,1,999,0.459030297,0.038444544,0.001562784,4.64E-05
0.2,0,0.0003,1,1.1,10,176,824,0.468574879,79.84206378,0.001134193,1139.524021
0.2,0,0.0003,1,1.1,100,0,1000,0.468705305,0.58061259,0.001155896,0.018420844
0.2,0,0.0003,1,1.1,1000,2,998,0.468915134,0.034636325,0.001113633,3.90E-05
0.2,0,0.0003,1,1.5,10,148,852,0.473260538,80.30716668,0.000981766,1147.192599
0.2,0,0.0003,1,1.5,100,6,994,0.47514502,0.514652566,0.000983364,0.011866399
0.2,0,0.0003,1,1.5,1000,0,1000,0.475099813,0.034262519,0.000967303,3.48E-05
0.2,0,0.0003,1,2,10,145,855,0.477527196,77.65572389,0.000857932,1125.502203
0.2,0,0.0003,1,2,100,2,998,0.478645666,0.475171906,0.000824184,0.009257389
0.2,0,0.0003,1,2,1000,0,1000,0.479258936,0.034069401,0.000862202,3.80E-05
0.2,0,0.0003,1,2.5,10,131,869,0.479832764,77.92188156,0.000708154,1136.862529
0.2,0,0.0003,1,2.5,100,2,998,0.480721959,0.451245297,0.000680557,0.008039052
0.2,0,0.0003,1,2.5,1000,0,1000,0.480705717,0.033895279,0.000725494,3.53E-05
0.2,0,0.0003,1,3,10,120,880,0.483051805,80.10913543,0.000711332,1246.899981
0.2,0,0.0003,1,3,100,0,1000,0.483680041,0.438618339,0.000611761,0.007214775
0.2,0,0.0003,1,3,1000,2,998,0.481612024,0.034050459,0.000648972,3.51E-05
0.2,0,0.001,1.00E-05,0.1,10,1000,0,0,0,0,0
0.2,0,0.001,1.00E-05,0.1,100,1000,0,0,0,0,0
0.2,0,0.001,1.00E-05,0.1,1000,1000,0,0,0,0,0
0.2,0,0.001,1.00E-05,0.5,10,1000,0,0,0,0,0
0.2,0,0.001,1.00E-05,0.5,100,1000,0,0,0,0,0
0.2,0,0.001,1.00E-05,0.5,1000,1000,0,0,0,0,0
0.2,0,0.001,1.00E-05,1.1,10,1000,0,0,0,0,0
0.2,0,0.001,1.00E-05,1.1,100,1000,0,0,0,0,0
0.2,0,0.001,1.00E-05,1.1,1000,1000,0,0,0,0,0
0.2,0,0.001,1.00E-05,1.5,10,1000,0,0,0,0,0
0.2,0,0.001,1.00E-05,1.5,100,1000,0,0,0,0,0
0.2,0,0.001,1.00E-05,1.5,1000,1000,0,0,0,0,0
0.2,0,0.001,1.00E-05,2,10,1000,0,0,0,0,0
0.2,0,0.001,1.00E-05,2,100,1000,0,0,0,0,0
0.2,0,0.001,1.00E-05,2,1000,1000,0,0,0,0,0
0.2,0,0.001,1.00E-05,2.5,10,1000,0,0,0,0,0
0.2,0,0.001,1.00E-05,2.5,100,1000,0,0,0,0,0
0.2,0,0.001,1.00E-05,2.5,1000,1000,0,0,0,0,0
0.2,0,0.001,1.00E-05,3,10,1000,0,0,0,0,0
0.2,0,0.001,1.00E-05,3,100,1000,0,0,0,0,0
0.2,0,0.001,1.00E-05,3,1000,1000,0,0,0,0,0
0.2,0,0.001,0.001,0.1,10,1000,0,0,0,0,0
0.2,0,0.001,0.001,0.1,100,1000,0,0,0,0,0
0.2,0,0.001,0.001,0.1,1000,1000,0,0,0,0,0
0.2,0,0.001,0.001,0.5,10,1000,0,0,0,0,0
0.2,0,0.001,0.001,0.5,100,1000,0,0,0,0,0
0.2,0,0.001,0.001,0.5,1000,1000,0,0,0,0,0
0.2,0,0.001,0.001,1.1,10,1000,0,0,0,0,0
0.2,0,0.001,0.001,1.1,100,1000,0,0,0,0,0
0.2,0,0.001,0.001,1.1,1000,1000,0,0,0,0,0
0.2,0,0.001,0.001,1.5,10,1000,0,0,0,0,0
0.2,0,0.001,0.001,1.5,100,1000,0,0,0,0,0
0.2,0,0.001,0.001,1.5,1000,1000,0,0,0,0,0
0.2,0,0.001,0.001,2,10,1000,0,0,0,0,0
0.2,0,0.001,0.001,2,100,1000,0,0,0,0,0
0.2,0,0.001,0.001,2,1000,1000,0,0,0,0,0
0.2,0,0.001,0.001,2.5,10,1000,0,0,0,0,0
0.2,0,0.001,0.001,2.5,100,1000,0,0,0,0,0
0.2,0,0.001,0.001,2.5,1000,1000,0,0,0,0,0
0.2,0,0.001,0.001,3,10,1000,0,0,0,0,0
0.2,0,0.001,0.001,3,100,1000,0,0,0,0,0
0.2,0,0.001,0.001,3,1000,1000,0,0,0,0,0
0.2,0,0.001,0.1,0.1,10,1000,0,0,56.10792714,0,1039.445942
0.2,0,0.001,0.1,0.1,100,1000,0,0,3.471725462,0,9.116315392
0.2,0,0.001,0.1,0.1,1000,1000,0,0,0.199588802,0,0.006159867
0.2,0,0.001,0.1,0.5,10,1000,0,0,70.10664828,0,2425.636272
0.2,0,0.001,0.1,0.5,100,1000,0,0,1.857542258,0,1.066841369
0.2,0,0.001,0.1,0.5,1000,1000,0,0,0.123147101,0,0.002035718
0.2,0,0.001,0.1,1.1,10,999,1,0.25,80.90097217,0,3170.378597
0.2,0,0.001,0.1,1.1,100,998,2,0.366946779,1.443822018,0.000196157,0.379779263
0.2,0,0.001,0.1,1.1,1000,1000,0,0,0.112915165,0,0.001491965
0.2,0,0.001,0.1,1.5,10,999,1,0.36,71.76554735,0,2702.78321
0.2,0,0.001,0.1,1.5,100,993,7,0.25423891,1.33502503,0.029780361,0.332564289
0.2,0,0.001,0.1,1.5,1000,993,7,0.214398436,0.11262101,0.022602681,0.00158213
0.2,0,0.001,0.1,2,10,993,7,0.202695851,77.66444435,0.034988129,3697.207625
0.2,0,0.001,0.1,2,100,988,12,0.262476303,1.345731892,0.020363113,0.338835649
0.2,0,0.001,0.1,2,1000,987,13,0.325987474,0.112247408,0.010534073,0.001746713
0.2,0,0.001,0.1,2.5,10,993,7,0.282046152,72.89155177,0.023016516,2821.595677
0.2,0,0.001,0.1,2.5,100,971,29,0.284287907,1.346874788,0.034836899,0.309452674
0.2,0,0.001,0.1,2.5,1000,971,29,0.310989569,0.113132645,0.032590698,0.001792908
0.2,0,0.001,0.1,3,10,980,20,0.345214285,67.13039187,0.017974356,2387.255638
0.2,0,0.001,0.1,3,100,961,39,0.342809135,1.34870899,0.015348327,0.301227979
0.2,0,0.001,0.1,3,1000,965,35,0.347131924,0.116329206,0.021228422,0.00171855
0.2,0,0.001,1,0.1,10,856,144,0.421806933,19.8391546,0.018446628,202.471164
0.2,0,0.001,1,0.1,100,717,283,0.417683882,0.200946339,0.024698882,0.004571241
0.2,0,0.001,1,0.1,1000,718,282,0.410600009,0.016214163,0.024301545,2.59E-05
0.2,0,0.001,1,0.5,10,722,278,0.456138376,22.13245511,0.010480184,335.5512777
0.2,0,0.001,1,0.5,100,592,408,0.446855108,0.136511749,0.015029328,0.002066777
0.2,0,0.001,1,0.5,1000,543,457,0.43872853,0.010778505,0.01417986,1.28E-05
0.2,0,0.001,1,1.1,10,572,428,0.45550634,22.40780049,0.011411447,301.9287837
0.2,0,0.001,1,1.1,100,442,558,0.460239687,0.113377946,0.010556353,0.001334885
0.2,0,0.001,1,1.1,1000,433,567,0.458537151,0.0102047,0.010724736,1.02E-05
0.2,0,0.001,1,1.5,10,565,435,0.461267092,24.77444642,0.010155684,462.2603122
0.2,0,0.001,1,1.5,100,374,626,0.466865122,0.110679206,0.007606917,0.001116322
0.2,0,0.001,1,1.5,1000,401,599,0.465092132,0.010195216,0.009687867,1.09E-05
0.2,0,0.001,1,2,10,495,505,0.47641973,24.23330742,0.006595932,414.7633162
0.2,0,0.001,1,2,100,337,663,0.473295345,0.108217249,0.008386733,0.001227414
0.2,0,0.001,1,2,1000,317,683,0.469999387,0.01019894,0.007555596,1.04E-05
0.2,0,0.001,1,2.5,10,434,566,0.476697284,25.33341243,0.005844664,452.7741774
0.2,0,0.001,1,2.5,100,309,691,0.477496741,0.109239129,0.00465587,0.001255579
0.2,0,0.001,1,2.5,1000,289,711,0.480372028,0.010187699,0.004304363,1.07E-05
0.2,0,0.001,1,3,10,442,558,0.4746774,25.18710272,0.006023345,438.910262
0.2,0,0.001,1,3,100,276,724,0.476746435,0.1065043,0.005536146,0.001239968
0.2,0,0.001,1,3,1000,294,706,0.485115067,0.010115215,0.00545871,1.09E-05
0.2,0,0.003,1.00E-05,0.1,10,1000,0,0,0,0,0
0.2,0,0.003,1.00E-05,0.1,100,1000,0,0,0,0,0
0.2,0,0.003,1.00E-05,0.1,1000,1000,0,0,0,0,0
0.2,0,0.003,1.00E-05,0.5,10,1000,0,0,0,0,0
0.2,0,0.003,1.00E-05,0.5,100,1000,0,0,0,0,0
0.2,0,0.003,1.00E-05,0.5,1000,1000,0,0,0,0,0
0.2,0,0.003,1.00E-05,1.1,10,1000,0,0,0,0,0
0.2,0,0.003,1.00E-05,1.1,100,1000,0,0,0,0,0
0.2,0,0.003,1.00E-05,1.1,1000,1000,0,0,0,0,0
0.2,0,0.003,1.00E-05,1.5,10,1000,0,0,0,0,0
0.2,0,0.003,1.00E-05,1.5,100,1000,0,0,0,0,0
0.2,0,0.003,1.00E-05,1.5,1000,1000,0,0,0,0,0
0.2,0,0.003,1.00E-05,2,10,1000,0,0,0,0,0
0.2,0,0.003,1.00E-05,2,100,1000,0,0,0,0,0
0.2,0,0.003,1.00E-05,2,1000,1000,0,0,0,0,0
0.2,0,0.003,1.00E-05,2.5,10,1000,0,0,0,0,0
0.2,0,0.003,1.00E-05,2.5,100,1000,0,0,0,0,0
0.2,0,0.003,1.00E-05,2.5,1000,1000,0,0,0,0,0
0.2,0,0.003,1.00E-05,3,10,1000,0,0,0,0,0
0.2,0,0.003,1.00E-05,3,100,1000,0,0,0,0,0
0.2,0,0.003,1.00E-05,3,1000,1000,0,0,0,0,0
0.2,0,0.003,0.001,0.1,10,1000,0,0,0,0,0
0.2,0,0.003,0.001,0.1,100,1000,0,0,0,0,0
0.2,0,0.003,0.001,0.1,1000,1000,0,0,0,0,0
0.2,0,0.003,0.001,0.5,10,1000,0,0,0,0,0
0.2,0,0.003,0.001,0.5,100,1000,0,0,3.968235473,0,0.07393959
0.2,0,0.003,0.001,0.5,1000,1000,0,0,1.221032267,0,0
0.2,0,0.003,0.001,1.1,10,1000,0,0,0,0,0
0.2,0,0.003,0.001,1.1,100,1000,0,0,4.875848661,0,0.153312274
0.2,0,0.003,0.001,1.1,1000,1000,0,0,2.902986746,0,2.283292039
0.2,0,0.003,0.001,1.5,10,1000,0,0,0,0,0
0.2,0,0.003,0.001,1.5,100,1000,0,0,2.113971914,0,0
0.2,0,0.003,0.001,1.5,1000,1000,0,0,1.230483906,0,0.236372124
0.2,0,0.003,0.001,2,10,1000,0,0,0,0,0
0.2,0,0.003,0.001,2,100,1000,0,0,0.732446559,0,0
0.2,0,0.003,0.001,2,1000,1000,0,0,1.809961614,0,2.102239051
0.2,0,0.003,0.001,2.5,10,1000,0,0,0,0,0
0.2,0,0.003,0.001,2.5,100,1000,0,0,0,0,0
0.2,0,0.003,0.001,2.5,1000,1000,0,0,0.92217394,0,1.506133408
0.2,0,0.003,0.001,3,10,1000,0,0,0,0,0
0.2,0,0.003,0.001,3,100,1000,0,0,0,0,0
0.2,0,0.003,0.001,3,1000,1000,0,0,1.190858593,0,0.985689644
0.2,0,0.003,0.1,0.1,10,1000,0,0,7.924025487,0,43.48220926
0.2,0,0.003,0.1,0.1,100,1000,0,0,0.661781288,0,0.243109191
0.2,0,0.003,0.1,0.1,1000,1000,0,0,0.054608707,0,0.001508863
0.2,0,0.003,0.1,0.5,10,1000,0,0,7.465353936,0,58.67865945
0.2,0,0.003,0.1,0.5,100,1000,0,0,0.40458526,0,0.079671477
0.2,0,0.003,0.1,0.5,1000,1000,0,0,0.036572353,0,0.000612816
0.2,0,0.003,0.1,1.1,10,1000,0,0,7.039593134,0,45.72456329
0.2,0,0.003,0.1,1.1,100,1000,0,0,0.354873704,0,0.057440218
0.2,0,0.003,0.1,1.1,1000,1000,0,0,0.03313819,0,0.00047879
0.2,0,0.003,0.1,1.5,10,1000,0,0,6.655257063,0,54.07672329
0.2,0,0.003,0.1,1.5,100,1000,0,0,0.339381811,0,0.047586528
0.2,0,0.003,0.1,1.5,1000,1000,0,0,0.033411659,0,0.000446801
0.2,0,0.003,0.1,2,10,1000,0,0,5.823866953,0,34.11902101
0.2,0,0.003,0.1,2,100,1000,0,0,0.343696172,0,0.053404175
0.2,0,0.003,0.1,2,1000,1000,0,0,0.033264284,0,0.000421396
0.2,0,0.003,0.1,2.5,10,1000,0,0,6.085507905,0,47.54860356
0.2,0,0.003,0.1,2.5,100,1000,0,0,0.346576963,0,0.05045374
0.2,0,0.003,0.1,2.5,1000,1000,0,0,0.033462481,0,0.000495818
0.2,0,0.003,0.1,3,10,1000,0,0,6.119474855,0,37.92674789
0.2,0,0.003,0.1,3,100,1000,0,0,0.339171167,0,0.048195386
0.2,0,0.003,0.1,3,1000,1000,0,0,0.034867368,0,0.00055388
0.2,0,0.003,1,0.1,10,1000,0,0,0.886492078,0,0.414929386
0.2,0,0.003,1,0.1,100,1000,0,0,0.052756564,0,0.000877784
0.2,0,0.003,1,0.1,1000,1000,0,0,0.004600737,0,7.10E-06
0.2,0,0.003,1,0.5,10,1000,0,0,0.687809498,0,0.357822304
0.2,0,0.003,1,0.5,100,1000,0,0,0.036576958,0,0.000468467
0.2,0,0.003,1,0.5,1000,1000,0,0,0.003066375,0,2.85E-06
0.2,0,0.003,1,1.1,10,1000,0,0,0.555370461,0,0.202905248
0.2,0,0.003,1,1.1,100,1000,0,0,0.031979041,0,0.00034761
0.2,0,0.003,1,1.1,1000,1000,0,0,0.003015738,0,3.08E-06
0.2,0,0.003,1,1.5,10,998,2,0.5125,0.514080302,0.01265625,0.274865764
0.2,0,0.003,1,1.5,100,1000,0,0,0.031728454,0,0.000343348
0.2,0,0.003,1,1.5,1000,1000,0,0,0.003096044,0,3.26E-06
0.2,0,0.003,1,2,10,1000,0,0,0.467485874,0,0.115893912
0.2,0,0.003,1,2,100,999,1,0.421052632,0.031437392,0,0.000333671
0.2,0,0.003,1,2,1000,1000,0,0,0.003058286,0,3.43E-06
0.2,0,0.003,1,2.5,10,1000,0,0,0.447726191,0,0.22713941
0.2,0,0.003,1,2.5,100,1000,0,0,0.0309956,0,0.000350266
0.2,0,0.003,1,2.5,1000,1000,0,0,0.00292154,0,3.14E-06
0.2,0,0.003,1,3,10,998,2,0.355882353,0.417914689,0.003122837,0.127165297
0.2,0,0.003,1,3,100,1000,0,0,0.030785288,0,0.00035567
0.2,0,0.003,1,3,1000,998,2,0.125,0.002958721,0.015625,3.06E-06
0.2,1.00E-05,0.0001,1.00E-05,0.1,10,1000,0,0,0,0,0
0.2,1.00E-05,0.0001,1.00E-05,0.1,100,1000,0,0,0,0,0
0.2,1.00E-05,0.0001,1.00E-05,0.1,1000,1000,0,0,0,0,0
0.2,1.00E-05,0.0001,1.00E-05,0.5,10,1000,0,0,0,0,0
0.2,1.00E-05,0.0001,1.00E-05,0.5,100,1000,0,0,0,0,0
0.2,1.00E-05,0.0001,1.00E-05,0.5,1000,1000,0,0,0,0,0
0.2,1.00E-05,0.0001,1.00E-05,1.1,10,1000,0,0,0,0,0
0.2,1.00E-05,0.0001,1.00E-05,1.1,100,1000,0,0,0,0,0
0.2,1.00E-05,0.0001,1.00E-05,1.1,1000,1000,0,0,0,0,0
0.2,1.00E-05,0.0001,1.00E-05,1.5,10,1000,0,0,0,0,0
0.2,1.00E-05,0.0001,1.00E-05,1.5,100,1000,0,0,0,0,0
0.2,1.00E-05,0.0001,1.00E-05,1.5,1000,1000,0,0,0,0,0
0.2,1.00E-05,0.0001,1.00E-05,2,10,1000,0,0,0,0,0
0.2,1.00E-05,0.0001,1.00E-05,2,100,1000,0,0,0,0,0
0.2,1.00E-05,0.0001,1.00E-05,2,1000,1000,0,0,0,0,0
0.2,1.00E-05,0.0001,1.00E-05,2.5,10,1000,0,0,0,0,0
0.2,1.00E-05,0.0001,1.00E-05,2.5,100,1000,0,0,0,0,0
0.2,1.00E-05,0.0001,1.00E-05,2.5,1000,1000,0,0,0,0,0
0.2,1.00E-05,0.0001,1.00E-05,3,10,1000,0,0,0,0,0
0.2,1.00E-05,0.0001,1.00E-05,3,100,1000,0,0,0,0,0
0.2,1.00E-05,0.0001,1.00E-05,3,1000,1000,0,0,0,0,0
0.2,1.00E-05,0.0001,0.001,0.1,10,1000,0,0,0,0,0
0.2,1.00E-05,0.0001,0.001,0.1,100,1000,0,0,0,0,0
0.2,1.00E-05,0.0001,0.001,0.1,1000,1000,0,0,0,0,0
0.2,1.00E-05,0.0001,0.001,0.5,10,1000,0,0,0,0,0
0.2,1.00E-05,0.0001,0.001,0.5,100,1000,0,0,0,0,0
0.2,1.00E-05,0.0001,0.001,0.5,1000,1000,0,0,0,0,0
0.2,1.00E-05,0.0001,0.001,1.1,10,1000,0,0,0,0,0
0.2,1.00E-05,0.0001,0.001,1.1,100,1000,0,0,0,0,0
0.2,1.00E-05,0.0001,0.001,1.1,1000,1000,0,0,0,0,0
0.2,1.00E-05,0.0001,0.001,1.5,10,1000,0,0,0,0,0
0.2,1.00E-05,0.0001,0.001,1.5,100,1000,0,0,0,0,0
0.2,1.00E-05,0.0001,0.001,1.5,1000,1000,0,0,0,0,0
0.2,1.00E-05,0.0001,0.001,2,10,1000,0,0,0,0,0
0.2,1.00E-05,0.0001,0.001,2,100,1000,0,0,0,0,0
0.2,1.00E-05,0.0001,0.001,2,1000,1000,0,0,0,0,0
0.2,1.00E-05,0.0001,0.001,2.5,10,1000,0,0,0,0,0
0.2,1.00E-05,0.0001,0.001,2.5,100,1000,0,0,0,0,0
0.2,1.00E-05,0.0001,0.001,2.5,1000,1000,0,0,0,0,0
0.2,1.00E-05,0.0001,0.001,3,10,1000,0,0,0,0,0
0.2,1.00E-05,0.0001,0.001,3,100,1000,0,0,0,0,0
0.2,1.00E-05,0.0001,0.001,3,1000,1000,0,0,0,0,0
0.2,1.00E-05,0.0001,0.1,0.1,10,934,66,0.259985638,0,0.004472811,0
0.2,1.00E-05,0.0001,0.1,0.1,100,473,527,0.248886765,0,0.006104046,0
0.2,1.00E-05,0.0001,0.1,0.1,1000,342,658,0.241195237,3.36936419,0.006285834,0.772511965
0.2,1.00E-05,0.0001,0.1,0.5,10,728,272,0.291393374,0,0.001553851,0
0.2,1.00E-05,0.0001,0.1,0.5,100,57,943,0.289694306,0,0.001925564,0
0.2,1.00E-05,0.0001,0.1,0.5,1000,21,979,0.288894344,1.809518393,0.002073691,0.080414209
0.2,1.00E-05,0.0001,0.1,1.1,10,504,496,0.325001659,0,0.001032119,0
0.2,1.00E-05,0.0001,0.1,1.1,100,15,985,0.322675906,528.185023,0.000919895,47405.66802
0.2,1.00E-05,0.0001,0.1,1.1,1000,1,999,0.32186149,1.397395176,0.000998081,0.035085029
0.2,1.00E-05,0.0001,0.1,1.5,10,456,544,0.335659915,612.7432651,0.000884932,39944.85304
0.2,1.00E-05,0.0001,0.1,1.5,100,14,986,0.336948332,568.7364182,0.000754956,58824.35981
0.2,1.00E-05,0.0001,0.1,1.5,1000,1,999,0.33778858,1.334652275,0.000736574,0.030371031
0.2,1.00E-05,0.0001,0.1,2,10,422,578,0.351085334,602.6343099,0.000629595,41176.77357
0.2,1.00E-05,0.0001,0.1,2,100,12,988,0.352097346,508.1715071,0.000630368,56381.34721
0.2,1.00E-05,0.0001,0.1,2,1000,0,1000,0.353231846,1.33332538,0.000696525,0.40358117
0.2,1.00E-05,0.0001,0.1,2.5,10,377,623,0.363919896,516.7917953,0.000672433,42920.75246
0.2,1.00E-05,0.0001,0.1,2.5,100,13,987,0.362218979,426.2628263,0.000564827,51948.93709
0.2,1.00E-05,0.0001,0.1,2.5,1000,3,997,0.362203832,1.300758122,0.000639869,0.028616381
0.2,1.00E-05,0.0001,0.1,3,10,388,612,0.372325782,432.0578942,0.000569948,31265.40287
0.2,1.00E-05,0.0001,0.1,3,100,9,991,0.372385081,296.0369387,0.000535125,29515.27206
0.2,1.00E-05,0.0001,0.1,3,1000,0,1000,0.371263332,1.306076646,0.000541892,0.026495786
0.2,1.00E-05,0.0001,1,0.1,10,366,634,0.447486645,135.7176228,0.00078617,1218.247
0.2,1.00E-05,0.0001,1,0.1,100,2,998,0.446963734,49.35887976,0.000703936,347.2549227
0.2,1.00E-05,0.0001,1,0.1,1000,0,1000,0.446784988,0.197785475,0.000747303,0.000473883
0.2,1.00E-05,0.0001,1,0.5,10,241,759,0.459571055,126.3317939,0.000556747,1102.806586
0.2,1.00E-05,0.0001,1,0.5,100,2,998,0.459178597,42.28599491,0.000520856,239.0607248
0.2,1.00E-05,0.0001,1,0.5,1000,0,1000,0.458014154,0.133976707,0.000493346,0.00019803
0.2,1.00E-05,0.0001,1,1.1,10,162,838,0.471429741,119.3298548,0.000362183,1060.958323
0.2,1.00E-05,0.0001,1,1.1,100,1,999,0.470125289,38.60199198,0.000382337,178.8322921
0.2,1.00E-05,0.0001,1,1.1,1000,1,999,0.469799486,0.112431843,0.000376907,0.000130977
0.2,1.00E-05,0.0001,1,1.5,10,127,873,0.474734424,118.2801103,0.00028668,934.8377566
0.2,1.00E-05,0.0001,1,1.5,100,2,998,0.474318842,36.10835025,0.000325662,154.6545221
0.2,1.00E-05,0.0001,1,1.5,1000,0,1000,0.47396285,0.109816876,0.000305359,0.000132677
0.2,1.00E-05,0.0001,1,2,10,111,889,0.478412317,114.3267998,0.000252695,887.584951
0.2,1.00E-05,0.0001,1,2,100,3,997,0.478579839,36.03750081,0.000256332,158.3308784
0.2,1.00E-05,0.0001,1,2,1000,0,1000,0.478715441,0.107546858,0.000274816,0.000123323
0.2,1.00E-05,0.0001,1,2.5,10,110,890,0.48120971,114.4002449,0.000227493,882.1809536
0.2,1.00E-05,0.0001,1,2.5,100,1,999,0.48161716,34.84463343,0.000208729,149.4741993
0.2,1.00E-05,0.0001,1,2.5,1000,0,1000,0.480667008,0.107509509,0.000241305,0.000107958
0.2,1.00E-05,0.0001,1,3,10,104,896,0.483681534,114.6222314,0.000198147,944.9862185
0.2,1.00E-05,0.0001,1,3,100,1,999,0.483929423,34.4717578,0.000197105,132.2562934
0.2,1.00E-05,0.0001,1,3,1000,0,1000,0.484031248,0.107371227,0.000211286,0.000116743
0.2,1.00E-05,0.0003,1.00E-05,0.1,10,1000,0,0,0,0,0
0.2,1.00E-05,0.0003,1.00E-05,0.1,100,1000,0,0,0,0,0
0.2,1.00E-05,0.0003,1.00E-05,0.1,1000,1000,0,0,0,0,0
0.2,1.00E-05,0.0003,1.00E-05,0.5,10,1000,0,0,0,0,0
0.2,1.00E-05,0.0003,1.00E-05,0.5,100,1000,0,0,0,0,0
0.2,1.00E-05,0.0003,1.00E-05,0.5,1000,1000,0,0,0,0,0
0.2,1.00E-05,0.0003,1.00E-05,1.1,10,1000,0,0,0,0,0
0.2,1.00E-05,0.0003,1.00E-05,1.1,100,1000,0,0,0,0,0
0.2,1.00E-05,0.0003,1.00E-05,1.1,1000,1000,0,0,0,0,0
0.2,1.00E-05,0.0003,1.00E-05,1.5,10,1000,0,0,0,0,0
0.2,1.00E-05,0.0003,1.00E-05,1.5,100,1000,0,0,0,0,0
0.2,1.00E-05,0.0003,1.00E-05,1.5,1000,1000,0,0,0,0,0
0.2,1.00E-05,0.0003,1.00E-05,2,10,1000,0,0,0,0,0
0.2,1.00E-05,0.0003,1.00E-05,2,100,1000,0,0,0,0,0
0.2,1.00E-05,0.0003,1.00E-05,2,1000,1000,0,0,0,0,0
0.2,1.00E-05,0.0003,1.00E-05,2.5,10,1000,0,0,0,0,0
0.2,1.00E-05,0.0003,1.00E-05,2.5,100,1000,0,0,0,0,0
0.2,1.00E-05,0.0003,1.00E-05,2.5,1000,1000,0,0,0,0,0
0.2,1.00E-05,0.0003,1.00E-05,3,10,1000,0,0,0,0,0
0.2,1.00E-05,0.0003,1.00E-05,3,100,1000,0,0,0,0,0
0.2,1.00E-05,0.0003,1.00E-05,3,1000,1000,0,0,0,0,0
0.2,1.00E-05,0.0003,0.001,0.1,10,1000,0,0,0,0,0
0.2,1.00E-05,0.0003,0.001,0.1,100,1000,0,0,0,0,0
0.2,1.00E-05,0.0003,0.001,0.1,1000,1000,0,0,0,0,0
0.2,1.00E-05,0.0003,0.001,0.5,10,1000,0,0,0,0,0
0.2,1.00E-05,0.0003,0.001,0.5,100,1000,0,0,0,0,0
0.2,1.00E-05,0.0003,0.001,0.5,1000,1000,0,0,0,0,0
0.2,1.00E-05,0.0003,0.001,1.1,10,1000,0,0,0,0,0
0.2,1.00E-05,0.0003,0.001,1.1,100,1000,0,0,0,0,0
0.2,1.00E-05,0.0003,0.001,1.1,1000,1000,0,0,0,0,0
0.2,1.00E-05,0.0003,0.001,1.5,10,1000,0,0,0,0,0
0.2,1.00E-05,0.0003,0.001,1.5,100,1000,0,0,0,0,0
0.2,1.00E-05,0.0003,0.001,1.5,1000,1000,0,0,0,0,0
0.2,1.00E-05,0.0003,0.001,2,10,1000,0,0,0,0,0
0.2,1.00E-05,0.0003,0.001,2,100,1000,0,0,0,0,0
0.2,1.00E-05,0.0003,0.001,2,1000,1000,0,0,0,0,0
0.2,1.00E-05,0.0003,0.001,2.5,10,1000,0,0,0,0,0
0.2,1.00E-05,0.0003,0.001,2.5,100,1000,0,0,0,0,0
0.2,1.00E-05,0.0003,0.001,2.5,1000,1000,0,0,0,0,0
0.2,1.00E-05,0.0003,0.001,3,10,1000,0,0,0,0,0
0.2,1.00E-05,0.0003,0.001,3,100,1000,0,0,0,0,0
0.2,1.00E-05,0.0003,0.001,3,1000,1000,0,0,0,0,0
0.2,1.00E-05,0.0003,0.1,0.1,10,999,1,0,0,0,0
0.2,1.00E-05,0.0003,0.1,0.1,100,979,21,0.228531289,20.11240911,0.01491038,85.4268486
0.2,1.00E-05,0.0003,0.1,0.1,1000,976,24,0.201555719,0.727550684,0.016606674,0.028462918
0.2,1.00E-05,0.0003,0.1,0.5,10,930,70,0.272382119,466.4300903,0.009900312,43331.23465
0.2,1.00E-05,0.0003,0.1,0.5,100,736,264,0.2676043,103.8277413,0.013169655,36643.60633
0.2,1.00E-05,0.0003,0.1,0.5,1000,726,274,0.257635557,0.448925222,0.012252382,0.008788049
0.2,1.00E-05,0.0003,0.1,1.1,10,737,263,0.315537805,449.1804029,0.006309263,53502.60262
0.2,1.00E-05,0.0003,0.1,1.1,100,380,620,0.312722627,163.5712054,0.006277192,61516.27529
0.2,1.00E-05,0.0003,0.1,1.1,1000,306,694,0.320126499,0.395076981,0.00547473,0.007173232
0.2,1.00E-05,0.0003,0.1,1.5,10,649,351,0.336679907,419.5483083,0.003828612,52394.29101
0.2,1.00E-05,0.0003,0.1,1.5,100,193,807,0.330055296,132.6401267,0.004549345,42642.62064
0.2,1.00E-05,0.0003,0.1,1.5,1000,186,814,0.337220394,0.38611296,0.004311153,0.006415776
0.2,1.00E-05,0.0003,0.1,2,10,533,467,0.350248899,357.5008931,0.003671911,39652.4831
0.2,1.00E-05,0.0003,0.1,2,100,89,911,0.352100039,83.75138156,0.002785804,24725.96808
0.2,1.00E-05,0.0003,0.1,2,1000,102,898,0.345623994,0.400203689,0.003537041,0.189753654
0.2,1.00E-05,0.0003,0.1,2.5,10,494,506,0.360401676,292.7145935,0.002300641,27651.00552
0.2,1.00E-05,0.0003,0.1,2.5,100,74,926,0.363212632,53.58468564,0.002902886,10661.56838
0.2,1.00E-05,0.0003,0.1,2.5,1000,44,956,0.362002027,0.384282201,0.002836727,0.005425928
0.2,1.00E-05,0.0003,0.1,3,10,433,567,0.367619644,251.1454605,0.002145656,21885.533
0.2,1.00E-05,0.0003,0.1,3,100,51,949,0.371377442,36.77892098,0.002425958,4725.271353
0.2,1.00E-05,0.0003,0.1,3,1000,45,955,0.372780882,0.386733642,0.002317741,0.011270504
0.2,1.00E-05,0.0003,1,0.1,10,411,589,0.448637159,86.12383133,0.002677652,1489.283222
0.2,1.00E-05,0.0003,1,0.1,100,18,982,0.447095111,1.138386581,0.002233945,0.156078933
0.2,1.00E-05,0.0003,1,0.1,1000,0,1000,0.447837326,0.05790819,0.002478223,0.000112168
0.2,1.00E-05,0.0003,1,0.5,10,280,720,0.460206672,84.39300566,0.001830935,1537.471295
0.2,1.00E-05,0.0003,1,0.5,100,4,996,0.459673896,0.767485641,0.001684828,0.044099705
0.2,1.00E-05,0.0003,1,0.5,1000,1,999,0.460726645,0.03835318,0.001621514,5.00E-05
0.2,1.00E-05,0.0003,1,1.1,10,185,815,0.471317024,79.56128108,0.001174414,1086.830998
0.2,1.00E-05,0.0003,1,1.1,100,0,1000,0.47015241,0.578459362,0.001173291,0.01905451
0.2,1.00E-05,0.0003,1,1.1,1000,0,1000,0.472315504,0.034858536,0.001124349,4.04E-05
0.2,1.00E-05,0.0003,1,1.5,10,174,826,0.472590455,81.26041946,0.001037275,1298.136679
0.2,1.00E-05,0.0003,1,1.5,100,2,998,0.473133416,0.510191123,0.000968607,0.012553212
0.2,1.00E-05,0.0003,1,1.5,1000,1,999,0.474177365,0.034167431,0.001010336,3.60E-05
0.2,1.00E-05,0.0003,1,2,10,150,850,0.47911156,78.58239554,0.000861234,1184.526311
0.2,1.00E-05,0.0003,1,2,100,1,999,0.479493878,0.474557511,0.000856915,0.00819015
0.2,1.00E-05,0.0003,1,2,1000,0,1000,0.478772816,0.033946626,0.000800146,3.49E-05
0.2,1.00E-05,0.0003,1,2.5,10,129,871,0.481455019,77.91553241,0.000706904,1243.244411
0.2,1.00E-05,0.0003,1,2.5,100,1,999,0.480834189,0.452159027,0.000723744,0.008270004
0.2,1.00E-05,0.0003,1,2.5,1000,1,999,0.481204167,0.034026886,0.000756579,3.35E-05
0.2,1.00E-05,0.0003,1,3,10,125,875,0.484831129,77.18160898,0.000616288,1229.649237
0.2,1.00E-05,0.0003,1,3,100,0,1000,0.484840653,0.444530671,0.000670812,0.006729304
0.2,1.00E-05,0.0003,1,3,1000,1,999,0.483929245,0.033924228,0.000612314,3.65E-05
0.2,1.00E-05,0.001,1.00E-05,0.1,10,1000,0,0,0,0,0
0.2,1.00E-05,0.001,1.00E-05,0.1,100,1000,0,0,0,0,0
0.2,1.00E-05,0.001,1.00E-05,0.1,1000,1000,0,0,0,0,0
0.2,1.00E-05,0.001,1.00E-05,0.5,10,1000,0,0,0,0,0
0.2,1.00E-05,0.001,1.00E-05,0.5,100,1000,0,0,0,0,0
0.2,1.00E-05,0.001,1.00E-05,0.5,1000,1000,0,0,0,0,0
0.2,1.00E-05,0.001,1.00E-05,1.1,10,1000,0,0,0,0,0
0.2,1.00E-05,0.001,1.00E-05,1.1,100,1000,0,0,0,0,0
0.2,1.00E-05,0.001,1.00E-05,1.1,1000,1000,0,0,0,0,0
0.2,1.00E-05,0.001,1.00E-05,1.5,10,1000,0,0,0,0,0
0.2,1.00E-05,0.001,1.00E-05,1.5,100,1000,0,0,0,0,0
0.2,1.00E-05,0.001,1.00E-05,1.5,1000,1000,0,0,0,0,0
0.2,1.00E-05,0.001,1.00E-05,2,10,1000,0,0,0,0,0
0.2,1.00E-05,0.001,1.00E-05,2,100,1000,0,0,0,0,0
0.2,1.00E-05,0.001,1.00E-05,2,1000,1000,0,0,0,0,0
0.2,1.00E-05,0.001,1.00E-05,2.5,10,1000,0,0,0,0,0
0.2,1.00E-05,0.001,1.00E-05,2.5,100,1000,0,0,0,0,0
0.2,1.00E-05,0.001,1.00E-05,2.5,1000,1000,0,0,0,0,0
0.2,1.00E-05,0.001,1.00E-05,3,10,1000,0,0,0,0,0
0.2,1.00E-05,0.001,1.00E-05,3,100,1000,0,0,0,0,0
0.2,1.00E-05,0.001,1.00E-05,3,1000,1000,0,0,0,0,0
0.2,1.00E-05,0.001,0.001,0.1,10,1000,0,0,0,0,0
0.2,1.00E-05,0.001,0.001,0.1,100,1000,0,0,0,0,0
0.2,1.00E-05,0.001,0.001,0.1,1000,1000,0,0,0,0,0
0.2,1.00E-05,0.001,0.001,0.5,10,1000,0,0,0,0,0
0.2,1.00E-05,0.001,0.001,0.5,100,1000,0,0,0,0,0
0.2,1.00E-05,0.001,0.001,0.5,1000,1000,0,0,0,0,0
0.2,1.00E-05,0.001,0.001,1.1,10,1000,0,0,0,0,0
0.2,1.00E-05,0.001,0.001,1.1,100,1000,0,0,0,0,0
0.2,1.00E-05,0.001,0.001,1.1,1000,1000,0,0,0,0,0
0.2,1.00E-05,0.001,0.001,1.5,10,1000,0,0,0,0,0
0.2,1.00E-05,0.001,0.001,1.5,100,1000,0,0,0,0,0
0.2,1.00E-05,0.001,0.001,1.5,1000,1000,0,0,0,0,0
0.2,1.00E-05,0.001,0.001,2,10,1000,0,0,0,0,0
0.2,1.00E-05,0.001,0.001,2,100,1000,0,0,0,0,0
0.2,1.00E-05,0.001,0.001,2,1000,1000,0,0,0,0,0
0.2,1.00E-05,0.001,0.001,2.5,10,1000,0,0,0,0,0
0.2,1.00E-05,0.001,0.001,2.5,100,1000,0,0,0,0,0
0.2,1.00E-05,0.001,0.001,2.5,1000,1000,0,0,0,0,0
0.2,1.00E-05,0.001,0.001,3,10,1000,0,0,0,0,0
0.2,1.00E-05,0.001,0.001,3,100,1000,0,0,0,0,0
0.2,1.00E-05,0.001,0.001,3,1000,1000,0,0,0,0,0
0.2,1.00E-05,0.001,0.1,0.1,10,1000,0,0,69.27517339,0,2282.770081
0.2,1.00E-05,0.001,0.1,0.1,100,1000,0,0,3.526696208,0,7.468811532
0.2,1.00E-05,0.001,0.1,0.1,1000,1000,0,0,0.196652252,0,0.005687728
0.2,1.00E-05,0.001,0.1,0.5,10,1000,0,0,80.71830873,0,2319.21844
0.2,1.00E-05,0.001,0.1,0.5,100,1000,0,0,1.937512513,0,1.079315834
0.2,1.00E-05,0.001,0.1,0.5,1000,1000,0,0,0.125956041,0,0.002137077
0.2,1.00E-05,0.001,0.1,1.1,10,999,1,0.3,79.02140337,0,3424.490084
0.2,1.00E-05,0.001,0.1,1.1,100,998,2,0.233333333,1.435417038,0.01,0.392801653
0.2,1.00E-05,0.001,0.1,1.1,1000,999,1,0,0.113898194,0,0.001567421
0.2,1.00E-05,0.001,0.1,1.5,10,995,5,0.240995798,73.24079808,0.01966884,3381.296953
0.2,1.00E-05,0.001,0.1,1.5,100,990,10,0.197554113,1.401885876,0.028514674,0.356646611
0.2,1.00E-05,0.001,0.1,1.5,1000,992,8,0.295298588,0.115673717,0.016831962,0.001840387
0.2,1.00E-05,0.001,0.1,2,10,997,3,0.25,68.32338517,0.032407407,2716.175825
0.2,1.00E-05,0.001,0.1,2,100,986,14,0.345069655,1.362798396,0.018814173,0.307579278
0.2,1.00E-05,0.001,0.1,2,1000,984,16,0.320351372,0.112577218,0.033117031,0.001690255
0.2,1.00E-05,0.001,0.1,2.5,10,988,12,0.35887333,69.69666694,0.007056134,2883.866923
0.2,1.00E-05,0.001,0.1,2.5,100,976,24,0.306424697,1.494444092,0.008588233,20.12640436
0.2,1.00E-05,0.001,0.1,2.5,1000,966,34,0.301184615,0.116058713,0.038646391,0.00184463
0.2,1.00E-05,0.001,0.1,3,10,984,16,0.331667282,66.02024353,0.022711448,2740.089074
0.2,1.00E-05,0.001,0.1,3,100,954,46,0.286646379,1.335123527,0.027298657,0.303266107
0.2,1.00E-05,0.001,0.1,3,1000,963,37,0.371272945,0.112814273,0.016580628,0.00154162
0.2,1.00E-05,0.001,1,0.1,10,869,131,0.407021391,20.84312186,0.022012162,291.9243027
0.2,1.00E-05,0.001,1,0.1,100,753,247,0.433281983,0.195681009,0.020016358,0.004865021
0.2,1.00E-05,0.001,1,0.1,1000,703,297,0.417646722,0.016184041,0.021110484,2.81E-05
0.2,1.00E-05,0.001,1,0.5,10,709,291,0.429380199,22.97062906,0.014584067,306.1284456
0.2,1.00E-05,0.001,1,0.5,100,557,443,0.441204753,0.13650637,0.020136914,0.002109002
0.2,1.00E-05,0.001,1,0.5,1000,582,418,0.447599748,0.010748954,0.015142341,1.17E-05
0.2,1.00E-05,0.001,1,1.1,10,558,442,0.463697959,24.34556622,0.008808563,392.2086979
0.2,1.00E-05,0.001,1,1.1,100,405,595,0.464680462,0.113747072,0.009384511,0.001361059
0.2,1.00E-05,0.001,1,1.1,1000,446,554,0.455542644,0.010112419,0.010249658,1.11E-05
0.2,1.00E-05,0.001,1,1.5,10,502,498,0.468043518,25.42522501,0.009095981,514.1226529
0.2,1.00E-05,0.001,1,1.5,100,375,625,0.464840298,0.109323117,0.009494833,0.001300978
0.2,1.00E-05,0.001,1,1.5,1000,339,661,0.4661511,0.020699856,0.007340391,0.112704474
0.2,1.00E-05,0.001,1,2,10,458,542,0.471439688,25.29115057,0.007814085,465.3450822
0.2,1.00E-05,0.001,1,2,100,325,675,0.470275355,0.109927142,0.006574473,0.001242676
0.2,1.00E-05,0.001,1,2,1000,318,682,0.471265723,0.010123455,0.007361311,9.38E-06
0.2,1.00E-05,0.001,1,2.5,10,455,545,0.478002141,24.97870674,0.004952474,536.1625817
0.2,1.00E-05,0.001,1,2.5,100,318,682,0.481181792,0.110796263,0.005230665,0.001243062
0.2,1.00E-05,0.001,1,2.5,1000,295,705,0.474243813,0.010073681,0.006670725,1.04E-05
0.2,1.00E-05,0.001,1,3,10,451,549,0.477793659,25.28441168,0.007238042,435.6427504
0.2,1.00E-05,0.001,1,3,100,274,726,0.479396784,0.109808429,0.005400708,0.001252165
0.2,1.00E-05,0.001,1,3,1000,262,738,0.478908213,0.010144274,0.004916417,1.18E-05
0.2,1.00E-05,0.003,1.00E-05,0.1,10,1000,0,0,0,0,0
0.2,1.00E-05,0.003,1.00E-05,0.1,100,1000,0,0,0,0,0
0.2,1.00E-05,0.003,1.00E-05,0.1,1000,1000,0,0,0,0,0
0.2,1.00E-05,0.003,1.00E-05,0.5,10,1000,0,0,0,0,0
0.2,1.00E-05,0.003,1.00E-05,0.5,100,1000,0,0,0,0,0
0.2,1.00E-05,0.003,1.00E-05,0.5,1000,1000,0,0,0,0,0
0.2,1.00E-05,0.003,1.00E-05,1.1,10,1000,0,0,0,0,0
0.2,1.00E-05,0.003,1.00E-05,1.1,100,1000,0,0,0,0,0
0.2,1.00E-05,0.003,1.00E-05,1.1,1000,1000,0,0,0,0,0
0.2,1.00E-05,0.003,1.00E-05,1.5,10,1000,0,0,0,0,0
0.2,1.00E-05,0.003,1.00E-05,1.5,100,1000,0,0,0,0,0
0.2,1.00E-05,0.003,1.00E-05,1.5,1000,1000,0,0,0,0,0
0.2,1.00E-05,0.003,1.00E-05,2,10,1000,0,0,0,0,0
0.2,1.00E-05,0.003,1.00E-05,2,100,1000,0,0,0,0,0
0.2,1.00E-05,0.003,1.00E-05,2,1000,1000,0,0,0,0,0
0.2,1.00E-05,0.003,1.00E-05,2.5,10,1000,0,0,0,0,0
0.2,1.00E-05,0.003,1.00E-05,2.5,100,1000,0,0,0,0,0
0.2,1.00E-05,0.003,1.00E-05,2.5,1000,1000,0,0,0,0,0
0.2,1.00E-05,0.003,1.00E-05,3,10,1000,0,0,0,0,0
0.2,1.00E-05,0.003,1.00E-05,3,100,1000,0,0,0,0,0
0.2,1.00E-05,0.003,1.00E-05,3,1000,1000,0,0,0,0,0
0.2,1.00E-05,0.003,0.001,0.1,10,1000,0,0,0,0,0
0.2,1.00E-05,0.003,0.001,0.1,100,1000,0,0,0,0,0
0.2,1.00E-05,0.003,0.001,0.1,1000,1000,0,0,0.838593133,0,0.415469062
0.2,1.00E-05,0.003,0.001,0.5,10,1000,0,0,0,0,0
0.2,1.00E-05,0.003,0.001,0.5,100,1000,0,0,2.943770777,0,0
0.2,1.00E-05,0.003,0.001,0.5,1000,1000,0,0,1.298070999,0,0.581213869
0.2,1.00E-05,0.003,0.001,1.1,10,1000,0,0,0,0,0
0.2,1.00E-05,0.003,0.001,1.1,100,1000,0,0,0,0,0
0.2,1.00E-05,0.003,0.001,1.1,1000,1000,0,0,0.807748479,0,0.140552992
0.2,1.00E-05,0.003,0.001,1.5,10,1000,0,0,0,0,0
0.2,1.00E-05,0.003,0.001,1.5,100,1000,0,0,0,0,0
0.2,1.00E-05,0.003,0.001,1.5,1000,1000,0,0,0.895225251,0,1.171131819
0.2,1.00E-05,0.003,0.001,2,10,1000,0,0,0,0,0
0.2,1.00E-05,0.003,0.001,2,100,1000,0,0,8.808785701,0,0
0.2,1.00E-05,0.003,0.001,2,1000,1000,0,0,0.937858323,0,0.012694285
0.2,1.00E-05,0.003,0.001,2.5,10,1000,0,0,0,0,0
0.2,1.00E-05,0.003,0.001,2.5,100,1000,0,0,7.743907887,0,0
0.2,1.00E-05,0.003,0.001,2.5,1000,1000,0,0,1.00688627,0,0.784088961
0.2,1.00E-05,0.003,0.001,3,10,1000,0,0,0,0,0
0.2,1.00E-05,0.003,0.001,3,100,1000,0,0,0,0,0
0.2,1.00E-05,0.003,0.001,3,1000,1000,0,0,1.891360134,0,3.201679367
0.2,1.00E-05,0.003,0.1,0.1,10,1000,0,0,7.914924402,0,40.64862678
0.2,1.00E-05,0.003,0.1,0.1,100,1000,0,0,0.717479355,0,0.321537406
0.2,1.00E-05,0.003,0.1,0.1,1000,1000,0,0,0.055193096,0,0.001462682
0.2,1.00E-05,0.003,0.1,0.5,10,1000,0,0,7.242331514,0,38.08956354
0.2,1.00E-05,0.003,0.1,0.5,100,1000,0,0,0.417416242,0,0.120803322
0.2,1.00E-05,0.003,0.1,0.5,1000,1000,0,0,0.036280805,0,0.000552362
0.2,1.00E-05,0.003,0.1,1.1,10,1000,0,0,6.681572653,0,47.33030763
0.2,1.00E-05,0.003,0.1,1.1,100,1000,0,0,0.356108554,0,0.066695593
0.2,1.00E-05,0.003,0.1,1.1,1000,1000,0,0,0.032364426,0,0.000357788
0.2,1.00E-05,0.003,0.1,1.5,10,1000,0,0,5.97877726,0,42.68483189
0.2,1.00E-05,0.003,0.1,1.5,100,1000,0,0,0.34523445,0,0.052168812
0.2,1.00E-05,0.003,0.1,1.5,1000,1000,0,0,0.034131427,0,0.000518363
0.2,1.00E-05,0.003,0.1,2,10,1000,0,0,6.013576299,0,47.65758463
0.2,1.00E-05,0.003,0.1,2,100,1000,0,0,0.40388099,0,1.702070891
0.2,1.00E-05,0.003,0.1,2,1000,1000,0,0,0.054986323,0,0.207467402
0.2,1.00E-05,0.003,0.1,2.5,10,1000,0,0,5.996483959,0,39.98284486
0.2,1.00E-05,0.003,0.1,2.5,100,1000,0,0,0.365473225,0,0.069048248
0.2,1.00E-05,0.003,0.1,2.5,1000,1000,0,0,0.033048983,0,0.000415058
0.2,1.00E-05,0.003,0.1,3,10,1000,0,0,6.097244115,0,37.1012428
0.2,1.00E-05,0.003,0.1,3,100,1000,0,0,0.3593394,0,0.059765677
0.2,1.00E-05,0.003,0.1,3,1000,1000,0,0,0.034312627,0,0.000488034
0.2,1.00E-05,0.003,1,0.1,10,1000,0,0,0.909985819,0,0.462090402
0.2,1.00E-05,0.003,1,0.1,100,1000,0,0,0.053928218,0,0.001008975
0.2,1.00E-05,0.003,1,0.1,1000,1000,0,0,0.00477471,0,8.55E-06
0.2,1.00E-05,0.003,1,0.5,10,1000,0,0,0.690468736,0,0.272967595
0.2,1.00E-05,0.003,1,0.5,100,1000,0,0,0.036295396,0,0.000459376
0.2,1.00E-05,0.003,1,0.5,1000,1000,0,0,0.00313257,0,3.49E-06
0.2,1.00E-05,0.003,1,1.1,10,1000,0,0,0.544148874,0,0.148979677
0.2,1.00E-05,0.003,1,1.1,100,1000,0,0,0.031614495,0,0.000327042
0.2,1.00E-05,0.003,1,1.1,1000,1000,0,0,0.003042659,0,3.10E-06
0.2,1.00E-05,0.003,1,1.5,10,1000,0,0,0.517070072,0,0.146179164
0.2,1.00E-05,0.003,1,1.5,100,1000,0,0,0.0304353,0,0.00032119
0.2,1.00E-05,0.003,1,1.5,1000,1000,0,0,0.003063885,0,3.01E-06
0.2,1.00E-05,0.003,1,2,10,1000,0,0,0.482397033,0,0.139906856
0.2,1.00E-05,0.003,1,2,100,1000,0,0,0.029894246,0,0.000307257
0.2,1.00E-05,0.003,1,2,1000,1000,0,0,0.003025159,0,2.99E-06
0.2,1.00E-05,0.003,1,2.5,10,1000,0,0,0.437779832,0,0.082365257
0.2,1.00E-05,0.003,1,2.5,100,1000,0,0,0.03115418,0,0.000326472
0.2,1.00E-05,0.003,1,2.5,1000,1000,0,0,0.003089975,0,3.15E-06
0.2,1.00E-05,0.003,1,3,10,1000,0,0,0.425852077,0,0.083956817
0.2,1.00E-05,0.003,1,3,100,999,1,0.4,0.031173396,0,0.00032714
0.2,1.00E-05,0.003,1,3,1000,1000,0,0,0.003015605,0,3.36E-06
0.2,0.0001,0.0001,1.00E-05,0.1,10,1000,0,0,0,0,0
0.2,0.0001,0.0001,1.00E-05,0.1,100,1000,0,0,0,0,0
0.2,0.0001,0.0001,1.00E-05,0.1,1000,1000,0,0,0,0,0
0.2,0.0001,0.0001,1.00E-05,0.5,10,1000,0,0,0,0,0
0.2,0.0001,0.0001,1.00E-05,0.5,100,1000,0,0,0,0,0
0.2,0.0001,0.0001,1.00E-05,0.5,1000,1000,0,0,0,0,0
0.2,0.0001,0.0001,1.00E-05,1.1,10,1000,0,0,0,0,0
0.2,0.0001,0.0001,1.00E-05,1.1,100,1000,0,0,0,0,0
0.2,0.0001,0.0001,1.00E-05,1.1,1000,1000,0,0,0,0,0
0.2,0.0001,0.0001,1.00E-05,1.5,10,1000,0,0,0,0,0
0.2,0.0001,0.0001,1.00E-05,1.5,100,1000,0,0,0,0,0
0.2,0.0001,0.0001,1.00E-05,1.5,1000,1000,0,0,0,0,0
0.2,0.0001,0.0001,1.00E-05,2,10,1000,0,0,0,0,0
0.2,0.0001,0.0001,1.00E-05,2,100,1000,0,0,0,0,0
0.2,0.0001,0.0001,1.00E-05,2,1000,1000,0,0,0,0,0
0.2,0.0001,0.0001,1.00E-05,2.5,10,1000,0,0,0,0,0
0.2,0.0001,0.0001,1.00E-05,2.5,100,1000,0,0,0,0,0
0.2,0.0001,0.0001,1.00E-05,2.5,1000,1000,0,0,0,0,0
0.2,0.0001,0.0001,1.00E-05,3,10,1000,0,0,0,0,0
0.2,0.0001,0.0001,1.00E-05,3,100,1000,0,0,0,0,0
0.2,0.0001,0.0001,1.00E-05,3,1000,1000,0,0,0,0,0
0.2,0.0001,0.0001,0.001,0.1,10,1000,0,0,0,0,0
0.2,0.0001,0.0001,0.001,0.1,100,1000,0,0,0,0,0
0.2,0.0001,0.0001,0.001,0.1,1000,1000,0,0,0,0,0
0.2,0.0001,0.0001,0.001,0.5,10,1000,0,0,0,0,0
0.2,0.0001,0.0001,0.001,0.5,100,1000,0,0,0,0,0
0.2,0.0001,0.0001,0.001,0.5,1000,1000,0,0,0,0,0
0.2,0.0001,0.0001,0.001,1.1,10,1000,0,0,0,0,0
0.2,0.0001,0.0001,0.001,1.1,100,1000,0,0,0,0,0
0.2,0.0001,0.0001,0.001,1.1,1000,1000,0,0,0,0,0
0.2,0.0001,0.0001,0.001,1.5,10,1000,0,0,0,0,0
0.2,0.0001,0.0001,0.001,1.5,100,1000,0,0,0,0,0
0.2,0.0001,0.0001,0.001,1.5,1000,1000,0,0,0,0,0
0.2,0.0001,0.0001,0.001,2,10,1000,0,0,0,0,0
0.2,0.0001,0.0001,0.001,2,100,1000,0,0,0,0,0
0.2,0.0001,0.0001,0.001,2,1000,1000,0,0,0,0,0
0.2,0.0001,0.0001,0.001,2.5,10,1000,0,0,0,0,0
0.2,0.0001,0.0001,0.001,2.5,100,1000,0,0,0,0,0
0.2,0.0001,0.0001,0.001,2.5,1000,1000,0,0,0,0,0
0.2,0.0001,0.0001,0.001,3,10,1000,0,0,0,0,0
0.2,0.0001,0.0001,0.001,3,100,1000,0,0,0,0,0
0.2,0.0001,0.0001,0.001,3,1000,1000,0,0,0,0,0
0.2,0.0001,0.0001,0.1,0.1,10,916,84,0.244983451,0,0.005754424,0
0.2,0.0001,0.0001,0.1,0.1,100,462,538,0.245406091,0,0.006304388,0
0.2,0.0001,0.0001,0.1,0.1,1000,335,665,0.242099498,3.338980117,0.006733245,0.868386368
0.2,0.0001,0.0001,0.1,0.5,10,699,301,0.289273929,0,0.001640202,0
0.2,0.0001,0.0001,0.1,0.5,100,44,956,0.289128491,0,0.00184595,0
0.2,0.0001,0.0001,0.1,0.5,1000,27,973,0.289948484,1.796573796,0.002191099,0.110500211
0.2,0.0001,0.0001,0.1,1.1,10,509,491,0.322709741,0,0.000982938,0
0.2,0.0001,0.0001,0.1,1.1,100,20,980,0.323976353,406.1016918,0.000904623,31053.13859
0.2,0.0001,0.0001,0.1,1.1,1000,0,1000,0.321973578,1.395216254,0.000993173,0.047376777
0.2,0.0001,0.0001,0.1,1.5,10,472,528,0.338794656,614.6038879,0.000830077,35045.98158
0.2,0.0001,0.0001,0.1,1.5,100,6,994,0.338594991,561.6349654,0.00084725,62589.51972
0.2,0.0001,0.0001,0.1,1.5,1000,0,1000,0.337955666,1.338430012,0.000775269,0.029791467
0.2,0.0001,0.0001,0.1,2,10,428,572,0.353603808,620.452411,0.000699499,38705.75059
0.2,0.0001,0.0001,0.1,2,100,10,990,0.353436877,525.8926349,0.000690514,61534.85229
0.2,0.0001,0.0001,0.1,2,1000,1,999,0.352035488,1.306330261,0.000648788,0.028117644
0.2,0.0001,0.0001,0.1,2.5,10,381,619,0.364297847,519.5290532,0.000607896,40023.35025
0.2,0.0001,0.0001,0.1,2.5,100,12,988,0.362957924,418.5731267,0.000633621,53979.69953
0.2,0.0001,0.0001,0.1,2.5,1000,1,999,0.363616136,1.303720548,0.000629769,0.038290449
0.2,0.0001,0.0001,0.1,3,10,384,616,0.373698094,419.4017972,0.000558761,28074.4385
0.2,0.0001,0.0001,0.1,3,100,8,992,0.372833846,307.2484424,0.000565553,35088.76963
0.2,0.0001,0.0001,0.1,3,1000,0,1000,0.372119273,1.300487765,0.000552959,0.059941333
0.2,0.0001,0.0001,1,0.1,10,390,610,0.448328976,133.1209877,0.000765083,1181.679156
0.2,0.0001,0.0001,1,0.1,100,9,991,0.447511024,48.18272751,0.000712176,306.4620331
0.2,0.0001,0.0001,1,0.1,1000,1,999,0.447117539,0.197043091,0.000662393,0.000447972
0.2,0.0001,0.0001,1,0.5,10,255,745,0.460679296,126.7250388,0.000553829,1060.042523
0.2,0.0001,0.0001,1,0.5,100,3,997,0.458617085,41.77077911,0.000536282,244.0080873
0.2,0.0001,0.0001,1,0.5,1000,0,1000,0.459404628,0.13455753,0.000562696,0.000203378
0.2,0.0001,0.0001,1,1.1,10,169,831,0.469988209,121.7747354,0.000345085,1003.63004
0.2,0.0001,0.0001,1,1.1,100,1,999,0.469575562,38.20289433,0.000369314,181.7598554
0.2,0.0001,0.0001,1,1.1,1000,0,1000,0.469596872,0.119289836,0.000370802,0.039975287
0.2,0.0001,0.0001,1,1.5,10,133,867,0.473753874,119.7105691,0.00033327,952.5811461
0.2,0.0001,0.0001,1,1.5,100,0,1000,0.47483965,36.45162274,0.000320421,154.5074336
0.2,0.0001,0.0001,1,1.5,1000,0,1000,0.474621676,0.108809838,0.000330547,0.000127404
0.2,0.0001,0.0001,1,2,10,128,872,0.47779198,116.4243573,0.000262543,883.2726347
0.2,0.0001,0.0001,1,2,100,1,999,0.478340237,35.38033322,0.000265412,138.5753957
0.2,0.0001,0.0001,1,2,1000,0,1000,0.478941823,0.107478991,0.000262873,0.000124101
0.2,0.0001,0.0001,1,2.5,10,125,875,0.481202257,114.8303335,0.000216435,944.411198
0.2,0.0001,0.0001,1,2.5,100,0,1000,0.481036962,35.20780137,0.000221177,167.0273967
0.2,0.0001,0.0001,1,2.5,1000,0,1000,0.482268411,0.107970771,0.000222063,0.000125489
0.2,0.0001,0.0001,1,3,10,109,891,0.483058276,112.6291004,0.00020197,812.4709901
0.2,0.0001,0.0001,1,3,100,1,999,0.483429413,34.3649473,0.000213022,145.1676778
0.2,0.0001,0.0001,1,3,1000,0,1000,0.483908472,0.107313582,0.000191741,0.000114726
0.2,0.0001,0.0003,1.00E-05,0.1,10,1000,0,0,0,0,0
0.2,0.0001,0.0003,1.00E-05,0.1,100,1000,0,0,0,0,0
0.2,0.0001,0.0003,1.00E-05,0.1,1000,1000,0,0,0,0,0
0.2,0.0001,0.0003,1.00E-05,0.5,10,1000,0,0,0,0,0
0.2,0.0001,0.0003,1.00E-05,0.5,100,1000,0,0,0,0,0
0.2,0.0001,0.0003,1.00E-05,0.5,1000,1000,0,0,0,0,0
0.2,0.0001,0.0003,1.00E-05,1.1,10,1000,0,0,0,0,0
0.2,0.0001,0.0003,1.00E-05,1.1,100,1000,0,0,0,0,0
0.2,0.0001,0.0003,1.00E-05,1.1,1000,1000,0,0,0,0,0
0.2,0.0001,0.0003,1.00E-05,1.5,10,1000,0,0,0,0,0
0.2,0.0001,0.0003,1.00E-05,1.5,100,1000,0,0,0,0,0
0.2,0.0001,0.0003,1.00E-05,1.5,1000,1000,0,0,0,0,0
0.2,0.0001,0.0003,1.00E-05,2,10,1000,0,0,0,0,0
0.2,0.0001,0.0003,1.00E-05,2,100,1000,0,0,0,0,0
0.2,0.0001,0.0003,1.00E-05,2,1000,1000,0,0,0,0,0
0.2,0.0001,0.0003,1.00E-05,2.5,10,1000,0,0,0,0,0
0.2,0.0001,0.0003,1.00E-05,2.5,100,1000,0,0,0,0,0
0.2,0.0001,0.0003,1.00E-05,2.5,1000,1000,0,0,0,0,0
0.2,0.0001,0.0003,1.00E-05,3,10,1000,0,0,0,0,0
0.2,0.0001,0.0003,1.00E-05,3,100,1000,0,0,0,0,0
0.2,0.0001,0.0003,1.00E-05,3,1000,1000,0,0,0,0,0
0.2,0.0001,0.0003,0.001,0.1,10,1000,0,0,0,0,0
0.2,0.0001,0.0003,0.001,0.1,100,1000,0,0,0,0,0
0.2,0.0001,0.0003,0.001,0.1,1000,1000,0,0,0,0,0
0.2,0.0001,0.0003,0.001,0.5,10,1000,0,0,0,0,0
0.2,0.0001,0.0003,0.001,0.5,100,1000,0,0,0,0,0
0.2,0.0001,0.0003,0.001,0.5,1000,1000,0,0,0,0,0
0.2,0.0001,0.0003,0.001,1.1,10,1000,0,0,0,0,0
0.2,0.0001,0.0003,0.001,1.1,100,1000,0,0,0,0,0
0.2,0.0001,0.0003,0.001,1.1,1000,1000,0,0,0,0,0
0.2,0.0001,0.0003,0.001,1.5,10,1000,0,0,0,0,0
0.2,0.0001,0.0003,0.001,1.5,100,1000,0,0,0,0,0
0.2,0.0001,0.0003,0.001,1.5,1000,1000,0,0,0,0,0
0.2,0.0001,0.0003,0.001,2,10,1000,0,0,0,0,0
0.2,0.0001,0.0003,0.001,2,100,1000,0,0,0,0,0
0.2,0.0001,0.0003,0.001,2,1000,1000,0,0,0,0,0
0.2,0.0001,0.0003,0.001,2.5,10,1000,0,0,0,0,0
0.2,0.0001,0.0003,0.001,2.5,100,1000,0,0,0,0,0
0.2,0.0001,0.0003,0.001,2.5,1000,1000,0,0,0,0,0
0.2,0.0001,0.0003,0.001,3,10,1000,0,0,0,0,0
0.2,0.0001,0.0003,0.001,3,100,1000,0,0,0,0,0
0.2,0.0001,0.0003,0.001,3,1000,1000,0,0,0,0,0
0.2,0.0001,0.0003,0.1,0.1,10,999,1,0,0,0,0
0.2,0.0001,0.0003,0.1,0.1,100,980,20,0.18834921,28.71861054,0.015991081,672.8193339
0.2,0.0001,0.0003,0.1,0.1,1000,978,22,0.212377585,0.746969289,0.017192814,0.352723358
0.2,0.0001,0.0003,0.1,0.5,10,926,74,0.276536279,483.9601801,0.014321515,39328.8206
0.2,0.0001,0.0003,0.1,0.5,100,755,245,0.27251877,98.60996557,0.010177555,32018.46278
0.2,0.0001,0.0003,0.1,0.5,1000,725,275,0.270825625,0.451397788,0.01013542,0.020107105
0.2,0.0001,0.0003,0.1,1.1,10,751,249,0.314959624,480.0130043,0.008633162,61226.00222
0.2,0.0001,0.0003,0.1,1.1,100,343,657,0.318310962,189.4582329,0.005807208,69373.26994
0.2,0.0001,0.0003,0.1,1.1,1000,308,692,0.32041526,0.877888419,0.006090148,221.186594
0.2,0.0001,0.0003,0.1,1.5,10,619,381,0.335366216,431.4046815,0.004273165,52985.21322
0.2,0.0001,0.0003,0.1,1.5,100,212,788,0.338686571,138.155622,0.004401682,45057.34279
0.2,0.0001,0.0003,0.1,1.5,1000,190,810,0.335894466,0.405955886,0.004344933,0.326316966
0.2,0.0001,0.0003,0.1,2,10,555,445,0.350547244,360.7539055,0.003121344,39971.91049
0.2,0.0001,0.0003,0.1,2,100,94,906,0.349338131,93.43569798,0.003452033,29559.21663
0.2,0.0001,0.0003,0.1,2,1000,105,895,0.350757296,0.391427034,0.003133945,0.041527925
0.2,0.0001,0.0003,0.1,2.5,10,498,502,0.361493743,284.2611295,0.003133783,25918.78495
0.2,0.0001,0.0003,0.1,2.5,100,73,927,0.364384881,54.46942992,0.002732575,12292.01711
0.2,0.0001,0.0003,0.1,2.5,1000,56,944,0.361967364,0.38285078,0.002742962,0.006300732
0.2,0.0001,0.0003,0.1,3,10,476,524,0.36669661,257.6962518,0.002597328,20255.60646
0.2,0.0001,0.0003,0.1,3,100,53,947,0.367740346,33.71275282,0.002347158,4762.938749
0.2,0.0001,0.0003,0.1,3,1000,39,961,0.370576688,0.396566019,0.002603103,0.073621462
0.2,0.0001,0.0003,1,0.1,10,402,598,0.448183547,91.03268412,0.002145944,1605.899341
0.2,0.0001,0.0003,1,0.1,100,5,995,0.448839047,1.2449489,0.002305874,7.669826976
0.2,0.0001,0.0003,1,0.1,1000,0,1000,0.446710604,0.057083918,0.002272344,0.000106707
0.2,0.0001,0.0003,1,0.5,10,278,722,0.463103197,82.64566984,0.001709826,1318.510881
0.2,0.0001,0.0003,1,0.5,100,3,997,0.458684227,0.77450311,0.001695853,0.043948734
0.2,0.0001,0.0003,1,0.5,1000,0,1000,0.461406744,0.038433842,0.00171676,5.15E-05
0.2,0.0001,0.0003,1,1.1,10,179,821,0.470978168,80.49031923,0.001211036,1200.803235
0.2,0.0001,0.0003,1,1.1,100,0,1000,0.469615495,0.576504748,0.001167578,0.016568384
0.2,0.0001,0.0003,1,1.1,1000,0,1000,0.470542232,0.034608197,0.001134284,3.70E-05
0.2,0.0001,0.0003,1,1.5,10,157,843,0.474409244,81.24965181,0.000952109,1198.488969
0.2,0.0001,0.0003,1,1.5,100,2,998,0.473636674,0.566296938,0.00100631,2.824936006
0.2,0.0001,0.0003,1,1.5,1000,0,1000,0.473123566,0.034142326,0.001035479,3.85E-05
0.2,0.0001,0.0003,1,2,10,146,854,0.47926946,79.06977256,0.000775395,1120.961995
0.2,0.0001,0.0003,1,2,100,2,998,0.477260361,0.481399132,0.000820743,0.011863517
0.2,0.0001,0.0003,1,2,1000,0,1000,0.478454346,0.034201874,0.00085021,3.46E-05
0.2,0.0001,0.0003,1,2.5,10,121,879,0.480939528,79.15702023,0.000682616,1180.49953
0.2,0.0001,0.0003,1,2.5,100,2,998,0.479932073,0.465295761,0.000718404,0.061490689
0.2,0.0001,0.0003,1,2.5,1000,0,1000,0.479802658,0.034295011,0.000724919,3.98E-05
0.2,0.0001,0.0003,1,3,10,119,881,0.484084168,77.40658591,0.000630828,1069.895944
0.2,0.0001,0.0003,1,3,100,0,1000,0.483398103,0.44547995,0.00061536,0.007485302
0.2,0.0001,0.0003,1,3,1000,0,1000,0.482865256,0.034016633,0.000640503,3.45E-05
0.2,0.0001,0.001,1.00E-05,0.1,10,1000,0,0,0,0,0
0.2,0.0001,0.001,1.00E-05,0.1,100,1000,0,0,0,0,0
0.2,0.0001,0.001,1.00E-05,0.1,1000,1000,0,0,0,0,0
0.2,0.0001,0.001,1.00E-05,0.5,10,1000,0,0,0,0,0
0.2,0.0001,0.001,1.00E-05,0.5,100,1000,0,0,0,0,0
0.2,0.0001,0.001,1.00E-05,0.5,1000,1000,0,0,0,0,0
0.2,0.0001,0.001,1.00E-05,1.1,10,1000,0,0,0,0,0
0.2,0.0001,0.001,1.00E-05,1.1,100,1000,0,0,0,0,0
0.2,0.0001,0.001,1.00E-05,1.1,1000,1000,0,0,0,0,0
0.2,0.0001,0.001,1.00E-05,1.5,10,1000,0,0,0,0,0
0.2,0.0001,0.001,1.00E-05,1.5,100,1000,0,0,0,0,0
0.2,0.0001,0.001,1.00E-05,1.5,1000,1000,0,0,0,0,0
0.2,0.0001,0.001,1.00E-05,2,10,1000,0,0,0,0,0
0.2,0.0001,0.001,1.00E-05,2,100,1000,0,0,0,0,0
0.2,0.0001,0.001,1.00E-05,2,1000,1000,0,0,0,0,0
0.2,0.0001,0.001,1.00E-05,2.5,10,1000,0,0,0,0,0
0.2,0.0001,0.001,1.00E-05,2.5,100,1000,0,0,0,0,0
0.2,0.0001,0.001,1.00E-05,2.5,1000,1000,0,0,0,0,0
0.2,0.0001,0.001,1.00E-05,3,10,1000,0,0,0,0,0
0.2,0.0001,0.001,1.00E-05,3,100,1000,0,0,0,0,0
0.2,0.0001,0.001,1.00E-05,3,1000,1000,0,0,0,0,0
0.2,0.0001,0.001,0.001,0.1,10,1000,0,0,0,0,0
0.2,0.0001,0.001,0.001,0.1,100,1000,0,0,0,0,0
0.2,0.0001,0.001,0.001,0.1,1000,1000,0,0,0,0,0
0.2,0.0001,0.001,0.001,0.5,10,1000,0,0,0,0,0
0.2,0.0001,0.001,0.001,0.5,100,1000,0,0,0,0,0
0.2,0.0001,0.001,0.001,0.5,1000,1000,0,0,0,0,0
0.2,0.0001,0.001,0.001,1.1,10,1000,0,0,0,0,0
0.2,0.0001,0.001,0.001,1.1,100,1000,0,0,0,0,0
0.2,0.0001,0.001,0.001,1.1,1000,1000,0,0,0,0,0
0.2,0.0001,0.001,0.001,1.5,10,1000,0,0,0,0,0
0.2,0.0001,0.001,0.001,1.5,100,1000,0,0,0,0,0
0.2,0.0001,0.001,0.001,1.5,1000,1000,0,0,0,0,0
0.2,0.0001,0.001,0.001,2,10,1000,0,0,0,0,0
0.2,0.0001,0.001,0.001,2,100,1000,0,0,0,0,0
0.2,0.0001,0.001,0.001,2,1000,1000,0,0,0,0,0
0.2,0.0001,0.001,0.001,2.5,10,1000,0,0,0,0,0
0.2,0.0001,0.001,0.001,2.5,100,1000,0,0,0,0,0
0.2,0.0001,0.001,0.001,2.5,1000,1000,0,0,0,0,0
0.2,0.0001,0.001,0.001,3,10,1000,0,0,0,0,0
0.2,0.0001,0.001,0.001,3,100,1000,0,0,0,0,0
0.2,0.0001,0.001,0.001,3,1000,1000,0,0,0,0,0
0.2,0.0001,0.001,0.1,0.1,10,1000,0,0,96.58380487,0,4296.875886
0.2,0.0001,0.001,0.1,0.1,100,1000,0,0,3.668713071,0,19.01571384
0.2,0.0001,0.001,0.1,0.1,1000,1000,0,0,0.249254214,0,1.256930958
0.2,0.0001,0.001,0.1,0.5,10,1000,0,0,78.2883606,0,3215.168402
0.2,0.0001,0.001,0.1,0.5,100,1000,0,0,1.917711103,0,1.228846431
0.2,0.0001,0.001,0.1,0.5,1000,1000,0,0,0.126666314,0,0.017998748
0.2,0.0001,0.001,0.1,1.1,10,999,1,0,74.87442244,0,2653.400282
0.2,0.0001,0.001,0.1,1.1,100,996,4,0.28482216,1.483882984,0.018282263,0.548878524
0.2,0.0001,0.001,0.1,1.1,1000,999,1,0.32,0.345421677,0,20.2844511
0.2,0.0001,0.001,0.1,1.5,10,996,4,0.29040404,71.16979531,0.002161769,3073.265093
0.2,0.0001,0.001,0.1,1.5,100,994,6,0.397869674,1.37808095,0.121075323,0.352772817
0.2,0.0001,0.001,0.1,1.5,1000,994,6,0.214529915,0.40651712,0.031255022,45.38925142
0.2,0.0001,0.001,0.1,2,10,990,10,0.313725441,71.6665643,0.036872975,2613.07083
0.2,0.0001,0.001,0.1,2,100,978,22,0.305164873,1.432539532,0.018263595,3.058979997
0.2,0.0001,0.001,0.1,2,1000,980,20,0.276163425,0.157383479,0.025873716,0.863763059
0.2,0.0001,0.001,0.1,2.5,10,991,9,0.295297124,72.4131107,0.022262611,3091.66689
0.2,0.0001,0.001,0.1,2.5,100,966,34,0.342884441,1.381736432,0.01715272,1.045632765
0.2,0.0001,0.001,0.1,2.5,1000,974,26,0.330075066,0.116157746,0.02909159,0.021008616
0.2,0.0001,0.001,0.1,3,10,973,27,0.375479785,64.37152348,0.010570761,2349.511769
0.2,0.0001,0.001,0.1,3,100,952,48,0.296884739,1.35796882,0.033953823,0.334368225
0.2,0.0001,0.001,0.1,3,1000,953,47,0.336607686,0.11786071,0.012032739,0.010314575
0.2,0.0001,0.001,1,0.1,10,871,129,0.416129445,21.63029839,0.024305027,286.9590571
0.2,0.0001,0.001,1,0.1,100,716,284,0.409656968,0.214710536,0.025833725,0.115683375
0.2,0.0001,0.001,1,0.1,1000,743,257,0.417817861,0.015888548,0.022157142,2.45E-05
0.2,0.0001,0.001,1,0.5,10,734,266,0.43616142,21.71306344,0.012953137,262.045987
0.2,0.0001,0.001,1,0.5,100,550,450,0.442947498,0.136243956,0.017885692,0.002100714
0.2,0.0001,0.001,1,0.5,1000,531,469,0.436893041,0.038349217,0.017141075,0.751265846
0.2,0.0001,0.001,1,1.1,10,616,384,0.451711829,23.37566764,0.013315215,401.3316931
0.2,0.0001,0.001,1,1.1,100,436,564,0.461232666,0.205557411,0.01089551,8.524947939
0.2,0.0001,0.001,1,1.1,1000,456,544,0.466542011,0.010056158,0.009379438,1.12E-05
0.2,0.0001,0.001,1,1.5,10,507,493,0.464555472,25.28966168,0.008765839,445.6995368
0.2,0.0001,0.001,1,1.5,100,362,638,0.459751612,0.111029171,0.009122373,0.001276328
0.2,0.0001,0.001,1,1.5,1000,366,634,0.468191454,0.010001462,0.008895351,1.06E-05
0.2,0.0001,0.001,1,2,10,502,498,0.476866981,24.93804395,0.005986613,419.9000792
0.2,0.0001,0.001,1,2,100,332,668,0.467216946,0.107858034,0.008242792,0.001197678
0.2,0.0001,0.001,1,2,1000,338,662,0.469167411,0.010147085,0.007637311,1.07E-05
0.2,0.0001,0.001,1,2.5,10,464,536,0.473217454,27.42329291,0.006310198,549.9509991
0.2,0.0001,0.001,1,2.5,100,313,687,0.472488163,0.107361423,0.0067825,0.001257254
0.2,0.0001,0.001,1,2.5,1000,311,689,0.476581401,0.010182736,0.004622446,1.02E-05
0.2,0.0001,0.001,1,3,10,455,545,0.474025724,26.47523546,0.007178582,473.403016
0.2,0.0001,0.001,1,3,100,298,702,0.478504471,0.105510264,0.006552905,0.001209193
0.2,0.0001,0.001,1,3,1000,307,693,0.48012111,0.010925806,0.004422359,0.000446661
0.2,0.0001,0.003,1.00E-05,0.1,10,1000,0,0,0,0,0
0.2,0.0001,0.003,1.00E-05,0.1,100,1000,0,0,0,0,0
0.2,0.0001,0.003,1.00E-05,0.1,1000,1000,0,0,0,0,0
0.2,0.0001,0.003,1.00E-05,0.5,10,1000,0,0,0,0,0
0.2,0.0001,0.003,1.00E-05,0.5,100,1000,0,0,0,0,0
0.2,0.0001,0.003,1.00E-05,0.5,1000,1000,0,0,0,0,0
0.2,0.0001,0.003,1.00E-05,1.1,10,1000,0,0,0,0,0
0.2,0.0001,0.003,1.00E-05,1.1,100,1000,0,0,0,0,0
0.2,0.0001,0.003,1.00E-05,1.1,1000,1000,0,0,0,0,0
0.2,0.0001,0.003,1.00E-05,1.5,10,1000,0,0,0,0,0
0.2,0.0001,0.003,1.00E-05,1.5,100,1000,0,0,0,0,0
0.2,0.0001,0.003,1.00E-05,1.5,1000,1000,0,0,0,0,0
0.2,0.0001,0.003,1.00E-05,2,10,1000,0,0,0,0,0
0.2,0.0001,0.003,1.00E-05,2,100,1000,0,0,0,0,0
0.2,0.0001,0.003,1.00E-05,2,1000,1000,0,0,0,0,0
0.2,0.0001,0.003,1.00E-05,2.5,10,1000,0,0,0,0,0
0.2,0.0001,0.003,1.00E-05,2.5,100,1000,0,0,0,0,0
0.2,0.0001,0.003,1.00E-05,2.5,1000,1000,0,0,0,0,0
0.2,0.0001,0.003,1.00E-05,3,10,1000,0,0,0,0,0
0.2,0.0001,0.003,1.00E-05,3,100,1000,0,0,0,0,0
0.2,0.0001,0.003,1.00E-05,3,1000,1000,0,0,0,0,0
0.2,0.0001,0.003,0.001,0.1,10,1000,0,0,0,0,0
0.2,0.0001,0.003,0.001,0.1,100,1000,0,0,0,0,0
0.2,0.0001,0.003,0.001,0.1,1000,1000,0,0,7.615217617,0,0
0.2,0.0001,0.003,0.001,0.5,10,1000,0,0,0,0,0
0.2,0.0001,0.003,0.001,0.5,100,1000,0,0,8.460649041,0,8.0267605
0.2,0.0001,0.003,0.001,0.5,1000,1000,0,0,0.448973089,0,0.129451154
0.2,0.0001,0.003,0.001,1.1,10,1000,0,0,0,0,0
0.2,0.0001,0.003,0.001,1.1,100,1000,0,0,0,0,0
0.2,0.0001,0.003,0.001,1.1,1000,1000,0,0,1.394047186,0,0.849193207
0.2,0.0001,0.003,0.001,1.5,10,1000,0,0,0,0,0
0.2,0.0001,0.003,0.001,1.5,100,1000,0,0,0,0,0
0.2,0.0001,0.003,0.001,1.5,1000,1000,0,0,0.424868443,0,0.00124755
0.2,0.0001,0.003,0.001,2,10,1000,0,0,0,0,0
0.2,0.0001,0.003,0.001,2,100,1000,0,0,10.88730959,0,33.73692404
0.2,0.0001,0.003,0.001,2,1000,1000,0,0,2.544528279,0,4.027938927
0.2,0.0001,0.003,0.001,2.5,10,1000,0,0,0,0,0
0.2,0.0001,0.003,0.001,2.5,100,1000,0,0,8.045445387,0,80.19410825
0.2,0.0001,0.003,0.001,2.5,1000,1000,0,0,0.695423698,0,0.121357586
0.2,0.0001,0.003,0.001,3,10,1000,0,0,0,0,0
0.2,0.0001,0.003,0.001,3,100,1000,0,0,7.103495534,0,0
0.2,0.0001,0.003,0.001,3,1000,1000,0,0,1.016425384,0,0.657459266
0.2,0.0001,0.003,0.1,0.1,10,1000,0,0,8.58247817,0,53.1626736
0.2,0.0001,0.003,0.1,0.1,100,1000,0,0,0.721959321,0,0.857260756
0.2,0.0001,0.003,0.1,0.1,1000,1000,0,0,0.061385241,0,0.039451716
0.2,0.0001,0.003,0.1,0.5,10,1000,0,0,7.15990313,0,40.39636513
0.2,0.0001,0.003,0.1,0.5,100,1000,0,0,0.422746687,0,0.167456715
0.2,0.0001,0.003,0.1,0.5,1000,1000,0,0,0.05894797,0,0.23703623
0.2,0.0001,0.003,0.1,1.1,10,1000,0,0,6.433122111,0,41.09082748
0.2,0.0001,0.003,0.1,1.1,100,1000,0,0,0.393266272,0,0.313223237
0.2,0.0001,0.003,0.1,1.1,1000,1000,0,0,0.035479871,0,0.003568284
0.2,0.0001,0.003,0.1,1.5,10,1000,0,0,5.886253704,0,33.92116398
0.2,0.0001,0.003,0.1,1.5,100,1000,0,0,0.429800379,0,2.839991202
0.2,0.0001,0.003,0.1,1.5,1000,1000,0,0,0.040618835,0,0.026795102
0.2,0.0001,0.003,0.1,2,10,1000,0,0,5.790005534,0,30.9142235
0.2,0.0001,0.003,0.1,2,100,1000,0,0,0.362502786,0,0.082809555
0.2,0.0001,0.003,0.1,2,1000,1000,0,0,0.033332884,0,0.000487582
0.2,0.0001,0.003,0.1,2.5,10,1000,0,0,5.507282028,0,49.10682627
0.2,0.0001,0.003,0.1,2.5,100,1000,0,0,0.375981515,0,0.753559582
0.2,0.0001,0.003,0.1,2.5,1000,1000,0,0,0.051210678,0,0.077244502
0.2,0.0001,0.003,0.1,3,10,1000,0,0,6.090407153,0,62.80236674
0.2,0.0001,0.003,0.1,3,100,1000,0,0,0.393453979,0,0.634061842
0.2,0.0001,0.003,0.1,3,1000,1000,0,0,0.045408937,0,0.058231641
0.2,0.0001,0.003,1,0.1,10,1000,0,0,0.975276431,0,1.213960445
0.2,0.0001,0.003,1,0.1,100,1000,0,0,0.054107704,0,0.001040463
0.2,0.0001,0.003,1,0.1,1000,1000,0,0,0.004832876,0,8.21E-06
0.2,0.0001,0.003,1,0.5,10,1000,0,0,0.703016982,0,0.461830362
0.2,0.0001,0.003,1,0.5,100,1000,0,0,0.034441706,0,0.000419397
0.2,0.0001,0.003,1,0.5,1000,1000,0,0,0.010208521,0,0.05027603
0.2,0.0001,0.003,1,1.1,10,1000,0,0,0.559787451,0,0.18529751
0.2,0.0001,0.003,1,1.1,100,1000,0,0,0.031112206,0,0.000343323
0.2,0.0001,0.003,1,1.1,1000,1000,0,0,0.003068297,0,9.13E-06
0.2,0.0001,0.003,1,1.5,10,1000,0,0,0.534627042,0,0.427613844
0.2,0.0001,0.003,1,1.5,100,1000,0,0,0.03155577,0,0.000351493
0.2,0.0001,0.003,1,1.5,1000,1000,0,0,0.003040433,0,3.07E-06
0.2,0.0001,0.003,1,2,10,1000,0,0,0.470317368,0,0.145236204
0.2,0.0001,0.003,1,2,100,1000,0,0,0.030944282,0,0.000364349
0.2,0.0001,0.003,1,2,1000,1000,0,0,0.003074559,0,3.25E-06
0.2,0.0001,0.003,1,2.5,10,1000,0,0,0.444684704,0,0.14651702
0.2,0.0001,0.003,1,2.5,100,1000,0,0,0.031328417,0,0.00029755
0.2,0.0001,0.003,1,2.5,1000,999,1,0.473684211,0.003048953,0,3.36E-06
0.2,0.0001,0.003,1,3,10,1000,0,0,0.433573696,0,0.171983494
0.2,0.0001,0.003,1,3,100,1000,0,0,0.031653283,0,0.000332705
0.2,0.0001,0.003,1,3,1000,999,1,0.5,0.050603805,0,1.164135243
0.2,0.001,0.0001,1.00E-05,0.1,10,1000,0,0,0,0,0
0.2,0.001,0.0001,1.00E-05,0.1,100,1000,0,0,0,0,0
0.2,0.001,0.0001,1.00E-05,0.1,1000,1000,0,0,0,0,0
0.2,0.001,0.0001,1.00E-05,0.5,10,1000,0,0,0,0,0
0.2,0.001,0.0001,1.00E-05,0.5,100,1000,0,0,0,0,0
0.2,0.001,0.0001,1.00E-05,0.5,1000,1000,0,0,0,0,0
0.2,0.001,0.0001,1.00E-05,1.1,10,1000,0,0,0,0,0
0.2,0.001,0.0001,1.00E-05,1.1,100,1000,0,0,0,0,0
0.2,0.001,0.0001,1.00E-05,1.1,1000,1000,0,0,0,0,0
0.2,0.001,0.0001,1.00E-05,1.5,10,1000,0,0,0,0,0
0.2,0.001,0.0001,1.00E-05,1.5,100,1000,0,0,0,0,0
0.2,0.001,0.0001,1.00E-05,1.5,1000,1000,0,0,0,0,0
0.2,0.001,0.0001,1.00E-05,2,10,1000,0,0,0,0,0
0.2,0.001,0.0001,1.00E-05,2,100,1000,0,0,0,0,0
0.2,0.001,0.0001,1.00E-05,2,1000,1000,0,0,0,0,0
0.2,0.001,0.0001,1.00E-05,2.5,10,1000,0,0,0,0,0
0.2,0.001,0.0001,1.00E-05,2.5,100,1000,0,0,0,0,0
0.2,0.001,0.0001,1.00E-05,2.5,1000,1000,0,0,0,0,0
0.2,0.001,0.0001,1.00E-05,3,10,1000,0,0,0,0,0
0.2,0.001,0.0001,1.00E-05,3,100,1000,0,0,0,0,0
0.2,0.001,0.0001,1.00E-05,3,1000,1000,0,0,0,0,0
0.2,0.001,0.0001,0.001,0.1,10,1000,0,0,0,0,0
0.2,0.001,0.0001,0.001,0.1,100,1000,0,0,0,0,0
0.2,0.001,0.0001,0.001,0.1,1000,1000,0,0,0,0,0
0.2,0.001,0.0001,0.001,0.5,10,1000,0,0,0,0,0
0.2,0.001,0.0001,0.001,0.5,100,1000,0,0,0,0,0
0.2,0.001,0.0001,0.001,0.5,1000,1000,0,0,0,0,0
0.2,0.001,0.0001,0.001,1.1,10,1000,0,0,0,0,0
0.2,0.001,0.0001,0.001,1.1,100,1000,0,0,0,0,0
0.2,0.001,0.0001,0.001,1.1,1000,1000,0,0,0,0,0
0.2,0.001,0.0001,0.001,1.5,10,1000,0,0,0,0,0
0.2,0.001,0.0001,0.001,1.5,100,1000,0,0,0,0,0
0.2,0.001,0.0001,0.001,1.5,1000,1000,0,0,0,0,0
0.2,0.001,0.0001,0.001,2,10,1000,0,0,0,0,0
0.2,0.001,0.0001,0.001,2,100,1000,0,0,0,0,0
0.2,0.001,0.0001,0.001,2,1000,1000,0,0,0,0,0
0.2,0.001,0.0001,0.001,2.5,10,1000,0,0,0,0,0
0.2,0.001,0.0001,0.001,2.5,100,1000,0,0,0,0,0
0.2,0.001,0.0001,0.001,2.5,1000,1000,0,0,0,0,0
0.2,0.001,0.0001,0.001,3,10,1000,0,0,0,0,0
0.2,0.001,0.0001,0.001,3,100,1000,0,0,0,0,0
0.2,0.001,0.0001,0.001,3,1000,1000,0,0,0,0,0
0.2,0.001,0.0001,0.1,0.1,10,884,116,0.2432974,0,0.005786507,0
0.2,0.001,0.0001,0.1,0.1,100,378,622,0.25494627,0,0.005859143,0
0.2,0.001,0.0001,0.1,0.1,1000,315,685,0.248071537,3.294877858,0.005743632,0.774624443
0.2,0.001,0.0001,0.1,0.5,10,663,337,0.29076586,0,0.001866372,0
0.2,0.001,0.0001,0.1,0.5,100,27,973,0.291054055,0,0.001722651,0
0.2,0.001,0.0001,0.1,0.5,1000,22,978,0.291094136,1.773648621,0.001573677,0.06532419
0.2,0.001,0.0001,0.1,1.1,10,480,520,0.326604737,656.017555,0.001044463,33103.97366
0.2,0.001,0.0001,0.1,1.1,100,3,997,0.324865727,418.6133555,0.001024906,21485.97783
0.2,0.001,0.0001,0.1,1.1,1000,0,1000,0.322653997,1.38789889,0.000935427,0.049165795
0.2,0.001,0.0001,0.1,1.5,10,398,602,0.337950181,667.0948357,0.000802384,34383.67111
0.2,0.001,0.0001,0.1,1.5,100,0,1000,0.337256,587.7943024,0.00086832,58697.70196
0.2,0.001,0.0001,0.1,1.5,1000,0,1000,0.339064576,1.328344549,0.000875194,0.037369453
0.2,0.001,0.0001,0.1,2,10,402,598,0.35109016,592.9189644,0.000689646,43263.23136
0.2,0.001,0.0001,0.1,2,100,0,1000,0.351514043,520.4992292,0.00069765,57872.46504
0.2,0.001,0.0001,0.1,2,1000,0,1000,0.353426234,1.29786369,0.000693627,0.02794864
0.2,0.001,0.0001,0.1,2.5,10,394,606,0.365833377,518.2413221,0.000575402,40313.89464
0.2,0.001,0.0001,0.1,2.5,100,0,1000,0.364484976,392.8325879,0.000608256,50305.87672
0.2,0.001,0.0001,0.1,2.5,1000,0,1000,0.364178677,1.290352514,0.000604393,0.030969353
0.2,0.001,0.0001,0.1,3,10,385,615,0.373102353,420.0720052,0.000556966,29452.89262
0.2,0.001,0.0001,0.1,3,100,2,998,0.373607153,286.323171,0.000536284,29098.87566
0.2,0.001,0.0001,0.1,3,1000,0,1000,0.37327513,1.285276003,0.000592485,0.028316227
0.2,0.001,0.0001,1,0.1,10,327,673,0.448098061,138.4555506,0.000707198,1379.608161
0.2,0.001,0.0001,1,0.1,100,1,999,0.446957867,48.79615049,0.000684918,288.2535524
0.2,0.001,0.0001,1,0.1,1000,0,1000,0.447354578,0.196164173,0.000715864,0.000459966
0.2,0.001,0.0001,1,0.5,10,237,763,0.459881128,127.2667551,0.000523233,1251.211227
0.2,0.001,0.0001,1,0.5,100,0,1000,0.45889074,43.01820479,0.000520749,241.3470844
0.2,0.001,0.0001,1,0.5,1000,0,1000,0.459853665,0.134254945,0.000507086,0.000192643
0.2,0.001,0.0001,1,1.1,10,149,851,0.470463283,120.985779,0.000377831,1094.873141
0.2,0.001,0.0001,1,1.1,100,0,1000,0.469908701,39.20367437,0.000356409,174.9032676
0.2,0.001,0.0001,1,1.1,1000,0,1000,0.470330751,0.112722208,0.000374739,0.000133529
0.2,0.001,0.0001,1,1.5,10,113,887,0.474818571,119.098117,0.00031846,1091.780291
0.2,0.001,0.0001,1,1.5,100,0,1000,0.474647871,37.54863154,0.000335347,169.7066829
0.2,0.001,0.0001,1,1.5,1000,0,1000,0.474457515,0.10890593,0.000316022,0.000117175
0.2,0.001,0.0001,1,2,10,111,889,0.478816042,117.5626239,0.000254102,1106.427731
0.2,0.001,0.0001,1,2,100,0,1000,0.478475135,35.58509811,0.000267157,141.3710233
0.2,0.001,0.0001,1,2,1000,0,1000,0.478924549,0.109359164,0.000253808,0.003150664
0.2,0.001,0.0001,1,2.5,10,123,877,0.482100978,115.204744,0.000211966,1004.278436
0.2,0.001,0.0001,1,2.5,100,0,1000,0.480593748,34.62732199,0.000216381,129.656045
0.2,0.001,0.0001,1,2.5,1000,0,1000,0.481255798,0.10701631,0.000240072,0.000121739
0.2,0.001,0.0001,1,3,10,109,891,0.48351044,114.2403156,0.000198947,979.0857563
0.2,0.001,0.0001,1,3,100,0,1000,0.483433801,34.59602565,0.000184097,143.5253282
0.2,0.001,0.0001,1,3,1000,0,1000,0.483859736,0.107445119,0.000210368,0.000120288
0.2,0.001,0.0003,1.00E-05,0.1,10,1000,0,0,0,0,0
0.2,0.001,0.0003,1.00E-05,0.1,100,1000,0,0,0,0,0
0.2,0.001,0.0003,1.00E-05,0.1,1000,1000,0,0,0,0,0
0.2,0.001,0.0003,1.00E-05,0.5,10,1000,0,0,0,0,0
0.2,0.001,0.0003,1.00E-05,0.5,100,1000,0,0,0,0,0
0.2,0.001,0.0003,1.00E-05,0.5,1000,1000,0,0,0,0,0
0.2,0.001,0.0003,1.00E-05,1.1,10,1000,0,0,0,0,0
0.2,0.001,0.0003,1.00E-05,1.1,100,1000,0,0,0,0,0
0.2,0.001,0.0003,1.00E-05,1.1,1000,1000,0,0,0,0,0
0.2,0.001,0.0003,1.00E-05,1.5,10,1000,0,0,0,0,0
0.2,0.001,0.0003,1.00E-05,1.5,100,1000,0,0,0,0,0
0.2,0.001,0.0003,1.00E-05,1.5,1000,1000,0,0,0,0,0
0.2,0.001,0.0003,1.00E-05,2,10,1000,0,0,0,0,0
0.2,0.001,0.0003,1.00E-05,2,100,1000,0,0,0,0,0
0.2,0.001,0.0003,1.00E-05,2,1000,1000,0,0,0,0,0
0.2,0.001,0.0003,1.00E-05,2.5,10,1000,0,0,0,0,0
0.2,0.001,0.0003,1.00E-05,2.5,100,1000,0,0,0,0,0
0.2,0.001,0.0003,1.00E-05,2.5,1000,1000,0,0,0,0,0
0.2,0.001,0.0003,1.00E-05,3,10,1000,0,0,0,0,0
0.2,0.001,0.0003,1.00E-05,3,100,1000,0,0,0,0,0
0.2,0.001,0.0003,1.00E-05,3,1000,1000,0,0,0,0,0
0.2,0.001,0.0003,0.001,0.1,10,1000,0,0,0,0,0
0.2,0.001,0.0003,0.001,0.1,100,1000,0,0,0,0,0
0.2,0.001,0.0003,0.001,0.1,1000,1000,0,0,0,0,0
0.2,0.001,0.0003,0.001,0.5,10,1000,0,0,0,0,0
0.2,0.001,0.0003,0.001,0.5,100,1000,0,0,0,0,0
0.2,0.001,0.0003,0.001,0.5,1000,1000,0,0,0,0,0
0.2,0.001,0.0003,0.001,1.1,10,1000,0,0,0,0,0
0.2,0.001,0.0003,0.001,1.1,100,1000,0,0,0,0,0
0.2,0.001,0.0003,0.001,1.1,1000,1000,0,0,0,0,0
0.2,0.001,0.0003,0.001,1.5,10,1000,0,0,0,0,0
0.2,0.001,0.0003,0.001,1.5,100,1000,0,0,0,0,0
0.2,0.001,0.0003,0.001,1.5,1000,1000,0,0,0,0,0
0.2,0.001,0.0003,0.001,2,10,1000,0,0,0,0,0
0.2,0.001,0.0003,0.001,2,100,1000,0,0,0,0,0
0.2,0.001,0.0003,0.001,2,1000,1000,0,0,0,0,0
0.2,0.001,0.0003,0.001,2.5,10,1000,0,0,0,0,0
0.2,0.001,0.0003,0.001,2.5,100,1000,0,0,0,0,0
0.2,0.001,0.0003,0.001,2.5,1000,1000,0,0,0,0,0
0.2,0.001,0.0003,0.001,3,10,1000,0,0,0,0,0
0.2,0.001,0.0003,0.001,3,100,1000,0,0,0,0,0
0.2,0.001,0.0003,0.001,3,1000,1000,0,0,0,0,0
0.2,0.001,0.0003,0.1,0.1,10,995,5,0.19479774,264.5479415,0.01493168,0
0.2,0.001,0.0003,0.1,0.1,100,971,29,0.231521502,26.50103431,0.013433547,401.5705926
0.2,0.001,0.0003,0.1,0.1,1000,953,47,0.218929264,0.749042345,0.018111362,0.193317567
0.2,0.001,0.0003,0.1,0.5,10,922,78,0.261067557,334.9327926,0.010032946,34960.03107
0.2,0.001,0.0003,0.1,0.5,100,739,261,0.269368034,88.24412803,0.0131201,26069.60954
0.2,0.001,0.0003,0.1,0.5,1000,704,296,0.28697608,0.468900475,0.009602106,0.440122227
0.2,0.001,0.0003,0.1,1.1,10,694,306,0.310309358,479.2275067,0.008817237,57041.46099
0.2,0.001,0.0003,0.1,1.1,100,332,668,0.323518592,171.7461025,0.005098501,57523.69643
0.2,0.001,0.0003,0.1,1.1,1000,323,677,0.319996885,0.39816443,0.00710871,0.041594212
0.2,0.001,0.0003,0.1,1.5,10,620,380,0.329593495,441.7267958,0.004867815,50378.29564
0.2,0.001,0.0003,0.1,1.5,100,177,823,0.333532266,146.7037978,0.004390654,50608.64974
0.2,0.001,0.0003,0.1,1.5,1000,173,827,0.332841596,0.387603119,0.00422167,0.015105649
0.2,0.001,0.0003,0.1,2,10,498,502,0.351409289,356.9387203,0.002952455,47022.89311
0.2,0.001,0.0003,0.1,2,100,102,898,0.347679389,79.14992877,0.00317641,22295.90414
0.2,0.001,0.0003,0.1,2,1000,98,902,0.351371986,0.395000025,0.002936938,0.034431846
0.2,0.001,0.0003,0.1,2.5,10,467,533,0.366243276,290.1212958,0.002227893,29689.75504
0.2,0.001,0.0003,0.1,2.5,100,59,941,0.366049548,49.87233124,0.002369856,11844.99386
0.2,0.001,0.0003,0.1,2.5,1000,47,953,0.360893427,0.399188506,0.002966826,0.169901892
0.2,0.001,0.0003,0.1,3,10,436,564,0.37069385,252.1625003,0.002088656,16233.3742
0.2,0.001,0.0003,0.1,3,100,52,948,0.370575454,38.03683972,0.002236445,5897.022144
0.2,0.001,0.0003,0.1,3,1000,30,970,0.368594117,0.384909607,0.002535635,0.013774836
0.2,0.001,0.0003,1,0.1,10,381,619,0.450532266,90.89694324,0.002143662,1867.738909
0.2,0.001,0.0003,1,0.1,100,2,998,0.444211825,1.628719258,0.002325037,54.58308509
0.2,0.001,0.0003,1,0.1,1000,0,1000,0.446671986,0.05850872,0.002439671,0.000721122
0.2,0.001,0.0003,1,0.5,10,235,765,0.458821245,83.39484142,0.001721818,1308.624991
0.2,0.001,0.0003,1,0.5,100,0,1000,0.461679728,0.803504453,0.001674559,0.477065987
0.2,0.001,0.0003,1,0.5,1000,0,1000,0.460634477,0.040158604,0.001637485,0.00250215
0.2,0.001,0.0003,1,1.1,10,184,816,0.469953747,82.56624072,0.00116055,1374.638691
0.2,0.001,0.0003,1,1.1,100,0,1000,0.470396838,0.702450587,0.001177363,10.91918003
0.2,0.001,0.0003,1,1.1,1000,0,1000,0.471370931,0.034445539,0.001249671,3.57E-05
0.2,0.001,0.0003,1,1.5,10,157,843,0.474351513,81.74761054,0.000971279,1385.450282
0.2,0.001,0.0003,1,1.5,100,1,999,0.474831481,0.587627517,0.00108646,5.549439103
0.2,0.001,0.0003,1,1.5,1000,0,1000,0.472822743,0.033685437,0.001015767,3.45E-05
0.2,0.001,0.0003,1,2,10,145,855,0.476906159,78.64976472,0.000866744,1143.674346
0.2,0.001,0.0003,1,2,100,0,1000,0.478689053,0.478749923,0.000848051,0.050019881
0.2,0.001,0.0003,1,2,1000,0,1000,0.478023208,0.036679769,0.000838271,0.007629702
0.2,0.001,0.0003,1,2.5,10,118,882,0.482858483,77.59616264,0.000684081,1166.907944
0.2,0.001,0.0003,1,2.5,100,1,999,0.482339675,0.466002583,0.000658966,0.069678313
0.2,0.001,0.0003,1,2.5,1000,0,1000,0.481048652,0.034738977,0.000666362,0.00034097
0.2,0.001,0.0003,1,3,10,124,876,0.483226929,79.06170791,0.000662544,1266.629167
0.2,0.001,0.0003,1,3,100,0,1000,0.483496216,0.444565578,0.000607618,0.053011725
0.2,0.001,0.0003,1,3,1000,0,1000,0.484436438,0.033820927,0.000669848,3.60E-05
0.2,0.001,0.001,1.00E-05,0.1,10,1000,0,0,0,0,0
0.2,0.001,0.001,1.00E-05,0.1,100,1000,0,0,0,0,0
0.2,0.001,0.001,1.00E-05,0.1,1000,1000,0,0,0,0,0
0.2,0.001,0.001,1.00E-05,0.5,10,1000,0,0,0,0,0
0.2,0.001,0.001,1.00E-05,0.5,100,1000,0,0,0,0,0
0.2,0.001,0.001,1.00E-05,0.5,1000,1000,0,0,0,0,0
0.2,0.001,0.001,1.00E-05,1.1,10,1000,0,0,0,0,0
0.2,0.001,0.001,1.00E-05,1.1,100,1000,0,0,0,0,0
0.2,0.001,0.001,1.00E-05,1.1,1000,1000,0,0,0,0,0
0.2,0.001,0.001,1.00E-05,1.5,10,1000,0,0,0,0,0
0.2,0.001,0.001,1.00E-05,1.5,100,1000,0,0,0,0,0
0.2,0.001,0.001,1.00E-05,1.5,1000,1000,0,0,0,0,0
0.2,0.001,0.001,1.00E-05,2,10,1000,0,0,0,0,0
0.2,0.001,0.001,1.00E-05,2,100,1000,0,0,0,0,0
0.2,0.001,0.001,1.00E-05,2,1000,1000,0,0,0,0,0
0.2,0.001,0.001,1.00E-05,2.5,10,1000,0,0,0,0,0
0.2,0.001,0.001,1.00E-05,2.5,100,1000,0,0,0,0,0
0.2,0.001,0.001,1.00E-05,2.5,1000,1000,0,0,0,0,0
0.2,0.001,0.001,1.00E-05,3,10,1000,0,0,0,0,0
0.2,0.001,0.001,1.00E-05,3,100,1000,0,0,0,0,0
0.2,0.001,0.001,1.00E-05,3,1000,1000,0,0,0,0,0
0.2,0.001,0.001,0.001,0.1,10,1000,0,0,0,0,0
0.2,0.001,0.001,0.001,0.1,100,1000,0,0,0,0,0
0.2,0.001,0.001,0.001,0.1,1000,1000,0,0,0,0,0
0.2,0.001,0.001,0.001,0.5,10,1000,0,0,0,0,0
0.2,0.001,0.001,0.001,0.5,100,1000,0,0,0,0,0
0.2,0.001,0.001,0.001,0.5,1000,1000,0,0,0,0,0
0.2,0.001,0.001,0.001,1.1,10,1000,0,0,0,0,0
0.2,0.001,0.001,0.001,1.1,100,1000,0,0,0,0,0
0.2,0.001,0.001,0.001,1.1,1000,1000,0,0,0,0,0
0.2,0.001,0.001,0.001,1.5,10,1000,0,0,0,0,0
0.2,0.001,0.001,0.001,1.5,100,1000,0,0,0,0,0
0.2,0.001,0.001,0.001,1.5,1000,1000,0,0,0,0,0
0.2,0.001,0.001,0.001,2,10,1000,0,0,0,0,0
0.2,0.001,0.001,0.001,2,100,1000,0,0,0,0,0
0.2,0.001,0.001,0.001,2,1000,1000,0,0,0,0,0
0.2,0.001,0.001,0.001,2.5,10,1000,0,0,0,0,0
0.2,0.001,0.001,0.001,2.5,100,1000,0,0,0,0,0
0.2,0.001,0.001,0.001,2.5,1000,1000,0,0,0,0,0
0.2,0.001,0.001,0.001,3,10,1000,0,0,0,0,0
0.2,0.001,0.001,0.001,3,100,1000,0,0,0,0,0
0.2,0.001,0.001,0.001,3,1000,1000,0,0,0,0,0
0.2,0.001,0.001,0.1,0.1,10,1000,0,0,68.23420705,0,1329.482805
0.2,0.001,0.001,0.1,0.1,100,1000,0,0,3.789216026,0,32.25997465
0.2,0.001,0.001,0.1,0.1,1000,1000,0,0,0.269504164,0,1.132559996
0.2,0.001,0.001,0.1,0.5,10,1000,0,0,82.73378578,0,2507.48881
0.2,0.001,0.001,0.1,0.5,100,999,1,0,2.107063807,0,3.270760673
0.2,0.001,0.001,0.1,0.5,1000,1000,0,0,0.162457004,0,0.267449379
0.2,0.001,0.001,0.1,1.1,10,999,1,0.272727273,81.60424429,0,3352.015313
0.2,0.001,0.001,0.1,1.1,100,997,3,0.378787879,1.602029503,0.0087236,15.86757057
0.2,0.001,0.001,0.1,1.1,1000,998,2,0.210526316,0.157560603,0.04432133,0.839818633
0.2,0.001,0.001,0.1,1.5,10,999,1,0.361111111,76.62509159,0,3298.109306
0.2,0.001,0.001,0.1,1.5,100,992,8,0.20630787,1.99327289,0.017918378,106.044526
0.2,0.001,0.001,0.1,1.5,1000,981,19,0.304620508,0.118362688,0.023873192,0.005647407
0.2,0.001,0.001,0.1,2,10,997,3,0.323333333,73.61361053,0.003755556,3395.822218
0.2,0.001,0.001,0.1,2,100,972,28,0.32755392,1.813344422,0.016888421,57.42934457
0.2,0.001,0.001,0.1,2,1000,975,25,0.314296469,0.148956923,0.024233723,0.1903748
0.2,0.001,0.001,0.1,2.5,10,981,19,0.297214716,68.98626142,0.037385783,2623.239357
0.2,0.001,0.001,0.1,2.5,100,961,39,0.3588915,1.651383058,0.025629833,36.17843021
0.2,0.001,0.001,0.1,2.5,1000,963,37,0.29997183,0.131080643,0.029474228,0.121879898
0.2,0.001,0.001,0.1,3,10,976,24,0.345954679,69.33935216,0.023269106,2556.454853
0.2,0.001,0.001,0.1,3,100,960,40,0.309190383,1.527317786,0.018584217,12.07176761
0.2,0.001,0.001,0.1,3,1000,959,41,0.332549392,0.161253163,0.020009604,1.254416709
0.2,0.001,0.001,1,0.1,10,866,134,0.420372876,20.37504259,0.027655422,237.2431408
0.2,0.001,0.001,1,0.1,100,725,275,0.420540027,0.228597588,0.020796258,0.569528817
0.2,0.001,0.001,1,0.1,1000,695,305,0.405280421,0.023109603,0.022123764,0.027468021
0.2,0.001,0.001,1,0.5,10,730,270,0.44550145,21.69934214,0.014603352,302.3897775
0.2,0.001,0.001,1,0.5,100,537,463,0.439374019,0.146776209,0.015209249,0.073259869
0.2,0.001,0.001,1,0.5,1000,543,457,0.444677994,0.012723622,0.015914856,0.001602341
0.2,0.001,0.001,1,1.1,10,558,442,0.4632522,25.14705326,0.010979796,490.9215404
0.2,0.001,0.001,1,1.1,100,386,614,0.462403269,0.14102255,0.010614606,0.515618973
0.2,0.001,0.001,1,1.1,1000,440,560,0.461543423,0.010267187,0.010318606,4.25E-05
0.2,0.001,0.001,1,1.5,10,523,477,0.46147957,25.13165343,0.009390389,501.6299466
0.2,0.001,0.001,1,1.5,100,363,637,0.472940177,0.110392125,0.007481269,0.010274699
0.2,0.001,0.001,1,1.5,1000,346,654,0.460184169,0.010332863,0.008890798,1.65E-05
0.2,0.001,0.001,1,2,10,468,532,0.473507909,26.00944677,0.005873271,558.0336571
0.2,0.001,0.001,1,2,100,334,666,0.471626188,0.107479399,0.00609987,0.00117581
0.2,0.001,0.001,1,2,1000,350,650,0.470998997,0.011204596,0.00933788,0.001044542
0.2,0.001,0.001,1,2.5,10,430,570,0.476077437,25.65860142,0.005929462,450.0182749
0.2,0.001,0.001,1,2.5,100,324,676,0.475940423,0.119969311,0.006237816,0.125832786
0.2,0.001,0.001,1,2.5,1000,282,718,0.476115265,0.010180761,0.007459546,1.07E-05
0.2,0.001,0.001,1,3,10,418,582,0.475443036,26.09906432,0.008032818,587.905615
0.2,0.001,0.001,1,3,100,267,733,0.475528969,0.108426649,0.005875618,0.001229089
0.2,0.001,0.001,1,3,1000,283,717,0.478665729,0.013222477,0.007022079,0.008401057
0.2,0.001,0.003,1.00E-05,0.1,10,1000,0,0,0,0,0
0.2,0.001,0.003,1.00E-05,0.1,100,1000,0,0,3.004542533,0,3.675292501
0.2,0.001,0.003,1.00E-05,0.1,1000,1000,0,0,1.309319876,0,0.734687135
0.2,0.001,0.003,1.00E-05,0.5,10,1000,0,0,0,0,0
0.2,0.001,0.003,1.00E-05,0.5,100,1000,0,0,3.646940985,0,0
0.2,0.001,0.003,1.00E-05,0.5,1000,1000,0,0,3.664831088,0,11.62870044
0.2,0.001,0.003,1.00E-05,1.1,10,1000,0,0,0,0,0
0.2,0.001,0.003,1.00E-05,1.1,100,1000,0,0,6.099894861,0,0
0.2,0.001,0.003,1.00E-05,1.1,1000,1000,0,0,2.391573352,0,1.232539339
0.2,0.001,0.003,1.00E-05,1.5,10,1000,0,0,0,0,0
0.2,0.001,0.003,1.00E-05,1.5,100,1000,0,0,4.313166738,0,4.027102861
0.2,0.001,0.003,1.00E-05,1.5,1000,1000,0,0,0.999985368,0,0.351438774
0.2,0.001,0.003,1.00E-05,2,10,1000,0,0,0,0,0
0.2,0.001,0.003,1.00E-05,2,100,1000,0,0,0,0,0
0.2,0.001,0.003,1.00E-05,2,1000,1000,0,0,2.806043617,0,6.077565852
0.2,0.001,0.003,1.00E-05,2.5,10,1000,0,0,0,0,0
0.2,0.001,0.003,1.00E-05,2.5,100,1000,0,0,3.1661255,0,0.027669898
0.2,0.001,0.003,1.00E-05,2.5,1000,1000,0,0,1.536440933,0,0.746302029
0.2,0.001,0.003,1.00E-05,3,10,1000,0,0,0,0,0
0.2,0.001,0.003,1.00E-05,3,100,1000,0,0,4.328842611,0,0
0.2,0.001,0.003,1.00E-05,3,1000,1000,0,0,0.9449268,0,0.13667557
0.2,0.001,0.003,0.001,0.1,10,1000,0,0,5.971123822,0,0
0.2,0.001,0.003,0.001,0.1,100,1000,0,0,8.911979691,0,16.72314338
0.2,0.001,0.003,0.001,0.1,1000,1000,0,0,1.62863591,0,6.399091304
0.2,0.001,0.003,0.001,0.5,10,1000,0,0,0,0,0
0.2,0.001,0.003,0.001,0.5,100,1000,0,0,7.796328043,0,90.42663636
0.2,0.001,0.003,0.001,0.5,1000,1000,0,0,2.066706216,0,11.4565582
0.2,0.001,0.003,0.001,1.1,10,1000,0,0,0,0,0
0.2,0.001,0.003,0.001,1.1,100,1000,0,0,6.785040272,0,30.51594852
0.2,0.001,0.003,0.001,1.1,1000,1000,0,0,1.852079686,0,4.80095674
0.2,0.001,0.003,0.001,1.5,10,1000,0,0,0,0,0
0.2,0.001,0.003,0.001,1.5,100,1000,0,0,4.926402296,0,10.367507
0.2,0.001,0.003,0.001,1.5,1000,1000,0,0,1.54171908,0,2.318474579
0.2,0.001,0.003,0.001,2,10,1000,0,0,8.989009388,0,0
0.2,0.001,0.003,0.001,2,100,1000,0,0,11.40876391,0,104.1485589
0.2,0.001,0.003,0.001,2,1000,1000,0,0,2.266707152,0,8.998918511
0.2,0.001,0.003,0.001,2.5,10,1000,0,0,9.378060912,0,0
0.2,0.001,0.003,0.001,2.5,100,1000,0,0,6.875435727,0,18.63828183
0.2,0.001,0.003,0.001,2.5,1000,1000,0,0,2.743422404,0,9.68366654
0.2,0.001,0.003,0.001,3,10,1000,0,0,0,0,0
0.2,0.001,0.003,0.001,3,100,1000,0,0,3.765033875,0,2.430526197
0.2,0.001,0.003,0.001,3,1000,1000,0,0,1.542381385,0,1.517238688
0.2,0.001,0.003,0.1,0.1,10,1000,0,0,9.552882064,0,115.0794959
0.2,0.001,0.003,0.1,0.1,100,1000,0,0,1.353580908,0,44.51212856
0.2,0.001,0.003,0.1,0.1,1000,1000,0,0,0.153613528,0,1.113453893
0.2,0.001,0.003,0.1,0.5,10,1000,0,0,8.838169556,0,99.28832028
0.2,0.001,0.003,0.1,0.5,100,1000,0,0,0.709900935,0,14.3384778
0.2,0.001,0.003,0.1,0.5,1000,1000,0,0,0.102549542,0,0.566345867
0.2,0.001,0.003,0.1,1.1,10,1000,0,0,7.43166782,0,79.54727297
0.2,0.001,0.003,0.1,1.1,100,1000,0,0,0.519775364,0,1.990507452
0.2,0.001,0.003,0.1,1.1,1000,1000,0,0,0.079741028,0,0.452561229
0.2,0.001,0.003,0.1,1.5,10,1000,0,0,6.782813713,0,87.25425283
0.2,0.001,0.003,0.1,1.5,100,1000,0,0,0.458091549,0,1.633877436
0.2,0.001,0.003,0.1,1.5,1000,1000,0,0,0.286145227,0,10.91350977
0.2,0.001,0.003,0.1,2,10,1000,0,0,6.725302506,0,51.41269153
0.2,0.001,0.003,0.1,2,100,1000,0,0,0.57744919,0,9.141222694
0.2,0.001,0.003,0.1,2,1000,1000,0,0,0.105294085,0,0.47579896
0.2,0.001,0.003,0.1,2.5,10,1000,0,0,6.45054296,0,83.96024083
0.2,0.001,0.003,0.1,2.5,100,1000,0,0,0.716134691,0,10.08312516
0.2,0.001,0.003,0.1,2.5,1000,1000,0,0,0.223174553,0,5.336687106
0.2,0.001,0.003,0.1,3,10,1000,0,0,5.819503643,0,57.71172009
0.2,0.001,0.003,0.1,3,100,1000,0,0,0.558398486,0,6.023234827
0.2,0.001,0.003,0.1,3,1000,1000,0,0,0.090864032,0,0.66584344
0.2,0.001,0.003,1,0.1,10,1000,0,0,1.506266272,0,34.04731486
0.2,0.001,0.003,1,0.1,100,1000,0,0,0.317515161,0,16.61029842
0.2,0.001,0.003,1,0.1,1000,1000,0,0,0.011947788,0,0.017228609
0.2,0.001,0.003,1,0.5,10,1000,0,0,0.939194623,0,15.11942555
0.2,0.001,0.003,1,0.5,100,1000,0,0,0.042301562,0,0.051873137
0.2,0.001,0.003,1,0.5,1000,1000,0,0,0.004030645,0,0.001004567
0.2,0.001,0.003,1,1.1,10,1000,0,0,0.55496929,0,0.257880639
0.2,0.001,0.003,1,1.1,100,1000,0,0,0.039596178,0,0.043406929
0.2,0.001,0.003,1,1.1,1000,1000,0,0,0.003837991,0,0.000512238
0.2,0.001,0.003,1,1.5,10,1000,0,0,0.547626715,0,1.061031069
0.2,0.001,0.003,1,1.5,100,1000,0,0,0.042567183,0,0.128361377
0.2,0.001,0.003,1,1.5,1000,1000,0,0,0.005748024,0,0.006918764
0.2,0.001,0.003,1,2,10,1000,0,0,0.530653459,0,4.896977877
0.2,0.001,0.003,1,2,100,1000,0,0,0.068603014,0,0.510021022
0.2,0.001,0.003,1,2,1000,999,1,0.25,0.005029746,0,0.003841282
0.2,0.001,0.003,1,2.5,10,1000,0,0,0.44659751,0,0.118903732
0.2,0.001,0.003,1,2.5,100,1000,0,0,0.063116807,0,1.035532985
0.2,0.001,0.003,1,2.5,1000,1000,0,0,0.014457031,0,0.064815169
0.2,0.001,0.003,1,3,10,1000,0,0,0.431682477,0,0.126992981
0.2,0.001,0.003,1,3,100,1000,0,0,0.03817591,0,0.043338312
0.2,0.001,0.003,1,3,1000,998,2,0.522727273,0.017260896,0.000516529,0.155522718
0.2,0.1,0.0001,1.00E-05,0.1,10,307,693,0.317529975,923.5310597,0.001400648,0
0.2,0.1,0.0001,1.00E-05,0.1,100,1,999,0.316286565,697.6887664,0.001652725,76402.47769
0.2,0.1,0.0001,1.00E-05,0.1,1000,0,1000,0.317297706,1.430187637,0.001519479,0.043639202
0.2,0.1,0.0001,1.00E-05,0.5,10,305,695,0.316852096,609.7442622,0.001459459,39162.38668
0.2,0.1,0.0001,1.00E-05,0.5,100,2,998,0.317017978,526.9747946,0.001396117,87738.47285
0.2,0.1,0.0001,1.00E-05,0.5,1000,1,999,0.318262621,1.418737864,0.001382158,0.04064718
0.2,0.1,0.0001,1.00E-05,1.1,10,321,679,0.31689007,612.0396417,0.001465397,13989.17416
0.2,0.1,0.0001,1.00E-05,1.1,100,6,994,0.318609701,585.5402058,0.001498296,68709.04012
0.2,0.1,0.0001,1.00E-05,1.1,1000,2,998,0.31721794,1.432082509,0.001541727,0.044094319
0.2,0.1,0.0001,1.00E-05,1.5,10,311,689,0.315963842,545.9239389,0.001434952,38761.50365
0.2,0.1,0.0001,1.00E-05,1.5,100,0,1000,0.31760196,637.7658661,0.001520615,10591.0021
0.2,0.1,0.0001,1.00E-05,1.5,1000,0,1000,0.317462481,1.428106696,0.001512423,0.046984944
0.2,0.1,0.0001,1.00E-05,2,10,340,660,0.320448303,700.6483688,0.001295483,15866.67983
0.2,0.1,0.0001,1.00E-05,2,100,3,997,0.317488725,664.9706922,0.001399136,32354.61303
0.2,0.1,0.0001,1.00E-05,2,1000,3,997,0.318869274,1.447439704,0.001529167,0.042383916
0.2,0.1,0.0001,1.00E-05,2.5,10,291,709,0.316282859,885.257421,0.001526904,0
0.2,0.1,0.0001,1.00E-05,2.5,100,0,1000,0.318112941,513.7398346,0.001508114,39991.19063
0.2,0.1,0.0001,1.00E-05,2.5,1000,2,998,0.318307027,1.429158865,0.001520805,0.043275415
0.2,0.1,0.0001,1.00E-05,3,10,300,700,0.318807061,611.1163726,0.001512135,55534.1563
0.2,0.1,0.0001,1.00E-05,3,100,1,999,0.317245721,557.4040041,0.001431511,48954.96631
0.2,0.1,0.0001,1.00E-05,3,1000,1,999,0.319615396,1.431630259,0.001562715,0.04233299
0.2,0.1,0.0001,0.001,0.1,10,308,692,0.321281719,656.5619882,0.001706945,53319.78466
0.2,0.1,0.0001,0.001,0.1,100,1,999,0.320999446,578.0488676,0.001510768,27708.81262
0.2,0.1,0.0001,0.001,0.1,1000,0,1000,0.317250706,1.418196679,0.001556914,0.040292812
0.2,0.1,0.0001,0.001,0.5,10,326,674,0.322683264,841.2178909,0.00183467,18809.64622
0.2,0.1,0.0001,0.001,0.5,100,2,998,0.319069182,515.617996,0.001414801,78552.56856
0.2,0.1,0.0001,0.001,0.5,1000,0,1000,0.31978152,1.409829706,0.001487148,0.040027614
0.2,0.1,0.0001,0.001,1.1,10,310,690,0.318570463,740.9481435,0.001482593,35689.03667
0.2,0.1,0.0001,0.001,1.1,100,3,997,0.318313953,350.7494215,0.001487191,5700.301073
0.2,0.1,0.0001,0.001,1.1,1000,0,1000,0.318527511,1.414252822,0.001375278,0.046797282
0.2,0.1,0.0001,0.001,1.5,10,291,709,0.318991676,559.2530479,0.001602849,23121.40293
0.2,0.1,0.0001,0.001,1.5,100,1,999,0.318184152,634.0017707,0.001418518,78898.73631
0.2,0.1,0.0001,0.001,1.5,1000,0,1000,0.321318661,1.403206074,0.001476805,0.042033231
0.2,0.1,0.0001,0.001,2,10,309,691,0.319674075,701.7153012,0.001476418,36167.63786
0.2,0.1,0.0001,0.001,2,100,2,998,0.318961763,639.3750612,0.001442792,65876.79304
0.2,0.1,0.0001,0.001,2,1000,0,1000,0.320467382,1.401319181,0.00144134,0.040155807
0.2,0.1,0.0001,0.001,2.5,10,312,688,0.31838355,636.0616512,0.001568388,57370.37193
0.2,0.1,0.0001,0.001,2.5,100,3,997,0.321784873,739.9505763,0.001557236,32650.21953
0.2,0.1,0.0001,0.001,2.5,1000,2,998,0.317775814,1.412812465,0.001548918,0.042419761
0.2,0.1,0.0001,0.001,3,10,318,682,0.316065287,613.3613084,0.001579942,6466.07312
0.2,0.1,0.0001,0.001,3,100,0,1000,0.318576734,510.8996599,0.001290588,42466.21552
0.2,0.1,0.0001,0.001,3,1000,0,1000,0.32182447,1.409931953,0.001385315,0.041461201
0.2,0.1,0.0001,0.1,0.1,10,198,802,0.362070531,486.9173214,0.001026207,36861.11675
0.2,0.1,0.0001,0.1,0.1,100,0,1000,0.361363752,357.6093337,0.001177245,44822.82783
0.2,0.1,0.0001,0.1,0.1,1000,0,1000,0.362511447,0.811198149,0.001094667,0.009576644
0.2,0.1,0.0001,0.1,0.5,10,196,804,0.36998561,377.2624765,0.00092694,23781.08359
0.2,0.1,0.0001,0.1,0.5,100,0,1000,0.371257949,239.9303097,0.000894064,21027.26783
0.2,0.1,0.0001,0.1,0.5,1000,0,1000,0.370641343,0.677368584,0.000932145,0.006528261
0.2,0.1,0.0001,0.1,1.1,10,156,844,0.385264314,289.3421486,0.000808764,10471.11503
0.2,0.1,0.0001,0.1,1.1,100,0,1000,0.385586989,156.9320822,0.000835893,6358.687738
0.2,0.1,0.0001,0.1,1.1,1000,0,1000,0.385995546,0.616635351,0.000745305,0.005182071
0.2,0.1,0.0001,0.1,1.5,10,165,835,0.392175807,254.0517553,0.00073904,5830.094159
0.2,0.1,0.0001,0.1,1.5,100,0,1000,0.3916745,130.3358387,0.000772182,3700.14203
0.2,0.1,0.0001,0.1,1.5,1000,0,1000,0.391674986,0.605065042,0.000759478,0.005002012
0.2,0.1,0.0001,0.1,2,10,134,866,0.398125031,233.400122,0.000610007,4577.934588
0.2,0.1,0.0001,0.1,2,100,0,1000,0.399553283,114.0190369,0.000645018,2553.579973
0.2,0.1,0.0001,0.1,2,1000,0,1000,0.397720854,0.603194145,0.000718367,0.004821783
0.2,0.1,0.0001,0.1,2.5,10,134,866,0.403687373,219.1140925,0.000616706,4328.432044
0.2,0.1,0.0001,0.1,2.5,100,0,1000,0.404830622,99.86322679,0.000633448,1949.434972
0.2,0.1,0.0001,0.1,2.5,1000,0,1000,0.405353897,0.600140354,0.000624469,0.004922252
0.2,0.1,0.0001,0.1,3,10,150,850,0.409689282,207.5016413,0.000559646,3830.323996
0.2,0.1,0.0001,0.1,3,100,0,1000,0.41153337,92.24226533,0.0006166,1339.232419
0.2,0.1,0.0001,0.1,3,1000,0,1000,0.410195818,0.60586187,0.000613501,0.00510501
0.2,0.1,0.0001,1,0.1,10,90,910,0.454617974,135.8045105,0.000769349,1700.379669
0.2,0.1,0.0001,1,0.1,100,0,1000,0.453662201,43.24030186,0.000690917,244.1571185
0.2,0.1,0.0001,1,0.1,1000,0,1000,0.455214512,0.167489475,0.000727593,0.000319761
0.2,0.1,0.0001,1,0.5,10,88,912,0.464335867,128.1777075,0.00055335,1385.676272
0.2,0.1,0.0001,1,0.5,100,0,1000,0.463698163,39.68040121,0.000501622,200.5402416
0.2,0.1,0.0001,1,0.5,1000,0,1000,0.463036788,0.120415413,0.000520512,0.000157878
0.2,0.1,0.0001,1,1.1,10,71,929,0.47171426,122.8172604,0.000360261,1167.573888
0.2,0.1,0.0001,1,1.1,100,0,1000,0.471694418,37.34696318,0.000418063,164.8485094
0.2,0.1,0.0001,1,1.1,1000,0,1000,0.472697248,0.102362284,0.000404137,0.000112189
0.2,0.1,0.0001,1,1.5,10,64,936,0.475781209,119.7596741,0.000321665,1205.367579
0.2,0.1,0.0001,1,1.5,100,0,1000,0.475676716,35.40516318,0.000325735,146.6377954
0.2,0.1,0.0001,1,1.5,1000,0,1000,0.476932833,0.099245799,0.000328025,0.000105701
0.2,0.1,0.0001,1,2,10,67,933,0.479645937,118.318379,0.000269469,1159.988679
0.2,0.1,0.0001,1,2,100,0,1000,0.479179575,34.34319284,0.000291865,143.4419008
0.2,0.1,0.0001,1,2,1000,0,1000,0.479431961,0.098277696,0.000281169,9.97E-05
0.2,0.1,0.0001,1,2.5,10,77,923,0.482562754,115.4743336,0.000250762,1180.490618
0.2,0.1,0.0001,1,2.5,100,0,1000,0.482218334,35.27496213,0.000257132,148.7274536
0.2,0.1,0.0001,1,2.5,1000,0,1000,0.482734807,0.098115585,0.000266489,0.000102718
0.2,0.1,0.0001,1,3,10,60,940,0.484089118,114.3084558,0.000218463,1173.110419
0.2,0.1,0.0001,1,3,100,0,1000,0.484000645,33.50267773,0.000210455,127.3816154
0.2,0.1,0.0001,1,3,1000,0,1000,0.48461958,0.098006387,0.000210396,9.74E-05
0.2,0.1,0.0003,1.00E-05,0.1,10,533,467,0.321712608,491.7467475,0.007931279,59887.38661
0.2,0.1,0.0003,1.00E-05,0.1,100,259,741,0.318097693,172.1508923,0.006822245,62958.51144
0.2,0.1,0.0003,1.00E-05,0.1,1000,286,714,0.325760034,0.394971375,0.011188806,0.006685747
0.2,0.1,0.0003,1.00E-05,0.5,10,538,462,0.315319469,469.6069571,0.00621954,56328.8061
0.2,0.1,0.0003,1.00E-05,0.5,100,261,739,0.323314625,178.2311976,0.008216904,65160.90434
0.2,0.1,0.0003,1.00E-05,0.5,1000,259,741,0.321592851,0.39339566,0.006842669,0.006607782
0.2,0.1,0.0003,1.00E-05,1.1,10,529,471,0.316835827,503.7631623,0.009929254,57246.51686
0.2,0.1,0.0003,1.00E-05,1.1,100,251,749,0.322729153,156.506574,0.007955902,54407.50098
0.2,0.1,0.0003,1.00E-05,1.1,1000,253,747,0.322876092,0.394777393,0.00721581,0.006164916
0.2,0.1,0.0003,1.00E-05,1.5,10,537,463,0.326672366,524.7745777,0.009099405,59969.88252
0.2,0.1,0.0003,1.00E-05,1.5,100,252,748,0.319306134,168.2651379,0.007388143,63725.46019
0.2,0.1,0.0003,1.00E-05,1.5,1000,261,739,0.315542905,0.392518292,0.008377664,0.006597682
0.2,0.1,0.0003,1.00E-05,2,10,525,475,0.314990765,502.6194074,0.006913082,57094.20861
0.2,0.1,0.0003,1.00E-05,2,100,238,762,0.320378343,162.5854122,0.008695245,60646.61214
0.2,0.1,0.0003,1.00E-05,2,1000,262,738,0.322365792,0.395741846,0.007043633,0.006883492
0.2,0.1,0.0003,1.00E-05,2.5,10,543,457,0.318391387,500.1211171,0.007327097,58436.03427
0.2,0.1,0.0003,1.00E-05,2.5,100,247,753,0.321894816,146.5154226,0.007974706,51740.06689
0.2,0.1,0.0003,1.00E-05,2.5,1000,259,741,0.318943576,0.396719387,0.008065377,0.006566104
0.2,0.1,0.0003,1.00E-05,3,10,537,463,0.315893556,490.9554044,0.007786573,61577.80514
0.2,0.1,0.0003,1.00E-05,3,100,244,756,0.319336465,156.3427982,0.008438884,60955.71033
0.2,0.1,0.0003,1.00E-05,3,1000,272,728,0.320339713,0.396454633,0.009037841,0.006615187
0.2,0.1,0.0003,0.001,0.1,10,512,488,0.316765362,505.0174769,0.006723918,56486.49292
0.2,0.1,0.0003,0.001,0.1,100,279,721,0.319594939,151.8059124,0.008299299,56229.77152
0.2,0.1,0.0003,0.001,0.1,1000,232,768,0.319214825,0.392135878,0.00859809,0.006652577
0.2,0.1,0.0003,0.001,0.5,10,531,469,0.324366591,507.3396704,0.008973573,57239.45846
0.2,0.1,0.0003,0.001,0.5,100,262,738,0.319823789,147.2797796,0.007992357,51609.01454
0.2,0.1,0.0003,0.001,0.5,1000,281,719,0.321640313,0.393865463,0.00779377,0.007391209
0.2,0.1,0.0003,0.001,1.1,10,534,466,0.329070186,477.7551975,0.008204802,56785.40295
0.2,0.1,0.0003,0.001,1.1,100,263,737,0.314621329,139.5376943,0.009242874,50775.88525
0.2,0.1,0.0003,0.001,1.1,1000,251,749,0.322061688,0.38944278,0.008171956,0.006627218
0.2,0.1,0.0003,0.001,1.5,10,521,479,0.323079409,509.5248067,0.006951911,57196.6908
0.2,0.1,0.0003,0.001,1.5,100,248,752,0.316473666,149.6084792,0.006854951,54658.02193
0.2,0.1,0.0003,0.001,1.5,1000,233,767,0.321416656,0.390766484,0.00753902,0.006567809
0.2,0.1,0.0003,0.001,2,10,499,501,0.319568836,491.2248278,0.007489535,53795.88725
0.2,0.1,0.0003,0.001,2,100,237,763,0.320395419,151.5628841,0.006878198,56048.02999
0.2,0.1,0.0003,0.001,2,1000,236,764,0.319055772,0.390501876,0.007161403,0.00606915
0.2,0.1,0.0003,0.001,2.5,10,495,505,0.319795555,494.40512,0.006604359,56036.87919
0.2,0.1,0.0003,0.001,2.5,100,244,756,0.328978299,152.2969965,0.01026864,54231.93842
0.2,0.1,0.0003,0.001,2.5,1000,231,769,0.318366185,0.390226874,0.00831328,0.006422578
0.2,0.1,0.0003,0.001,3,10,507,493,0.320746928,477.331929,0.007828662,60505.96466
0.2,0.1,0.0003,0.001,3,100,245,755,0.324517614,155.8803353,0.006999064,57271.23159
0.2,0.1,0.0003,0.001,3,1000,230,770,0.318746197,0.386655786,0.007860773,0.007063324
0.2,0.1,0.0003,0.1,0.1,10,275,725,0.359348887,261.4719442,0.004389708,20424.80467
0.2,0.1,0.0003,0.1,0.1,100,29,971,0.360705279,21.04789011,0.004498148,2771.541837
0.2,0.1,0.0003,0.1,0.1,1000,43,957,0.36264094,0.234934597,0.004563888,0.002048156
0.2,0.1,0.0003,0.1,0.5,10,224,776,0.374378225,228.9862424,0.003335232,15193.60759
0.2,0.1,0.0003,0.1,0.5,100,28,972,0.374326711,12.88818618,0.003214836,1553.674506
0.2,0.1,0.0003,0.1,0.5,1000,26,974,0.372743467,0.194753969,0.003697913,0.001469235
0.2,0.1,0.0003,0.1,1.1,10,181,819,0.38125643,193.6648172,0.003054129,10069.87977
0.2,0.1,0.0003,0.1,1.1,100,5,995,0.385874424,7.106248229,0.002793737,238.5519211
0.2,0.1,0.0003,0.1,1.1,1000,9,991,0.384920525,0.182754684,0.002755294,0.00120461
0.2,0.1,0.0003,0.1,1.5,10,194,806,0.392709328,172.0925018,0.002614785,7828.33811
0.2,0.1,0.0003,0.1,1.5,100,13,987,0.390654618,5.244834396,0.002395779,47.06297928
0.2,0.1,0.0003,0.1,1.5,1000,8,992,0.393115939,0.182305375,0.002503802,0.001146829
0.2,0.1,0.0003,0.1,2,10,179,821,0.395867944,165.0727331,0.002424384,6505.162686
0.2,0.1,0.0003,0.1,2,100,2,998,0.398199491,4.949328367,0.002487923,79.11099679
0.2,0.1,0.0003,0.1,2,1000,0,1000,0.399059934,0.181053058,0.002250584,0.001179679
0.2,0.1,0.0003,0.1,2.5,10,176,824,0.406062461,156.7621837,0.002400594,6011.838918
0.2,0.1,0.0003,0.1,2.5,100,1,999,0.405633261,4.108152429,0.002129538,37.5033142
0.2,0.1,0.0003,0.1,2.5,1000,0,1000,0.407266905,0.182017568,0.002113609,0.001211043
0.2,0.1,0.0003,0.1,3,10,163,837,0.408200264,147.2549098,0.001806025,5102.778751
0.2,0.1,0.0003,0.1,3,100,2,998,0.40914017,4.128139009,0.001883181,32.17908321
0.2,0.1,0.0003,0.1,3,1000,1,999,0.407809178,0.180934168,0.002095025,0.001228455
0.2,0.1,0.0003,1,0.1,10,130,870,0.456505461,91.49157605,0.002347087,2039.130348
0.2,0.1,0.0003,1,0.1,100,0,1000,0.455767292,0.940751961,0.002281427,0.073943264
0.2,0.1,0.0003,1,0.1,1000,0,1000,0.455514463,0.049386368,0.002269457,7.33E-05
0.2,0.1,0.0003,1,0.5,10,85,915,0.46361943,87.42350084,0.001759029,1514.414739
0.2,0.1,0.0003,1,0.5,100,0,1000,0.464476049,0.676210322,0.001850543,0.034410002
0.2,0.1,0.0003,1,0.5,1000,0,1000,0.466203909,0.034435697,0.001836026,3.70E-05
0.2,0.1,0.0003,1,1.1,10,91,909,0.4715874,81.4035705,0.001258541,1386.507726
0.2,0.1,0.0003,1,1.1,100,0,1000,0.470965241,0.52525049,0.001185576,0.013903932
0.2,0.1,0.0003,1,1.1,1000,0,1000,0.472508829,0.030901316,0.001269585,2.84E-05
0.2,0.1,0.0003,1,1.5,10,88,912,0.476033265,80.87716475,0.001054761,1373.279145
0.2,0.1,0.0003,1,1.5,100,0,1000,0.475912678,0.471681039,0.001161864,0.010625812
0.2,0.1,0.0003,1,1.5,1000,0,1000,0.47672174,0.031434971,0.000993849,3.10E-05
0.2,0.1,0.0003,1,2,10,75,925,0.47875056,80.35645878,0.000897709,1466.286694
0.2,0.1,0.0003,1,2,100,0,1000,0.479938875,0.439178036,0.000941229,0.008688461
0.2,0.1,0.0003,1,2,1000,0,1000,0.479445504,0.030717165,0.000899349,2.96E-05
0.2,0.1,0.0003,1,2.5,10,79,921,0.481176025,80.61474361,0.000818354,1323.16003
0.2,0.1,0.0003,1,2.5,100,0,1000,0.482209726,0.417902254,0.000770528,0.006913558
0.2,0.1,0.0003,1,2.5,1000,0,1000,0.482133687,0.03100526,0.000785128,2.75E-05
0.2,0.1,0.0003,1,3,10,69,931,0.484654815,79.99165594,0.000696147,1402.584406
0.2,0.1,0.0003,1,3,100,0,1000,0.482065028,0.41101972,0.000703384,0.006312517
0.2,0.1,0.0003,1,3,1000,0,1000,0.483241798,0.030997078,0.000727864,2.89E-05
0.2,0.1,0.001,1.00E-05,0.1,10,975,25,0.313668437,107.1197789,0.015903991,9282.94449
0.2,0.1,0.001,1.00E-05,0.1,100,965,35,0.360624476,1.47516664,0.045233157,0.428820495
0.2,0.1,0.001,1.00E-05,0.1,1000,961,39,0.34563838,0.11419848,0.0221812,0.001857574
0.2,0.1,0.001,1.00E-05,0.5,10,975,25,0.301172508,101.8539834,0.01413197,7641.524482
0.2,0.1,0.001,1.00E-05,0.5,100,968,32,0.343255715,1.485095318,0.036976627,0.639097119
0.2,0.1,0.001,1.00E-05,0.5,1000,963,37,0.337885848,0.114455178,0.037805226,0.001586488
0.2,0.1,0.001,1.00E-05,1.1,10,986,14,0.286453817,102.0379867,0.016643121,7310.03684
0.2,0.1,0.001,1.00E-05,1.1,100,972,28,0.281636681,1.467599284,0.020927467,0.530987852
0.2,0.1,0.001,1.00E-05,1.1,1000,959,41,0.347160804,0.11468705,0.027948244,0.001645346
0.2,0.1,0.001,1.00E-05,1.5,10,973,27,0.364757068,105.1844438,0.037830155,7847.389002
0.2,0.1,0.001,1.00E-05,1.5,100,962,38,0.306275477,1.517122147,0.037976911,0.576614841
0.2,0.1,0.001,1.00E-05,1.5,1000,968,32,0.313909733,0.112912026,0.011420204,0.001679089
0.2,0.1,0.001,1.00E-05,2,10,980,20,0.277243165,101.1584104,0.015598086,7887.22893
0.2,0.1,0.001,1.00E-05,2,100,963,37,0.326208913,1.507177116,0.020781224,0.607569209
0.2,0.1,0.001,1.00E-05,2,1000,962,38,0.352909996,0.114823827,0.018362459,0.00166682
0.2,0.1,0.001,1.00E-05,2.5,10,978,22,0.286018291,101.5482303,0.019980121,7887.238628
0.2,0.1,0.001,1.00E-05,2.5,100,964,36,0.324946789,1.488883376,0.023471943,0.474079189
0.2,0.1,0.001,1.00E-05,2.5,1000,972,28,0.29949594,0.115507892,0.03392756,0.00192663
0.2,0.1,0.001,1.00E-05,3,10,977,23,0.35588485,106.5658546,0.030101398,9291.805659
0.2,0.1,0.001,1.00E-05,3,100,964,36,0.360000629,1.454588356,0.025367623,0.481121676
0.2,0.1,0.001,1.00E-05,3,1000,968,32,0.33579063,0.114384155,0.020436308,0.001534962
0.2,0.1,0.001,0.001,0.1,10,971,29,0.331966879,106.9297032,0.03721999,8584.428025
0.2,0.1,0.001,0.001,0.1,100,960,40,0.342433977,1.481103264,0.018705802,0.504150033
0.2,0.1,0.001,0.001,0.1,1000,956,44,0.365587719,0.114949967,0.028557384,0.001819849
0.2,0.1,0.001,0.001,0.5,10,978,22,0.345606351,100.3580068,0.017350535,7077.690743
0.2,0.1,0.001,0.001,0.5,100,965,35,0.304652735,1.45840117,0.016587714,0.439404112
0.2,0.1,0.001,0.001,0.5,1000,964,36,0.368548207,0.113825305,0.041957713,0.001773884
0.2,0.1,0.001,0.001,1.1,10,973,27,0.291481666,104.2107833,0.02255037,7720.126993
0.2,0.1,0.001,0.001,1.1,100,971,29,0.309666246,1.437559525,0.034745053,0.425456092
0.2,0.1,0.001,0.001,1.1,1000,959,41,0.287811799,0.113967321,0.014544851,0.001604866
0.2,0.1,0.001,0.001,1.5,10,966,34,0.282749826,102.4145433,0.014109729,7639.713663
0.2,0.1,0.001,0.001,1.5,100,972,28,0.338052539,1.497436231,0.032730417,0.491260092
0.2,0.1,0.001,0.001,1.5,1000,966,34,0.301325674,0.116327255,0.020057114,0.001698203
0.2,0.1,0.001,0.001,2,10,982,18,0.303442248,100.469659,0.033240892,7219.924581
0.2,0.1,0.001,0.001,2,100,967,33,0.310337153,1.472031049,0.026976075,0.489171285
0.2,0.1,0.001,0.001,2,1000,970,30,0.365317894,0.115116231,0.04230416,0.00186056
0.2,0.1,0.001,0.001,2.5,10,978,22,0.303213138,112.2141814,0.049996663,8636.99478
0.2,0.1,0.001,0.001,2.5,100,970,30,0.311734619,1.466864052,0.022281535,0.458749259
0.2,0.1,0.001,0.001,2.5,1000,965,35,0.314793883,0.112429262,0.016778523,0.001432342
0.2,0.1,0.001,0.001,3,10,978,22,0.36424308,110.3736405,0.056712845,8735.306995
0.2,0.1,0.001,0.001,3,100,972,28,0.293602046,1.489674514,0.027005272,0.496688974
0.2,0.1,0.001,0.001,3,1000,962,38,0.338350861,0.115386434,0.030147961,0.001929884
0.2,0.1,0.001,0.1,0.1,10,893,107,0.373277598,70.87346521,0.027851375,3913.561637
0.2,0.1,0.001,0.1,0.1,100,891,109,0.3638844,0.850838449,0.021981167,0.127163909
0.2,0.1,0.001,0.1,0.1,1000,872,128,0.376322884,0.068340791,0.031691143,0.000604786
0.2,0.1,0.001,0.1,0.5,10,859,141,0.386016447,66.04724211,0.030743466,3074.069356
0.2,0.1,0.001,0.1,0.5,100,821,179,0.372626432,0.699715948,0.023239634,0.069974985
0.2,0.1,0.001,0.1,0.5,1000,843,157,0.380959519,0.055475754,0.0206796,0.000377682
0.2,0.1,0.001,0.1,1.1,10,841,159,0.395103954,61.31520502,0.017366976,2734.020475
0.2,0.1,0.001,0.1,1.1,100,774,226,0.387152191,0.630143532,0.020453725,0.055960948
0.2,0.1,0.001,0.1,1.1,1000,783,217,0.391985763,0.053992936,0.02008118,0.000331661
0.2,0.1,0.001,0.1,1.5,10,813,187,0.402037563,62.16697438,0.017943134,3071.516338
0.2,0.1,0.001,0.1,1.5,100,739,261,0.395641351,0.610395211,0.018107048,0.04846819
0.2,0.1,0.001,0.1,1.5,1000,706,294,0.407213323,0.053909812,0.015910898,0.000338314
0.2,0.1,0.001,0.1,2,10,794,206,0.396281153,60.73383613,0.018325784,2822.436716
0.2,0.1,0.001,0.1,2,100,713,287,0.407282507,0.619115306,0.017638066,0.049647604
0.2,0.1,0.001,0.1,2,1000,706,294,0.395744602,0.054132179,0.015084464,0.000322538
0.2,0.1,0.001,0.1,2.5,10,774,226,0.381194039,58.52850294,0.014461964,2607.978844
0.2,0.1,0.001,0.1,2.5,100,710,290,0.40260673,0.610995395,0.015552782,0.050716652
0.2,0.1,0.001,0.1,2.5,1000,654,346,0.409391907,0.053267137,0.015409666,0.000315567
0.2,0.1,0.001,0.1,3,10,744,256,0.400843342,54.31379256,0.01531738,2094.205846
0.2,0.1,0.001,0.1,3,100,662,338,0.398846851,0.612409411,0.011300647,0.052032342
0.2,0.1,0.001,0.1,3,1000,663,337,0.411959868,0.054247697,0.016312231,0.000341264
0.2,0.1,0.001,1,0.1,10,502,498,0.448107002,28.13953525,0.016093572,815.3586411
0.2,0.1,0.001,1,0.1,100,392,608,0.456571616,0.17300801,0.012568832,0.003552266
0.2,0.1,0.001,1,0.1,1000,387,613,0.454386436,0.014072792,0.0160126,2.07E-05
0.2,0.1,0.001,1,0.5,10,445,555,0.457613221,27.6995193,0.010830944,803.6333454
0.2,0.1,0.001,1,0.5,100,298,702,0.466166818,0.124371559,0.009959521,0.001828947
0.2,0.1,0.001,1,0.5,1000,320,680,0.46400331,0.009847702,0.009827703,8.93E-06
0.2,0.1,0.001,1,1.1,10,379,621,0.473005393,27.47368244,0.009091493,726.0437509
0.2,0.1,0.001,1,1.1,100,243,757,0.469169813,0.103261958,0.008472669,0.001291805
0.2,0.1,0.001,1,1.1,1000,254,746,0.475403543,0.009224281,0.00880952,9.05E-06
0.2,0.1,0.001,1,1.5,10,348,652,0.47823141,27.80676324,0.006563199,704.084773
0.2,0.1,0.001,1,1.5,100,233,767,0.478149381,0.099829796,0.00674632,0.001042274
0.2,0.1,0.001,1,1.5,1000,232,768,0.477737735,0.009302838,0.006947191,8.34E-06
0.2,0.1,0.001,1,2,10,334,666,0.477622372,27.42167439,0.00565574,659.9756864
0.2,0.1,0.001,1,2,100,251,749,0.482386106,0.098411952,0.006579356,0.001036981
0.2,0.1,0.001,1,2,1000,238,762,0.477584592,0.009184858,0.005194669,8.92E-06
0.2,0.1,0.001,1,2.5,10,328,672,0.480917689,28.68398808,0.005470399,795.3248813
0.2,0.1,0.001,1,2.5,100,223,777,0.479247451,0.099795541,0.005616566,0.001176031
0.2,0.1,0.001,1,2.5,1000,210,790,0.482166485,0.009475548,0.005381815,9.12E-06
0.2,0.1,0.001,1,3,10,330,670,0.484301018,28.62579979,0.005549568,673.4061845
0.2,0.1,0.001,1,3,100,203,797,0.480749267,0.097520815,0.005907698,0.00105922
0.2,0.1,0.001,1,3,1000,204,796,0.485867191,0.009105834,0.005007422,8.47E-06
0.2,0.1,0.003,1.00E-05,0.1,10,1000,0,0,10.12544878,0,222.1342671
0.2,0.1,0.003,1.00E-05,0.1,100,1000,0,0,0.363836686,0,0.063035435
0.2,0.1,0.003,1.00E-05,0.1,1000,1000,0,0,0.03430772,0,0.000517765
0.2,0.1,0.003,1.00E-05,0.5,10,1000,0,0,10.01337649,0,194.546955
0.2,0.1,0.003,1.00E-05,0.5,100,1000,0,0,0.371109745,0,0.072721589
0.2,0.1,0.003,1.00E-05,0.5,1000,1000,0,0,0.03463144,0,0.000525686
0.2,0.1,0.003,1.00E-05,1.1,10,1000,0,0,10.54263542,0,233.2972915
0.2,0.1,0.003,1.00E-05,1.1,100,1000,0,0,0.366377821,0,0.069598167
0.2,0.1,0.003,1.00E-05,1.1,1000,1000,0,0,0.035639808,0,0.000590397
0.2,0.1,0.003,1.00E-05,1.5,10,1000,0,0,9.916148597,0,169.2340577
0.2,0.1,0.003,1.00E-05,1.5,100,1000,0,0,0.361215683,0,0.062186164
0.2,0.1,0.003,1.00E-05,1.5,1000,1000,0,0,0.036264112,0,0.000640499
0.2,0.1,0.003,1.00E-05,2,10,1000,0,0,8.773804125,0,152.2728076
0.2,0.1,0.003,1.00E-05,2,100,1000,0,0,0.369405259,0,0.063640606
0.2,0.1,0.003,1.00E-05,2,1000,1000,0,0,0.035396165,0,0.000500367
0.2,0.1,0.003,1.00E-05,2.5,10,1000,0,0,10.1596358,0,182.5734421
0.2,0.1,0.003,1.00E-05,2.5,100,1000,0,0,0.378997818,0,0.076545359
0.2,0.1,0.003,1.00E-05,2.5,1000,1000,0,0,0.034803425,0,0.000545945
0.2,0.1,0.003,1.00E-05,3,10,1000,0,0,10.77733037,0,240.8113337
0.2,0.1,0.003,1.00E-05,3,100,1000,0,0,0.365171773,0,0.063405435
0.2,0.1,0.003,1.00E-05,3,1000,1000,0,0,0.033317613,0,0.000472865
0.2,0.1,0.003,0.001,0.1,10,1000,0,0,9.564961707,0,162.8707952
0.2,0.1,0.003,0.001,0.1,100,1000,0,0,0.375330856,0,0.067337878
0.2,0.1,0.003,0.001,0.1,1000,1000,0,0,0.035042021,0,0.000626936
0.2,0.1,0.003,0.001,0.5,10,1000,0,0,9.28744556,0,163.0244954
0.2,0.1,0.003,0.001,0.5,100,1000,0,0,0.356940509,0,0.065763522
0.2,0.1,0.003,0.001,0.5,1000,1000,0,0,0.03363204,0,0.000475752
0.2,0.1,0.003,0.001,1.1,10,1000,0,0,10.12265918,0,200.4333452
0.2,0.1,0.003,0.001,1.1,100,1000,0,0,0.382023857,0,0.093319025
0.2,0.1,0.003,0.001,1.1,1000,1000,0,0,0.033396955,0,0.000487142
0.2,0.1,0.003,0.001,1.5,10,1000,0,0,9.377403975,0,147.9231845
0.2,0.1,0.003,0.001,1.5,100,1000,0,0,0.361181248,0,0.061651077
0.2,0.1,0.003,0.001,1.5,1000,1000,0,0,0.035073494,0,0.000593543
0.2,0.1,0.003,0.001,2,10,1000,0,0,9.926924779,0,192.3750468
0.2,0.1,0.003,0.001,2,100,1000,0,0,0.363226604,0,0.070055164
0.2,0.1,0.003,0.001,2,1000,1000,0,0,0.034567499,0,0.000481115
0.2,0.1,0.003,0.001,2.5,10,1000,0,0,9.966193082,0,197.9141768
0.2,0.1,0.003,0.001,2.5,100,1000,0,0,0.374121807,0,0.06622644
0.2,0.1,0.003,0.001,2.5,1000,1000,0,0,0.034528469,0,0.000493169
0.2,0.1,0.003,0.001,3,10,1000,0,0,9.055339711,0,157.7873708
0.2,0.1,0.003,0.001,3,100,1000,0,0,0.361849453,0,0.07503446
0.2,0.1,0.003,0.001,3,1000,1000,0,0,0.034691943,0,0.000561376
0.2,0.1,0.003,0.1,0.1,10,1000,0,0,5.550697189,0,92.46143857
0.2,0.1,0.003,0.1,0.1,100,1000,0,0,0.219279469,0,0.021055698
0.2,0.1,0.003,0.1,0.1,1000,1000,0,0,0.020067729,0,0.000170774
0.2,0.1,0.003,0.1,0.5,10,1000,0,0,4.90574423,0,63.84442607
0.2,0.1,0.003,0.1,0.5,100,1000,0,0,0.180231189,0,0.014449823
0.2,0.1,0.003,0.1,0.5,1000,1000,0,0,0.016027364,0,0.000105312
0.2,0.1,0.003,0.1,1.1,10,1000,0,0,4.29368648,0,38.60597117
0.2,0.1,0.003,0.1,1.1,100,1000,0,0,0.16935206,0,0.012199232
0.2,0.1,0.003,0.1,1.1,1000,1000,0,0,0.016253209,0,0.000106979
0.2,0.1,0.003,0.1,1.5,10,1000,0,0,4.42013834,0,59.69298134
0.2,0.1,0.003,0.1,1.5,100,1000,0,0,0.169324004,0,0.011305379
0.2,0.1,0.003,0.1,1.5,1000,1000,0,0,0.016448433,0,0.000110723
0.2,0.1,0.003,0.1,2,10,1000,0,0,3.835491112,0,42.72188724
0.2,0.1,0.003,0.1,2,100,1000,0,0,0.164101185,0,0.011440628
0.2,0.1,0.003,0.1,2,1000,1000,0,0,0.016425172,0,0.000110189
0.2,0.1,0.003,0.1,2.5,10,1000,0,0,3.708470274,0,32.08538038
0.2,0.1,0.003,0.1,2.5,100,1000,0,0,0.166057472,0,0.011429459
0.2,0.1,0.003,0.1,2.5,1000,999,1,0,0.016488255,0,0.000105384
0.2,0.1,0.003,0.1,3,10,1000,0,0,3.818031837,0,30.01822177
0.2,0.1,0.003,0.1,3,100,1000,0,0,0.166566062,0,0.009972118
0.2,0.1,0.003,0.1,3,1000,999,1,0.333333333,0.015441091,0,8.81E-05
0.2,0.1,0.003,1,0.1,10,999,1,0.666666667,1.26389686,0,9.459381931
0.2,0.1,0.003,1,0.1,100,997,3,0.434126984,0.047992083,0.016615016,0.001037648
0.2,0.1,0.003,1,0.1,1000,998,2,0.236842105,0.004172658,0.056094183,9.69E-06
0.2,0.1,0.003,1,0.5,10,999,1,0.5,0.811590118,0,3.262972498
0.2,0.1,0.003,1,0.5,100,998,2,0.543650794,0.032620231,0.0098419,0.000432783
0.2,0.1,0.003,1,0.5,1000,1000,0,0,0.002888636,0,3.47E-06
0.2,0.1,0.003,1,1.1,10,997,3,0.666666667,0.577339448,0.062222222,0.81715165
0.2,0.1,0.003,1,1.1,100,995,5,0.467948718,0.029014059,0.012064431,0.000661162
0.2,0.1,0.003,1,1.1,1000,998,2,0.527777778,0.002795628,0.000771605,3.11E-06
0.2,0.1,0.003,1,1.5,10,999,1,0,0.496090433,0,0.377914119
0.2,0.1,0.003,1,1.5,100,994,6,0.493376068,0.027369405,0.009681359,0.000270226
0.2,0.1,0.003,1,1.5,1000,995,5,0.486617647,0.002773603,0.002775173,2.69E-06
0.2,0.1,0.003,1,2,10,994,6,0.526167008,0.486672161,0.006660889,1.923969753
0.2,0.1,0.003,1,2,100,994,6,0.510596167,0.027886039,0.015822616,0.000328544
0.2,0.1,0.003,1,2,1000,993,7,0.517246642,0.002789309,0.013206129,4.07E-06
0.2,0.1,0.003,1,2.5,10,997,3,0.28540305,0.452155998,0.040905445,0.679778008
0.2,0.1,0.003,1,2.5,100,996,4,0.34375,0.029353208,0.050672743,0.000307606
0.2,0.1,0.003,1,2.5,1000,997,3,0.376068376,0.002835601,0.077726642,3.73E-06
0.2,0.1,0.003,1,3,10,997,3,0.428205128,0.451043667,0.0026167,0.273406015
0.2,0.1,0.003,1,3,100,995,5,0.472979798,0.027597813,0.00386986,0.000262112
0.2,0.1,0.003,1,3,1000,987,13,0.523043589,0.002770001,0.026428955,3.37E-06
0.25,0,0.0001,1.00E-05,0.1,10,1000,0,0,0,0,0
0.25,0,0.0001,1.00E-05,0.1,100,1000,0,0,0,0,0
0.25,0,0.0001,1.00E-05,0.1,1000,1000,0,0,0,0,0
0.25,0,0.0001,1.00E-05,0.5,10,1000,0,0,0,0,0
0.25,0,0.0001,1.00E-05,0.5,100,1000,0,0,0,0,0
0.25,0,0.0001,1.00E-05,0.5,1000,1000,0,0,0,0,0
0.25,0,0.0001,1.00E-05,1.1,10,1000,0,0,0,0,0
0.25,0,0.0001,1.00E-05,1.1,100,1000,0,0,0,0,0
0.25,0,0.0001,1.00E-05,1.1,1000,1000,0,0,0,0,0
0.25,0,0.0001,1.00E-05,1.5,10,1000,0,0,0,0,0
0.25,0,0.0001,1.00E-05,1.5,100,1000,0,0,0,0,0
0.25,0,0.0001,1.00E-05,1.5,1000,1000,0,0,0,0,0
0.25,0,0.0001,1.00E-05,2,10,1000,0,0,0,0,0
0.25,0,0.0001,1.00E-05,2,100,1000,0,0,0,0,0
0.25,0,0.0001,1.00E-05,2,1000,1000,0,0,0,0,0
0.25,0,0.0001,1.00E-05,2.5,10,1000,0,0,0,0,0
0.25,0,0.0001,1.00E-05,2.5,100,1000,0,0,0,0,0
0.25,0,0.0001,1.00E-05,2.5,1000,1000,0,0,0,0,0
0.25,0,0.0001,1.00E-05,3,10,1000,0,0,0,0,0
0.25,0,0.0001,1.00E-05,3,100,1000,0,0,0,0,0
0.25,0,0.0001,1.00E-05,3,1000,1000,0,0,0,0,0
0.25,0,0.0001,0.001,0.1,10,1000,0,0,0,0,0
0.25,0,0.0001,0.001,0.1,100,1000,0,0,0,0,0
0.25,0,0.0001,0.001,0.1,1000,1000,0,0,0,0,0
0.25,0,0.0001,0.001,0.5,10,1000,0,0,0,0,0
0.25,0,0.0001,0.001,0.5,100,1000,0,0,0,0,0
0.25,0,0.0001,0.001,0.5,1000,1000,0,0,0,0,0
0.25,0,0.0001,0.001,1.1,10,1000,0,0,0,0,0
0.25,0,0.0001,0.001,1.1,100,1000,0,0,0,0,0
0.25,0,0.0001,0.001,1.1,1000,1000,0,0,0,0,0
0.25,0,0.0001,0.001,1.5,10,1000,0,0,0,0,0
0.25,0,0.0001,0.001,1.5,100,1000,0,0,0,0,0
0.25,0,0.0001,0.001,1.5,1000,1000,0,0,0,0,0
0.25,0,0.0001,0.001,2,10,1000,0,0,0,0,0
0.25,0,0.0001,0.001,2,100,1000,0,0,0,0,0
0.25,0,0.0001,0.001,2,1000,1000,0,0,0,0,0
0.25,0,0.0001,0.001,2.5,10,1000,0,0,0,0,0
0.25,0,0.0001,0.001,2.5,100,1000,0,0,0,0,0
0.25,0,0.0001,0.001,2.5,1000,1000,0,0,0,0,0
0.25,0,0.0001,0.001,3,10,1000,0,0,0,0,0
0.25,0,0.0001,0.001,3,100,1000,0,0,0,0,0
0.25,0,0.0001,0.001,3,1000,1000,0,0,0,0,0
0.25,0,0.0001,0.1,0.1,10,654,346,0.243033995,0,0.000960644,0
0.25,0,0.0001,0.1,0.1,100,18,982,0.243092825,0,0.000922305,0
0.25,0,0.0001,0.1,0.1,1000,5,995,0.244434417,7.06192586,0.000880804,2.124114516
0.25,0,0.0001,0.1,0.5,10,500,500,0.277476825,0,0.000513342,0
0.25,0,0.0001,0.1,0.5,100,8,992,0.276779793,0,0.000595069,0
0.25,0,0.0001,0.1,0.5,1000,2,998,0.277386911,4.920516874,0.000573576,2.918524224
0.25,0,0.0001,0.1,1.1,10,334,666,0.30992125,593.7435644,0.000444923,0
0.25,0,0.0001,0.1,1.1,100,7,993,0.309177341,338.2274081,0.000413654,0
0.25,0,0.0001,0.1,1.1,1000,1,999,0.308799309,2.852917482,0.000484067,0.285575008
0.25,0,0.0001,0.1,1.5,10,294,706,0.322570446,623.1535401,0.000387148,53357.82709
0.25,0,0.0001,0.1,1.5,100,8,992,0.323759911,554.4838302,0.000383586,63180.09883
0.25,0,0.0001,0.1,1.5,1000,1,999,0.324605783,2.548189696,0.000392689,0.134573352
0.25,0,0.0001,0.1,2,10,293,707,0.338191443,500.525788,0.000372914,43808.81742
0.25,0,0.0001,0.1,2,100,12,988,0.337564877,426.7293766,0.000374786,50953.22495
0.25,0,0.0001,0.1,2,1000,1,999,0.337621695,2.418674514,0.000369264,0.109275198
0.25,0,0.0001,0.1,2.5,10,270,730,0.350037225,299.7015181,0.000345122,13617.71849
0.25,0,0.0001,0.1,2.5,100,19,981,0.349404615,237.472396,0.000327795,16871.03033
0.25,0,0.0001,0.1,2.5,1000,3,997,0.348661448,2.38982571,0.000353261,0.10002892
0.25,0,0.0001,0.1,3,10,226,774,0.358875747,221.3985567,0.000332319,4355.780458
0.25,0,0.0001,0.1,3,100,17,983,0.35809507,153.1983991,0.000322399,3675.510679
0.25,0,0.0001,0.1,3,1000,3,997,0.358424122,2.344333964,0.000313438,0.094204152
0.25,0,0.0001,1,0.1,10,274,726,0.439694635,87.59128367,0.000413963,233.9891603
0.25,0,0.0001,1,0.1,100,10,990,0.439661013,38.36994976,0.000436119,57.88068863
0.25,0,0.0001,1,0.1,1000,2,998,0.439533957,0.326120129,0.000391019,0.001002661
0.25,0,0.0001,1,0.5,10,143,857,0.453223089,82.53758153,0.000320025,257.2950651
0.25,0,0.0001,1,0.5,100,3,997,0.453581496,34.02337551,0.000314678,44.29654491
0.25,0,0.0001,1,0.5,1000,0,1000,0.454884482,0.221694429,0.000304831,0.000437776
0.25,0,0.0001,1,1.1,10,59,941,0.466274005,78.35587224,0.000227114,233.215119
0.25,0,0.0001,1,1.1,100,1,999,0.465439271,31.69837334,0.000213422,37.6360725
0.25,0,0.0001,1,1.1,1000,0,1000,0.465185146,0.180461929,0.00022225,0.000232825
0.25,0,0.0001,1,1.5,10,62,938,0.470299806,76.78564235,0.000189526,226.5768854
0.25,0,0.0001,1,1.5,100,0,1000,0.470621883,30.60704533,0.0001765,33.74125329
0.25,0,0.0001,1,1.5,1000,0,1000,0.471053999,0.171110146,0.000189845,0.000209495
0.25,0,0.0001,1,2,10,49,951,0.474899196,75.63156246,0.000159307,235.6093004
0.25,0,0.0001,1,2,100,0,1000,0.475076529,29.69001406,0.000158173,32.5436826
0.25,0,0.0001,1,2,1000,1,999,0.474405988,0.167170329,0.000145944,0.000205139
0.25,0,0.0001,1,2.5,10,41,959,0.478499523,74.54184151,0.000135015,220.1053928
0.25,0,0.0001,1,2.5,100,0,1000,0.478550247,28.8152075,0.000131086,28.54389107
0.25,0,0.0001,1,2.5,1000,1,999,0.478337336,0.166836657,0.000133718,0.000201871
0.25,0,0.0001,1,3,10,43,957,0.481065978,74.02307001,0.000120627,259.6722216
0.25,0,0.0001,1,3,100,2,998,0.481171035,28.14911236,0.000114414,26.3432169
0.25,0,0.0001,1,3,1000,1,999,0.480627774,0.165658005,0.000111883,0.000215645
0.25,0,0.0003,1.00E-05,0.1,10,1000,0,0,0,0,0
0.25,0,0.0003,1.00E-05,0.1,100,1000,0,0,0,0,0
0.25,0,0.0003,1.00E-05,0.1,1000,1000,0,0,0,0,0
0.25,0,0.0003,1.00E-05,0.5,10,1000,0,0,0,0,0
0.25,0,0.0003,1.00E-05,0.5,100,1000,0,0,0,0,0
0.25,0,0.0003,1.00E-05,0.5,1000,1000,0,0,0,0,0
0.25,0,0.0003,1.00E-05,1.1,10,1000,0,0,0,0,0
0.25,0,0.0003,1.00E-05,1.1,100,1000,0,0,0,0,0
0.25,0,0.0003,1.00E-05,1.1,1000,1000,0,0,0,0,0
0.25,0,0.0003,1.00E-05,1.5,10,1000,0,0,0,0,0
0.25,0,0.0003,1.00E-05,1.5,100,1000,0,0,0,0,0
0.25,0,0.0003,1.00E-05,1.5,1000,1000,0,0,0,0,0
0.25,0,0.0003,1.00E-05,2,10,1000,0,0,0,0,0
0.25,0,0.0003,1.00E-05,2,100,1000,0,0,0,0,0
0.25,0,0.0003,1.00E-05,2,1000,1000,0,0,0,0,0
0.25,0,0.0003,1.00E-05,2.5,10,1000,0,0,0,0,0
0.25,0,0.0003,1.00E-05,2.5,100,1000,0,0,0,0,0
0.25,0,0.0003,1.00E-05,2.5,1000,1000,0,0,0,0,0
0.25,0,0.0003,1.00E-05,3,10,1000,0,0,0,0,0
0.25,0,0.0003,1.00E-05,3,100,1000,0,0,0,0,0
0.25,0,0.0003,1.00E-05,3,1000,1000,0,0,0,0,0
0.25,0,0.0003,0.001,0.1,10,1000,0,0,0,0,0
0.25,0,0.0003,0.001,0.1,100,1000,0,0,0,0,0
0.25,0,0.0003,0.001,0.1,1000,1000,0,0,0,0,0
0.25,0,0.0003,0.001,0.5,10,1000,0,0,0,0,0
0.25,0,0.0003,0.001,0.5,100,1000,0,0,0,0,0
0.25,0,0.0003,0.001,0.5,1000,1000,0,0,0,0,0
0.25,0,0.0003,0.001,1.1,10,1000,0,0,0,0,0
0.25,0,0.0003,0.001,1.1,100,1000,0,0,0,0,0
0.25,0,0.0003,0.001,1.1,1000,1000,0,0,0,0,0
0.25,0,0.0003,0.001,1.5,10,1000,0,0,0,0,0
0.25,0,0.0003,0.001,1.5,100,1000,0,0,0,0,0
0.25,0,0.0003,0.001,1.5,1000,1000,0,0,0,0,0
0.25,0,0.0003,0.001,2,10,1000,0,0,0,0,0
0.25,0,0.0003,0.001,2,100,1000,0,0,0,0,0
0.25,0,0.0003,0.001,2,1000,1000,0,0,0,0,0
0.25,0,0.0003,0.001,2.5,10,1000,0,0,0,0,0
0.25,0,0.0003,0.001,2.5,100,1000,0,0,0,0,0
0.25,0,0.0003,0.001,2.5,1000,1000,0,0,0,0,0
0.25,0,0.0003,0.001,3,10,1000,0,0,0,0,0
0.25,0,0.0003,0.001,3,100,1000,0,0,0,0,0
0.25,0,0.0003,0.001,3,1000,1000,0,0,0,0,0
0.25,0,0.0003,0.1,0.1,10,827,173,0.227690231,0,0.005231128,0
0.25,0,0.0003,0.1,0.1,100,331,669,0.236775103,0,0.004945514,0
0.25,0,0.0003,0.1,0.1,1000,298,702,0.238000697,1.451775749,0.004285179,0.162496063
0.25,0,0.0003,0.1,0.5,10,513,487,0.277326185,644.7121768,0.002246453,27415.41198
0.25,0,0.0003,0.1,0.5,100,41,959,0.276314533,518.5192296,0.002185902,67518.95793
0.25,0,0.0003,0.1,0.5,1000,28,972,0.277227833,0.802816269,0.002237749,0.026484927
0.25,0,0.0003,0.1,1.1,10,371,629,0.309337032,519.8506239,0.001464488,58230.11643
0.25,0,0.0003,0.1,1.1,100,14,986,0.309369493,429.0463977,0.001443478,79688.50732
0.25,0,0.0003,0.1,1.1,1000,6,994,0.310282439,0.664264881,0.001423338,0.016086648
0.25,0,0.0003,0.1,1.5,10,339,661,0.325799705,391.7685424,0.001279376,44653.10793
0.25,0,0.0003,0.1,1.5,100,12,988,0.322675089,285.011813,0.001303068,49914.3482
0.25,0,0.0003,0.1,1.5,1000,3,997,0.324771337,0.650768298,0.001272491,0.013372688
0.25,0,0.0003,0.1,2,10,303,697,0.338607132,250.193704,0.001103619,15721.49373
0.25,0,0.0003,0.1,2,100,15,985,0.338964997,148.4163057,0.001164202,14694.88822
0.25,0,0.0003,0.1,2,1000,5,995,0.339074856,0.641056889,0.001158836,0.012678071
0.25,0,0.0003,0.1,2.5,10,278,722,0.351675668,186.8033613,0.001086893,5514.577226
0.25,0,0.0003,0.1,2.5,100,16,984,0.349780057,93.55669979,0.000998517,4935.500438
0.25,0,0.0003,0.1,2.5,1000,3,997,0.349875491,0.639015262,0.001044733,0.014066575
0.25,0,0.0003,0.1,3,10,258,742,0.35731992,164.1223737,0.001009626,3846.207273
0.25,0,0.0003,0.1,3,100,10,990,0.35755287,69.80206024,0.000992387,2636.083848
0.25,0,0.0003,0.1,3,1000,3,997,0.357807728,0.642856252,0.000999938,0.013958891
0.25,0,0.0003,1,0.1,10,261,739,0.440069118,63.63743491,0.001321671,292.4531167
0.25,0,0.0003,1,0.1,100,10,990,0.440907357,5.414314983,0.001303344,17.45859332
0.25,0,0.0003,1,0.1,1000,1,999,0.440064053,0.091093388,0.001233044,0.000185604
0.25,0,0.0003,1,0.5,10,130,870,0.453576694,60.95330335,0.000942473,314.3588199
0.25,0,0.0003,1,0.5,100,1,999,0.453237377,3.741023238,0.000863127,8.33166283
0.25,0,0.0003,1,0.5,1000,1,999,0.453669877,0.061028803,0.000894187,7.85E-05
0.25,0,0.0003,1,1.1,10,80,920,0.466745791,57.50465541,0.000663761,310.2934315
0.25,0,0.0003,1,1.1,100,3,997,0.465022653,2.717779551,0.000650365,4.856151318
0.25,0,0.0003,1,1.1,1000,1,999,0.465396501,0.05340464,0.000657897,5.51E-05
0.25,0,0.0003,1,1.5,10,51,949,0.469780311,56.11791263,0.000579604,288.7603642
0.25,0,0.0003,1,1.5,100,0,1000,0.472216796,2.343462772,0.00059632,2.971005433
0.25,0,0.0003,1,1.5,1000,1,999,0.472083081,0.052455802,0.000551629,5.49E-05
0.25,0,0.0003,1,2,10,68,932,0.475706334,56.14023,0.000474161,284.8657339
0.25,0,0.0003,1,2,100,1,999,0.474764895,2.172124233,0.000494547,3.605515679
0.25,0,0.0003,1,2,1000,0,1000,0.476231871,0.052803528,0.000477581,5.69E-05
0.25,0,0.0003,1,2.5,10,30,970,0.478874178,55.32102157,0.000388741,275.6717122
0.25,0,0.0003,1,2.5,100,1,999,0.477059787,1.997936115,0.000419192,2.751497947
0.25,0,0.0003,1,2.5,1000,0,1000,0.477128636,0.052312198,0.00039247,5.88E-05
0.25,0,0.0003,1,3,10,62,938,0.481207239,55.17503725,0.000384005,301.482491
0.25,0,0.0003,1,3,100,0,1000,0.479788969,1.842606283,0.000368718,3.240882721
0.25,0,0.0003,1,3,1000,0,1000,0.481473921,0.052045639,0.000367743,5.59E-05
0.25,0,0.001,1.00E-05,0.1,10,1000,0,0,0,0,0
0.25,0,0.001,1.00E-05,0.1,100,1000,0,0,0,0,0
0.25,0,0.001,1.00E-05,0.1,1000,1000,0,0,0,0,0
0.25,0,0.001,1.00E-05,0.5,10,1000,0,0,0,0,0
0.25,0,0.001,1.00E-05,0.5,100,1000,0,0,0,0,0
0.25,0,0.001,1.00E-05,0.5,1000,1000,0,0,0,0,0
0.25,0,0.001,1.00E-05,1.1,10,1000,0,0,0,0,0
0.25,0,0.001,1.00E-05,1.1,100,1000,0,0,0,0,0
0.25,0,0.001,1.00E-05,1.1,1000,1000,0,0,0,0,0
0.25,0,0.001,1.00E-05,1.5,10,1000,0,0,0,0,0
0.25,0,0.001,1.00E-05,1.5,100,1000,0,0,0,0,0
0.25,0,0.001,1.00E-05,1.5,1000,1000,0,0,0,0,0
0.25,0,0.001,1.00E-05,2,10,1000,0,0,0,0,0
0.25,0,0.001,1.00E-05,2,100,1000,0,0,0,0,0
0.25,0,0.001,1.00E-05,2,1000,1000,0,0,0,0,0
0.25,0,0.001,1.00E-05,2.5,10,1000,0,0,0,0,0
0.25,0,0.001,1.00E-05,2.5,100,1000,0,0,0,0,0
0.25,0,0.001,1.00E-05,2.5,1000,1000,0,0,0,0,0
0.25,0,0.001,1.00E-05,3,10,1000,0,0,0,0,0
0.25,0,0.001,1.00E-05,3,100,1000,0,0,0,0,0
0.25,0,0.001,1.00E-05,3,1000,1000,0,0,0,0,0
0.25,0,0.001,0.001,0.1,10,1000,0,0,0,0,0
0.25,0,0.001,0.001,0.1,100,1000,0,0,0,0,0
0.25,0,0.001,0.001,0.1,1000,1000,0,0,0,0,0
0.25,0,0.001,0.001,0.5,10,1000,0,0,0,0,0
0.25,0,0.001,0.001,0.5,100,1000,0,0,0,0,0
0.25,0,0.001,0.001,0.5,1000,1000,0,0,0,0,0
0.25,0,0.001,0.001,1.1,10,1000,0,0,0,0,0
0.25,0,0.001,0.001,1.1,100,1000,0,0,0,0,0
0.25,0,0.001,0.001,1.1,1000,1000,0,0,0,0,0
0.25,0,0.001,0.001,1.5,10,1000,0,0,0,0,0
0.25,0,0.001,0.001,1.5,100,1000,0,0,0,0,0
0.25,0,0.001,0.001,1.5,1000,1000,0,0,0,0,0
0.25,0,0.001,0.001,2,10,1000,0,0,0,0,0
0.25,0,0.001,0.001,2,100,1000,0,0,0,0,0
0.25,0,0.001,0.001,2,1000,1000,0,0,0,0,0
0.25,0,0.001,0.001,2.5,10,1000,0,0,0,0,0
0.25,0,0.001,0.001,2.5,100,1000,0,0,0,0,0
0.25,0,0.001,0.001,2.5,1000,1000,0,0,0,0,0
0.25,0,0.001,0.001,3,10,1000,0,0,0,0,0
0.25,0,0.001,0.001,3,100,1000,0,0,0,0,0
0.25,0,0.001,0.001,3,1000,1000,0,0,0,0,0
0.25,0,0.001,0.1,0.1,10,1000,0,0,133.4341746,0,5542.663804
0.25,0,0.001,0.1,0.1,100,1000,0,0,13.35562079,0,904.6332959
0.25,0,0.001,0.1,0.1,1000,1000,0,0,0.343420091,0,0.015991677
0.25,0,0.001,0.1,0.5,10,987,13,0.217688167,196.2415826,0.021469597,22315.60805
0.25,0,0.001,0.1,0.5,100,972,28,0.206027098,9.048546252,0.014362207,864.7263503
0.25,0,0.001,0.1,0.5,1000,966,34,0.202491961,0.204253095,0.016648887,0.004760122
0.25,0,0.001,0.1,1.1,10,879,121,0.296538758,150.9780593,0.011291828,11719.68104
0.25,0,0.001,0.1,1.1,100,746,254,0.288657007,4.238907023,0.015550319,207.8958116
0.25,0,0.001,0.1,1.1,1000,720,280,0.295652365,0.184072318,0.011065122,0.003771686
0.25,0,0.001,0.1,1.5,10,772,228,0.314646235,144.5356576,0.008272873,12335.46814
0.25,0,0.001,0.1,1.5,100,593,407,0.307300825,2.94136059,0.010947023,16.86581206
0.25,0,0.001,0.1,1.5,1000,555,445,0.308888948,0.183461779,0.010514172,0.003409897
0.25,0,0.001,0.1,2,10,676,324,0.326485597,121.3584094,0.006346136,6460.769339
0.25,0,0.001,0.1,2,100,436,564,0.329863193,2.630642116,0.006763221,2.031278464
0.25,0,0.001,0.1,2,1000,426,574,0.327910754,0.180473905,0.006834737,0.003543684
0.25,0,0.001,0.1,2.5,10,566,434,0.334207659,102.4152875,0.006964937,4499.347505
0.25,0,0.001,0.1,2.5,100,322,678,0.344102158,2.472750972,0.006377243,1.347441158
0.25,0,0.001,0.1,2.5,1000,343,657,0.339092709,0.177302361,0.007168231,0.003385827
0.25,0,0.001,0.1,3,10,513,487,0.352935256,92.80463976,0.00683996,3423.209923
0.25,0,0.001,0.1,3,100,272,728,0.355951482,2.535738859,0.005475284,1.362275318
0.25,0,0.001,0.1,3,1000,270,730,0.351726296,0.181028329,0.005558602,0.003238747
0.25,0,0.001,1,0.1,10,326,674,0.440865511,29.64309957,0.00568333,248.3768313
0.25,0,0.001,1,0.1,100,24,976,0.435520816,0.332874746,0.0051628,0.009911203
0.25,0,0.001,1,0.1,1000,22,978,0.437519611,0.025289698,0.005869451,4.74E-05
0.25,0,0.001,1,0.5,10,197,803,0.450972722,30.99417952,0.003684581,337.9043729
0.25,0,0.001,1,0.5,100,7,993,0.455027223,0.22428481,0.003433011,0.004353638
0.25,0,0.001,1,0.5,1000,7,993,0.456911117,0.016408236,0.003589635,1.89E-05
0.25,0,0.001,1,1.1,10,116,884,0.466587198,30.33137444,0.002260594,341.8697354
0.25,0,0.001,1,1.1,100,2,998,0.465526277,0.182174194,0.002561734,0.002579499
0.25,0,0.001,1,1.1,1000,2,998,0.46478939,0.015552075,0.00270277,1.61E-05
0.25,0,0.001,1,1.5,10,88,912,0.473567089,29.49994646,0.002178483,303.960249
0.25,0,0.001,1,1.5,100,3,997,0.468977545,0.174428464,0.001924384,0.002324157
0.25,0,0.001,1,1.5,1000,0,1000,0.469419967,0.015506168,0.002057548,1.58E-05
0.25,0,0.001,1,2,10,69,931,0.476149192,28.90873399,0.001770673,266.913712
0.25,0,0.001,1,2,100,3,997,0.476138531,0.172747913,0.001829775,0.002286075
0.25,0,0.001,1,2,1000,4,996,0.47608859,0.015465195,0.001725623,1.76E-05
0.25,0,0.001,1,2.5,10,66,934,0.476723095,28.4422801,0.001576716,285.7639207
0.25,0,0.001,1,2.5,100,1,999,0.476781909,0.167964345,0.001461935,0.001976549
0.25,0,0.001,1,2.5,1000,3,997,0.479781225,0.015302459,0.001557261,1.58E-05
0.25,0,0.001,1,3,10,68,932,0.482074082,29.1941176,0.001357497,297.2948789
0.25,0,0.001,1,3,100,5,995,0.478942494,0.168706811,0.001303552,0.001967317
0.25,0,0.001,1,3,1000,4,996,0.479435667,0.015444842,0.001355366,1.71E-05
0.25,0,0.003,1.00E-05,0.1,10,1000,0,0,0,0,0
0.25,0,0.003,1.00E-05,0.1,100,1000,0,0,0,0,0
0.25,0,0.003,1.00E-05,0.1,1000,1000,0,0,0,0,0
0.25,0,0.003,1.00E-05,0.5,10,1000,0,0,0,0,0
0.25,0,0.003,1.00E-05,0.5,100,1000,0,0,0,0,0
0.25,0,0.003,1.00E-05,0.5,1000,1000,0,0,0,0,0
0.25,0,0.003,1.00E-05,1.1,10,1000,0,0,0,0,0
0.25,0,0.003,1.00E-05,1.1,100,1000,0,0,0,0,0
0.25,0,0.003,1.00E-05,1.1,1000,1000,0,0,0,0,0
0.25,0,0.003,1.00E-05,1.5,10,1000,0,0,0,0,0
0.25,0,0.003,1.00E-05,1.5,100,1000,0,0,0,0,0
0.25,0,0.003,1.00E-05,1.5,1000,1000,0,0,0,0,0
0.25,0,0.003,1.00E-05,2,10,1000,0,0,0,0,0
0.25,0,0.003,1.00E-05,2,100,1000,0,0,0,0,0
0.25,0,0.003,1.00E-05,2,1000,1000,0,0,0,0,0
0.25,0,0.003,1.00E-05,2.5,10,1000,0,0,0,0,0
0.25,0,0.003,1.00E-05,2.5,100,1000,0,0,0,0,0
0.25,0,0.003,1.00E-05,2.5,1000,1000,0,0,0,0,0
0.25,0,0.003,1.00E-05,3,10,1000,0,0,0,0,0
0.25,0,0.003,1.00E-05,3,100,1000,0,0,0,0,0
0.25,0,0.003,1.00E-05,3,1000,1000,0,0,0,0,0
0.25,0,0.003,0.001,0.1,10,1000,0,0,0,0,0
0.25,0,0.003,0.001,0.1,100,1000,0,0,0,0,0
0.25,0,0.003,0.001,0.1,1000,1000,0,0,0,0,0
0.25,0,0.003,0.001,0.5,10,1000,0,0,0,0,0
0.25,0,0.003,0.001,0.5,100,1000,0,0,0,0,0
0.25,0,0.003,0.001,0.5,1000,1000,0,0,0,0,0
0.25,0,0.003,0.001,1.1,10,1000,0,0,0,0,0
0.25,0,0.003,0.001,1.1,100,1000,0,0,0,0,0
0.25,0,0.003,0.001,1.1,1000,1000,0,0,0,0,0
0.25,0,0.003,0.001,1.5,10,1000,0,0,0,0,0
0.25,0,0.003,0.001,1.5,100,1000,0,0,0,0,0
0.25,0,0.003,0.001,1.5,1000,1000,0,0,0,0,0
0.25,0,0.003,0.001,2,10,1000,0,0,0,0,0
0.25,0,0.003,0.001,2,100,1000,0,0,0,0,0
0.25,0,0.003,0.001,2,1000,1000,0,0,0,0,0
0.25,0,0.003,0.001,2.5,10,1000,0,0,0,0,0
0.25,0,0.003,0.001,2.5,100,1000,0,0,0,0,0
0.25,0,0.003,0.001,2.5,1000,1000,0,0,0,0,0
0.25,0,0.003,0.001,3,10,1000,0,0,0,0,0
0.25,0,0.003,0.001,3,100,1000,0,0,0,0,0
0.25,0,0.003,0.001,3,1000,1000,0,0,0,0,0
0.25,0,0.003,0.1,0.1,10,1000,0,0,21.95459281,0,241.6848959
0.25,0,0.003,0.1,0.1,100,1000,0,0,1.531917555,0,1.727707896
0.25,0,0.003,0.1,0.1,1000,1000,0,0,0.108436952,0,0.0055002
0.25,0,0.003,0.1,0.5,10,1000,0,0,19.22637354,0,303.3131606
0.25,0,0.003,0.1,0.5,100,1000,0,0,0.863804516,0,0.359883296
0.25,0,0.003,0.1,0.5,1000,1000,0,0,0.064013938,0,0.001353081
0.25,0,0.003,0.1,1.1,10,1000,0,0,18.15492492,0,217.9171933
0.25,0,0.003,0.1,1.1,100,1000,0,0,0.679179108,0,0.200052287
0.25,0,0.003,0.1,1.1,1000,1000,0,0,0.060461314,0,0.00110871
0.25,0,0.003,0.1,1.5,10,1000,0,0,17.82979564,0,242.050731
0.25,0,0.003,0.1,1.5,100,999,1,0,0.670956973,0,0.14933498
0.25,0,0.003,0.1,1.5,1000,1000,0,0,0.059646004,0,0.001118877
0.25,0,0.003,0.1,2,10,1000,0,0,19.25182878,0,316.8261504
0.25,0,0.003,0.1,2,100,1000,0,0,0.665602088,0,0.173033802
0.25,0,0.003,0.1,2,1000,1000,0,0,0.062519872,0,0.001194831
0.25,0,0.003,0.1,2.5,10,1000,0,0,18.2370148,0,304.438799
0.25,0,0.003,0.1,2.5,100,1000,0,0,0.683664479,0,0.18170579
0.25,0,0.003,0.1,2.5,1000,1000,0,0,0.060751514,0,0.001037124
0.25,0,0.003,0.1,3,10,1000,0,0,17.33469882,0,252.637585
0.25,0,0.003,0.1,3,100,1000,0,0,0.673014366,0,0.149280387
0.25,0,0.003,0.1,3,1000,1000,0,0,0.061666099,0,0.001093834
0.25,0,0.003,1,0.1,10,998,2,0.183333333,2.975934432,0.033611111,8.802552923
0.25,0,0.003,1,0.1,100,1000,0,0,0.091592899,0,0.001799395
0.25,0,0.003,1,0.1,1000,997,3,0.440734188,0.008177177,0.00857286,1.60E-05
0.25,0,0.003,1,0.5,10,989,11,0.355256147,2.713904981,0.035552904,10.52800758
0.25,0,0.003,1,0.5,100,979,21,0.432767577,0.061419572,0.042545116,0.000844411
0.25,0,0.003,1,0.5,1000,978,22,0.323199739,0.005397444,0.045330557,6.02E-06
0.25,0,0.003,1,1.1,10,957,43,0.483447757,2.398023148,0.015411427,10.58951032
0.25,0,0.003,1,1.1,100,936,64,0.425345469,0.053950372,0.031118355,0.000575038
0.25,0,0.003,1,1.1,1000,936,64,0.442226079,0.00526815,0.016979617,5.80E-06
0.25,0,0.003,1,1.5,10,924,76,0.444400046,2.386669533,0.021481116,12.76119945
0.25,0,0.003,1,1.5,100,898,102,0.452883182,0.053287281,0.019731527,0.00062719
0.25,0,0.003,1,1.5,1000,909,91,0.454086277,0.005106031,0.01835743,5.49E-06
0.25,0,0.003,1,2,10,887,113,0.458891058,2.269893262,0.017452157,11.53474469
0.25,0,0.003,1,2,100,887,113,0.439843722,0.053565547,0.020920721,0.00058055
0.25,0,0.003,1,2,1000,875,125,0.424685377,0.005015741,0.028847971,5.17E-06
0.25,0,0.003,1,2.5,10,873,127,0.423501677,2.516998266,0.025273792,19.32605382
0.25,0,0.003,1,2.5,100,840,160,0.461731369,0.05281831,0.020481334,0.000615923
0.25,0,0.003,1,2.5,1000,837,163,0.451649528,0.00507829,0.017036894,5.08E-06
0.25,0,0.003,1,3,10,861,139,0.43586957,2.098684994,0.023774928,12.80335238
0.25,0,0.003,1,3,100,816,184,0.447703426,0.052838611,0.015811435,0.000545829
0.25,0,0.003,1,3,1000,816,184,0.459255148,0.005040675,0.013621646,5.49E-06
0.25,1.00E-05,0.0001,1.00E-05,0.1,10,1000,0,0,0,0,0
0.25,1.00E-05,0.0001,1.00E-05,0.1,100,1000,0,0,0,0,0
0.25,1.00E-05,0.0001,1.00E-05,0.1,1000,1000,0,0,0,0,0
0.25,1.00E-05,0.0001,1.00E-05,0.5,10,1000,0,0,0,0,0
0.25,1.00E-05,0.0001,1.00E-05,0.5,100,1000,0,0,0,0,0
0.25,1.00E-05,0.0001,1.00E-05,0.5,1000,1000,0,0,0,0,0
0.25,1.00E-05,0.0001,1.00E-05,1.1,10,1000,0,0,0,0,0
0.25,1.00E-05,0.0001,1.00E-05,1.1,100,1000,0,0,0,0,0
0.25,1.00E-05,0.0001,1.00E-05,1.1,1000,1000,0,0,0,0,0
0.25,1.00E-05,0.0001,1.00E-05,1.5,10,1000,0,0,0,0,0
0.25,1.00E-05,0.0001,1.00E-05,1.5,100,1000,0,0,0,0,0
0.25,1.00E-05,0.0001,1.00E-05,1.5,1000,1000,0,0,0,0,0
0.25,1.00E-05,0.0001,1.00E-05,2,10,1000,0,0,0,0,0
0.25,1.00E-05,0.0001,1.00E-05,2,100,1000,0,0,0,0,0
0.25,1.00E-05,0.0001,1.00E-05,2,1000,1000,0,0,0,0,0
0.25,1.00E-05,0.0001,1.00E-05,2.5,10,1000,0,0,0,0,0
0.25,1.00E-05,0.0001,1.00E-05,2.5,100,1000,0,0,0,0,0
0.25,1.00E-05,0.0001,1.00E-05,2.5,1000,1000,0,0,0,0,0
0.25,1.00E-05,0.0001,1.00E-05,3,10,1000,0,0,0,0,0
0.25,1.00E-05,0.0001,1.00E-05,3,100,1000,0,0,0,0,0
0.25,1.00E-05,0.0001,1.00E-05,3,1000,1000,0,0,0,0,0
0.25,1.00E-05,0.0001,0.001,0.1,10,1000,0,0,0,0,0
0.25,1.00E-05,0.0001,0.001,0.1,100,1000,0,0,0,0,0
0.25,1.00E-05,0.0001,0.001,0.1,1000,1000,0,0,0,0,0
0.25,1.00E-05,0.0001,0.001,0.5,10,1000,0,0,0,0,0
0.25,1.00E-05,0.0001,0.001,0.5,100,1000,0,0,0,0,0
0.25,1.00E-05,0.0001,0.001,0.5,1000,1000,0,0,0,0,0
0.25,1.00E-05,0.0001,0.001,1.1,10,1000,0,0,0,0,0
0.25,1.00E-05,0.0001,0.001,1.1,100,1000,0,0,0,0,0
0.25,1.00E-05,0.0001,0.001,1.1,1000,1000,0,0,0,0,0
0.25,1.00E-05,0.0001,0.001,1.5,10,1000,0,0,0,0,0
0.25,1.00E-05,0.0001,0.001,1.5,100,1000,0,0,0,0,0
0.25,1.00E-05,0.0001,0.001,1.5,1000,1000,0,0,0,0,0
0.25,1.00E-05,0.0001,0.001,2,10,1000,0,0,0,0,0
0.25,1.00E-05,0.0001,0.001,2,100,1000,0,0,0,0,0
0.25,1.00E-05,0.0001,0.001,2,1000,1000,0,0,0,0,0
0.25,1.00E-05,0.0001,0.001,2.5,10,1000,0,0,0,0,0
0.25,1.00E-05,0.0001,0.001,2.5,100,1000,0,0,0,0,0
0.25,1.00E-05,0.0001,0.001,2.5,1000,1000,0,0,0,0,0
0.25,1.00E-05,0.0001,0.001,3,10,1000,0,0,0,0,0
0.25,1.00E-05,0.0001,0.001,3,100,1000,0,0,0,0,0
0.25,1.00E-05,0.0001,0.001,3,1000,1000,0,0,0,0,0
0.25,1.00E-05,0.0001,0.1,0.1,10,687,313,0.24050284,0,0.000939612,0
0.25,1.00E-05,0.0001,0.1,0.1,100,21,979,0.243992834,0,0.000909654,0
0.25,1.00E-05,0.0001,0.1,0.1,1000,5,995,0.244455816,7.493694048,0.000871786,2.128793938
0.25,1.00E-05,0.0001,0.1,0.5,10,466,534,0.276726865,0,0.000553074,0
0.25,1.00E-05,0.0001,0.1,0.5,100,7,993,0.276116728,0,0.000610531,0
0.25,1.00E-05,0.0001,0.1,0.5,1000,1,999,0.275795132,4.911911295,0.000610229,2.661354469
0.25,1.00E-05,0.0001,0.1,1.1,10,344,656,0.30975523,718.7663192,0.000450415,70250.3879
0.25,1.00E-05,0.0001,0.1,1.1,100,14,986,0.3096378,0,0.00046315,0
0.25,1.00E-05,0.0001,0.1,1.1,1000,1,999,0.309001236,2.861439805,0.000484997,0.245529587
0.25,1.00E-05,0.0001,0.1,1.5,10,320,680,0.325471988,596.6013285,0.00037202,53921.67973
0.25,1.00E-05,0.0001,0.1,1.5,100,11,989,0.324661148,593.9147865,0.000381866,63083.22314
0.25,1.00E-05,0.0001,0.1,1.5,1000,2,998,0.323828874,3.157586719,0.000383865,352.6095528
0.25,1.00E-05,0.0001,0.1,2,10,283,717,0.338268751,503.0691891,0.000334424,45969.08666
0.25,1.00E-05,0.0001,0.1,2,100,11,989,0.338499756,417.1395688,0.000365391,51505.56665
0.25,1.00E-05,0.0001,0.1,2,1000,4,996,0.339649054,2.421916045,0.00032908,0.114610132
0.25,1.00E-05,0.0001,0.1,2.5,10,225,775,0.349297351,298.2631624,0.000345447,13907.81595
0.25,1.00E-05,0.0001,0.1,2.5,100,11,989,0.349908938,227.7632042,0.000349447,15045.08966
0.25,1.00E-05,0.0001,0.1,2.5,1000,1,999,0.349420279,2.379899017,0.000303122,0.097993763
0.25,1.00E-05,0.0001,0.1,3,10,245,755,0.357225604,221.5029751,0.000306536,4384.629698
0.25,1.00E-05,0.0001,0.1,3,100,8,992,0.357419902,154.7022231,0.000284042,3871.027823
0.25,1.00E-05,0.0001,0.1,3,1000,1,999,0.357127485,2.340125639,0.000309818,0.094920341
0.25,1.00E-05,0.0001,1,0.1,10,263,737,0.440534309,87.88642425,0.000458158,233.5320247
0.25,1.00E-05,0.0001,1,0.1,100,9,991,0.43976617,38.85405939,0.000400414,56.20272524
0.25,1.00E-05,0.0001,1,0.1,1000,0,1000,0.439545226,0.325039375,0.000397026,0.000963002
0.25,1.00E-05,0.0001,1,0.5,10,122,878,0.452877533,82.69681107,0.000287046,217.3121238
0.25,1.00E-05,0.0001,1,0.5,100,0,1000,0.453327924,34.54570644,0.000314512,43.31353582
0.25,1.00E-05,0.0001,1,0.5,1000,0,1000,0.453134304,0.222556984,0.000297012,0.000377047
0.25,1.00E-05,0.0001,1,1.1,10,94,906,0.465310044,78.28228369,0.000209221,229.999612
0.25,1.00E-05,0.0001,1,1.1,100,0,1000,0.465057612,31.34456019,0.000219041,35.43711431
0.25,1.00E-05,0.0001,1,1.1,1000,0,1000,0.464476442,0.179442348,0.000224279,0.000247037
0.25,1.00E-05,0.0001,1,1.5,10,42,958,0.470492952,77.13028197,0.000175325,220.7369799
0.25,1.00E-05,0.0001,1,1.5,100,1,999,0.470118596,30.24505334,0.000180516,32.55386218
0.25,1.00E-05,0.0001,1,1.5,1000,0,1000,0.470653999,0.172190263,0.000185706,0.000193136
0.25,1.00E-05,0.0001,1,2,10,47,953,0.474884818,75.51968047,0.000162534,221.1260983
0.25,1.00E-05,0.0001,1,2,100,0,1000,0.474211407,29.58684882,0.000162235,31.07235002
0.25,1.00E-05,0.0001,1,2,1000,0,1000,0.474747597,0.168425567,0.000159893,0.000206871
0.25,1.00E-05,0.0001,1,2.5,10,38,962,0.479049477,74.98713591,0.000125456,211.9073793
0.25,1.00E-05,0.0001,1,2.5,100,0,1000,0.478225695,29.39327853,0.000127668,39.32752553
0.25,1.00E-05,0.0001,1,2.5,1000,0,1000,0.478107932,0.166405813,0.000134859,0.000212552
0.25,1.00E-05,0.0001,1,3,10,40,960,0.481199462,74.3097922,0.000106619,240.8258145
0.25,1.00E-05,0.0001,1,3,100,1,999,0.480603074,28.43512968,0.000116836,30.52692395
0.25,1.00E-05,0.0001,1,3,1000,0,1000,0.480552227,0.166676223,0.000115444,0.00019678
0.25,1.00E-05,0.0003,1.00E-05,0.1,10,1000,0,0,0,0,0
0.25,1.00E-05,0.0003,1.00E-05,0.1,100,1000,0,0,0,0,0
0.25,1.00E-05,0.0003,1.00E-05,0.1,1000,1000,0,0,0,0,0
0.25,1.00E-05,0.0003,1.00E-05,0.5,10,1000,0,0,0,0,0
0.25,1.00E-05,0.0003,1.00E-05,0.5,100,1000,0,0,0,0,0
0.25,1.00E-05,0.0003,1.00E-05,0.5,1000,1000,0,0,0,0,0
0.25,1.00E-05,0.0003,1.00E-05,1.1,10,1000,0,0,0,0,0
0.25,1.00E-05,0.0003,1.00E-05,1.1,100,1000,0,0,0,0,0
0.25,1.00E-05,0.0003,1.00E-05,1.1,1000,1000,0,0,0,0,0
0.25,1.00E-05,0.0003,1.00E-05,1.5,10,1000,0,0,0,0,0
0.25,1.00E-05,0.0003,1.00E-05,1.5,100,1000,0,0,0,0,0
0.25,1.00E-05,0.0003,1.00E-05,1.5,1000,1000,0,0,0,0,0
0.25,1.00E-05,0.0003,1.00E-05,2,10,1000,0,0,0,0,0
0.25,1.00E-05,0.0003,1.00E-05,2,100,1000,0,0,0,0,0
0.25,1.00E-05,0.0003,1.00E-05,2,1000,1000,0,0,0,0,0
0.25,1.00E-05,0.0003,1.00E-05,2.5,10,1000,0,0,0,0,0
0.25,1.00E-05,0.0003,1.00E-05,2.5,100,1000,0,0,0,0,0
0.25,1.00E-05,0.0003,1.00E-05,2.5,1000,1000,0,0,0,0,0
0.25,1.00E-05,0.0003,1.00E-05,3,10,1000,0,0,0,0,0
0.25,1.00E-05,0.0003,1.00E-05,3,100,1000,0,0,0,0,0
0.25,1.00E-05,0.0003,1.00E-05,3,1000,1000,0,0,0,0,0
0.25,1.00E-05,0.0003,0.001,0.1,10,1000,0,0,0,0,0
0.25,1.00E-05,0.0003,0.001,0.1,100,1000,0,0,0,0,0
0.25,1.00E-05,0.0003,0.001,0.1,1000,1000,0,0,0,0,0
0.25,1.00E-05,0.0003,0.001,0.5,10,1000,0,0,0,0,0
0.25,1.00E-05,0.0003,0.001,0.5,100,1000,0,0,0,0,0
0.25,1.00E-05,0.0003,0.001,0.5,1000,1000,0,0,0,0,0
0.25,1.00E-05,0.0003,0.001,1.1,10,1000,0,0,0,0,0
0.25,1.00E-05,0.0003,0.001,1.1,100,1000,0,0,0,0,0
0.25,1.00E-05,0.0003,0.001,1.1,1000,1000,0,0,0,0,0
0.25,1.00E-05,0.0003,0.001,1.5,10,1000,0,0,0,0,0
0.25,1.00E-05,0.0003,0.001,1.5,100,1000,0,0,0,0,0
0.25,1.00E-05,0.0003,0.001,1.5,1000,1000,0,0,0,0,0
0.25,1.00E-05,0.0003,0.001,2,10,1000,0,0,0,0,0
0.25,1.00E-05,0.0003,0.001,2,100,1000,0,0,0,0,0
0.25,1.00E-05,0.0003,0.001,2,1000,1000,0,0,0,0,0
0.25,1.00E-05,0.0003,0.001,2.5,10,1000,0,0,0,0,0
0.25,1.00E-05,0.0003,0.001,2.5,100,1000,0,0,0,0,0
0.25,1.00E-05,0.0003,0.001,2.5,1000,1000,0,0,0,0,0
0.25,1.00E-05,0.0003,0.001,3,10,1000,0,0,0,0,0
0.25,1.00E-05,0.0003,0.001,3,100,1000,0,0,0,0,0
0.25,1.00E-05,0.0003,0.001,3,1000,1000,0,0,0,0,0
0.25,1.00E-05,0.0003,0.1,0.1,10,823,177,0.232904166,0,0.004263707,0
0.25,1.00E-05,0.0003,0.1,0.1,100,369,631,0.236747423,0,0.005346372,0
0.25,1.00E-05,0.0003,0.1,0.1,1000,346,654,0.239873643,1.443050801,0.004423923,0.144244503
0.25,1.00E-05,0.0003,0.1,0.5,10,533,467,0.281705138,500.454534,0.002549269,40983.87698
0.25,1.00E-05,0.0003,0.1,0.5,100,32,968,0.276742977,480.3259402,0.002188566,52782.74977
0.25,1.00E-05,0.0003,0.1,0.5,1000,20,980,0.275877388,0.805558269,0.002164837,0.025521814
0.25,1.00E-05,0.0003,0.1,1.1,10,353,647,0.309689585,531.271408,0.001419309,57528.34819
0.25,1.00E-05,0.0003,0.1,1.1,100,14,986,0.307754512,424.9944897,0.001413674,77315.96243
0.25,1.00E-05,0.0003,0.1,1.1,1000,4,996,0.308689253,0.661333947,0.001448452,0.014855249
0.25,1.00E-05,0.0003,0.1,1.5,10,320,680,0.322864613,381.2390603,0.001218711,39412.62634
0.25,1.00E-05,0.0003,0.1,1.5,100,16,984,0.324091604,283.1745271,0.001387877,49828.76455
0.25,1.00E-05,0.0003,0.1,1.5,1000,5,995,0.325022328,0.650268659,0.001362241,0.013168236
0.25,1.00E-05,0.0003,0.1,2,10,294,706,0.339663091,256.0046252,0.001162432,16422.58162
0.25,1.00E-05,0.0003,0.1,2,100,13,987,0.337936012,147.9761341,0.001110331,14021.74352
0.25,1.00E-05,0.0003,0.1,2,1000,4,996,0.337472804,0.643521028,0.001121178,0.013205649
0.25,1.00E-05,0.0003,0.1,2.5,10,272,728,0.349328942,189.6955559,0.001076472,6769.405814
0.25,1.00E-05,0.0003,0.1,2.5,100,17,983,0.349726636,97.11221191,0.001013391,4906.214895
0.25,1.00E-05,0.0003,0.1,2.5,1000,2,998,0.350518011,0.644345378,0.001028806,0.013172929
0.25,1.00E-05,0.0003,0.1,3,10,273,727,0.355576873,162.287487,0.000998555,3693.275945
0.25,1.00E-05,0.0003,0.1,3,100,10,990,0.358834882,71.37144567,0.001013739,2558.032708
0.25,1.00E-05,0.0003,0.1,3,1000,6,994,0.355715781,0.648499916,0.001052464,0.014116658
0.25,1.00E-05,0.0003,1,0.1,10,268,732,0.441469649,64.16221926,0.00133026,371.5689612
0.25,1.00E-05,0.0003,1,0.1,100,7,993,0.438530046,5.317309379,0.001282284,17.05284704
0.25,1.00E-05,0.0003,1,0.1,1000,1,999,0.438358426,0.091189464,0.001223779,0.000179492
0.25,1.00E-05,0.0003,1,0.5,10,143,857,0.452710714,59.76144389,0.000906297,298.6111844
0.25,1.00E-05,0.0003,1,0.5,100,2,998,0.452289006,3.739481574,0.000907355,8.525800204
0.25,1.00E-05,0.0003,1,0.5,1000,1,999,0.454121865,0.060923401,0.000953954,7.86E-05
0.25,1.00E-05,0.0003,1,1.1,10,83,917,0.464989369,57.61469363,0.000691785,288.2154272
0.25,1.00E-05,0.0003,1,1.1,100,1,999,0.465266501,2.771076102,0.000637714,5.888052368
0.25,1.00E-05,0.0003,1,1.1,1000,0,1000,0.464482926,0.053497363,0.000636927,6.51E-05
0.25,1.00E-05,0.0003,1,1.5,10,61,939,0.470140845,55.78426243,0.000599437,283.7094394
0.25,1.00E-05,0.0003,1,1.5,100,0,1000,0.470868097,2.365166526,0.000556471,3.565000609
0.25,1.00E-05,0.0003,1,1.5,1000,1,999,0.469373209,0.052564795,0.000545557,5.84E-05
0.25,1.00E-05,0.0003,1,2,10,46,954,0.47407418,55.26187661,0.00050801,289.6559802
0.25,1.00E-05,0.0003,1,2,100,0,1000,0.474387802,2.121051742,0.000457561,3.846189998
0.25,1.00E-05,0.0003,1,2,1000,0,1000,0.474547775,0.052192156,0.000478625,5.77E-05
0.25,1.00E-05,0.0003,1,2.5,10,45,955,0.478574281,54.09279443,0.000424946,273.8424754
0.25,1.00E-05,0.0003,1,2.5,100,0,1000,0.477659083,1.914957539,0.000398304,2.626139063
0.25,1.00E-05,0.0003,1,2.5,1000,1,999,0.479265286,0.052322192,0.000397928,5.51E-05
0.25,1.00E-05,0.0003,1,3,10,45,955,0.480331723,54.68042431,0.000343024,287.04212
0.25,1.00E-05,0.0003,1,3,100,1,999,0.481724678,1.774520448,0.000359405,2.073362434
0.25,1.00E-05,0.0003,1,3,1000,1,999,0.480524877,0.052021098,0.000372561,5.24E-05
0.25,1.00E-05,0.001,1.00E-05,0.1,10,1000,0,0,0,0,0
0.25,1.00E-05,0.001,1.00E-05,0.1,100,1000,0,0,0,0,0
0.25,1.00E-05,0.001,1.00E-05,0.1,1000,1000,0,0,0,0,0
0.25,1.00E-05,0.001,1.00E-05,0.5,10,1000,0,0,0,0,0
0.25,1.00E-05,0.001,1.00E-05,0.5,100,1000,0,0,0,0,0
0.25,1.00E-05,0.001,1.00E-05,0.5,1000,1000,0,0,0,0,0
0.25,1.00E-05,0.001,1.00E-05,1.1,10,1000,0,0,0,0,0
0.25,1.00E-05,0.001,1.00E-05,1.1,100,1000,0,0,0,0,0
0.25,1.00E-05,0.001,1.00E-05,1.1,1000,1000,0,0,0,0,0
0.25,1.00E-05,0.001,1.00E-05,1.5,10,1000,0,0,0,0,0
0.25,1.00E-05,0.001,1.00E-05,1.5,100,1000,0,0,0,0,0
0.25,1.00E-05,0.001,1.00E-05,1.5,1000,1000,0,0,0,0,0
0.25,1.00E-05,0.001,1.00E-05,2,10,1000,0,0,0,0,0
0.25,1.00E-05,0.001,1.00E-05,2,100,1000,0,0,0,0,0
0.25,1.00E-05,0.001,1.00E-05,2,1000,1000,0,0,0,0,0
0.25,1.00E-05,0.001,1.00E-05,2.5,10,1000,0,0,0,0,0
0.25,1.00E-05,0.001,1.00E-05,2.5,100,1000,0,0,0,0,0
0.25,1.00E-05,0.001,1.00E-05,2.5,1000,1000,0,0,0,0,0
0.25,1.00E-05,0.001,1.00E-05,3,10,1000,0,0,0,0,0
0.25,1.00E-05,0.001,1.00E-05,3,100,1000,0,0,0,0,0
0.25,1.00E-05,0.001,1.00E-05,3,1000,1000,0,0,0,0,0
0.25,1.00E-05,0.001,0.001,0.1,10,1000,0,0,0,0,0
0.25,1.00E-05,0.001,0.001,0.1,100,1000,0,0,0,0,0
0.25,1.00E-05,0.001,0.001,0.1,1000,1000,0,0,0,0,0
0.25,1.00E-05,0.001,0.001,0.5,10,1000,0,0,0,0,0
0.25,1.00E-05,0.001,0.001,0.5,100,1000,0,0,0,0,0
0.25,1.00E-05,0.001,0.001,0.5,1000,1000,0,0,0,0,0
0.25,1.00E-05,0.001,0.001,1.1,10,1000,0,0,0,0,0
0.25,1.00E-05,0.001,0.001,1.1,100,1000,0,0,0,0,0
0.25,1.00E-05,0.001,0.001,1.1,1000,1000,0,0,0,0,0
0.25,1.00E-05,0.001,0.001,1.5,10,1000,0,0,0,0,0
0.25,1.00E-05,0.001,0.001,1.5,100,1000,0,0,0,0,0
0.25,1.00E-05,0.001,0.001,1.5,1000,1000,0,0,0,0,0
0.25,1.00E-05,0.001,0.001,2,10,1000,0,0,0,0,0
0.25,1.00E-05,0.001,0.001,2,100,1000,0,0,0,0,0
0.25,1.00E-05,0.001,0.001,2,1000,1000,0,0,0,0,0
0.25,1.00E-05,0.001,0.001,2.5,10,1000,0,0,0,0,0
0.25,1.00E-05,0.001,0.001,2.5,100,1000,0,0,0,0,0
0.25,1.00E-05,0.001,0.001,2.5,1000,1000,0,0,0,0,0
0.25,1.00E-05,0.001,0.001,3,10,1000,0,0,0,0,0
0.25,1.00E-05,0.001,0.001,3,100,1000,0,0,0,0,0
0.25,1.00E-05,0.001,0.001,3,1000,1000,0,0,0,0,0
0.25,1.00E-05,0.001,0.1,0.1,10,1000,0,0,181.7884954,0,1004.2066
0.25,1.00E-05,0.001,0.1,0.1,100,999,1,0.222222222,13.23080508,0,1048.917729
0.25,1.00E-05,0.001,0.1,0.1,1000,999,1,0.227272727,0.348807926,0,0.01973136
0.25,1.00E-05,0.001,0.1,0.5,10,988,12,0.242893443,185.2632547,0.008516958,19126.88965
0.25,1.00E-05,0.001,0.1,0.5,100,980,20,0.206507988,9.24753432,0.012853171,1482.643209
0.25,1.00E-05,0.001,0.1,0.5,1000,981,19,0.245475644,0.203681697,0.014384144,0.004653836
0.25,1.00E-05,0.001,0.1,1.1,10,879,121,0.272090878,155.053386,0.013334116,13540.77701
0.25,1.00E-05,0.001,0.1,1.1,100,737,263,0.296261776,3.602968477,0.011168112,66.10866582
0.25,1.00E-05,0.001,0.1,1.1,1000,747,253,0.294337762,0.194642485,0.010527818,0.097018488
0.25,1.00E-05,0.001,0.1,1.5,10,763,237,0.305785155,133.7698954,0.009395228,8004.101982
0.25,1.00E-05,0.001,0.1,1.5,100,583,417,0.31189017,2.968994885,0.009243809,39.18531809
0.25,1.00E-05,0.001,0.1,1.5,1000,587,413,0.30982021,0.182674108,0.009046981,0.003181893
0.25,1.00E-05,0.001,0.1,2,10,685,315,0.328827999,120.2586722,0.007946973,6919.953474
0.25,1.00E-05,0.001,0.1,2,100,427,573,0.3201635,2.717099464,0.009238407,17.86484842
0.25,1.00E-05,0.001,0.1,2,1000,436,564,0.326996466,0.186593539,0.007369604,0.00387193
0.25,1.00E-05,0.001,0.1,2.5,10,608,392,0.343514897,102.1843787,0.006520955,4450.129306
0.25,1.00E-05,0.001,0.1,2.5,100,355,645,0.342730514,2.507496108,0.007274542,1.719737579
0.25,1.00E-05,0.001,0.1,2.5,1000,360,640,0.34077407,0.184643121,0.005482283,0.003736319
0.25,1.00E-05,0.001,0.1,3,10,567,433,0.348160581,95.51983805,0.006843726,3338.754969
0.25,1.00E-05,0.001,0.1,3,100,291,709,0.3484329,2.494444895,0.00616858,1.174577412
0.25,1.00E-05,0.001,0.1,3,1000,280,720,0.3488998,0.186484697,0.006052939,0.003310798
0.25,1.00E-05,0.001,1,0.1,10,326,674,0.442005013,30.58385382,0.004839718,300.6446191
0.25,1.00E-05,0.001,1,0.1,100,25,975,0.443209649,0.336686646,0.005061649,0.011149342
0.25,1.00E-05,0.001,1,0.1,1000,21,979,0.441262872,0.025008643,0.004930967,4.32E-05
0.25,1.00E-05,0.001,1,0.5,10,176,824,0.453556959,29.56571829,0.00349342,275.9724053
0.25,1.00E-05,0.001,1,0.5,100,11,989,0.451418942,0.225688491,0.003770558,0.00387518
0.25,1.00E-05,0.001,1,0.5,1000,9,991,0.452395794,0.016964145,0.00351248,2.10E-05
0.25,1.00E-05,0.001,1,1.1,10,108,892,0.464776262,30.06318372,0.002394511,297.0826843
0.25,1.00E-05,0.001,1,1.1,100,7,993,0.465269474,0.185944696,0.002268215,0.002781453
0.25,1.00E-05,0.001,1,1.1,1000,6,994,0.467753515,0.015511939,0.002273818,1.76E-05
0.25,1.00E-05,0.001,1,1.5,10,91,909,0.47146502,29.94727685,0.001982628,352.7274696
0.25,1.00E-05,0.001,1,1.5,100,2,998,0.473165337,0.173843814,0.002023197,0.00215207
0.25,1.00E-05,0.001,1,1.5,1000,2,998,0.469327241,0.015385952,0.002473424,1.58E-05
0.25,1.00E-05,0.001,1,2,10,54,946,0.474953224,29.42240553,0.001683321,377.3984949
0.25,1.00E-05,0.001,1,2,100,0,1000,0.472591091,0.169400374,0.001786766,0.002109572
0.25,1.00E-05,0.001,1,2,1000,4,996,0.47340384,0.016868071,0.001786476,0.002481789
0.25,1.00E-05,0.001,1,2.5,10,70,930,0.479632813,29.07752164,0.001629927,273.8441945
0.25,1.00E-05,0.001,1,2.5,100,3,997,0.47775546,0.168722294,0.001725825,0.001887207
0.25,1.00E-05,0.001,1,2.5,1000,4,996,0.475563825,0.015208997,0.001561086,1.52E-05
0.25,1.00E-05,0.001,1,3,10,61,939,0.48122678,29.22117,0.001388821,293.8634083
0.25,1.00E-05,0.001,1,3,100,5,995,0.481907073,0.169688404,0.001477424,0.001971839
0.25,1.00E-05,0.001,1,3,1000,2,998,0.481752062,0.015327925,0.001373201,1.61E-05
0.25,1.00E-05,0.003,1.00E-05,0.1,10,1000,0,0,0,0,0
0.25,1.00E-05,0.003,1.00E-05,0.1,100,1000,0,0,0,0,0
0.25,1.00E-05,0.003,1.00E-05,0.1,1000,1000,0,0,0,0,0
0.25,1.00E-05,0.003,1.00E-05,0.5,10,1000,0,0,0,0,0
0.25,1.00E-05,0.003,1.00E-05,0.5,100,1000,0,0,0,0,0
0.25,1.00E-05,0.003,1.00E-05,0.5,1000,1000,0,0,0,0,0
0.25,1.00E-05,0.003,1.00E-05,1.1,10,1000,0,0,0,0,0
0.25,1.00E-05,0.003,1.00E-05,1.1,100,1000,0,0,0,0,0
0.25,1.00E-05,0.003,1.00E-05,1.1,1000,1000,0,0,0,0,0
0.25,1.00E-05,0.003,1.00E-05,1.5,10,1000,0,0,0,0,0
0.25,1.00E-05,0.003,1.00E-05,1.5,100,1000,0,0,0,0,0
0.25,1.00E-05,0.003,1.00E-05,1.5,1000,1000,0,0,0,0,0
0.25,1.00E-05,0.003,1.00E-05,2,10,1000,0,0,0,0,0
0.25,1.00E-05,0.003,1.00E-05,2,100,1000,0,0,0,0,0
0.25,1.00E-05,0.003,1.00E-05,2,1000,1000,0,0,0,0,0
0.25,1.00E-05,0.003,1.00E-05,2.5,10,1000,0,0,0,0,0
0.25,1.00E-05,0.003,1.00E-05,2.5,100,1000,0,0,0,0,0
0.25,1.00E-05,0.003,1.00E-05,2.5,1000,1000,0,0,0,0,0
0.25,1.00E-05,0.003,1.00E-05,3,10,1000,0,0,0,0,0
0.25,1.00E-05,0.003,1.00E-05,3,100,1000,0,0,0,0,0
0.25,1.00E-05,0.003,1.00E-05,3,1000,1000,0,0,0,0,0
0.25,1.00E-05,0.003,0.001,0.1,10,1000,0,0,0,0,0
0.25,1.00E-05,0.003,0.001,0.1,100,1000,0,0,0,0,0
0.25,1.00E-05,0.003,0.001,0.1,1000,1000,0,0,0,0,0
0.25,1.00E-05,0.003,0.001,0.5,10,1000,0,0,0,0,0
0.25,1.00E-05,0.003,0.001,0.5,100,1000,0,0,0,0,0
0.25,1.00E-05,0.003,0.001,0.5,1000,1000,0,0,0,0,0
0.25,1.00E-05,0.003,0.001,1.1,10,1000,0,0,0,0,0
0.25,1.00E-05,0.003,0.001,1.1,100,1000,0,0,0,0,0
0.25,1.00E-05,0.003,0.001,1.1,1000,1000,0,0,0,0,0
0.25,1.00E-05,0.003,0.001,1.5,10,1000,0,0,0,0,0
0.25,1.00E-05,0.003,0.001,1.5,100,1000,0,0,0,0,0
0.25,1.00E-05,0.003,0.001,1.5,1000,1000,0,0,0,0,0
0.25,1.00E-05,0.003,0.001,2,10,1000,0,0,0,0,0
0.25,1.00E-05,0.003,0.001,2,100,1000,0,0,0,0,0
0.25,1.00E-05,0.003,0.001,2,1000,1000,0,0,0,0,0
0.25,1.00E-05,0.003,0.001,2.5,10,1000,0,0,0,0,0
0.25,1.00E-05,0.003,0.001,2.5,100,1000,0,0,0,0,0
0.25,1.00E-05,0.003,0.001,2.5,1000,1000,0,0,0,0,0
0.25,1.00E-05,0.003,0.001,3,10,1000,0,0,0,0,0
0.25,1.00E-05,0.003,0.001,3,100,1000,0,0,0,0,0
0.25,1.00E-05,0.003,0.001,3,1000,1000,0,0,0,0,0
0.25,1.00E-05,0.003,0.1,0.1,10,1000,0,0,18.89241428,0,234.4360469
0.25,1.00E-05,0.003,0.1,0.1,100,1000,0,0,1.53050562,0,2.236642422
0.25,1.00E-05,0.003,0.1,0.1,1000,1000,0,0,0.108984841,0,0.004782057
0.25,1.00E-05,0.003,0.1,0.5,10,1000,0,0,19.98293091,0,246.681121
0.25,1.00E-05,0.003,0.1,0.5,100,1000,0,0,0.890238409,0,0.945751784
0.25,1.00E-05,0.003,0.1,0.5,1000,1000,0,0,0.066901556,0,0.001402643
0.25,1.00E-05,0.003,0.1,1.1,10,1000,0,0,18.98997714,0,210.612952
0.25,1.00E-05,0.003,0.1,1.1,100,1000,0,0,0.675756086,0,0.164510427
0.25,1.00E-05,0.003,0.1,1.1,1000,1000,0,0,0.060286495,0,0.00113
0.25,1.00E-05,0.003,0.1,1.5,10,1000,0,0,20.93814926,0,328.0535825
0.25,1.00E-05,0.003,0.1,1.5,100,1000,0,0,0.661571107,0,0.16436305
0.25,1.00E-05,0.003,0.1,1.5,1000,1000,0,0,0.064526813,0,0.013278989
0.25,1.00E-05,0.003,0.1,2,10,1000,0,0,19.01846732,0,319.1292905
0.25,1.00E-05,0.003,0.1,2,100,1000,0,0,0.673266517,0,0.146824398
0.25,1.00E-05,0.003,0.1,2,1000,1000,0,0,0.061966115,0,0.00121819
0.25,1.00E-05,0.003,0.1,2.5,10,1000,0,0,17.73365275,0,368.6309885
0.25,1.00E-05,0.003,0.1,2.5,100,999,1,0.454545455,0.672698536,0,0.167721013
0.25,1.00E-05,0.003,0.1,2.5,1000,1000,0,0,0.060386338,0,0.00113034
0.25,1.00E-05,0.003,0.1,3,10,1000,0,0,17.63048423,0,307.8978281
0.25,1.00E-05,0.003,0.1,3,100,1000,0,0,0.656556127,0,0.156395757
0.25,1.00E-05,0.003,0.1,3,1000,1000,0,0,0.060994321,0,0.001164397
0.25,1.00E-05,0.003,1,0.1,10,999,1,0.333333333,3.051679536,0,10.11078414
0.25,1.00E-05,0.003,1,0.1,100,998,2,0.426470588,0.094787123,0.005406574,0.002302689
0.25,1.00E-05,0.003,1,0.1,1000,999,1,0.40625,0.007777696,0,1.26E-05
0.25,1.00E-05,0.003,1,0.5,10,993,7,0.495540966,2.545662016,0.009492889,8.07390097
0.25,1.00E-05,0.003,1,0.5,100,985,15,0.360341714,0.0624408,0.027578683,0.000824116
0.25,1.00E-05,0.003,1,0.5,1000,979,21,0.392237851,0.005518807,0.037419248,6.81E-06
0.25,1.00E-05,0.003,1,1.1,10,959,41,0.399698284,2.369538578,0.030068061,7.71411321
0.25,1.00E-05,0.003,1,1.1,100,933,67,0.409977035,0.053045807,0.02810021,0.000566155
0.25,1.00E-05,0.003,1,1.1,1000,942,58,0.457090629,0.005234427,0.023999587,5.88E-06
0.25,1.00E-05,0.003,1,1.5,10,928,72,0.432990524,2.326227849,0.02792468,9.485519061
0.25,1.00E-05,0.003,1,1.5,100,907,93,0.444446026,0.056263306,0.0186454,0.010825439
0.25,1.00E-05,0.003,1,1.5,1000,906,94,0.433630965,0.004930802,0.021331829,4.91E-06
0.25,1.00E-05,0.003,1,2,10,893,107,0.454802601,2.204887119,0.023763568,10.90044677
0.25,1.00E-05,0.003,1,2,100,885,115,0.431704122,0.051785218,0.026642919,0.000548685
0.25,1.00E-05,0.003,1,2,1000,862,138,0.463875026,0.005123155,0.012581645,5.87E-06
0.25,1.00E-05,0.003,1,2.5,10,867,133,0.445126301,2.437874841,0.02247562,13.86269016
0.25,1.00E-05,0.003,1,2.5,100,844,156,0.477627337,0.053963402,0.012378615,0.000701017
0.25,1.00E-05,0.003,1,2.5,1000,824,176,0.473287773,0.005008487,0.011518239,5.33E-06
0.25,1.00E-05,0.003,1,3,10,845,155,0.475884749,2.388186511,0.018417077,21.46609502
0.25,1.00E-05,0.003,1,3,100,835,165,0.473732016,0.052864163,0.017457708,0.000566215
0.25,1.00E-05,0.003,1,3,1000,800,200,0.448925743,0.005092815,0.016699461,5.74E-06
0.25,0.0001,0.0001,1.00E-05,0.1,10,1000,0,0,0,0,0
0.25,0.0001,0.0001,1.00E-05,0.1,100,1000,0,0,0,0,0
0.25,0.0001,0.0001,1.00E-05,0.1,1000,1000,0,0,0,0,0
0.25,0.0001,0.0001,1.00E-05,0.5,10,1000,0,0,0,0,0
0.25,0.0001,0.0001,1.00E-05,0.5,100,1000,0,0,0,0,0
0.25,0.0001,0.0001,1.00E-05,0.5,1000,1000,0,0,0,0,0
0.25,0.0001,0.0001,1.00E-05,1.1,10,1000,0,0,0,0,0
0.25,0.0001,0.0001,1.00E-05,1.1,100,1000,0,0,0,0,0
0.25,0.0001,0.0001,1.00E-05,1.1,1000,1000,0,0,0,0,0
0.25,0.0001,0.0001,1.00E-05,1.5,10,1000,0,0,0,0,0
0.25,0.0001,0.0001,1.00E-05,1.5,100,1000,0,0,0,0,0
0.25,0.0001,0.0001,1.00E-05,1.5,1000,1000,0,0,0,0,0
0.25,0.0001,0.0001,1.00E-05,2,10,1000,0,0,0,0,0
0.25,0.0001,0.0001,1.00E-05,2,100,1000,0,0,0,0,0
0.25,0.0001,0.0001,1.00E-05,2,1000,1000,0,0,0,0,0
0.25,0.0001,0.0001,1.00E-05,2.5,10,1000,0,0,0,0,0
0.25,0.0001,0.0001,1.00E-05,2.5,100,1000,0,0,0,0,0
0.25,0.0001,0.0001,1.00E-05,2.5,1000,1000,0,0,0,0,0
0.25,0.0001,0.0001,1.00E-05,3,10,1000,0,0,0,0,0
0.25,0.0001,0.0001,1.00E-05,3,100,1000,0,0,0,0,0
0.25,0.0001,0.0001,1.00E-05,3,1000,1000,0,0,0,0,0
0.25,0.0001,0.0001,0.001,0.1,10,1000,0,0,0,0,0
0.25,0.0001,0.0001,0.001,0.1,100,1000,0,0,0,0,0
0.25,0.0001,0.0001,0.001,0.1,1000,1000,0,0,0,0,0
0.25,0.0001,0.0001,0.001,0.5,10,1000,0,0,0,0,0
0.25,0.0001,0.0001,0.001,0.5,100,1000,0,0,0,0,0
0.25,0.0001,0.0001,0.001,0.5,1000,1000,0,0,0,0,0
0.25,0.0001,0.0001,0.001,1.1,10,1000,0,0,0,0,0
0.25,0.0001,0.0001,0.001,1.1,100,1000,0,0,0,0,0
0.25,0.0001,0.0001,0.001,1.1,1000,1000,0,0,0,0,0
0.25,0.0001,0.0001,0.001,1.5,10,1000,0,0,0,0,0
0.25,0.0001,0.0001,0.001,1.5,100,1000,0,0,0,0,0
0.25,0.0001,0.0001,0.001,1.5,1000,1000,0,0,0,0,0
0.25,0.0001,0.0001,0.001,2,10,1000,0,0,0,0,0
0.25,0.0001,0.0001,0.001,2,100,1000,0,0,0,0,0
0.25,0.0001,0.0001,0.001,2,1000,1000,0,0,0,0,0
0.25,0.0001,0.0001,0.001,2.5,10,1000,0,0,0,0,0
0.25,0.0001,0.0001,0.001,2.5,100,1000,0,0,0,0,0
0.25,0.0001,0.0001,0.001,2.5,1000,1000,0,0,0,0,0
0.25,0.0001,0.0001,0.001,3,10,1000,0,0,0,0,0
0.25,0.0001,0.0001,0.001,3,100,1000,0,0,0,0,0
0.25,0.0001,0.0001,0.001,3,1000,1000,0,0,0,0,0
0.25,0.0001,0.0001,0.1,0.1,10,677,323,0.242350827,0,0.001133134,0
0.25,0.0001,0.0001,0.1,0.1,100,19,981,0.242067199,0,0.000879638,0
0.25,0.0001,0.0001,0.1,0.1,1000,1,999,0.245161086,7.208967907,0.000880741,2.42280195
0.25,0.0001,0.0001,0.1,0.5,10,489,511,0.277139503,0,0.000587532,0
0.25,0.0001,0.0001,0.1,0.5,100,2,998,0.277038741,0,0.000627087,0
0.25,0.0001,0.0001,0.1,0.5,1000,0,1000,0.275992883,4.845916408,0.000605404,2.504259253
0.25,0.0001,0.0001,0.1,1.1,10,333,667,0.308134144,0,0.000462163,0
0.25,0.0001,0.0001,0.1,1.1,100,14,986,0.309392607,856.1339102,0.000451527,12252.43532
0.25,0.0001,0.0001,0.1,1.1,1000,0,1000,0.309002746,2.849771284,0.000434392,0.225750575
0.25,0.0001,0.0001,0.1,1.5,10,291,709,0.324622762,613.6914326,0.000421442,41712.09391
0.25,0.0001,0.0001,0.1,1.5,100,12,988,0.324425299,575.7224669,0.00038845,50513.17185
0.25,0.0001,0.0001,0.1,1.5,1000,0,1000,0.32337923,2.550927145,0.000411843,0.151014165
0.25,0.0001,0.0001,0.1,2,10,277,723,0.338288564,501.6878996,0.000336283,49178.52564
0.25,0.0001,0.0001,0.1,2,100,5,995,0.337672405,429.1655951,0.000354564,55155.54134
0.25,0.0001,0.0001,0.1,2,1000,2,998,0.338073593,2.435160133,0.000380493,0.118553913
0.25,0.0001,0.0001,0.1,2.5,10,236,764,0.349784264,313.1776921,0.000394295,16319.36072
0.25,0.0001,0.0001,0.1,2.5,100,7,993,0.34885186,231.3621577,0.000320483,15090.8067
0.25,0.0001,0.0001,0.1,2.5,1000,0,1000,0.350006298,2.636780345,0.000338803,66.55970919
0.25,0.0001,0.0001,0.1,3,10,242,758,0.358683477,219.8018661,0.000302818,4236.515186
0.25,0.0001,0.0001,0.1,3,100,12,988,0.3587373,150.5451994,0.000328941,3378.643199
0.25,0.0001,0.0001,0.1,3,1000,1,999,0.358443643,2.432202875,0.000337175,3.968223236
0.25,0.0001,0.0001,1,0.1,10,251,749,0.439491359,87.98941519,0.000417682,294.3338292
0.25,0.0001,0.0001,1,0.1,100,6,994,0.440099475,38.78964497,0.00041276,78.14130355
0.25,0.0001,0.0001,1,0.1,1000,0,1000,0.439575253,0.32902446,0.000404732,0.000978824
0.25,0.0001,0.0001,1,0.5,10,137,863,0.454174201,82.1963259,0.000306545,292.7698498
0.25,0.0001,0.0001,1,0.5,100,1,999,0.452999132,34.51649491,0.000308589,51.90926337
0.25,0.0001,0.0001,1,0.5,1000,0,1000,0.453740824,0.222085087,0.000299214,0.000411453
0.25,0.0001,0.0001,1,1.1,10,59,941,0.46613196,78.87189654,0.000206565,253.249524
0.25,0.0001,0.0001,1,1.1,100,1,999,0.46572092,31.78916397,0.000220751,106.1708406
0.25,0.0001,0.0001,1,1.1,1000,0,1000,0.465507126,0.238529231,0.000233545,3.506685971
0.25,0.0001,0.0001,1,1.5,10,67,933,0.470723437,76.75042399,0.000190757,236.7868484
0.25,0.0001,0.0001,1,1.5,100,1,999,0.470632758,30.29139502,0.000173521,30.92241626
0.25,0.0001,0.0001,1,1.5,1000,0,1000,0.470646646,0.172103921,0.000177107,0.000212247
0.25,0.0001,0.0001,1,2,10,42,958,0.474998005,75.11931948,0.00016598,206.1103755
0.25,0.0001,0.0001,1,2,100,0,1000,0.474266872,29.7350509,0.000142579,31.3857521
0.25,0.0001,0.0001,1,2,1000,0,1000,0.475678379,0.168547454,0.000158237,0.000201037
0.25,0.0001,0.0001,1,2.5,10,38,962,0.478858803,75.11711084,0.000128979,208.0003888
0.25,0.0001,0.0001,1,2.5,100,1,999,0.478738505,29.02180985,0.000142079,28.84622139
0.25,0.0001,0.0001,1,2.5,1000,0,1000,0.478244235,0.165591041,0.000127521,0.000196059
0.25,0.0001,0.0001,1,3,10,34,966,0.480398169,73.60149887,0.000122232,215.9138472
0.25,0.0001,0.0001,1,3,100,1,999,0.480350816,28.43423262,0.000118286,27.74096281
0.25,0.0001,0.0001,1,3,1000,0,1000,0.480568926,0.165938047,0.000107435,0.000197272
0.25,0.0001,0.0003,1.00E-05,0.1,10,1000,0,0,0,0,0
0.25,0.0001,0.0003,1.00E-05,0.1,100,1000,0,0,0,0,0
0.25,0.0001,0.0003,1.00E-05,0.1,1000,1000,0,0,0,0,0
0.25,0.0001,0.0003,1.00E-05,0.5,10,1000,0,0,0,0,0
0.25,0.0001,0.0003,1.00E-05,0.5,100,1000,0,0,0,0,0
0.25,0.0001,0.0003,1.00E-05,0.5,1000,1000,0,0,0,0,0
0.25,0.0001,0.0003,1.00E-05,1.1,10,1000,0,0,0,0,0
0.25,0.0001,0.0003,1.00E-05,1.1,100,1000,0,0,0,0,0
0.25,0.0001,0.0003,1.00E-05,1.1,1000,1000,0,0,0,0,0
0.25,0.0001,0.0003,1.00E-05,1.5,10,1000,0,0,0,0,0
0.25,0.0001,0.0003,1.00E-05,1.5,100,1000,0,0,0,0,0
0.25,0.0001,0.0003,1.00E-05,1.5,1000,1000,0,0,0,0,0
0.25,0.0001,0.0003,1.00E-05,2,10,1000,0,0,0,0,0
0.25,0.0001,0.0003,1.00E-05,2,100,1000,0,0,0,0,0
0.25,0.0001,0.0003,1.00E-05,2,1000,1000,0,0,0,0,0
0.25,0.0001,0.0003,1.00E-05,2.5,10,1000,0,0,0,0,0
0.25,0.0001,0.0003,1.00E-05,2.5,100,1000,0,0,0,0,0
0.25,0.0001,0.0003,1.00E-05,2.5,1000,1000,0,0,0,0,0
0.25,0.0001,0.0003,1.00E-05,3,10,1000,0,0,0,0,0
0.25,0.0001,0.0003,1.00E-05,3,100,1000,0,0,0,0,0
0.25,0.0001,0.0003,1.00E-05,3,1000,1000,0,0,0,0,0
0.25,0.0001,0.0003,0.001,0.1,10,1000,0,0,0,0,0
0.25,0.0001,0.0003,0.001,0.1,100,1000,0,0,0,0,0
0.25,0.0001,0.0003,0.001,0.1,1000,1000,0,0,0,0,0
0.25,0.0001,0.0003,0.001,0.5,10,1000,0,0,0,0,0
0.25,0.0001,0.0003,0.001,0.5,100,1000,0,0,0,0,0
0.25,0.0001,0.0003,0.001,0.5,1000,1000,0,0,0,0,0
0.25,0.0001,0.0003,0.001,1.1,10,1000,0,0,0,0,0
0.25,0.0001,0.0003,0.001,1.1,100,1000,0,0,0,0,0
0.25,0.0001,0.0003,0.001,1.1,1000,1000,0,0,0,0,0
0.25,0.0001,0.0003,0.001,1.5,10,1000,0,0,0,0,0
0.25,0.0001,0.0003,0.001,1.5,100,1000,0,0,0,0,0
0.25,0.0001,0.0003,0.001,1.5,1000,1000,0,0,0,0,0
0.25,0.0001,0.0003,0.001,2,10,1000,0,0,0,0,0
0.25,0.0001,0.0003,0.001,2,100,1000,0,0,0,0,0
0.25,0.0001,0.0003,0.001,2,1000,1000,0,0,0,0,0
0.25,0.0001,0.0003,0.001,2.5,10,1000,0,0,0,0,0
0.25,0.0001,0.0003,0.001,2.5,100,1000,0,0,0,0,0
0.25,0.0001,0.0003,0.001,2.5,1000,1000,0,0,0,0,0
0.25,0.0001,0.0003,0.001,3,10,1000,0,0,0,0,0
0.25,0.0001,0.0003,0.001,3,100,1000,0,0,0,0,0
0.25,0.0001,0.0003,0.001,3,1000,1000,0,0,0,0,0
0.25,0.0001,0.0003,0.1,0.1,10,804,196,0.246939679,0,0.005713955,0
0.25,0.0001,0.0003,0.1,0.1,100,333,667,0.239965047,0,0.004869508,0
0.25,0.0001,0.0003,0.1,0.1,1000,304,696,0.236489868,1.433689458,0.004715037,0.160758416
0.25,0.0001,0.0003,0.1,0.5,10,520,480,0.276731617,703.1658648,0.00185635,59389.70371
0.25,0.0001,0.0003,0.1,0.5,100,31,969,0.274797268,471.8466258,0.002128988,108263.5327
0.25,0.0001,0.0003,0.1,0.5,1000,22,978,0.278670683,0.816099804,0.002213485,0.493447007
0.25,0.0001,0.0003,0.1,1.1,10,375,625,0.311383358,535.5664487,0.00152477,64338.38824
0.25,0.0001,0.0003,0.1,1.1,100,11,989,0.310517383,434.8979874,0.001447063,79940.30129
0.25,0.0001,0.0003,0.1,1.1,1000,6,994,0.310272028,0.6624372,0.001362453,0.017670537
0.25,0.0001,0.0003,0.1,1.5,10,313,687,0.322357612,393.5906155,0.001273792,44113.88061
0.25,0.0001,0.0003,0.1,1.5,100,12,988,0.32369858,290.4022478,0.001173443,50821.72584
0.25,0.0001,0.0003,0.1,1.5,1000,2,998,0.32362421,0.654376965,0.001308436,0.064858084
0.25,0.0001,0.0003,0.1,2,10,277,723,0.337673144,248.4990558,0.001231657,15912.89465
0.25,0.0001,0.0003,0.1,2,100,9,991,0.338352556,143.4686732,0.001134787,13148.81019
0.25,0.0001,0.0003,0.1,2,1000,2,998,0.338735823,0.717146766,0.001139283,3.10427829
0.25,0.0001,0.0003,0.1,2.5,10,266,734,0.347724623,195.4238093,0.00107006,6679.598486
0.25,0.0001,0.0003,0.1,2.5,100,11,989,0.34893125,94.96051963,0.001009069,5179.626858
0.25,0.0001,0.0003,0.1,2.5,1000,1,999,0.349060728,0.791996864,0.001086254,21.00137776
0.25,0.0001,0.0003,0.1,3,10,277,723,0.359349505,163.2171694,0.001022069,3749.296156
0.25,0.0001,0.0003,0.1,3,100,7,993,0.358670753,70.73997874,0.001065529,2679.854402
0.25,0.0001,0.0003,0.1,3,1000,1,999,0.358265228,0.745444922,0.001086492,10.4954661
0.25,0.0001,0.0003,1,0.1,10,259,741,0.439701439,64.67151858,0.001279884,386.9836473
0.25,0.0001,0.0003,1,0.1,100,7,993,0.43890479,5.645036353,0.001195492,24.98073725
0.25,0.0001,0.0003,1,0.1,1000,0,1000,0.437299261,0.091406767,0.00128364,0.000187405
0.25,0.0001,0.0003,1,0.5,10,135,865,0.451624321,60.2836648,0.000951188,272.4470412
0.25,0.0001,0.0003,1,0.5,100,1,999,0.454006854,3.821233279,0.000945133,13.1243924
0.25,0.0001,0.0003,1,0.5,1000,0,1000,0.453389355,0.060902702,0.000904797,8.23E-05
0.25,0.0001,0.0003,1,1.1,10,55,945,0.465747077,56.93140294,0.000733817,267.5800784
0.25,0.0001,0.0003,1,1.1,100,1,999,0.465195423,2.702671955,0.000646532,5.193978705
0.25,0.0001,0.0003,1,1.1,1000,0,1000,0.465770182,0.053300699,0.000729564,5.95E-05
0.25,0.0001,0.0003,1,1.5,10,53,947,0.470167191,55.97959143,0.000624508,309.2842648
0.25,0.0001,0.0003,1,1.5,100,1,999,0.468844655,2.460752616,0.00060189,3.641878784
0.25,0.0001,0.0003,1,1.5,1000,1,999,0.470100638,0.05523858,0.000548831,0.006376503
0.25,0.0001,0.0003,1,2,10,45,955,0.474896002,54.44209623,0.00045354,270.316882
0.25,0.0001,0.0003,1,2,100,0,1000,0.476333388,2.202221583,0.000463356,5.189692469
0.25,0.0001,0.0003,1,2,1000,0,1000,0.474150384,0.052759472,0.000502184,5.92E-05
0.25,0.0001,0.0003,1,2.5,10,47,953,0.476793673,53.9756788,0.000405016,253.6145129
0.25,0.0001,0.0003,1,2.5,100,0,1000,0.478510792,2.013112631,0.000398648,3.296259294
0.25,0.0001,0.0003,1,2.5,1000,1,999,0.47734097,0.05194323,0.000402015,5.54E-05
0.25,0.0001,0.0003,1,3,10,43,957,0.480572196,54.19485511,0.000365768,271.6121408
0.25,0.0001,0.0003,1,3,100,0,1000,0.480357408,1.855461049,0.000347131,2.566253896
0.25,0.0001,0.0003,1,3,1000,0,1000,0.481288832,0.0524098,0.000394855,5.77E-05
0.25,0.0001,0.001,1.00E-05,0.1,10,1000,0,0,0,0,0
0.25,0.0001,0.001,1.00E-05,0.1,100,1000,0,0,0,0,0
0.25,0.0001,0.001,1.00E-05,0.1,1000,1000,0,0,0,0,0
0.25,0.0001,0.001,1.00E-05,0.5,10,1000,0,0,0,0,0
0.25,0.0001,0.001,1.00E-05,0.5,100,1000,0,0,0,0,0
0.25,0.0001,0.001,1.00E-05,0.5,1000,1000,0,0,0,0,0
0.25,0.0001,0.001,1.00E-05,1.1,10,1000,0,0,0,0,0
0.25,0.0001,0.001,1.00E-05,1.1,100,1000,0,0,0,0,0
0.25,0.0001,0.001,1.00E-05,1.1,1000,1000,0,0,0,0,0
0.25,0.0001,0.001,1.00E-05,1.5,10,1000,0,0,0,0,0
0.25,0.0001,0.001,1.00E-05,1.5,100,1000,0,0,0,0,0
0.25,0.0001,0.001,1.00E-05,1.5,1000,1000,0,0,0,0,0
0.25,0.0001,0.001,1.00E-05,2,10,1000,0,0,0,0,0
0.25,0.0001,0.001,1.00E-05,2,100,1000,0,0,0,0,0
0.25,0.0001,0.001,1.00E-05,2,1000,1000,0,0,0,0,0
0.25,0.0001,0.001,1.00E-05,2.5,10,1000,0,0,0,0,0
0.25,0.0001,0.001,1.00E-05,2.5,100,1000,0,0,0,0,0
0.25,0.0001,0.001,1.00E-05,2.5,1000,1000,0,0,0,0,0
0.25,0.0001,0.001,1.00E-05,3,10,1000,0,0,0,0,0
0.25,0.0001,0.001,1.00E-05,3,100,1000,0,0,0,0,0
0.25,0.0001,0.001,1.00E-05,3,1000,1000,0,0,0,0,0
0.25,0.0001,0.001,0.001,0.1,10,1000,0,0,0,0,0
0.25,0.0001,0.001,0.001,0.1,100,1000,0,0,0,0,0
0.25,0.0001,0.001,0.001,0.1,1000,1000,0,0,0,0,0
0.25,0.0001,0.001,0.001,0.5,10,1000,0,0,0,0,0
0.25,0.0001,0.001,0.001,0.5,100,1000,0,0,0,0,0
0.25,0.0001,0.001,0.001,0.5,1000,1000,0,0,0,0,0
0.25,0.0001,0.001,0.001,1.1,10,1000,0,0,0,0,0
0.25,0.0001,0.001,0.001,1.1,100,1000,0,0,0,0,0
0.25,0.0001,0.001,0.001,1.1,1000,1000,0,0,0,0,0
0.25,0.0001,0.001,0.001,1.5,10,1000,0,0,0,0,0
0.25,0.0001,0.001,0.001,1.5,100,1000,0,0,0,0,0
0.25,0.0001,0.001,0.001,1.5,1000,1000,0,0,0,0,0
0.25,0.0001,0.001,0.001,2,10,1000,0,0,0,0,0
0.25,0.0001,0.001,0.001,2,100,1000,0,0,0,0,0
0.25,0.0001,0.001,0.001,2,1000,1000,0,0,0,0,0
0.25,0.0001,0.001,0.001,2.5,10,1000,0,0,0,0,0
0.25,0.0001,0.001,0.001,2.5,100,1000,0,0,0,0,0
0.25,0.0001,0.001,0.001,2.5,1000,1000,0,0,0,0,0
0.25,0.0001,0.001,0.001,3,10,1000,0,0,0,0,0
0.25,0.0001,0.001,0.001,3,100,1000,0,0,0,0,0
0.25,0.0001,0.001,0.001,3,1000,1000,0,0,0,0,0
0.25,0.0001,0.001,0.1,0.1,10,1000,0,0,121.8119024,0,3921.99838
0.25,0.0001,0.001,0.1,0.1,100,1000,0,0,12.07541265,0,1006.880244
0.25,0.0001,0.001,0.1,0.1,1000,1000,0,0,0.363995721,0,0.2864757
0.25,0.0001,0.001,0.1,0.5,10,994,6,0.286327231,179.3909085,0.008626139,15260.48884
0.25,0.0001,0.001,0.1,0.5,100,977,23,0.219434742,8.753503172,0.01187643,963.5805439
0.25,0.0001,0.001,0.1,0.5,1000,962,38,0.237872762,0.445414194,0.020621442,39.13635945
0.25,0.0001,0.001,0.1,1.1,10,889,111,0.280174,155.0784723,0.01398048,11346.52318
0.25,0.0001,0.001,0.1,1.1,100,767,233,0.297237583,4.226603441,0.009738681,235.158186
0.25,0.0001,0.001,0.1,1.1,1000,732,268,0.294815878,0.299905561,0.009212164,6.039483416
0.25,0.0001,0.001,0.1,1.5,10,762,238,0.306694836,146.4490849,0.012700843,11566.57186
0.25,0.0001,0.001,0.1,1.5,100,601,399,0.312939861,3.984021706,0.008823039,357.2531384
0.25,0.0001,0.001,0.1,1.5,1000,589,411,0.317222332,0.20148895,0.009050231,0.122274479
0.25,0.0001,0.001,0.1,2,10,653,347,0.330276142,122.123201,0.006670101,6651.057267
0.25,0.0001,0.001,0.1,2,100,448,552,0.323765055,2.49066596,0.008475059,1.27984422
0.25,0.0001,0.001,0.1,2,1000,449,551,0.326725653,0.199796159,0.006431942,0.150297868
0.25,0.0001,0.001,0.1,2.5,10,620,380,0.342679472,105.6475132,0.005910417,5498.990339
0.25,0.0001,0.001,0.1,2.5,100,357,643,0.336836714,2.623048971,0.007636176,7.719038907
0.25,0.0001,0.001,0.1,2.5,1000,346,654,0.344650796,0.18518102,0.005516695,0.005704799
0.25,0.0001,0.001,0.1,3,10,518,482,0.354172801,92.56424202,0.006213612,3029.18647
0.25,0.0001,0.001,0.1,3,100,250,750,0.348109197,2.488943642,0.006510673,1.55678751
0.25,0.0001,0.001,0.1,3,1000,271,729,0.351438151,0.191549283,0.005560141,0.022433153
0.25,0.0001,0.001,1,0.1,10,325,675,0.437738114,31.72149701,0.004890306,345.860844
0.25,0.0001,0.001,1,0.1,100,28,972,0.435511638,0.383978923,0.005300952,2.412530525
0.25,0.0001,0.001,1,0.1,1000,25,975,0.442522556,0.025390477,0.004899258,4.57E-05
0.25,0.0001,0.001,1,0.5,10,194,806,0.453603333,32.34106029,0.003322894,381.1311684
0.25,0.0001,0.001,1,0.5,100,11,989,0.455249451,0.230005293,0.003440061,0.004166714
0.25,0.0001,0.001,1,0.5,1000,4,996,0.454475864,0.037657453,0.003527804,0.437057002
0.25,0.0001,0.001,1,1.1,10,96,904,0.464137801,30.30948263,0.00264927,324.8726486
0.25,0.0001,0.001,1,1.1,100,0,1000,0.468049103,0.209689872,0.002349754,0.520361197
0.25,0.0001,0.001,1,1.1,1000,3,997,0.464171954,0.028896268,0.002508838,0.180907892
0.25,0.0001,0.001,1,1.5,10,82,918,0.468900742,30.09530735,0.002030794,285.9486447
0.25,0.0001,0.001,1,1.5,100,2,998,0.469094661,0.175032309,0.002132972,0.002177328
0.25,0.0001,0.001,1,1.5,1000,2,998,0.466814603,0.015141454,0.002305424,1.64E-05
0.25,0.0001,0.001,1,2,10,74,926,0.477007605,29.74500733,0.001798777,329.1899417
0.25,0.0001,0.001,1,2,100,8,992,0.474759091,0.167938661,0.001755696,0.002180409
0.25,0.0001,0.001,1,2,1000,1,999,0.475189396,0.016737523,0.001678512,0.001127484
0.25,0.0001,0.001,1,2.5,10,76,924,0.477874225,29.76624553,0.001538301,363.8090942
0.25,0.0001,0.001,1,2.5,100,5,995,0.477936655,0.168676867,0.001553456,0.002101083
0.25,0.0001,0.001,1,2.5,1000,2,998,0.476560644,0.015357964,0.00154786,1.56E-05
0.25,0.0001,0.001,1,3,10,66,934,0.480539247,30.15831849,0.001257774,325.1921405
0.25,0.0001,0.001,1,3,100,1,999,0.479449396,0.169525914,0.001571424,0.002135113
0.25,0.0001,0.001,1,3,1000,2,998,0.480586853,0.015257625,0.001505152,1.65E-05
0.25,0.0001,0.003,1.00E-05,0.1,10,1000,0,0,0,0,0
0.25,0.0001,0.003,1.00E-05,0.1,100,1000,0,0,0,0,0
0.25,0.0001,0.003,1.00E-05,0.1,1000,1000,0,0,0,0,0
0.25,0.0001,0.003,1.00E-05,0.5,10,1000,0,0,0,0,0
0.25,0.0001,0.003,1.00E-05,0.5,100,1000,0,0,0,0,0
0.25,0.0001,0.003,1.00E-05,0.5,1000,1000,0,0,0,0,0
0.25,0.0001,0.003,1.00E-05,1.1,10,1000,0,0,0,0,0
0.25,0.0001,0.003,1.00E-05,1.1,100,1000,0,0,0,0,0
0.25,0.0001,0.003,1.00E-05,1.1,1000,1000,0,0,0,0,0
0.25,0.0001,0.003,1.00E-05,1.5,10,1000,0,0,0,0,0
0.25,0.0001,0.003,1.00E-05,1.5,100,1000,0,0,0,0,0
0.25,0.0001,0.003,1.00E-05,1.5,1000,1000,0,0,0,0,0
0.25,0.0001,0.003,1.00E-05,2,10,1000,0,0,0,0,0
0.25,0.0001,0.003,1.00E-05,2,100,1000,0,0,0,0,0
0.25,0.0001,0.003,1.00E-05,2,1000,1000,0,0,0,0,0
0.25,0.0001,0.003,1.00E-05,2.5,10,1000,0,0,0,0,0
0.25,0.0001,0.003,1.00E-05,2.5,100,1000,0,0,0,0,0
0.25,0.0001,0.003,1.00E-05,2.5,1000,1000,0,0,0,0,0
0.25,0.0001,0.003,1.00E-05,3,10,1000,0,0,0,0,0
0.25,0.0001,0.003,1.00E-05,3,100,1000,0,0,0,0,0
0.25,0.0001,0.003,1.00E-05,3,1000,1000,0,0,0,0,0
0.25,0.0001,0.003,0.001,0.1,10,1000,0,0,0,0,0
0.25,0.0001,0.003,0.001,0.1,100,1000,0,0,0,0,0
0.25,0.0001,0.003,0.001,0.1,1000,1000,0,0,0,0,0
0.25,0.0001,0.003,0.001,0.5,10,1000,0,0,0,0,0
0.25,0.0001,0.003,0.001,0.5,100,1000,0,0,0,0,0
0.25,0.0001,0.003,0.001,0.5,1000,1000,0,0,0,0,0
0.25,0.0001,0.003,0.001,1.1,10,1000,0,0,0,0,0
0.25,0.0001,0.003,0.001,1.1,100,1000,0,0,0,0,0
0.25,0.0001,0.003,0.001,1.1,1000,1000,0,0,0,0,0
0.25,0.0001,0.003,0.001,1.5,10,1000,0,0,0,0,0
0.25,0.0001,0.003,0.001,1.5,100,1000,0,0,0,0,0
0.25,0.0001,0.003,0.001,1.5,1000,1000,0,0,0,0,0
0.25,0.0001,0.003,0.001,2,10,1000,0,0,0,0,0
0.25,0.0001,0.003,0.001,2,100,1000,0,0,0,0,0
0.25,0.0001,0.003,0.001,2,1000,1000,0,0,0,0,0
0.25,0.0001,0.003,0.001,2.5,10,1000,0,0,0,0,0
0.25,0.0001,0.003,0.001,2.5,100,1000,0,0,0,0,0
0.25,0.0001,0.003,0.001,2.5,1000,1000,0,0,0,0,0
0.25,0.0001,0.003,0.001,3,10,1000,0,0,0,0,0
0.25,0.0001,0.003,0.001,3,100,1000,0,0,0,0,0
0.25,0.0001,0.003,0.001,3,1000,1000,0,0,0,0,0
0.25,0.0001,0.003,0.1,0.1,10,1000,0,0,19.29244322,0,213.977089
0.25,0.0001,0.003,0.1,0.1,100,1000,0,0,1.740641062,0,6.59307137
0.25,0.0001,0.003,0.1,0.1,1000,1000,0,0,0.119226446,0,0.062228539
0.25,0.0001,0.003,0.1,0.5,10,1000,0,0,20.67023058,0,256.384235
0.25,0.0001,0.003,0.1,0.5,100,1000,0,0,0.886813548,0,0.515435712
0.25,0.0001,0.003,0.1,0.5,1000,1000,0,0,0.07286642,0,0.034870389
0.25,0.0001,0.003,0.1,1.1,10,1000,0,0,20.60950556,0,296.9275273
0.25,0.0001,0.003,0.1,1.1,100,1000,0,0,0.866334943,0,26.21329486
0.25,0.0001,0.003,0.1,1.1,1000,1000,0,0,0.06508708,0,0.003394184
0.25,0.0001,0.003,0.1,1.5,10,1000,0,0,18.88612809,0,250.1298644
0.25,0.0001,0.003,0.1,1.5,100,1000,0,0,0.80267374,0,11.52263016
0.25,0.0001,0.003,0.1,1.5,1000,1000,0,0,0.085592324,0,0.371200266
0.25,0.0001,0.003,0.1,2,10,1000,0,0,19.81344496,0,316.3852556
0.25,0.0001,0.003,0.1,2,100,1000,0,0,0.697965699,0,0.643762986
0.25,0.0001,0.003,0.1,2,1000,1000,0,0,0.166630696,0,7.834887357
0.25,0.0001,0.003,0.1,2.5,10,1000,0,0,18.63492689,0,298.0348359
0.25,0.0001,0.003,0.1,2.5,100,1000,0,0,0.670673054,0,0.164611909
0.25,0.0001,0.003,0.1,2.5,1000,1000,0,0,0.072585732,0,0.060787235
0.25,0.0001,0.003,0.1,3,10,1000,0,0,17.20028726,0,237.5565002
0.25,0.0001,0.003,0.1,3,100,999,1,0,0.668457492,0,0.159748603
0.25,0.0001,0.003,0.1,3,1000,1000,0,0,0.076053128,0,0.176646152
0.25,0.0001,0.003,1,0.1,10,997,3,0.146666667,3.069114949,0.043022222,11.3535978
0.25,0.0001,0.003,1,0.1,100,999,1,0.55,0.093407895,0,0.001870845
0.25,0.0001,0.003,1,0.1,1000,995,5,0.470810768,0.007838378,0.021679247,1.40E-05
0.25,0.0001,0.003,1,0.5,10,986,14,0.365021455,2.638314768,0.04510143,8.928126855
0.25,0.0001,0.003,1,0.5,100,975,25,0.321605328,0.062501167,0.034274214,0.000804745
0.25,0.0001,0.003,1,0.5,1000,982,18,0.402137894,0.005369645,0.049882723,6.14E-06
0.25,0.0001,0.003,1,1.1,10,953,47,0.471745924,2.477575448,0.022110639,13.0763915
0.25,0.0001,0.003,1,1.1,100,912,88,0.42699176,0.054110219,0.028813508,0.000673368
0.25,0.0001,0.003,1,1.1,1000,932,68,0.390083273,0.005248049,0.034785251,6.32E-05
0.25,0.0001,0.003,1,1.5,10,921,79,0.459159559,2.238424351,0.017944471,11.7611289
0.25,0.0001,0.003,1,1.5,100,897,103,0.423073156,0.052012195,0.027910877,0.000550542
0.25,0.0001,0.003,1,1.5,1000,918,82,0.486407367,0.007417699,0.023525917,0.005310468
0.25,0.0001,0.003,1,2,10,893,107,0.438868774,2.393117506,0.02353325,13.79630517
0.25,0.0001,0.003,1,2,100,862,138,0.454859284,0.05106861,0.01750455,0.0005384
0.25,0.0001,0.003,1,2,1000,886,114,0.448546208,0.005452633,0.022985928,0.000137987
0.25,0.0001,0.003,1,2.5,10,845,155,0.462332986,2.219794684,0.013424985,10.70277871
0.25,0.0001,0.003,1,2.5,100,825,175,0.461431158,0.052254159,0.01281523,0.000574373
0.25,0.0001,0.003,1,2.5,1000,830,170,0.448498157,0.005148723,0.017496544,5.83E-06
0.25,0.0001,0.003,1,3,10,852,148,0.455599813,2.495854221,0.019367545,23.50192111
0.25,0.0001,0.003,1,3,100,818,182,0.454920606,0.052684553,0.013996294,0.000611646
0.25,0.0001,0.003,1,3,1000,800,200,0.459844556,0.005840553,0.021366761,0.000558177
0.25,0.001,0.0001,1.00E-05,0.1,10,1000,0,0,0,0,0
0.25,0.001,0.0001,1.00E-05,0.1,100,1000,0,0,0,0,0
0.25,0.001,0.0001,1.00E-05,0.1,1000,1000,0,0,0,0,0
0.25,0.001,0.0001,1.00E-05,0.5,10,1000,0,0,0,0,0
0.25,0.001,0.0001,1.00E-05,0.5,100,1000,0,0,0,0,0
0.25,0.001,0.0001,1.00E-05,0.5,1000,1000,0,0,0,0,0
0.25,0.001,0.0001,1.00E-05,1.1,10,1000,0,0,0,0,0
0.25,0.001,0.0001,1.00E-05,1.1,100,1000,0,0,0,0,0
0.25,0.001,0.0001,1.00E-05,1.1,1000,1000,0,0,0,0,0
0.25,0.001,0.0001,1.00E-05,1.5,10,1000,0,0,0,0,0
0.25,0.001,0.0001,1.00E-05,1.5,100,1000,0,0,0,0,0
0.25,0.001,0.0001,1.00E-05,1.5,1000,1000,0,0,0,0,0
0.25,0.001,0.0001,1.00E-05,2,10,1000,0,0,0,0,0
0.25,0.001,0.0001,1.00E-05,2,100,1000,0,0,0,0,0
0.25,0.001,0.0001,1.00E-05,2,1000,1000,0,0,0,0,0
0.25,0.001,0.0001,1.00E-05,2.5,10,1000,0,0,0,0,0
0.25,0.001,0.0001,1.00E-05,2.5,100,1000,0,0,0,0,0
0.25,0.001,0.0001,1.00E-05,2.5,1000,1000,0,0,0,0,0
0.25,0.001,0.0001,1.00E-05,3,10,1000,0,0,0,0,0
0.25,0.001,0.0001,1.00E-05,3,100,1000,0,0,0,0,0
0.25,0.001,0.0001,1.00E-05,3,1000,1000,0,0,0,0,0
0.25,0.001,0.0001,0.001,0.1,10,1000,0,0,0,0,0
0.25,0.001,0.0001,0.001,0.1,100,1000,0,0,0,0,0
0.25,0.001,0.0001,0.001,0.1,1000,1000,0,0,0,0,0
0.25,0.001,0.0001,0.001,0.5,10,1000,0,0,0,0,0
0.25,0.001,0.0001,0.001,0.5,100,1000,0,0,0,0,0
0.25,0.001,0.0001,0.001,0.5,1000,1000,0,0,0,0,0
0.25,0.001,0.0001,0.001,1.1,10,1000,0,0,0,0,0
0.25,0.001,0.0001,0.001,1.1,100,1000,0,0,0,0,0
0.25,0.001,0.0001,0.001,1.1,1000,1000,0,0,0,0,0
0.25,0.001,0.0001,0.001,1.5,10,1000,0,0,0,0,0
0.25,0.001,0.0001,0.001,1.5,100,1000,0,0,0,0,0
0.25,0.001,0.0001,0.001,1.5,1000,1000,0,0,0,0,0
0.25,0.001,0.0001,0.001,2,10,1000,0,0,0,0,0
0.25,0.001,0.0001,0.001,2,100,1000,0,0,0,0,0
0.25,0.001,0.0001,0.001,2,1000,1000,0,0,0,0,0
0.25,0.001,0.0001,0.001,2.5,10,1000,0,0,0,0,0
0.25,0.001,0.0001,0.001,2.5,100,1000,0,0,0,0,0
0.25,0.001,0.0001,0.001,2.5,1000,1000,0,0,0,0,0
0.25,0.001,0.0001,0.001,3,10,1000,0,0,0,0,0
0.25,0.001,0.0001,0.001,3,100,1000,0,0,0,0,0
0.25,0.001,0.0001,0.001,3,1000,1000,0,0,0,0,0
0.25,0.001,0.0001,0.1,0.1,10,632,368,0.245867704,0,0.000808199,0
0.25,0.001,0.0001,0.1,0.1,100,1,999,0.243643495,0,0.00087363,0
0.25,0.001,0.0001,0.1,0.1,1000,0,1000,0.246249409,7.751440146,0.000907936,3.110595547
0.25,0.001,0.0001,0.1,0.5,10,458,542,0.277428888,0,0.000619299,0
0.25,0.001,0.0001,0.1,0.5,100,0,1000,0.278105362,0,0.000594694,0
0.25,0.001,0.0001,0.1,0.5,1000,0,1000,0.277051778,4.638972046,0.000574343,2.248500128
0.25,0.001,0.0001,0.1,1.1,10,308,692,0.310315888,930.1084064,0.000460562,0
0.25,0.001,0.0001,0.1,1.1,100,3,997,0.310397931,736.3970062,0.00043026,0
0.25,0.001,0.0001,0.1,1.1,1000,0,1000,0.30897522,2.786287731,0.000451074,0.226038816
0.25,0.001,0.0001,0.1,1.5,10,270,730,0.325341314,621.2873872,0.00039759,49627.00939
0.25,0.001,0.0001,0.1,1.5,100,1,999,0.325037261,554.9259873,0.000373176,61422.16056
0.25,0.001,0.0001,0.1,1.5,1000,0,1000,0.324371189,2.497370763,0.000429734,0.117907059
0.25,0.001,0.0001,0.1,2,10,221,779,0.339390909,481.6919452,0.000352679,46489.02101
0.25,0.001,0.0001,0.1,2,100,2,998,0.339094983,417.9262279,0.00034461,48944.58661
0.25,0.001,0.0001,0.1,2,1000,0,1000,0.340386905,2.407349029,0.000368385,0.157505358
0.25,0.001,0.0001,0.1,2.5,10,247,753,0.348978077,293.5873356,0.000309966,13031.04572
0.25,0.001,0.0001,0.1,2.5,100,1,999,0.349914141,222.1630222,0.000355298,14757.65206
0.25,0.001,0.0001,0.1,2.5,1000,0,1000,0.350004756,2.329274525,0.000293881,0.100626743
0.25,0.001,0.0001,0.1,3,10,222,778,0.359013119,216.7152833,0.000321743,4098.151244
0.25,0.001,0.0001,0.1,3,100,0,1000,0.358010625,145.9225626,0.000318761,3292.401805
0.25,0.001,0.0001,0.1,3,1000,0,1000,0.358691268,2.317449772,0.000331756,0.093605441
0.25,0.001,0.0001,1,0.1,10,242,758,0.439021294,90.13888095,0.000433836,399.7828233
0.25,0.001,0.0001,1,0.1,100,1,999,0.439520341,38.54237175,0.000406282,58.43199488
0.25,0.001,0.0001,1,0.1,1000,0,1000,0.440132557,0.327444528,0.00039776,0.000902376
0.25,0.001,0.0001,1,0.5,10,134,866,0.453724962,83.17600811,0.000323544,252.3651165
0.25,0.001,0.0001,1,0.5,100,0,1000,0.454450781,34.27191218,0.000291615,40.64468771
0.25,0.001,0.0001,1,0.5,1000,0,1000,0.453356761,0.221736801,0.000322105,0.000410225
0.25,0.001,0.0001,1,1.1,10,69,931,0.465184731,78.10510161,0.000230833,276.8021809
0.25,0.001,0.0001,1,1.1,100,1,999,0.464980455,31.86923872,0.000230228,35.14155365
0.25,0.001,0.0001,1,1.1,1000,0,1000,0.466184686,0.180351851,0.00022017,0.000254914
0.25,0.001,0.0001,1,1.5,10,37,963,0.470079142,77.41366286,0.000190921,262.8244776
0.25,0.001,0.0001,1,1.5,100,0,1000,0.470593227,30.50772842,0.00019715,30.45433392
0.25,0.001,0.0001,1,1.5,1000,0,1000,0.470544013,0.171988702,0.000187327,0.000220253
0.25,0.001,0.0001,1,2,10,48,952,0.474882999,75.49960241,0.000150469,218.0351205
0.25,0.001,0.0001,1,2,100,0,1000,0.475196883,29.46919957,0.000165421,28.5269852
0.25,0.001,0.0001,1,2,1000,0,1000,0.474966915,0.168550878,0.000162349,0.000802238
0.25,0.001,0.0001,1,2.5,10,39,961,0.477465752,74.60562825,0.000123942,268.3612954
0.25,0.001,0.0001,1,2.5,100,0,1000,0.47862492,28.91056516,0.000132483,29.93280835
0.25,0.001,0.0001,1,2.5,1000,0,1000,0.478570249,0.16606539,0.000132782,0.000193686
0.25,0.001,0.0001,1,3,10,32,968,0.481205748,74.3712871,0.000121605,270.9384348
0.25,0.001,0.0001,1,3,100,0,1000,0.480408418,28.5245304,0.00011886,28.12218144
0.25,0.001,0.0001,1,3,1000,0,1000,0.480647997,0.166244071,0.000109225,0.000201563
0.25,0.001,0.0003,1.00E-05,0.1,10,1000,0,0,0,0,0
0.25,0.001,0.0003,1.00E-05,0.1,100,1000,0,0,0,0,0
0.25,0.001,0.0003,1.00E-05,0.1,1000,1000,0,0,0,0,0
0.25,0.001,0.0003,1.00E-05,0.5,10,1000,0,0,0,0,0
0.25,0.001,0.0003,1.00E-05,0.5,100,1000,0,0,0,0,0
0.25,0.001,0.0003,1.00E-05,0.5,1000,1000,0,0,0,0,0
0.25,0.001,0.0003,1.00E-05,1.1,10,1000,0,0,0,0,0
0.25,0.001,0.0003,1.00E-05,1.1,100,1000,0,0,0,0,0
0.25,0.001,0.0003,1.00E-05,1.1,1000,1000,0,0,0,0,0
0.25,0.001,0.0003,1.00E-05,1.5,10,1000,0,0,0,0,0
0.25,0.001,0.0003,1.00E-05,1.5,100,1000,0,0,0,0,0
0.25,0.001,0.0003,1.00E-05,1.5,1000,1000,0,0,0,0,0
0.25,0.001,0.0003,1.00E-05,2,10,1000,0,0,0,0,0
0.25,0.001,0.0003,1.00E-05,2,100,1000,0,0,0,0,0
0.25,0.001,0.0003,1.00E-05,2,1000,1000,0,0,0,0,0
0.25,0.001,0.0003,1.00E-05,2.5,10,1000,0,0,0,0,0
0.25,0.001,0.0003,1.00E-05,2.5,100,1000,0,0,0,0,0
0.25,0.001,0.0003,1.00E-05,2.5,1000,1000,0,0,0,0,0
0.25,0.001,0.0003,1.00E-05,3,10,1000,0,0,0,0,0
0.25,0.001,0.0003,1.00E-05,3,100,1000,0,0,0,0,0
0.25,0.001,0.0003,1.00E-05,3,1000,1000,0,0,0,0,0
0.25,0.001,0.0003,0.001,0.1,10,1000,0,0,0,0,0
0.25,0.001,0.0003,0.001,0.1,100,1000,0,0,0,0,0
0.25,0.001,0.0003,0.001,0.1,1000,1000,0,0,0,0,0
0.25,0.001,0.0003,0.001,0.5,10,1000,0,0,0,0,0
0.25,0.001,0.0003,0.001,0.5,100,1000,0,0,0,0,0
0.25,0.001,0.0003,0.001,0.5,1000,1000,0,0,0,0,0
0.25,0.001,0.0003,0.001,1.1,10,1000,0,0,0,0,0
0.25,0.001,0.0003,0.001,1.1,100,1000,0,0,0,0,0
0.25,0.001,0.0003,0.001,1.1,1000,1000,0,0,0,0,0
0.25,0.001,0.0003,0.001,1.5,10,1000,0,0,0,0,0
0.25,0.001,0.0003,0.001,1.5,100,1000,0,0,0,0,0
0.25,0.001,0.0003,0.001,1.5,1000,1000,0,0,0,0,0
0.25,0.001,0.0003,0.001,2,10,1000,0,0,0,0,0
0.25,0.001,0.0003,0.001,2,100,1000,0,0,0,0,0
0.25,0.001,0.0003,0.001,2,1000,1000,0,0,0,0,0
0.25,0.001,0.0003,0.001,2.5,10,1000,0,0,0,0,0
0.25,0.001,0.0003,0.001,2.5,100,1000,0,0,0,0,0
0.25,0.001,0.0003,0.001,2.5,1000,1000,0,0,0,0,0
0.25,0.001,0.0003,0.001,3,10,1000,0,0,0,0,0
0.25,0.001,0.0003,0.001,3,100,1000,0,0,0,0,0
0.25,0.001,0.0003,0.001,3,1000,1000,0,0,0,0,0
0.25,0.001,0.0003,0.1,0.1,10,768,232,0.237612095,0,0.005096136,0
0.25,0.001,0.0003,0.1,0.1,100,275,725,0.238389992,0,0.004845059,0
0.25,0.001,0.0003,0.1,0.1,1000,252,748,0.237574156,1.413486179,0.004809269,0.181615495
0.25,0.001,0.0003,0.1,0.5,10,492,508,0.281969536,572.0544182,0.002425211,38556.82422
0.25,0.001,0.0003,0.1,0.5,100,15,985,0.280028998,555.5949114,0.002055785,85109.36673
0.25,0.001,0.0003,0.1,0.5,1000,12,988,0.278768169,0.794399615,0.002172168,0.054274818
0.25,0.001,0.0003,0.1,1.1,10,335,665,0.309137533,521.2872972,0.00146779,57642.1676
0.25,0.001,0.0003,0.1,1.1,100,2,998,0.31243465,424.6082735,0.001422592,73385.79542
0.25,0.001,0.0003,0.1,1.1,1000,1,999,0.310706251,0.663217161,0.001574248,0.026628491
0.25,0.001,0.0003,0.1,1.5,10,285,715,0.325165159,388.5584435,0.001207169,42854.75182
0.25,0.001,0.0003,0.1,1.5,100,2,998,0.324541493,265.180016,0.001202135,47626.60573
0.25,0.001,0.0003,0.1,1.5,1000,0,1000,0.3242358,0.640173764,0.001157076,0.039573069
0.25,0.001,0.0003,0.1,2,10,267,733,0.34069169,244.4520277,0.001117722,14789.43788
0.25,0.001,0.0003,0.1,2,100,1,999,0.340627471,140.7365113,0.00114461,12744.31734
0.25,0.001,0.0003,0.1,2,1000,0,1000,0.337449094,0.633821606,0.001165621,0.012591584
0.25,0.001,0.0003,0.1,2.5,10,247,753,0.350213387,183.4415761,0.001121451,5167.438522
0.25,0.001,0.0003,0.1,2.5,100,1,999,0.349623961,94.80468897,0.001088225,5694.692193
0.25,0.001,0.0003,0.1,2.5,1000,0,1000,0.348476291,0.640312501,0.001067121,0.02259315
0.25,0.001,0.0003,0.1,3,10,243,757,0.358041215,161.404031,0.001026962,3389.60476
0.25,0.001,0.0003,0.1,3,100,2,998,0.357724761,68.00642347,0.00094844,2026.574428
0.25,0.001,0.0003,0.1,3,1000,0,1000,0.357228842,0.645511882,0.001043654,0.056001271
0.25,0.001,0.0003,1,0.1,10,218,782,0.439980287,65.78520293,0.001408474,444.9507586
0.25,0.001,0.0003,1,0.1,100,3,997,0.438939918,5.708299252,0.001175574,37.14560083
0.25,0.001,0.0003,1,0.1,1000,0,1000,0.438864978,0.098521662,0.001274141,0.03753605
0.25,0.001,0.0003,1,0.5,10,123,877,0.45311413,60.63784464,0.000956706,323.2100924
0.25,0.001,0.0003,1,0.5,100,0,1000,0.453139824,3.964628155,0.000862818,16.22540086
0.25,0.001,0.0003,1,0.5,1000,0,1000,0.453225571,0.061151292,0.000951536,8.30E-05
0.25,0.001,0.0003,1,1.1,10,80,920,0.465978437,57.75095271,0.000640747,318.5622974
0.25,0.001,0.0003,1,1.1,100,0,1000,0.463839028,2.825835764,0.000705578,7.344552981
0.25,0.001,0.0003,1,1.1,1000,0,1000,0.465851122,0.053269799,0.000669509,6.76E-05
0.25,0.001,0.0003,1,1.5,10,57,943,0.470511538,56.22172555,0.000585295,271.7848376
0.25,0.001,0.0003,1,1.5,100,0,1000,0.471325847,2.441283606,0.000546403,4.177614945
0.25,0.001,0.0003,1,1.5,1000,0,1000,0.468811543,0.052876838,0.000628731,5.92E-05
0.25,0.001,0.0003,1,2,10,49,951,0.474994956,54.66257894,0.000468385,272.9602664
0.25,0.001,0.0003,1,2,100,1,999,0.47521,2.078817607,0.000478459,3.218249818
0.25,0.001,0.0003,1,2,1000,0,1000,0.476062731,0.052306123,0.000477526,5.18E-05
0.25,0.001,0.0003,1,2.5,10,45,955,0.479194972,55.12382673,0.00041833,285.7401781
0.25,0.001,0.0003,1,2.5,100,0,1000,0.477560931,2.062179666,0.000420248,4.361273141
0.25,0.001,0.0003,1,2.5,1000,0,1000,0.478051095,0.057248583,0.000423097,0.025397095
0.25,0.001,0.0003,1,3,10,56,944,0.481495384,53.91753525,0.000353002,264.696102
0.25,0.001,0.0003,1,3,100,0,1000,0.479856566,1.925229447,0.000329882,3.676685982
0.25,0.001,0.0003,1,3,1000,0,1000,0.479985617,0.052663743,0.000368871,5.62E-05
0.25,0.001,0.001,1.00E-05,0.1,10,1000,0,0,0,0,0
0.25,0.001,0.001,1.00E-05,0.1,100,1000,0,0,0,0,0
0.25,0.001,0.001,1.00E-05,0.1,1000,1000,0,0,0,0,0
0.25,0.001,0.001,1.00E-05,0.5,10,1000,0,0,0,0,0
0.25,0.001,0.001,1.00E-05,0.5,100,1000,0,0,0,0,0
0.25,0.001,0.001,1.00E-05,0.5,1000,1000,0,0,0,0,0
0.25,0.001,0.001,1.00E-05,1.1,10,1000,0,0,0,0,0
0.25,0.001,0.001,1.00E-05,1.1,100,1000,0,0,0,0,0
0.25,0.001,0.001,1.00E-05,1.1,1000,1000,0,0,0,0,0
0.25,0.001,0.001,1.00E-05,1.5,10,1000,0,0,0,0,0
0.25,0.001,0.001,1.00E-05,1.5,100,1000,0,0,0,0,0
0.25,0.001,0.001,1.00E-05,1.5,1000,1000,0,0,0,0,0
0.25,0.001,0.001,1.00E-05,2,10,1000,0,0,0,0,0
0.25,0.001,0.001,1.00E-05,2,100,1000,0,0,0,0,0
0.25,0.001,0.001,1.00E-05,2,1000,1000,0,0,0,0,0
0.25,0.001,0.001,1.00E-05,2.5,10,1000,0,0,0,0,0
0.25,0.001,0.001,1.00E-05,2.5,100,1000,0,0,0,0,0
0.25,0.001,0.001,1.00E-05,2.5,1000,1000,0,0,0,0,0
0.25,0.001,0.001,1.00E-05,3,10,1000,0,0,0,0,0
0.25,0.001,0.001,1.00E-05,3,100,1000,0,0,0,0,0
0.25,0.001,0.001,1.00E-05,3,1000,1000,0,0,0,0,0
0.25,0.001,0.001,0.001,0.1,10,1000,0,0,0,0,0
0.25,0.001,0.001,0.001,0.1,100,1000,0,0,0,0,0
0.25,0.001,0.001,0.001,0.1,1000,1000,0,0,0,0,0
0.25,0.001,0.001,0.001,0.5,10,1000,0,0,0,0,0
0.25,0.001,0.001,0.001,0.5,100,1000,0,0,0,0,0
0.25,0.001,0.001,0.001,0.5,1000,1000,0,0,0,0,0
0.25,0.001,0.001,0.001,1.1,10,1000,0,0,0,0,0
0.25,0.001,0.001,0.001,1.1,100,1000,0,0,0,0,0
0.25,0.001,0.001,0.001,1.1,1000,1000,0,0,0,0,0
0.25,0.001,0.001,0.001,1.5,10,1000,0,0,0,0,0
0.25,0.001,0.001,0.001,1.5,100,1000,0,0,0,0,0
0.25,0.001,0.001,0.001,1.5,1000,1000,0,0,0,0,0
0.25,0.001,0.001,0.001,2,10,1000,0,0,0,0,0
0.25,0.001,0.001,0.001,2,100,1000,0,0,0,0,0
0.25,0.001,0.001,0.001,2,1000,1000,0,0,0,0,0
0.25,0.001,0.001,0.001,2.5,10,1000,0,0,0,0,0
0.25,0.001,0.001,0.001,2.5,100,1000,0,0,0,0,0
0.25,0.001,0.001,0.001,2.5,1000,1000,0,0,0,0,0
0.25,0.001,0.001,0.001,3,10,1000,0,0,0,0,0
0.25,0.001,0.001,0.001,3,100,1000,0,0,0,0,0
0.25,0.001,0.001,0.001,3,1000,1000,0,0,0,0,0
0.25,0.001,0.001,0.1,0.1,10,1000,0,0,155.2277617,0,10162.87844
0.25,0.001,0.001,0.1,0.1,100,999,1,0.230769231,13.88810482,0,1286.220823
0.25,0.001,0.001,0.1,0.1,1000,999,1,0.333333333,0.381280596,0,0.407028888
0.25,0.001,0.001,0.1,0.5,10,987,13,0.297706611,195.1135845,0.00278841,22375.28535
0.25,0.001,0.001,0.1,0.5,100,968,32,0.239233444,9.381414206,0.013524642,1168.924549
0.25,0.001,0.001,0.1,0.5,1000,958,42,0.238865341,0.323365249,0.014027789,6.717754307
0.25,0.001,0.001,0.1,1.1,10,847,153,0.295746561,162.4449386,0.012943301,10407.61832
0.25,0.001,0.001,0.1,1.1,100,726,274,0.284395385,4.145393142,0.012518239,179.9992456
0.25,0.001,0.001,0.1,1.1,1000,712,288,0.298750628,0.352771642,0.012641422,25.70389228
0.25,0.001,0.001,0.1,1.5,10,737,263,0.323483127,143.9743456,0.008381273,9761.881325
0.25,0.001,0.001,0.1,1.5,100,549,451,0.315534584,3.003155955,0.007782323,14.08885126
0.25,0.001,0.001,0.1,1.5,1000,534,466,0.314215889,0.19703919,0.009039333,0.080010632
0.25,0.001,0.001,0.1,2,10,654,346,0.323319269,115.129401,0.008656934,5984.034313
0.25,0.001,0.001,0.1,2,100,412,588,0.327804485,3.078805673,0.006683996,56.03619117
0.25,0.001,0.001,0.1,2,1000,417,583,0.329786696,0.32170754,0.008016995,10.68501511
0.25,0.001,0.001,0.1,2.5,10,573,427,0.34259159,101.1223342,0.007247152,3598.615967
0.25,0.001,0.001,0.1,2.5,100,333,667,0.346373946,2.757138897,0.006910214,21.22678524
0.25,0.001,0.001,0.1,2.5,1000,312,688,0.341501337,0.196618488,0.006473425,0.050408503
0.25,0.001,0.001,0.1,3,10,486,514,0.350391601,94.12096484,0.004955254,3464.184292
0.25,0.001,0.001,0.1,3,100,251,749,0.352419496,2.840384802,0.005716184,34.88268019
0.25,0.001,0.001,0.1,3,1000,237,763,0.349268761,0.192407195,0.006336467,0.021666274
0.25,0.001,0.001,1,0.1,10,302,698,0.434020808,32.03646351,0.004626774,393.7265964
0.25,0.001,0.001,1,0.1,100,18,982,0.442669375,0.43969422,0.004408036,4.128724028
0.25,0.001,0.001,1,0.1,1000,22,978,0.442304031,0.050002901,0.004582263,0.554347552
0.25,0.001,0.001,1,0.5,10,177,823,0.452436972,30.9077256,0.003169131,397.4338774
0.25,0.001,0.001,1,0.5,100,6,994,0.454372502,0.344718358,0.003546067,7.156148179
0.25,0.001,0.001,1,0.5,1000,4,996,0.45351712,0.018309957,0.00395483,0.001454066
0.25,0.001,0.001,1,1.1,10,106,894,0.468636655,29.7748513,0.002501698,364.5240423
0.25,0.001,0.001,1,1.1,100,4,996,0.463966911,0.187018893,0.002582365,0.002837538
0.25,0.001,0.001,1,1.1,1000,1,999,0.467328322,0.018215368,0.00258305,0.004293017
0.25,0.001,0.001,1,1.5,10,78,922,0.47011237,29.69900967,0.002068584,352.4321721
0.25,0.001,0.001,1,1.5,100,0,1000,0.470280499,0.175292764,0.001945282,0.002267867
0.25,0.001,0.001,1,1.5,1000,2,998,0.47207154,0.017215541,0.002158361,0.002258882
0.25,0.001,0.001,1,2,10,76,924,0.476820516,30.24195816,0.001777352,303.3052345
0.25,0.001,0.001,1,2,100,0,1000,0.476956706,0.169363663,0.00182854,0.002059122
0.25,0.001,0.001,1,2,1000,2,998,0.475223165,0.015372485,0.001787708,1.54E-05
0.25,0.001,0.001,1,2.5,10,75,925,0.476498256,30.09219901,0.00147962,317.0522941
0.25,0.001,0.001,1,2.5,100,2,998,0.478678714,0.234580329,0.001458756,3.92131035
0.25,0.001,0.001,1,2.5,1000,0,1000,0.475765835,0.015562427,0.001552695,2.86E-05
0.25,0.001,0.001,1,3,10,63,937,0.4814364,28.93337054,0.001264921,309.0472332
0.25,0.001,0.001,1,3,100,2,998,0.480823712,0.168594236,0.001465616,0.001884459
0.25,0.001,0.001,1,3,1000,2,998,0.482043594,0.043075084,0.00122517,0.690861491
0.25,0.001,0.003,1.00E-05,0.1,10,1000,0,0,0,0,0
0.25,0.001,0.003,1.00E-05,0.1,100,1000,0,0,0,0,0
0.25,0.001,0.003,1.00E-05,0.1,1000,1000,0,0,0,0,0
0.25,0.001,0.003,1.00E-05,0.5,10,1000,0,0,0,0,0
0.25,0.001,0.003,1.00E-05,0.5,100,1000,0,0,0,0,0
0.25,0.001,0.003,1.00E-05,0.5,1000,1000,0,0,0,0,0
0.25,0.001,0.003,1.00E-05,1.1,10,1000,0,0,0,0,0
0.25,0.001,0.003,1.00E-05,1.1,100,1000,0,0,0,0,0
0.25,0.001,0.003,1.00E-05,1.1,1000,1000,0,0,0,0,0
0.25,0.001,0.003,1.00E-05,1.5,10,1000,0,0,0,0,0
0.25,0.001,0.003,1.00E-05,1.5,100,1000,0,0,0,0,0
0.25,0.001,0.003,1.00E-05,1.5,1000,1000,0,0,0,0,0
0.25,0.001,0.003,1.00E-05,2,10,1000,0,0,0,0,0
0.25,0.001,0.003,1.00E-05,2,100,1000,0,0,0,0,0
0.25,0.001,0.003,1.00E-05,2,1000,1000,0,0,0,0,0
0.25,0.001,0.003,1.00E-05,2.5,10,1000,0,0,0,0,0
0.25,0.001,0.003,1.00E-05,2.5,100,1000,0,0,0,0,0
0.25,0.001,0.003,1.00E-05,2.5,1000,1000,0,0,0,0,0
0.25,0.001,0.003,1.00E-05,3,10,1000,0,0,0,0,0
0.25,0.001,0.003,1.00E-05,3,100,1000,0,0,0,0,0
0.25,0.001,0.003,1.00E-05,3,1000,1000,0,0,0,0,0
0.25,0.001,0.003,0.001,0.1,10,1000,0,0,0,0,0
0.25,0.001,0.003,0.001,0.1,100,1000,0,0,0,0,0
0.25,0.001,0.003,0.001,0.1,1000,1000,0,0,0,0,0
0.25,0.001,0.003,0.001,0.5,10,1000,0,0,0,0,0
0.25,0.001,0.003,0.001,0.5,100,1000,0,0,0,0,0
0.25,0.001,0.003,0.001,0.5,1000,1000,0,0,0,0,0
0.25,0.001,0.003,0.001,1.1,10,1000,0,0,0,0,0
0.25,0.001,0.003,0.001,1.1,100,1000,0,0,0,0,0
0.25,0.001,0.003,0.001,1.1,1000,1000,0,0,0.830899236,0,0
0.25,0.001,0.003,0.001,1.5,10,1000,0,0,0,0,0
0.25,0.001,0.003,0.001,1.5,100,1000,0,0,0,0,0
0.25,0.001,0.003,0.001,1.5,1000,1000,0,0,0,0,0
0.25,0.001,0.003,0.001,2,10,1000,0,0,0,0,0
0.25,0.001,0.003,0.001,2,100,1000,0,0,0,0,0
0.25,0.001,0.003,0.001,2,1000,1000,0,0,0,0,0
0.25,0.001,0.003,0.001,2.5,10,1000,0,0,0,0,0
0.25,0.001,0.003,0.001,2.5,100,1000,0,0,0,0,0
0.25,0.001,0.003,0.001,2.5,1000,1000,0,0,3.488107073,0,0.417467669
0.25,0.001,0.003,0.001,3,10,1000,0,0,0,0,0
0.25,0.001,0.003,0.001,3,100,1000,0,0,0,0,0
0.25,0.001,0.003,0.001,3,1000,1000,0,0,0,0,0
0.25,0.001,0.003,0.1,0.1,10,1000,0,0,23.5895813,0,372.4608252
0.25,0.001,0.003,0.1,0.1,100,1000,0,0,1.997410145,0,13.64695334
0.25,0.001,0.003,0.1,0.1,1000,1000,0,0,0.208949572,0,1.156423231
0.25,0.001,0.003,0.1,0.5,10,1000,0,0,21.56533329,0,347.3482535
0.25,0.001,0.003,0.1,0.5,100,1000,0,0,0.973568249,0,1.726009726
0.25,0.001,0.003,0.1,0.5,1000,1000,0,0,0.122793941,0,0.258335692
0.25,0.001,0.003,0.1,1.1,10,1000,0,0,20.65325205,0,440.7494832
0.25,0.001,0.003,0.1,1.1,100,1000,0,0,0.971232208,0,10.81777721
0.25,0.001,0.003,0.1,1.1,1000,1000,0,0,0.192591729,0,2.664929456
0.25,0.001,0.003,0.1,1.5,10,1000,0,0,21.5443536,0,494.0439908
0.25,0.001,0.003,0.1,1.5,100,1000,0,0,0.772510703,0,2.096133279
0.25,0.001,0.003,0.1,1.5,1000,1000,0,0,0.102111707,0,0.286927777
0.25,0.001,0.003,0.1,2,10,1000,0,0,20.47761465,0,410.1010489
0.25,0.001,0.003,0.1,2,100,1000,0,0,1.000966036,0,10.6520093
0.25,0.001,0.003,0.1,2,1000,1000,0,0,0.269614153,0,6.025131416
0.25,0.001,0.003,0.1,2.5,10,1000,0,0,19.88343801,0,322.4365612
0.25,0.001,0.003,0.1,2.5,100,1000,0,0,1.032453457,0,12.89641941
0.25,0.001,0.003,0.1,2.5,1000,1000,0,0,0.087431121,0,0.138347457
0.25,0.001,0.003,0.1,3,10,1000,0,0,17.44451261,0,288.2986014
0.25,0.001,0.003,0.1,3,100,1000,0,0,0.982672609,0,7.02286951
0.25,0.001,0.003,0.1,3,1000,1000,0,0,0.100141083,0,0.288869418
0.25,0.001,0.003,1,0.1,10,1000,0,0,3.241122863,0,17.04027811
0.25,0.001,0.003,1,0.1,100,1000,0,0,0.09773028,0,0.018636283
0.25,0.001,0.003,1,0.1,1000,999,1,0.473684211,0.010395033,0,0.002495763
0.25,0.001,0.003,1,0.5,10,993,7,0.493444056,2.885457876,0.012127957,19.99457488
0.25,0.001,0.003,1,0.5,100,988,12,0.277004477,0.068751204,0.062886675,0.036675269
0.25,0.001,0.003,1,0.5,1000,988,12,0.441082588,0.041104812,0.025945979,1.202733482
0.25,0.001,0.003,1,1.1,10,944,56,0.409552839,2.555787153,0.015901276,13.59984002
0.25,0.001,0.003,1,1.1,100,918,82,0.435605949,0.115219822,0.036393719,3.385796165
0.25,0.001,0.003,1,1.1,1000,929,71,0.409708055,0.007554018,0.036748766,0.00447547
0.25,0.001,0.003,1,1.5,10,912,88,0.399168565,2.750697436,0.033094062,21.13241445
0.25,0.001,0.003,1,1.5,100,897,103,0.428546058,0.088689718,0.019759035,0.489467998
0.25,0.001,0.003,1,1.5,1000,890,110,0.451429354,0.035277356,0.022788365,0.572696933
0.25,0.001,0.003,1,2,10,886,114,0.467846983,2.575377406,0.01239132,16.39430547
0.25,0.001,0.003,1,2,100,864,136,0.453145456,0.053939253,0.020014147,0.002184909
0.25,0.001,0.003,1,2,1000,864,136,0.450443545,0.00802185,0.023144926,0.006285612
0.25,0.001,0.003,1,2.5,10,875,125,0.446235484,2.378011078,0.017474279,19.40655354
0.25,0.001,0.003,1,2.5,100,822,178,0.468103587,0.07264559,0.012275828,0.330085668
0.25,0.001,0.003,1,2.5,1000,848,152,0.454030773,0.008236204,0.016206487,0.009181277
0.25,0.001,0.003,1,3,10,839,161,0.459075899,2.265771803,0.013224291,43.94058057
0.25,0.001,0.003,1,3,100,806,194,0.45883021,0.068940704,0.019736574,0.240773686
0.25,0.001,0.003,1,3,1000,827,173,0.464559174,0.01130312,0.015779864,0.012640115
0.25,0.1,0.0001,1.00E-05,0.1,10,113,887,0.304835657,714.9698609,0.000616456,54390.76624
0.25,0.1,0.0001,1.00E-05,0.1,100,0,1000,0.303827187,840.2981338,0.000633132,14470.90766
0.25,0.1,0.0001,1.00E-05,0.1,1000,0,1000,0.304873347,2.959711841,0.000622076,0.354249629
0.25,0.1,0.0001,1.00E-05,0.5,10,120,880,0.303632087,615.2857259,0.000663561,61094.2006
0.25,0.1,0.0001,1.00E-05,0.5,100,0,1000,0.303779291,645.3242136,0.000687433,36964.6938
0.25,0.1,0.0001,1.00E-05,0.5,1000,0,1000,0.304584694,2.96106954,0.000712831,0.362161887
0.25,0.1,0.0001,1.00E-05,1.1,10,105,895,0.304697928,0,0.000670467,0
0.25,0.1,0.0001,1.00E-05,1.1,100,0,1000,0.304856013,597.3018563,0.000711542,45899.31925
0.25,0.1,0.0001,1.00E-05,1.1,1000,0,1000,0.305279819,2.982373518,0.000655754,0.389397158
0.25,0.1,0.0001,1.00E-05,1.5,10,124,876,0.306330057,457.8985622,0.000644122,4796.399701
0.25,0.1,0.0001,1.00E-05,1.5,100,0,1000,0.304148623,500.942749,0.000643965,54695.0362
0.25,0.1,0.0001,1.00E-05,1.5,1000,0,1000,0.305526633,3.031371283,0.000585683,0.620977071
0.25,0.1,0.0001,1.00E-05,2,10,106,894,0.305087448,854.1128923,0.000623357,9750.422771
0.25,0.1,0.0001,1.00E-05,2,100,0,1000,0.305517973,689.7626118,0.000662544,31505.8304
0.25,0.1,0.0001,1.00E-05,2,1000,0,1000,0.30502749,2.958516061,0.000655446,0.363465023
0.25,0.1,0.0001,1.00E-05,2.5,10,116,884,0.303660538,611.9016904,0.00066715,20934.56283
0.25,0.1,0.0001,1.00E-05,2.5,100,0,1000,0.304490382,783.1543881,0.000736931,40863.76896
0.25,0.1,0.0001,1.00E-05,2.5,1000,0,1000,0.305827252,2.964122803,0.000713252,0.339044958
0.25,0.1,0.0001,1.00E-05,3,10,119,881,0.303224088,954.8509943,0.000653802,0
0.25,0.1,0.0001,1.00E-05,3,100,0,1000,0.303473324,706.1504875,0.000665908,12188.57926
0.25,0.1,0.0001,1.00E-05,3,1000,0,1000,0.305998081,2.96364499,0.000628005,0.384023857
0.25,0.1,0.0001,0.001,0.1,10,95,905,0.305265149,602.7241282,0.000670814,104741.7274
0.25,0.1,0.0001,0.001,0.1,100,0,1000,0.305823852,517.8413055,0.000668881,18405.49487
0.25,0.1,0.0001,0.001,0.1,1000,0,1000,0.305422101,2.947183928,0.000699427,0.39004459
0.25,0.1,0.0001,0.001,0.5,10,103,897,0.307523641,714.492762,0.000708663,57896.99545
0.25,0.1,0.0001,0.001,0.5,100,0,1000,0.304888743,0,0.000672575,0
0.25,0.1,0.0001,0.001,0.5,1000,0,1000,0.305665635,2.905816131,0.000638616,0.315990808
0.25,0.1,0.0001,0.001,1.1,10,106,894,0.304939499,498.894471,0.000681574,1084.322479
0.25,0.1,0.0001,0.001,1.1,100,0,1000,0.305287638,475.292251,0.000704456,3967.163145
0.25,0.1,0.0001,0.001,1.1,1000,0,1000,0.305852605,2.893665501,0.000672432,0.306623617
0.25,0.1,0.0001,0.001,1.5,10,130,870,0.305356868,532.7378908,0.000680202,1353.044708
0.25,0.1,0.0001,0.001,1.5,100,0,1000,0.305790248,438.2691432,0.00068178,15721.75754
0.25,0.1,0.0001,0.001,1.5,1000,0,1000,0.306012403,2.933198985,0.000641167,0.379749095
0.25,0.1,0.0001,0.001,2,10,97,903,0.306753323,572.1625103,0.000629474,31988.37791
0.25,0.1,0.0001,0.001,2,100,0,1000,0.305287931,571.3111781,0.000665199,34387.34529
0.25,0.1,0.0001,0.001,2,1000,0,1000,0.305663508,2.933920155,0.000624805,0.347858374
0.25,0.1,0.0001,0.001,2.5,10,109,891,0.306524252,752.9667092,0.000694211,39856.32299
0.25,0.1,0.0001,0.001,2.5,100,0,1000,0.308202941,384.7204088,0.000647438,62674.63083
0.25,0.1,0.0001,0.001,2.5,1000,0,1000,0.305653235,2.902531645,0.000680307,0.282909258
0.25,0.1,0.0001,0.001,3,10,107,893,0.306237783,628.1083719,0.000667179,51486.03195
0.25,0.1,0.0001,0.001,3,100,0,1000,0.307500144,839.8716651,0.000579073,49499.13726
0.25,0.1,0.0001,0.001,3,1000,0,1000,0.305351724,2.930775113,0.000675596,0.351653639
0.25,0.1,0.0001,0.1,0.1,10,78,922,0.348455988,266.8619262,0.000551077,9326.347423
0.25,0.1,0.0001,0.1,0.1,100,0,1000,0.34728274,187.0719121,0.000504351,8155.648734
0.25,0.1,0.0001,0.1,0.1,1000,0,1000,0.347570083,1.461371364,0.000567674,0.033847578
0.25,0.1,0.0001,0.1,0.5,10,64,936,0.359004068,198.9289956,0.000489609,2949.268512
0.25,0.1,0.0001,0.1,0.5,100,0,1000,0.359387383,123.2039312,0.000475953,1637.102716
0.25,0.1,0.0001,0.1,0.5,1000,0,1000,0.359253137,1.203491222,0.000456435,0.021369194
0.25,0.1,0.0001,0.1,1.1,10,48,952,0.373149258,161.091016,0.000429685,1177.576159
0.25,0.1,0.0001,0.1,1.1,100,0,1000,0.372666199,90.9203645,0.000400933,661.595409
0.25,0.1,0.0001,0.1,1.1,1000,0,1000,0.373075758,1.061913293,0.000421649,0.014634396
0.25,0.1,0.0001,0.1,1.5,10,40,960,0.379643194,148.5080881,0.000393386,1031.829931
0.25,0.1,0.0001,0.1,1.5,100,0,1000,0.380677673,81.45220612,0.000395445,401.1857283
0.25,0.1,0.0001,0.1,1.5,1000,0,1000,0.380624918,1.025028074,0.000404936,0.012609998
0.25,0.1,0.0001,0.1,2,10,42,958,0.386848467,137.7972834,0.000358349,848.7267299
0.25,0.1,0.0001,0.1,2,100,0,1000,0.387440502,72.20966956,0.00038282,281.8403312
0.25,0.1,0.0001,0.1,2,1000,0,1000,0.386898111,1.010673183,0.000361298,0.012050132
0.25,0.1,0.0001,0.1,2.5,10,42,958,0.392868473,131.3319235,0.000335506,764.4435182
0.25,0.1,0.0001,0.1,2.5,100,0,1000,0.393838946,65.7842383,0.000319044,201.6322228
0.25,0.1,0.0001,0.1,2.5,1000,0,1000,0.393761968,1.002719945,0.00037675,0.011285249
0.25,0.1,0.0001,0.1,3,10,34,966,0.399320466,125.4311552,0.000322838,775.321813
0.25,0.1,0.0001,0.1,3,100,0,1000,0.399408473,62.76812981,0.000326309,183.9936295
0.25,0.1,0.0001,0.1,3,1000,0,1000,0.398038849,1.002376659,0.000318194,0.011812929
0.25,0.1,0.0001,1,0.1,10,27,973,0.447858191,87.33162278,0.000406564,354.7508541
0.25,0.1,0.0001,1,0.1,100,0,1000,0.447104305,35.76301113,0.000401101,51.88504223
0.25,0.1,0.0001,1,0.1,1000,0,1000,0.447993477,0.274730371,0.000413929,0.000625049
0.25,0.1,0.0001,1,0.5,10,17,983,0.458627389,81.40840129,0.000309995,271.0783422
0.25,0.1,0.0001,1,0.5,100,0,1000,0.457921869,32.99571088,0.000314088,39.7931775
0.25,0.1,0.0001,1,0.5,1000,0,1000,0.458424446,0.196602841,0.00031529,0.000297821
0.25,0.1,0.0001,1,1.1,10,20,980,0.467887781,77.74329387,0.00022387,274.1355245
0.25,0.1,0.0001,1,1.1,100,0,1000,0.467504872,30.77190837,0.000223845,34.03357169
0.25,0.1,0.0001,1,1.1,1000,0,1000,0.46799421,0.163129251,0.000219636,0.000198393
0.25,0.1,0.0001,1,1.5,10,12,988,0.473292535,76.02919867,0.00019271,231.2581562
0.25,0.1,0.0001,1,1.5,100,0,1000,0.472872293,29.80565578,0.00019663,31.38639974
0.25,0.1,0.0001,1,1.5,1000,0,1000,0.472413573,0.15707108,0.000201207,0.000184203
0.25,0.1,0.0001,1,2,10,14,986,0.476468646,75.54335762,0.000180673,253.1351901
0.25,0.1,0.0001,1,2,100,0,1000,0.476568039,28.96336358,0.000177119,29.39475882
0.25,0.1,0.0001,1,2,1000,0,1000,0.475540063,0.153438781,0.000167909,0.000174257
0.25,0.1,0.0001,1,2.5,10,16,984,0.479182537,74.56940735,0.000145618,279.8537893
0.25,0.1,0.0001,1,2.5,100,0,1000,0.479212725,28.40080641,0.000150793,25.39604541
0.25,0.1,0.0001,1,2.5,1000,0,1000,0.479242568,0.15252917,0.000138273,0.000158549
0.25,0.1,0.0001,1,3,10,15,985,0.482111683,74.56784718,0.000132906,241.5610031
0.25,0.1,0.0001,1,3,100,0,1000,0.48122512,27.83747113,0.000116391,27.2265865
0.25,0.1,0.0001,1,3,1000,0,1000,0.481367251,0.152767999,0.000135834,0.000170275
0.25,0.1,0.0003,1.00E-05,0.1,10,118,882,0.302344323,536.530761,0.002165294,60064.61644
0.25,0.1,0.0003,1.00E-05,0.1,100,0,1000,0.30634252,402.8882626,0.001987001,74165.53798
0.25,0.1,0.0003,1.00E-05,0.1,1000,0,1000,0.303863624,0.673041509,0.002263258,0.016149398
0.25,0.1,0.0003,1.00E-05,0.5,10,123,877,0.305745907,494.0624547,0.002498956,53707.13564
0.25,0.1,0.0003,1.00E-05,0.5,100,0,1000,0.305952954,415.6505967,0.00227772,78253.52244
0.25,0.1,0.0003,1.00E-05,0.5,1000,0,1000,0.305824392,0.667126244,0.002261763,0.016826176
0.25,0.1,0.0003,1.00E-05,1.1,10,132,868,0.304350008,521.3886336,0.002358132,56164.12694
0.25,0.1,0.0003,1.00E-05,1.1,100,0,1000,0.309306867,406.9560669,0.002171369,74029.06246
0.25,0.1,0.0003,1.00E-05,1.1,1000,0,1000,0.306370881,0.669618301,0.002023871,0.016991719
0.25,0.1,0.0003,1.00E-05,1.5,10,130,870,0.307447562,503.6180675,0.002049892,58885.9893
0.25,0.1,0.0003,1.00E-05,1.5,100,0,1000,0.306573661,418.2172631,0.002119162,76524.58383
0.25,0.1,0.0003,1.00E-05,1.5,1000,0,1000,0.305259224,0.675528885,0.002257107,0.014986899
0.25,0.1,0.0003,1.00E-05,2,10,122,878,0.305694213,507.5037456,0.002132351,57111.8548
0.25,0.1,0.0003,1.00E-05,2,100,0,1000,0.304042376,408.4730456,0.002342106,73429.80344
0.25,0.1,0.0003,1.00E-05,2,1000,0,1000,0.303561614,0.665995055,0.002037934,0.017276027
0.25,0.1,0.0003,1.00E-05,2.5,10,115,885,0.309009204,516.4495437,0.002048633,57314.55848
0.25,0.1,0.0003,1.00E-05,2.5,100,1,999,0.304759461,399.3865288,0.002259271,69793.45439
0.25,0.1,0.0003,1.00E-05,2.5,1000,0,1000,0.30382539,0.670615618,0.002145062,0.014860404
0.25,0.1,0.0003,1.00E-05,3,10,121,879,0.302546528,508.963931,0.002329401,61492.50856
0.25,0.1,0.0003,1.00E-05,3,100,0,1000,0.303377253,417.4870272,0.002397767,77073.37361
0.25,0.1,0.0003,1.00E-05,3,1000,0,1000,0.306200882,0.670460011,0.002244688,0.016091637
0.25,0.1,0.0003,0.001,0.1,10,126,874,0.301766777,507.4675301,0.002347915,54539.14983
0.25,0.1,0.0003,0.001,0.1,100,0,1000,0.306623608,411.6958581,0.002254224,76391.36336
0.25,0.1,0.0003,0.001,0.1,1000,0,1000,0.306137976,0.664434339,0.001990645,0.01550231
0.25,0.1,0.0003,0.001,0.5,10,131,869,0.30828245,519.716259,0.002256674,54784.11293
0.25,0.1,0.0003,0.001,0.5,100,0,1000,0.306764381,427.4987363,0.001971575,75947.66096
0.25,0.1,0.0003,0.001,0.5,1000,1,999,0.301051837,0.662055596,0.002251628,0.016049476
0.25,0.1,0.0003,0.001,1.1,10,116,884,0.305653295,506.6244781,0.002058981,56896.44374
0.25,0.1,0.0003,0.001,1.1,100,0,1000,0.305919647,418.3008122,0.002247035,76581.48644
0.25,0.1,0.0003,0.001,1.1,1000,0,1000,0.302090972,0.65873464,0.002065683,0.014579579
0.25,0.1,0.0003,0.001,1.5,10,110,890,0.306750261,489.4682118,0.002066836,53422.45627
0.25,0.1,0.0003,0.001,1.5,100,1,999,0.306146953,397.7301356,0.002066758,76689.52255
0.25,0.1,0.0003,0.001,1.5,1000,0,1000,0.306857768,0.661334869,0.002042742,0.015201974
0.25,0.1,0.0003,0.001,2,10,134,866,0.307229006,513.2688288,0.002268699,54829.92643
0.25,0.1,0.0003,0.001,2,100,0,1000,0.305644428,404.729962,0.002127272,74990.33581
0.25,0.1,0.0003,0.001,2,1000,0,1000,0.308190871,0.668800813,0.002278537,0.016174616
0.25,0.1,0.0003,0.001,2.5,10,127,873,0.307295661,497.6715605,0.002236845,55909.03225
0.25,0.1,0.0003,0.001,2.5,100,0,1000,0.3070186,400.8266386,0.002142246,74449.27239
0.25,0.1,0.0003,0.001,2.5,1000,0,1000,0.306345895,0.663507138,0.002262583,0.015457297
0.25,0.1,0.0003,0.001,3,10,112,888,0.30740324,507.2404657,0.002237427,53682.48684
0.25,0.1,0.0003,0.001,3,100,1,999,0.305616386,412.449916,0.002216536,75660.76432
0.25,0.1,0.0003,0.001,3,1000,0,1000,0.305551098,0.666009208,0.002253663,0.016162691
0.25,0.1,0.0003,0.1,0.1,10,85,915,0.347836325,170.26375,0.001659029,4556.338302
0.25,0.1,0.0003,0.1,0.1,100,0,1000,0.348208837,65.42374764,0.001661574,2693.174394
0.25,0.1,0.0003,0.1,0.1,1000,0,1000,0.350171179,0.379191951,0.001698412,0.003925006
0.25,0.1,0.0003,0.1,0.5,10,71,929,0.357732078,143.5842761,0.001418143,2943.673114
0.25,0.1,0.0003,0.1,0.5,100,0,1000,0.359471966,47.73443646,0.001560542,1463.442246
0.25,0.1,0.0003,0.1,0.5,1000,0,1000,0.359117794,0.315794306,0.001608054,0.002529378
0.25,0.1,0.0003,0.1,1.1,10,55,945,0.372571639,121.2885247,0.001372008,1704.486343
0.25,0.1,0.0003,0.1,1.1,100,0,1000,0.372734078,34.73517275,0.001380626,601.0125744
0.25,0.1,0.0003,0.1,1.1,1000,0,1000,0.373329229,0.291264672,0.001384539,0.002156479
0.25,0.1,0.0003,0.1,1.5,10,49,951,0.38093114,115.543889,0.00112352,1466.455165
0.25,0.1,0.0003,0.1,1.5,100,0,1000,0.380705591,28.18925293,0.001178528,432.9779161
0.25,0.1,0.0003,0.1,1.5,1000,0,1000,0.379507187,0.29266764,0.001191441,0.002302848
0.25,0.1,0.0003,0.1,2,10,46,954,0.38595148,106.4907502,0.001072688,1072.280718
0.25,0.1,0.0003,0.1,2,100,0,1000,0.387137273,25.18103724,0.001081278,335.3757634
0.25,0.1,0.0003,0.1,2,1000,0,1000,0.387668695,0.290315123,0.001239736,0.002255491
0.25,0.1,0.0003,0.1,2.5,10,49,951,0.392527241,104.2611808,0.001015333,1186.879559
0.25,0.1,0.0003,0.1,2.5,100,0,1000,0.391012252,22.19133111,0.001085216,223.4458036
0.25,0.1,0.0003,0.1,2.5,1000,0,1000,0.392785143,0.289170506,0.001086102,0.002188848
0.25,0.1,0.0003,0.1,3,10,47,953,0.397608636,97.12166228,0.001052557,957.8850996
0.25,0.1,0.0003,0.1,3,100,0,1000,0.398148229,19.66240367,0.001023422,184.5726566
0.25,0.1,0.0003,0.1,3,1000,0,1000,0.396816499,0.289668909,0.001017039,0.002179574
0.25,0.1,0.0003,1,0.1,10,35,965,0.447621957,65.40939742,0.001355929,483.3408104
0.25,0.1,0.0003,1,0.1,100,0,1000,0.449219834,4.336485634,0.00133309,11.60554837
0.25,0.1,0.0003,1,0.1,1000,0,1000,0.448133387,0.077808041,0.001220323,0.000138177
0.25,0.1,0.0003,1,0.5,10,27,973,0.459028689,60.75495797,0.000900172,389.3351527
0.25,0.1,0.0003,1,0.5,100,0,1000,0.457469995,2.958461072,0.000953479,4.274486847
0.25,0.1,0.0003,1,0.5,1000,0,1000,0.458751653,0.054297715,0.00099943,6.32E-05
0.25,0.1,0.0003,1,1.1,10,15,985,0.466943642,58.03676537,0.000773846,386.985115
0.25,0.1,0.0003,1,1.1,100,0,1000,0.467876691,2.342051337,0.000739646,3.122192019
0.25,0.1,0.0003,1,1.1,1000,0,1000,0.468388781,0.048577464,0.000784336,5.00E-05
0.25,0.1,0.0003,1,1.5,10,17,983,0.471418867,55.91809152,0.000607978,327.4164468
0.25,0.1,0.0003,1,1.5,100,0,1000,0.473189662,2.090103135,0.000622345,3.006827111
0.25,0.1,0.0003,1,1.5,1000,0,1000,0.472130051,0.047810341,0.000622754,4.54E-05
0.25,0.1,0.0003,1,2,10,13,987,0.476310683,56.08778629,0.000520864,363.7890046
0.25,0.1,0.0003,1,2,100,0,1000,0.475761556,1.981064785,0.000502079,4.193853571
0.25,0.1,0.0003,1,2,1000,0,1000,0.476099849,0.047685911,0.000533257,4.68E-05
0.25,0.1,0.0003,1,2.5,10,22,978,0.479268189,54.69124247,0.00048336,306.209912
0.25,0.1,0.0003,1,2.5,100,0,1000,0.479414561,1.716471691,0.000497456,1.914817778
0.25,0.1,0.0003,1,2.5,1000,0,1000,0.479230092,0.047461942,0.000480053,4.65E-05
0.25,0.1,0.0003,1,3,10,18,982,0.482013912,55.05848524,0.000403191,335.3892149
0.25,0.1,0.0003,1,3,100,0,1000,0.482262598,1.612268207,0.000406769,2.501641714
0.25,0.1,0.0003,1,3,1000,0,1000,0.481524906,0.047644884,0.000427528,5.10E-05
0.25,0.1,0.001,1.00E-05,0.1,10,603,397,0.296467286,195.3027246,0.01420745,21639.63255
0.25,0.1,0.001,1.00E-05,0.1,100,459,541,0.309817989,4.095286341,0.013506992,116.738524
0.25,0.1,0.001,1.00E-05,0.1,1000,487,513,0.31005467,0.185789783,0.012422933,0.003428423
0.25,0.1,0.001,1.00E-05,0.5,10,601,399,0.310480878,188.9107003,0.014904241,19557.07953
0.25,0.1,0.001,1.00E-05,0.5,100,494,506,0.309876206,4.441795226,0.011705356,334.2958339
0.25,0.1,0.001,1.00E-05,0.5,1000,521,479,0.3046661,0.186270142,0.011831209,0.003509779
0.25,0.1,0.001,1.00E-05,1.1,10,601,399,0.310192163,185.7284961,0.013120823,19725.78518
0.25,0.1,0.001,1.00E-05,1.1,100,465,535,0.303971687,3.239564406,0.012742089,24.88342638
0.25,0.1,0.001,1.00E-05,1.1,1000,487,513,0.306476595,0.184902886,0.01403027,0.0034067
0.25,0.1,0.001,1.00E-05,1.5,10,602,398,0.308063415,187.065973,0.011804755,19877.34204
0.25,0.1,0.001,1.00E-05,1.5,100,508,492,0.300866409,4.431492546,0.01250792,220.9368228
0.25,0.1,0.001,1.00E-05,1.5,1000,508,492,0.310093556,0.187940878,0.014772979,0.003603526
0.25,0.1,0.001,1.00E-05,2,10,614,386,0.30952445,182.5951908,0.012887172,18054.168
0.25,0.1,0.001,1.00E-05,2,100,492,508,0.31957944,5.08832619,0.014708822,639.4315319
0.25,0.1,0.001,1.00E-05,2,1000,496,504,0.301699492,0.18596805,0.012117005,0.003561407
0.25,0.1,0.001,1.00E-05,2.5,10,593,407,0.30431707,199.965734,0.014973724,21000.2813
0.25,0.1,0.001,1.00E-05,2.5,100,490,510,0.302965558,3.978597716,0.012049104,151.6137228
0.25,0.1,0.001,1.00E-05,2.5,1000,481,519,0.311746064,0.183761047,0.015393455,0.003339634
0.25,0.1,0.001,1.00E-05,3,10,607,393,0.311853236,188.3530254,0.014955034,20723.1556
0.25,0.1,0.001,1.00E-05,3,100,506,494,0.315699583,4.564321895,0.010411078,547.3683241
0.25,0.1,0.001,1.00E-05,3,1000,471,529,0.308143445,0.18660414,0.013435919,0.003489549
0.25,0.1,0.001,0.001,0.1,10,602,398,0.297283778,189.0759908,0.008881645,20317.86996
0.25,0.1,0.001,0.001,0.1,100,485,515,0.311459684,4.067133024,0.012289662,152.7552522
0.25,0.1,0.001,0.001,0.1,1000,513,487,0.309923214,0.187758369,0.013762798,0.003618646
0.25,0.1,0.001,0.001,0.5,10,559,441,0.307349892,187.0235394,0.011062041,21089.94581
0.25,0.1,0.001,0.001,0.5,100,485,515,0.300283384,3.842476548,0.01143283,166.8844831
0.25,0.1,0.001,0.001,0.5,1000,472,528,0.30723311,0.184418407,0.013480436,0.003222305
0.25,0.1,0.001,0.001,1.1,10,559,441,0.298647493,181.6135629,0.010755587,19823.18188
0.25,0.1,0.001,0.001,1.1,100,472,528,0.298424965,3.848468497,0.01210694,177.0564556
0.25,0.1,0.001,0.001,1.1,1000,460,540,0.306147904,0.185917804,0.017417817,0.003433158
0.25,0.1,0.001,0.001,1.5,10,592,408,0.297999674,179.0586638,0.014171934,17561.35988
0.25,0.1,0.001,0.001,1.5,100,493,507,0.307111628,3.255732432,0.011733057,7.047786864
0.25,0.1,0.001,0.001,1.5,1000,488,512,0.302439255,0.185775383,0.010780333,0.003155839
0.25,0.1,0.001,0.001,2,10,591,409,0.305323149,184.2348669,0.011928091,18259.42041
0.25,0.1,0.001,0.001,2,100,445,555,0.310005209,3.624897744,0.011959008,139.187789
0.25,0.1,0.001,0.001,2,1000,477,523,0.315845464,0.185154629,0.013201281,0.003478628
0.25,0.1,0.001,0.001,2.5,10,591,409,0.297632186,180.7224914,0.011959326,19309.26259
0.25,0.1,0.001,0.001,2.5,100,498,502,0.30336923,4.002752706,0.011088448,306.3964056
0.25,0.1,0.001,0.001,2.5,1000,478,522,0.302200977,0.179298803,0.011541967,0.003175308
0.25,0.1,0.001,0.001,3,10,584,416,0.312750382,190.1915873,0.014221271,20334.93333
0.25,0.1,0.001,0.001,3,100,467,533,0.308822485,4.334627351,0.012190804,266.213845
0.25,0.1,0.001,0.001,3,1000,494,506,0.305223668,0.180415954,0.014692385,0.003219174
0.25,0.1,0.001,0.1,0.1,10,305,695,0.352503017,92.26889994,0.009865684,4015.472173
0.25,0.1,0.001,0.1,0.1,100,187,813,0.351284391,1.534445104,0.009007989,0.440498253
0.25,0.1,0.001,0.1,0.1,1000,184,816,0.349530796,0.107530396,0.008406382,0.001018148
0.25,0.1,0.001,0.1,0.5,10,233,767,0.363974241,84.48879203,0.007267252,3236.140388
0.25,0.1,0.001,0.1,0.5,100,112,888,0.361710654,1.243917456,0.007555175,0.22216473
0.25,0.1,0.001,0.1,0.5,1000,112,888,0.35930648,0.086524163,0.006995612,0.000595627
0.25,0.1,0.001,0.1,1.1,10,180,820,0.376681101,74.79162062,0.005353895,2285.03727
0.25,0.1,0.001,0.1,1.1,100,68,932,0.373800411,1.110787958,0.00582928,0.166698732
0.25,0.1,0.001,0.1,1.1,1000,74,926,0.372164565,0.084674406,0.004885142,0.000617009
0.25,0.1,0.001,0.1,1.5,10,149,851,0.386639931,69.84104397,0.005586494,2218.156332
0.25,0.1,0.001,0.1,1.5,100,47,953,0.383751042,1.06978976,0.004890692,0.148084371
0.25,0.1,0.001,0.1,1.5,1000,43,957,0.378020777,0.084680328,0.00517435,0.000606778
0.25,0.1,0.001,0.1,2,10,129,871,0.385398119,65.03010045,0.005212191,1681.31108
0.25,0.1,0.001,0.1,2,100,49,951,0.385525156,1.051326633,0.00491478,0.116576653
0.25,0.1,0.001,0.1,2,1000,38,962,0.388133793,0.084162161,0.004888474,0.000590588
0.25,0.1,0.001,0.1,2.5,10,126,874,0.390923673,63.57031165,0.00439956,1629.403278
0.25,0.1,0.001,0.1,2.5,100,32,968,0.390890034,1.056126155,0.005115708,0.136963309
0.25,0.1,0.001,0.1,2.5,1000,34,966,0.389725395,0.083512432,0.004813544,0.000576155
0.25,0.1,0.001,0.1,3,10,105,895,0.396877126,63.37682826,0.003959552,1594.669683
0.25,0.1,0.001,0.1,3,100,27,973,0.39578294,1.030938616,0.004225732,0.123947928
0.25,0.1,0.001,0.1,3,1000,32,968,0.396856545,0.083757566,0.004669259,0.000534402
0.25,0.1,0.001,1,0.1,10,62,938,0.452374206,35.97567027,0.00530858,636.9772985
0.25,0.1,0.001,1,0.1,100,3,997,0.44788406,0.28113376,0.004828455,0.007653608
0.25,0.1,0.001,1,0.1,1000,3,997,0.447740967,0.021769065,0.00451313,3.76E-05
0.25,0.1,0.001,1,0.5,10,41,959,0.461680955,32.09597424,0.003726943,477.3460758
0.25,0.1,0.001,1,0.5,100,0,1000,0.457259704,0.201163777,0.003254035,0.003161778
0.25,0.1,0.001,1,0.5,1000,1,999,0.456080788,0.014933807,0.003211202,1.61E-05
0.25,0.1,0.001,1,1.1,10,31,969,0.470106589,29.99785461,0.002828802,363.4829583
0.25,0.1,0.001,1,1.1,100,2,998,0.46812052,0.166261182,0.002763936,0.001978767
0.25,0.1,0.001,1,1.1,1000,1,999,0.469027332,0.013921532,0.002613394,1.28E-05
0.25,0.1,0.001,1,1.5,10,37,963,0.474386134,30.54778255,0.002396652,393.9223931
0.25,0.1,0.001,1,1.5,100,0,1000,0.471930151,0.163447378,0.002176194,0.001850985
0.25,0.1,0.001,1,1.5,1000,0,1000,0.474774078,0.013832811,0.00223477,1.24E-05
0.25,0.1,0.001,1,2,10,30,970,0.477413799,31.04179719,0.001872767,446.9546361
0.25,0.1,0.001,1,2,100,0,1000,0.476628921,0.155167948,0.00176514,0.001816706
0.25,0.1,0.001,1,2,1000,1,999,0.474397188,0.014040476,0.001985628,1.56E-05
0.25,0.1,0.001,1,2.5,10,32,968,0.479885651,28.85503866,0.001778649,338.9898775
0.25,0.1,0.001,1,2.5,100,0,1000,0.479123225,0.155634804,0.001714327,0.001783932
0.25,0.1,0.001,1,2.5,1000,1,999,0.480640908,0.013990971,0.001858131,1.33E-05
0.25,0.1,0.001,1,3,10,23,977,0.480270226,29.48358743,0.001659763,354.3232656
0.25,0.1,0.001,1,3,100,0,1000,0.483427226,0.153481918,0.001555953,0.001752124
0.25,0.1,0.001,1,3,1000,0,1000,0.48181492,0.013967484,0.001454779,1.34E-05
0.25,0.1,0.003,1.00E-05,0.1,10,999,1,0,30.16852769,0,1300.195385
0.25,0.1,0.003,1.00E-05,0.1,100,998,2,0.266666667,0.694862468,0.004444444,0.180046668
0.25,0.1,0.003,1.00E-05,0.1,1000,998,2,0.375,0.063276735,0.015625,0.001136923
0.25,0.1,0.003,1.00E-05,0.5,10,1000,0,0,32.14670287,0,1364.543795
0.25,0.1,0.003,1.00E-05,0.5,100,1000,0,0,0.748819849,0,0.223641819
0.25,0.1,0.003,1.00E-05,0.5,1000,996,4,0.222274436,0.060182769,0.023217775,0.001072596
0.25,0.1,0.003,1.00E-05,1.1,10,999,1,0,31.33470983,0,1216.81402
0.25,0.1,0.003,1.00E-05,1.1,100,999,1,0,0.726068815,0,0.203773751
0.25,0.1,0.003,1.00E-05,1.1,1000,998,2,0.403846154,0.060387176,0.009245562,0.001014344
0.25,0.1,0.003,1.00E-05,1.5,10,1000,0,0,32.14109106,0,1137.955929
0.25,0.1,0.003,1.00E-05,1.5,100,995,5,0.550995671,0.693446865,0.080878424,0.188259582
0.25,0.1,0.003,1.00E-05,1.5,1000,999,1,0.333333333,0.063991496,0,0.001119726
0.25,0.1,0.003,1.00E-05,2,10,1000,0,0,30.10423169,0,863.462901
0.25,0.1,0.003,1.00E-05,2,100,997,3,0.584175084,0.727655123,0.086561462,0.214806935
0.25,0.1,0.003,1.00E-05,2,1000,1000,0,0,0.06166358,0,0.001091908
0.25,0.1,0.003,1.00E-05,2.5,10,999,1,0.5,30.66097429,0,1173.171399
0.25,0.1,0.003,1.00E-05,2.5,100,998,2,0.258333333,0.727090385,6.94E-05,0.233784009
0.25,0.1,0.003,1.00E-05,2.5,1000,998,2,0.2,0.061199171,0.04,0.001070986
0.25,0.1,0.003,1.00E-05,3,10,999,1,0.454545455,28.34378738,0,973.3724042
0.25,0.1,0.003,1.00E-05,3,100,998,2,0.166666667,0.695172925,0.027777778,0.205617029
0.25,0.1,0.003,1.00E-05,3,1000,998,2,0.583333333,0.062613729,0.006944444,0.001210361
0.25,0.1,0.003,0.001,0.1,10,999,1,0.333333333,31.78636273,0,1217.430996
0.25,0.1,0.003,0.001,0.1,100,997,3,0.263636364,0.691700151,0.016584022,0.192263536
0.25,0.1,0.003,0.001,0.1,1000,996,4,0.591666667,0.063226878,0.070208333,0.001136331
0.25,0.1,0.003,0.001,0.5,10,999,1,0.222222222,32.50715126,0,1610.994411
0.25,0.1,0.003,0.001,0.5,100,999,1,0.352941176,0.689489338,0,0.17896135
0.25,0.1,0.003,0.001,0.5,1000,997,3,0.266666667,0.059726935,0.042222222,0.001086862
0.25,0.1,0.003,0.001,1.1,10,999,1,0.2,29.87901487,0,1324.730886
0.25,0.1,0.003,0.001,1.1,100,998,2,0.65625,0.695700717,0.118164063,0.184971471
0.25,0.1,0.003,0.001,1.1,1000,997,3,0.335497835,0.061357664,0.021654392,0.001072446
0.25,0.1,0.003,0.001,1.5,10,999,1,0.166666667,29.44142387,0,1080.425062
0.25,0.1,0.003,0.001,1.5,100,996,4,0.427884615,0.7263218,0.010794194,0.218832925
0.25,0.1,0.003,0.001,1.5,1000,999,1,0.272727273,0.062643077,0,0.001176834
0.25,0.1,0.003,0.001,2,10,999,1,0,30.40412432,0,1192.070616
0.25,0.1,0.003,0.001,2,100,998,2,0.166666667,0.71086227,0.027777778,0.200888605
0.25,0.1,0.003,0.001,2,1000,1000,0,0,0.060309076,0,0.001066508
0.25,0.1,0.003,0.001,2.5,10,999,1,0.5,29.64063882,0,978.676986
0.25,0.1,0.003,0.001,2.5,100,996,4,0.397660819,0.733307457,0.13814507,0.348037331
0.25,0.1,0.003,0.001,2.5,1000,1000,0,0,0.061590505,0,0.001127225
0.25,0.1,0.003,0.001,3,10,999,1,0.5,28.9330045,0,991.3257707
0.25,0.1,0.003,0.001,3,100,1000,0,0,0.720944637,0,0.223628565
0.25,0.1,0.003,0.001,3,1000,997,3,0.388095238,0.062176526,0.05361678,0.001322469
0.25,0.1,0.003,0.1,0.1,10,994,6,0.468350168,18.9344511,0.02578297,514.8267332
0.25,0.1,0.003,0.1,0.1,100,993,7,0.370260879,0.390044138,0.037617193,0.040366128
0.25,0.1,0.003,0.1,0.1,1000,993,7,0.326133787,0.034437821,0.098156806,0.000296875
0.25,0.1,0.003,0.1,0.5,10,986,14,0.391378522,17.25234522,0.016528736,525.5977434
0.25,0.1,0.003,0.1,0.5,100,977,23,0.282407508,0.330315297,0.023880318,0.035108963
0.25,0.1,0.003,0.1,0.5,1000,977,23,0.341196123,0.02857178,0.030649539,0.000199223
0.25,0.1,0.003,0.1,1.1,10,979,21,0.415645466,15.09194767,0.036270163,378.165133
0.25,0.1,0.003,0.1,1.1,100,971,29,0.34677567,0.297937336,0.02491812,0.025091493
0.25,0.1,0.003,0.1,1.1,1000,977,23,0.355683812,0.027567104,0.040321633,0.000193556
0.25,0.1,0.003,0.1,1.5,10,971,29,0.384527577,14.83471896,0.045690523,350.070348
0.25,0.1,0.003,0.1,1.5,100,964,36,0.354751562,0.303413626,0.035533833,0.024998442
0.25,0.1,0.003,0.1,1.5,1000,963,37,0.368448446,0.02745051,0.021862833,0.000176993
0.25,0.1,0.003,0.1,2,10,956,44,0.37965725,14.98530205,0.053148237,344.5109564
0.25,0.1,0.003,0.1,2,100,957,43,0.356744448,0.297993019,0.016342073,0.023616213
0.25,0.1,0.003,0.1,2,1000,959,41,0.384263839,0.027245921,0.020129297,0.000179288
0.25,0.1,0.003,0.1,2.5,10,955,45,0.387554524,12.80307733,0.032892788,288.1126085
0.25,0.1,0.003,0.1,2.5,100,955,45,0.344220651,0.304019286,0.030173699,0.027206916
0.25,0.1,0.003,0.1,2.5,1000,968,32,0.351709187,0.027827607,0.018404966,0.000219877
0.25,0.1,0.003,0.1,3,10,957,43,0.343425682,14.04285142,0.018761971,365.3540444
0.25,0.1,0.003,0.1,3,100,958,42,0.39732445,0.298259346,0.018829599,0.023870112
0.25,0.1,0.003,0.1,3,1000,948,52,0.401261804,0.027738272,0.028113127,0.000188485
0.25,0.1,0.003,1,0.1,10,876,124,0.457469253,3.839110799,0.027123643,55.00399289
0.25,0.1,0.003,1,0.1,100,843,157,0.421207086,0.082201401,0.03259336,0.001798079
0.25,0.1,0.003,1,0.1,1000,847,153,0.436614121,0.006967518,0.02655177,1.07E-05
0.25,0.1,0.003,1,0.5,10,799,201,0.443214035,2.986033206,0.024764281,28.36860153
0.25,0.1,0.003,1,0.5,100,801,199,0.450254308,0.057379242,0.025955451,0.000788481
0.25,0.1,0.003,1,0.5,1000,778,222,0.447978839,0.004972766,0.019389547,5.44E-06
0.25,0.1,0.003,1,1.1,10,743,257,0.468663419,2.735974333,0.01494023,27.63234255
0.25,0.1,0.003,1,1.1,100,683,317,0.474257564,0.049310971,0.016643833,0.000585933
0.25,0.1,0.003,1,1.1,1000,751,249,0.448859101,0.004591591,0.016642384,4.13E-06
0.25,0.1,0.003,1,1.5,10,739,261,0.465672961,2.374475669,0.016514282,25.8104906
0.25,0.1,0.003,1,1.5,100,708,292,0.465806457,0.049250857,0.021083017,0.000560626
0.25,0.1,0.003,1,1.5,1000,699,301,0.470210199,0.004713429,0.017859713,4.84E-06
0.25,0.1,0.003,1,2,10,713,287,0.470019885,2.582954877,0.014091452,28.91055098
0.25,0.1,0.003,1,2,100,669,331,0.470059971,0.047585241,0.017141154,0.000487691
0.25,0.1,0.003,1,2,1000,663,337,0.467630695,0.004645508,0.01644603,5.00E-06
0.25,0.1,0.003,1,2.5,10,720,280,0.467985934,2.24629748,0.016014567,19.19129449
0.25,0.1,0.003,1,2.5,100,660,340,0.477572406,0.048220398,0.010015676,0.000572235
0.25,0.1,0.003,1,2.5,1000,648,352,0.476840868,0.004609152,0.011912063,4.81E-06
0.25,0.1,0.003,1,3,10,678,322,0.468894812,2.227316314,0.013276117,29.70313179
0.25,0.1,0.003,1,3,100,655,345,0.491920633,0.049808536,0.013359956,0.000928965
0.25,0.1,0.003,1,3,1000,646,354,0.479785571,0.004617324,0.010117756,4.30E-06
0.3,0,0.0001,1.00E-05,0.1,10,1000,0,0,0,0,0
0.3,0,0.0001,1.00E-05,0.1,100,1000,0,0,0,0,0
0.3,0,0.0001,1.00E-05,0.1,1000,1000,0,0,0,0,0
0.3,0,0.0001,1.00E-05,0.5,10,1000,0,0,0,0,0
0.3,0,0.0001,1.00E-05,0.5,100,1000,0,0,0,0,0
0.3,0,0.0001,1.00E-05,0.5,1000,1000,0,0,0,0,0
0.3,0,0.0001,1.00E-05,1.1,10,1000,0,0,0,0,0
0.3,0,0.0001,1.00E-05,1.1,100,1000,0,0,0,0,0
0.3,0,0.0001,1.00E-05,1.1,1000,1000,0,0,0,0,0
0.3,0,0.0001,1.00E-05,1.5,10,1000,0,0,0,0,0
0.3,0,0.0001,1.00E-05,1.5,100,1000,0,0,0,0,0
0.3,0,0.0001,1.00E-05,1.5,1000,1000,0,0,0,0,0
0.3,0,0.0001,1.00E-05,2,10,1000,0,0,0,0,0
0.3,0,0.0001,1.00E-05,2,100,1000,0,0,0,0,0
0.3,0,0.0001,1.00E-05,2,1000,1000,0,0,0,0,0
0.3,0,0.0001,1.00E-05,2.5,10,1000,0,0,0,0,0
0.3,0,0.0001,1.00E-05,2.5,100,1000,0,0,0,0,0
0.3,0,0.0001,1.00E-05,2.5,1000,1000,0,0,0,0,0
0.3,0,0.0001,1.00E-05,3,10,1000,0,0,0,0,0
0.3,0,0.0001,1.00E-05,3,100,1000,0,0,0,0,0
0.3,0,0.0001,1.00E-05,3,1000,1000,0,0,0,0,0
0.3,0,0.0001,0.001,0.1,10,1000,0,0,0,0,0
0.3,0,0.0001,0.001,0.1,100,1000,0,0,0,0,0
0.3,0,0.0001,0.001,0.1,1000,1000,0,0,0,0,0
0.3,0,0.0001,0.001,0.5,10,1000,0,0,0,0,0
0.3,0,0.0001,0.001,0.5,100,1000,0,0,0,0,0
0.3,0,0.0001,0.001,0.5,1000,1000,0,0,0,0,0
0.3,0,0.0001,0.001,1.1,10,1000,0,0,0,0,0
0.3,0,0.0001,0.001,1.1,100,1000,0,0,0,0,0
0.3,0,0.0001,0.001,1.1,1000,1000,0,0,0,0,0
0.3,0,0.0001,0.001,1.5,10,1000,0,0,0,0,0
0.3,0,0.0001,0.001,1.5,100,1000,0,0,0,0,0
0.3,0,0.0001,0.001,1.5,1000,1000,0,0,0,0,0
0.3,0,0.0001,0.001,2,10,1000,0,0,0,0,0
0.3,0,0.0001,0.001,2,100,1000,0,0,0,0,0
0.3,0,0.0001,0.001,2,1000,1000,0,0,0,0,0
0.3,0,0.0001,0.001,2.5,10,1000,0,0,0,0,0
0.3,0,0.0001,0.001,2.5,100,1000,0,0,0,0,0
0.3,0,0.0001,0.001,2.5,1000,1000,0,0,0,0,0
0.3,0,0.0001,0.001,3,10,1000,0,0,0,0,0
0.3,0,0.0001,0.001,3,100,1000,0,0,0,0,0
0.3,0,0.0001,0.001,3,1000,1000,0,0,0,0,0
0.3,0,0.0001,0.1,0.1,10,535,465,0.233351921,0,0.000488138,0
0.3,0,0.0001,0.1,0.1,100,30,970,0.232251629,0,0.000477078,0
0.3,0,0.0001,0.1,0.1,1000,7,993,0.233252143,0,0.00057742,0
0.3,0,0.0001,0.1,0.5,10,416,584,0.266407464,0,0.000363264,0
0.3,0,0.0001,0.1,0.5,100,13,987,0.267373103,0,0.000373227,0
0.3,0,0.0001,0.1,0.5,1000,4,996,0.266653135,0,0.000391671,0
0.3,0,0.0001,0.1,1.1,10,272,728,0.296362858,0,0.000310043,0
0.3,0,0.0001,0.1,1.1,100,6,994,0.297838654,0,0.000326402,0
0.3,0,0.0001,0.1,1.1,1000,0,1000,0.297400457,6.983386066,0.000287346,5.474674738
0.3,0,0.0001,0.1,1.5,10,235,765,0.312187399,480.1702417,0.000271056,39852.7834
0.3,0,0.0001,0.1,1.5,100,11,989,0.312696788,669.3617158,0.000249589,46262.14573
0.3,0,0.0001,0.1,1.5,1000,3,997,0.313254528,8.059590819,0.000292207,1336.418824
0.3,0,0.0001,0.1,2,10,231,769,0.326253326,519.3452868,0.000230035,53575.42922
0.3,0,0.0001,0.1,2,100,14,986,0.325941067,479.4940468,0.00024469,63150.68742
0.3,0,0.0001,0.1,2,1000,0,1000,0.32652689,16.42401933,0.000241565,7262.857359
0.3,0,0.0001,0.1,2.5,10,192,808,0.337624687,280.6774854,0.000231325,17635.96839
0.3,0,0.0001,0.1,2.5,100,16,984,0.337236608,232.6090895,0.000242146,18415.30462
0.3,0,0.0001,0.1,2.5,1000,2,998,0.336863243,4.864012124,0.000246588,42.84133422
0.3,0,0.0001,0.1,3,10,195,805,0.344636499,181.2792666,0.000222036,2865.222424
0.3,0,0.0001,0.1,3,100,12,988,0.345340155,133.9790793,0.000242101,2858.356731
0.3,0,0.0001,0.1,3,1000,4,996,0.344704082,4.461415643,0.000225712,3.069261806
0.3,0,0.0001,1,0.1,10,195,805,0.432070966,68.26067773,0.000292343,122.1402357
0.3,0,0.0001,1,0.1,100,9,991,0.431877552,33.11770028,0.000283574,19.6714106
0.3,0,0.0001,1,0.1,1000,1,999,0.432140177,0.493273815,0.000282302,0.002133095
0.3,0,0.0001,1,0.5,10,95,905,0.447404086,63.60214595,0.000228681,96.72804174
0.3,0,0.0001,1,0.5,100,4,996,0.447796893,29.56409928,0.000203722,15.56811566
0.3,0,0.0001,1,0.5,1000,0,1000,0.447865187,0.336080254,0.000214016,0.000852542
0.3,0,0.0001,1,1.1,10,37,963,0.461116937,60.0451555,0.000152744,93.72890146
0.3,0,0.0001,1,1.1,100,1,999,0.461438447,27.29304927,0.000152145,12.85384792
0.3,0,0.0001,1,1.1,1000,1,999,0.460103668,0.263941306,0.000156021,0.000416072
0.3,0,0.0001,1,1.5,10,34,966,0.466014989,58.27631149,0.00013627,89.3076788
0.3,0,0.0001,1,1.5,100,0,1000,0.466367746,26.50130709,0.000137256,12.38472449
0.3,0,0.0001,1,1.5,1000,0,1000,0.466389412,0.24715071,0.000126565,0.000336298
0.3,0,0.0001,1,2,10,22,978,0.471595946,57.85022633,0.000112986,89.28980989
0.3,0,0.0001,1,2,100,1,999,0.471831001,25.55245719,0.000106878,10.53930073
0.3,0,0.0001,1,2,1000,0,1000,0.470864744,0.238161878,9.76E-05,0.000302597
0.3,0,0.0001,1,2.5,10,29,971,0.475384422,57.00331389,0.000100031,82.64269299
0.3,0,0.0001,1,2.5,100,5,995,0.476040327,25.06234454,9.03E-05,10.28544024
0.3,0,0.0001,1,2.5,1000,0,1000,0.475321549,0.234380687,8.75E-05,0.000299543
0.3,0,0.0001,1,3,10,23,977,0.477649995,55.70292905,7.59E-05,78.67511572
0.3,0,0.0001,1,3,100,1,999,0.478111,24.51706586,7.82E-05,10.49525645
0.3,0,0.0001,1,3,1000,0,1000,0.478059517,0.232940074,9.04E-05,0.000307954
0.3,0,0.0003,1.00E-05,0.1,10,1000,0,0,0,0,0
0.3,0,0.0003,1.00E-05,0.1,100,1000,0,0,0,0,0
0.3,0,0.0003,1.00E-05,0.1,1000,1000,0,0,0,0,0
0.3,0,0.0003,1.00E-05,0.5,10,1000,0,0,0,0,0
0.3,0,0.0003,1.00E-05,0.5,100,1000,0,0,0,0,0
0.3,0,0.0003,1.00E-05,0.5,1000,1000,0,0,0,0,0
0.3,0,0.0003,1.00E-05,1.1,10,1000,0,0,0,0,0
0.3,0,0.0003,1.00E-05,1.1,100,1000,0,0,0,0,0
0.3,0,0.0003,1.00E-05,1.1,1000,1000,0,0,0,0,0
0.3,0,0.0003,1.00E-05,1.5,10,1000,0,0,0,0,0
0.3,0,0.0003,1.00E-05,1.5,100,1000,0,0,0,0,0
0.3,0,0.0003,1.00E-05,1.5,1000,1000,0,0,0,0,0
0.3,0,0.0003,1.00E-05,2,10,1000,0,0,0,0,0
0.3,0,0.0003,1.00E-05,2,100,1000,0,0,0,0,0
0.3,0,0.0003,1.00E-05,2,1000,1000,0,0,0,0,0
0.3,0,0.0003,1.00E-05,2.5,10,1000,0,0,0,0,0
0.3,0,0.0003,1.00E-05,2.5,100,1000,0,0,0,0,0
0.3,0,0.0003,1.00E-05,2.5,1000,1000,0,0,0,0,0
0.3,0,0.0003,1.00E-05,3,10,1000,0,0,0,0,0
0.3,0,0.0003,1.00E-05,3,100,1000,0,0,0,0,0
0.3,0,0.0003,1.00E-05,3,1000,1000,0,0,0,0,0
0.3,0,0.0003,0.001,0.1,10,1000,0,0,0,0,0
0.3,0,0.0003,0.001,0.1,100,1000,0,0,0,0,0
0.3,0,0.0003,0.001,0.1,1000,1000,0,0,0,0,0
0.3,0,0.0003,0.001,0.5,10,1000,0,0,0,0,0
0.3,0,0.0003,0.001,0.5,100,1000,0,0,0,0,0
0.3,0,0.0003,0.001,0.5,1000,1000,0,0,0,0,0
0.3,0,0.0003,0.001,1.1,10,1000,0,0,0,0,0
0.3,0,0.0003,0.001,1.1,100,1000,0,0,0,0,0
0.3,0,0.0003,0.001,1.1,1000,1000,0,0,0,0,0
0.3,0,0.0003,0.001,1.5,10,1000,0,0,0,0,0
0.3,0,0.0003,0.001,1.5,100,1000,0,0,0,0,0
0.3,0,0.0003,0.001,1.5,1000,1000,0,0,0,0,0
0.3,0,0.0003,0.001,2,10,1000,0,0,0,0,0
0.3,0,0.0003,0.001,2,100,1000,0,0,0,0,0
0.3,0,0.0003,0.001,2,1000,1000,0,0,0,0,0
0.3,0,0.0003,0.001,2.5,10,1000,0,0,0,0,0
0.3,0,0.0003,0.001,2.5,100,1000,0,0,0,0,0
0.3,0,0.0003,0.001,2.5,1000,1000,0,0,0,0,0
0.3,0,0.0003,0.001,3,10,1000,0,0,0,0,0
0.3,0,0.0003,0.001,3,100,1000,0,0,0,0,0
0.3,0,0.0003,0.001,3,1000,1000,0,0,0,0,0
0.3,0,0.0003,0.1,0.1,10,592,408,0.231098305,0,0.001735914,0
0.3,0,0.0003,0.1,0.1,100,40,960,0.232139539,0,0.001916843,0
0.3,0,0.0003,0.1,0.1,1000,11,989,0.232278283,2.874073802,0.001699713,1.723947029
0.3,0,0.0003,0.1,0.5,10,393,607,0.264398944,917.9811216,0.001190688,0
0.3,0,0.0003,0.1,0.5,100,11,989,0.265507946,618.1528307,0.001132388,58287.06703
0.3,0,0.0003,0.1,0.5,1000,3,997,0.265245675,1.282966259,0.001106023,0.077254881
0.3,0,0.0003,0.1,1.1,10,309,691,0.295967501,531.3842001,0.00085569,58429.52032
0.3,0,0.0003,0.1,1.1,100,9,991,0.299745394,473.0365005,0.000906884,69694.50661
0.3,0,0.0003,0.1,1.1,1000,4,996,0.298305569,1.002062976,0.000931081,0.029904864
0.3,0,0.0003,0.1,1.5,10,259,741,0.313043763,405.5044319,0.000819306,50347.16504
0.3,0,0.0003,0.1,1.5,100,15,985,0.311696339,325.196139,0.000812036,50228.2965
0.3,0,0.0003,0.1,1.5,1000,1,999,0.312367237,0.963148129,0.000832193,0.030520735
0.3,0,0.0003,0.1,2,10,230,770,0.325632796,206.3892186,0.000735133,9401.370648
0.3,0,0.0003,0.1,2,100,11,989,0.325293585,140.9409376,0.000766523,8943.308775
0.3,0,0.0003,0.1,2,1000,3,997,0.326970619,0.946665191,0.00075772,0.02854502
0.3,0,0.0003,0.1,2.5,10,205,795,0.335579377,149.3562814,0.000678807,2716.0553
0.3,0,0.0003,0.1,2.5,100,16,984,0.337172126,94.28686535,0.000736182,2991.143795
0.3,0,0.0003,0.1,2.5,1000,3,997,0.336385524,0.935473552,0.000748289,0.026226961
0.3,0,0.0003,0.1,3,10,212,788,0.345360464,127.7546119,0.000713122,1650.687145
0.3,0,0.0003,0.1,3,100,12,988,0.344865971,67.50246751,0.000710803,1065.87648
0.3,0,0.0003,0.1,3,1000,3,997,0.344704333,0.940362143,0.000641371,0.026615833
0.3,0,0.0003,1,0.1,10,212,788,0.431422081,50.72505866,0.000828619,130.295599
0.3,0,0.0003,1,0.1,100,8,992,0.431870818,10.98669922,0.000873392,20.03757213
0.3,0,0.0003,1,0.1,1000,2,998,0.432019165,0.125277475,0.00097796,0.000282151
0.3,0,0.0003,1,0.5,10,111,889,0.446569981,46.82064997,0.000636964,112.703046
0.3,0,0.0003,1,0.5,100,4,996,0.447823363,9.414043879,0.000656495,15.53239683
0.3,0,0.0003,1,0.5,1000,2,998,0.4481754,0.083355327,0.000630058,0.000112518
0.3,0,0.0003,1,1.1,10,37,963,0.460399362,45.15836842,0.000459807,110.6428019
0.3,0,0.0003,1,1.1,100,0,1000,0.459858847,7.94353961,0.000482072,11.45643518
0.3,0,0.0003,1,1.1,1000,1,999,0.461384465,0.072911197,0.00049492,8.94E-05
0.3,0,0.0003,1,1.5,10,37,963,0.466233924,43.90317617,0.000415001,114.1891184
0.3,0,0.0003,1,1.5,100,2,998,0.466191986,7.673397157,0.000384605,9.87602119
0.3,0,0.0003,1,1.5,1000,0,1000,0.465055145,0.070487928,0.000375332,7.69E-05
0.3,0,0.0003,1,2,10,26,974,0.470148266,42.56473801,0.000347215,95.12066363
0.3,0,0.0003,1,2,100,3,997,0.47130713,7.139270941,0.000342102,8.283546346
0.3,0,0.0003,1,2,1000,1,999,0.472106837,0.069976517,0.00036333,8.35E-05
0.3,0,0.0003,1,2.5,10,25,975,0.475247175,42.21977923,0.000288891,96.21809765
0.3,0,0.0003,1,2.5,100,1,999,0.475330456,6.910196334,0.000279223,8.270442776
0.3,0,0.0003,1,2.5,1000,1,999,0.475104533,0.070347554,0.000300521,7.76E-05
0.3,0,0.0003,1,3,10,25,975,0.477527849,42.39138883,0.000245968,99.76006728
0.3,0,0.0003,1,3,100,1,999,0.47861959,6.846888899,0.000266687,7.171661724
0.3,0,0.0003,1,3,1000,0,1000,0.477323089,0.070218618,0.000260847,7.98E-05
0.3,0,0.001,1.00E-05,0.1,10,1000,0,0,0,0,0
0.3,0,0.001,1.00E-05,0.1,100,1000,0,0,0,0,0
0.3,0,0.001,1.00E-05,0.1,1000,1000,0,0,0,0,0
0.3,0,0.001,1.00E-05,0.5,10,1000,0,0,0,0,0
0.3,0,0.001,1.00E-05,0.5,100,1000,0,0,0,0,0
0.3,0,0.001,1.00E-05,0.5,1000,1000,0,0,0,0,0
0.3,0,0.001,1.00E-05,1.1,10,1000,0,0,0,0,0
0.3,0,0.001,1.00E-05,1.1,100,1000,0,0,0,0,0
0.3,0,0.001,1.00E-05,1.1,1000,1000,0,0,0,0,0
0.3,0,0.001,1.00E-05,1.5,10,1000,0,0,0,0,0
0.3,0,0.001,1.00E-05,1.5,100,1000,0,0,0,0,0
0.3,0,0.001,1.00E-05,1.5,1000,1000,0,0,0,0,0
0.3,0,0.001,1.00E-05,2,10,1000,0,0,0,0,0
0.3,0,0.001,1.00E-05,2,100,1000,0,0,0,0,0
0.3,0,0.001,1.00E-05,2,1000,1000,0,0,0,0,0
0.3,0,0.001,1.00E-05,2.5,10,1000,0,0,0,0,0
0.3,0,0.001,1.00E-05,2.5,100,1000,0,0,0,0,0
0.3,0,0.001,1.00E-05,2.5,1000,1000,0,0,0,0,0
0.3,0,0.001,1.00E-05,3,10,1000,0,0,0,0,0
0.3,0,0.001,1.00E-05,3,100,1000,0,0,0,0,0
0.3,0,0.001,1.00E-05,3,1000,1000,0,0,0,0,0
0.3,0,0.001,0.001,0.1,10,1000,0,0,0,0,0
0.3,0,0.001,0.001,0.1,100,1000,0,0,0,0,0
0.3,0,0.001,0.001,0.1,1000,1000,0,0,0,0,0
0.3,0,0.001,0.001,0.5,10,1000,0,0,0,0,0
0.3,0,0.001,0.001,0.5,100,1000,0,0,0,0,0
0.3,0,0.001,0.001,0.5,1000,1000,0,0,0,0,0
0.3,0,0.001,0.001,1.1,10,1000,0,0,0,0,0
0.3,0,0.001,0.001,1.1,100,1000,0,0,0,0,0
0.3,0,0.001,0.001,1.1,1000,1000,0,0,0,0,0
0.3,0,0.001,0.001,1.5,10,1000,0,0,0,0,0
0.3,0,0.001,0.001,1.5,100,1000,0,0,0,0,0
0.3,0,0.001,0.001,1.5,1000,1000,0,0,0,0,0
0.3,0,0.001,0.001,2,10,1000,0,0,0,0,0
0.3,0,0.001,0.001,2,100,1000,0,0,0,0,0
0.3,0,0.001,0.001,2,1000,1000,0,0,0,0,0
0.3,0,0.001,0.001,2.5,10,1000,0,0,0,0,0
0.3,0,0.001,0.001,2.5,100,1000,0,0,0,0,0
0.3,0,0.001,0.001,2.5,1000,1000,0,0,0,0,0
0.3,0,0.001,0.001,3,10,1000,0,0,0,0,0
0.3,0,0.001,0.001,3,100,1000,0,0,0,0,0
0.3,0,0.001,0.001,3,1000,1000,0,0,0,0,0
0.3,0,0.001,0.1,0.1,10,991,9,0.161131901,255.9127251,0.016396557,18218.62839
0.3,0,0.001,0.1,0.1,100,980,20,0.178736099,53.97218403,0.011471077,14699.57196
0.3,0,0.001,0.1,0.1,1000,976,24,0.210893298,0.563565666,0.006583238,0.055099466
0.3,0,0.001,0.1,0.5,10,822,178,0.251497441,376.5613129,0.009138824,57841.63423
0.3,0,0.001,0.1,0.5,100,616,384,0.254725362,127.1202942,0.007472505,50206.23384
0.3,0,0.001,0.1,0.5,1000,586,414,0.252157171,0.306087399,0.008464851,0.009698475
0.3,0,0.001,0.1,1.1,10,462,538,0.299277331,226.6804579,0.003859331,25324.79637
0.3,0,0.001,0.1,1.1,100,166,834,0.298681054,37.44402233,0.00449105,9369.505165
0.3,0,0.001,0.1,1.1,1000,155,845,0.295116287,0.261869811,0.004571032,0.005985015
0.3,0,0.001,0.1,1.5,10,357,643,0.309172491,159.1326258,0.003601369,9868.485045
0.3,0,0.001,0.1,1.5,100,86,914,0.310210569,14.33986986,0.003633911,1324.838799
0.3,0,0.001,0.1,1.5,1000,74,926,0.309538878,0.261594554,0.003429939,0.005961056
0.3,0,0.001,0.1,2,10,311,689,0.328153978,117.9583938,0.00291709,4166.94357
0.3,0,0.001,0.1,2,100,35,965,0.323541629,7.548001216,0.003034373,253.8528535
0.3,0,0.001,0.1,2,1000,54,946,0.323668279,0.265785635,0.003410669,0.006166558
0.3,0,0.001,0.1,2.5,10,269,731,0.336961733,94.78934149,0.002730943,2267.670118
0.3,0,0.001,0.1,2.5,100,35,965,0.337177791,5.723313728,0.002582379,69.08252953
0.3,0,0.001,0.1,2.5,1000,26,974,0.336036059,0.262881465,0.002927685,0.005540977
0.3,0,0.001,0.1,3,10,258,742,0.339250793,85.02438759,0.002735266,1852.671045
0.3,0,0.001,0.1,3,100,30,970,0.340605636,5.820469883,0.002772814,71.93387482
0.3,0,0.001,0.1,3,1000,19,981,0.342985703,0.263039898,0.002852117,0.006177629
0.3,0,0.001,1,0.1,10,233,767,0.430946305,29.8133816,0.003034506,141.3601929
0.3,0,0.001,1,0.1,100,7,993,0.434845084,0.503552806,0.003110664,0.020970633
0.3,0,0.001,1,0.1,1000,0,1000,0.432928394,0.033678209,0.002803892,5.91E-05
0.3,0,0.001,1,0.5,10,115,885,0.444078732,28.6986202,0.002394431,179.2887889
0.3,0,0.001,1,0.5,100,2,998,0.446944159,0.336559299,0.002173283,0.007975378
0.3,0,0.001,1,0.5,1000,1,999,0.448312995,0.022740611,0.002320252,2.70E-05
0.3,0,0.001,1,1.1,10,61,939,0.460086773,26.65772088,0.001664015,134.277565
0.3,0,0.001,1,1.1,100,2,998,0.460935196,0.268968199,0.001850074,0.004505786
0.3,0,0.001,1,1.1,1000,4,996,0.461739189,0.021042037,0.001688006,2.29E-05
0.3,0,0.001,1,1.5,10,37,963,0.466818868,26.68489843,0.001310878,130.7038666
0.3,0,0.001,1,1.5,100,3,997,0.467339912,0.253897542,0.001411498,0.003744996
0.3,0,0.001,1,1.5,1000,0,1000,0.466648513,0.020958541,0.001406867,2.26E-05
0.3,0,0.001,1,2,10,40,960,0.471067327,25.72797775,0.001220291,131.1708085
0.3,0,0.001,1,2,100,3,997,0.471792906,0.241671936,0.001202427,0.003331194
0.3,0,0.001,1,2,1000,0,1000,0.472211162,0.020700765,0.001212271,2.20E-05
0.3,0,0.001,1,2.5,10,27,973,0.475605381,26.03239776,0.001059295,140.2786312
0.3,0,0.001,1,2.5,100,3,997,0.476531042,0.236996942,0.001036573,0.003150305
0.3,0,0.001,1,2.5,1000,0,1000,0.47453899,0.02082844,0.000999027,2.40E-05
0.3,0,0.001,1,3,10,31,969,0.480128072,26.02524103,0.000946439,131.5001855
0.3,0,0.001,1,3,100,1,999,0.477125186,0.234297376,0.000926437,0.003215071
0.3,0,0.001,1,3,1000,1,999,0.477932992,0.020603726,0.000882539,2.12E-05
0.3,0,0.003,1.00E-05,0.1,10,1000,0,0,0,0,0
0.3,0,0.003,1.00E-05,0.1,100,1000,0,0,0,0,0
0.3,0,0.003,1.00E-05,0.1,1000,1000,0,0,0,0,0
0.3,0,0.003,1.00E-05,0.5,10,1000,0,0,0,0,0
0.3,0,0.003,1.00E-05,0.5,100,1000,0,0,0,0,0
0.3,0,0.003,1.00E-05,0.5,1000,1000,0,0,0,0,0
0.3,0,0.003,1.00E-05,1.1,10,1000,0,0,0,0,0
0.3,0,0.003,1.00E-05,1.1,100,1000,0,0,0,0,0
0.3,0,0.003,1.00E-05,1.1,1000,1000,0,0,0,0,0
0.3,0,0.003,1.00E-05,1.5,10,1000,0,0,0,0,0
0.3,0,0.003,1.00E-05,1.5,100,1000,0,0,0,0,0
0.3,0,0.003,1.00E-05,1.5,1000,1000,0,0,0,0,0
0.3,0,0.003,1.00E-05,2,10,1000,0,0,0,0,0
0.3,0,0.003,1.00E-05,2,100,1000,0,0,0,0,0
0.3,0,0.003,1.00E-05,2,1000,1000,0,0,0,0,0
0.3,0,0.003,1.00E-05,2.5,10,1000,0,0,0,0,0
0.3,0,0.003,1.00E-05,2.5,100,1000,0,0,0,0,0
0.3,0,0.003,1.00E-05,2.5,1000,1000,0,0,0,0,0
0.3,0,0.003,1.00E-05,3,10,1000,0,0,0,0,0
0.3,0,0.003,1.00E-05,3,100,1000,0,0,0,0,0
0.3,0,0.003,1.00E-05,3,1000,1000,0,0,0,0,0
0.3,0,0.003,0.001,0.1,10,1000,0,0,0,0,0
0.3,0,0.003,0.001,0.1,100,1000,0,0,0,0,0
0.3,0,0.003,0.001,0.1,1000,1000,0,0,0,0,0
0.3,0,0.003,0.001,0.5,10,1000,0,0,0,0,0
0.3,0,0.003,0.001,0.5,100,1000,0,0,0,0,0
0.3,0,0.003,0.001,0.5,1000,1000,0,0,0,0,0
0.3,0,0.003,0.001,1.1,10,1000,0,0,0,0,0
0.3,0,0.003,0.001,1.1,100,1000,0,0,0,0,0
0.3,0,0.003,0.001,1.1,1000,1000,0,0,0,0,0
0.3,0,0.003,0.001,1.5,10,1000,0,0,0,0,0
0.3,0,0.003,0.001,1.5,100,1000,0,0,0,0,0
0.3,0,0.003,0.001,1.5,1000,1000,0,0,0,0,0
0.3,0,0.003,0.001,2,10,1000,0,0,0,0,0
0.3,0,0.003,0.001,2,100,1000,0,0,0,0,0
0.3,0,0.003,0.001,2,1000,1000,0,0,0,0,0
0.3,0,0.003,0.001,2.5,10,1000,0,0,0,0,0
0.3,0,0.003,0.001,2.5,100,1000,0,0,0,0,0
0.3,0,0.003,0.001,2.5,1000,1000,0,0,0,0,0
0.3,0,0.003,0.001,3,10,1000,0,0,0,0,0
0.3,0,0.003,0.001,3,100,1000,0,0,0,0,0
0.3,0,0.003,0.001,3,1000,1000,0,0,0,0,0
0.3,0,0.003,0.1,0.1,10,1000,0,0,29.73806504,0,549.1098793
0.3,0,0.003,0.1,0.1,100,1000,0,0,2.551998029,0,15.59600537
0.3,0,0.003,0.1,0.1,1000,1000,0,0,0.149417147,0,0.011216381
0.3,0,0.003,0.1,0.5,10,1000,0,0,31.0210762,0,620.534396
0.3,0,0.003,0.1,0.5,100,1000,0,0,1.205952631,0,1.02030261
0.3,0,0.003,0.1,0.5,1000,1000,0,0,0.084279303,0,0.002030032
0.3,0,0.003,0.1,1.1,10,1000,0,0,29.98423256,0,532.5464844
0.3,0,0.003,0.1,1.1,100,1000,0,0,0.918893329,0,0.329362212
0.3,0,0.003,0.1,1.1,1000,1000,0,0,0.075758935,0,0.001486177
0.3,0,0.003,0.1,1.5,10,999,1,0.3,25.9868043,0,439.2835371
0.3,0,0.003,0.1,1.5,100,999,1,0.25,0.875845241,0,0.27021945
0.3,0,0.003,0.1,1.5,1000,1000,0,0,0.077385641,0,0.001719178
0.3,0,0.003,0.1,2,10,999,1,0.272727273,25.37084567,0,454.9421561
0.3,0,0.003,0.1,2,100,996,4,0.210591133,0.863727215,0.044375925,0.248168319
0.3,0,0.003,0.1,2,1000,999,1,0.333333333,0.076393302,0,0.001438863
0.3,0,0.003,0.1,2.5,10,995,5,0.201025641,24.05691749,0.011396713,395.7572026
0.3,0,0.003,0.1,2.5,100,996,4,0.18543956,0.841760818,0.034482173,0.263546822
0.3,0,0.003,0.1,2.5,1000,996,4,0.238636364,0.075019942,0.057205579,0.001478986
0.3,0,0.003,0.1,3,10,991,9,0.266291798,24.42711618,0.024802616,426.9105066
0.3,0,0.003,0.1,3,100,991,9,0.312745174,0.90178032,0.026383639,0.303006487
0.3,0,0.003,0.1,3,1000,990,10,0.258655234,0.075763816,0.017040579,0.001904529
0.3,0,0.003,1,0.1,10,880,120,0.3973837,4.571898736,0.019698054,19.01459998
0.3,0,0.003,1,0.1,100,849,151,0.413856733,0.116710345,0.023048467,0.002872835
0.3,0,0.003,1,0.1,1000,799,201,0.417519073,0.009523003,0.020159432,1.78E-05
0.3,0,0.003,1,0.5,10,663,337,0.431771735,4.712470698,0.014459377,24.46381019
0.3,0,0.003,1,0.5,100,564,436,0.440405018,0.076573069,0.012351033,0.000967715
0.3,0,0.003,1,0.5,1000,549,451,0.441701826,0.006458314,0.013715098,6.84E-06
0.3,0,0.003,1,1.1,10,432,568,0.451892745,4.36824805,0.008863174,23.12202508
0.3,0,0.003,1,1.1,100,331,669,0.455310402,0.067218193,0.00897591,0.000838212
0.3,0,0.003,1,1.1,1000,316,684,0.461318462,0.006218213,0.01011578,6.48E-06
0.3,0,0.003,1,1.5,10,342,658,0.458464631,4.363710699,0.008712134,32.14413482
0.3,0,0.003,1,1.5,100,253,747,0.46548004,0.064207071,0.006996407,0.000669138
0.3,0,0.003,1,1.5,1000,277,723,0.462047978,0.0060067,0.007387643,6.01E-06
0.3,0,0.003,1,2,10,298,702,0.465905524,4.122948302,0.005732449,24.50693862
0.3,0,0.003,1,2,100,225,775,0.470480904,0.063906892,0.00567898,0.000712604
0.3,0,0.003,1,2,1000,219,781,0.464570272,0.005893259,0.006155524,6.54E-06
0.3,0,0.003,1,2.5,10,255,745,0.474150495,4.31725212,0.005019891,28.41414775
0.3,0,0.003,1,2.5,100,191,809,0.472605786,0.06334473,0.005257494,0.000713566
0.3,0,0.003,1,2.5,1000,194,806,0.472965788,0.006171669,0.005233673,6.89E-06
0.3,0,0.003,1,3,10,250,750,0.472395102,4.001553708,0.005180336,22.23107466
0.3,0,0.003,1,3,100,192,808,0.475075577,0.06403689,0.00503579,0.000773596
0.3,0,0.003,1,3,1000,175,825,0.476707119,0.006039882,0.004400555,6.70E-06
0.3,1.00E-05,0.0001,1.00E-05,0.1,10,1000,0,0,0,0,0
0.3,1.00E-05,0.0001,1.00E-05,0.1,100,1000,0,0,0,0,0
0.3,1.00E-05,0.0001,1.00E-05,0.1,1000,1000,0,0,0,0,0
0.3,1.00E-05,0.0001,1.00E-05,0.5,10,1000,0,0,0,0,0
0.3,1.00E-05,0.0001,1.00E-05,0.5,100,1000,0,0,0,0,0
0.3,1.00E-05,0.0001,1.00E-05,0.5,1000,1000,0,0,0,0,0
0.3,1.00E-05,0.0001,1.00E-05,1.1,10,1000,0,0,0,0,0
0.3,1.00E-05,0.0001,1.00E-05,1.1,100,1000,0,0,0,0,0
0.3,1.00E-05,0.0001,1.00E-05,1.1,1000,1000,0,0,0,0,0
0.3,1.00E-05,0.0001,1.00E-05,1.5,10,1000,0,0,0,0,0
0.3,1.00E-05,0.0001,1.00E-05,1.5,100,1000,0,0,0,0,0
0.3,1.00E-05,0.0001,1.00E-05,1.5,1000,1000,0,0,0,0,0
0.3,1.00E-05,0.0001,1.00E-05,2,10,1000,0,0,0,0,0
0.3,1.00E-05,0.0001,1.00E-05,2,100,1000,0,0,0,0,0
0.3,1.00E-05,0.0001,1.00E-05,2,1000,1000,0,0,0,0,0
0.3,1.00E-05,0.0001,1.00E-05,2.5,10,1000,0,0,0,0,0
0.3,1.00E-05,0.0001,1.00E-05,2.5,100,1000,0,0,0,0,0
0.3,1.00E-05,0.0001,1.00E-05,2.5,1000,1000,0,0,0,0,0
0.3,1.00E-05,0.0001,1.00E-05,3,10,1000,0,0,0,0,0
0.3,1.00E-05,0.0001,1.00E-05,3,100,1000,0,0,0,0,0
0.3,1.00E-05,0.0001,1.00E-05,3,1000,1000,0,0,0,0,0
0.3,1.00E-05,0.0001,0.001,0.1,10,1000,0,0,0,0,0
0.3,1.00E-05,0.0001,0.001,0.1,100,1000,0,0,0,0,0
0.3,1.00E-05,0.0001,0.001,0.1,1000,1000,0,0,0,0,0
0.3,1.00E-05,0.0001,0.001,0.5,10,1000,0,0,0,0,0
0.3,1.00E-05,0.0001,0.001,0.5,100,1000,0,0,0,0,0
0.3,1.00E-05,0.0001,0.001,0.5,1000,1000,0,0,0,0,0
0.3,1.00E-05,0.0001,0.001,1.1,10,1000,0,0,0,0,0
0.3,1.00E-05,0.0001,0.001,1.1,100,1000,0,0,0,0,0
0.3,1.00E-05,0.0001,0.001,1.1,1000,1000,0,0,0,0,0
0.3,1.00E-05,0.0001,0.001,1.5,10,1000,0,0,0,0,0
0.3,1.00E-05,0.0001,0.001,1.5,100,1000,0,0,0,0,0
0.3,1.00E-05,0.0001,0.001,1.5,1000,1000,0,0,0,0,0
0.3,1.00E-05,0.0001,0.001,2,10,1000,0,0,0,0,0
0.3,1.00E-05,0.0001,0.001,2,100,1000,0,0,0,0,0
0.3,1.00E-05,0.0001,0.001,2,1000,1000,0,0,0,0,0
0.3,1.00E-05,0.0001,0.001,2.5,10,1000,0,0,0,0,0
0.3,1.00E-05,0.0001,0.001,2.5,100,1000,0,0,0,0,0
0.3,1.00E-05,0.0001,0.001,2.5,1000,1000,0,0,0,0,0
0.3,1.00E-05,0.0001,0.001,3,10,1000,0,0,0,0,0
0.3,1.00E-05,0.0001,0.001,3,100,1000,0,0,0,0,0
0.3,1.00E-05,0.0001,0.001,3,1000,1000,0,0,0,0,0
0.3,1.00E-05,0.0001,0.1,0.1,10,574,426,0.234286965,0,0.000552252,0
0.3,1.00E-05,0.0001,0.1,0.1,100,31,969,0.233352887,0,0.000554334,0
0.3,1.00E-05,0.0001,0.1,0.1,1000,3,997,0.232083427,0,0.00054313,0
0.3,1.00E-05,0.0001,0.1,0.5,10,386,614,0.267130906,0,0.000377133,0
0.3,1.00E-05,0.0001,0.1,0.5,100,12,988,0.265051059,0,0.000389295,0
0.3,1.00E-05,0.0001,0.1,0.5,1000,1,999,0.264912354,0,0.000397753,0
0.3,1.00E-05,0.0001,0.1,1.1,10,268,732,0.297193828,0,0.000295518,0
0.3,1.00E-05,0.0001,0.1,1.1,100,16,984,0.297361253,0,0.000287516,0
0.3,1.00E-05,0.0001,0.1,1.1,1000,1,999,0.298457794,6.973120046,0.000320366,5.720324688
0.3,1.00E-05,0.0001,0.1,1.5,10,223,777,0.312339712,618.2571555,0.000260011,74511.41562
0.3,1.00E-05,0.0001,0.1,1.5,100,6,994,0.310561777,608.0029283,0.000258222,58618.96576
0.3,1.00E-05,0.0001,0.1,1.5,1000,3,997,0.312201978,9.051451953,0.00027565,2026.87422
0.3,1.00E-05,0.0001,0.1,2,10,205,795,0.326295177,521.2808101,0.000254985,58059.69273
0.3,1.00E-05,0.0001,0.1,2,100,7,993,0.326651955,495.2045158,0.000243545,64850.61418
0.3,1.00E-05,0.0001,0.1,2,1000,0,1000,0.324936912,12.6795365,0.000245463,4179.676653
0.3,1.00E-05,0.0001,0.1,2.5,10,194,806,0.33570979,287.9532119,0.000257174,20317.0221
0.3,1.00E-05,0.0001,0.1,2.5,100,9,991,0.336401014,242.3512314,0.000252644,19927.09371
0.3,1.00E-05,0.0001,0.1,2.5,1000,3,997,0.337346629,5.726863067,0.00024359,174.6350092
0.3,1.00E-05,0.0001,0.1,3,10,188,812,0.344268803,185.787809,0.000203156,3083.87537
0.3,1.00E-05,0.0001,0.1,3,100,14,986,0.344986236,134.009674,0.000240018,3021.161782
0.3,1.00E-05,0.0001,0.1,3,1000,1,999,0.345479726,4.682735306,0.000245237,54.1400327
0.3,1.00E-05,0.0001,1,0.1,10,203,797,0.43240511,68.45767032,0.000303712,116.1329446
0.3,1.00E-05,0.0001,1,0.1,100,4,996,0.432218523,33.09570945,0.000299258,20.03986987
0.3,1.00E-05,0.0001,1,0.1,1000,0,1000,0.43204669,0.491505736,0.000304221,0.002198105
0.3,1.00E-05,0.0001,1,0.5,10,102,898,0.448085867,63.67950607,0.000219411,89.35961596
0.3,1.00E-05,0.0001,1,0.5,100,2,998,0.447995017,29.64809083,0.000215805,16.35731434
0.3,1.00E-05,0.0001,1,0.5,1000,0,1000,0.447611968,0.33546477,0.000209629,0.000759643
0.3,1.00E-05,0.0001,1,1.1,10,37,963,0.460520143,60.35520057,0.000157171,98.50988251
0.3,1.00E-05,0.0001,1,1.1,100,2,998,0.461303554,27.14982121,0.000160731,12.56259893
0.3,1.00E-05,0.0001,1,1.1,1000,0,1000,0.460446424,0.264040382,0.000160601,0.000436626
0.3,1.00E-05,0.0001,1,1.5,10,22,978,0.466242387,58.60734282,0.000136725,91.98785314
0.3,1.00E-05,0.0001,1,1.5,100,0,1000,0.466375241,26.36688664,0.000136909,12.10056164
0.3,1.00E-05,0.0001,1,1.5,1000,0,1000,0.467315523,0.246928429,0.000143334,0.000350944
0.3,1.00E-05,0.0001,1,2,10,32,968,0.472095366,57.41004235,0.000105411,90.48095585
0.3,1.00E-05,0.0001,1,2,100,0,1000,0.471302123,25.54005863,0.000115636,10.96542755
0.3,1.00E-05,0.0001,1,2,1000,0,1000,0.471776236,0.239191824,0.000116859,0.000344523
0.3,1.00E-05,0.0001,1,2.5,10,28,972,0.475233595,56.52420652,9.67E-05,88.05449165
0.3,1.00E-05,0.0001,1,2.5,100,0,1000,0.475272626,25.04322932,0.000101148,10.64135949
0.3,1.00E-05,0.0001,1,2.5,1000,0,1000,0.475243064,0.234980601,9.01E-05,0.000276892
0.3,1.00E-05,0.0001,1,3,10,23,977,0.478008858,55.99708626,9.40E-05,79.60363558
0.3,1.00E-05,0.0001,1,3,100,2,998,0.477629725,24.6595177,8.68E-05,10.52049298
0.3,1.00E-05,0.0001,1,3,1000,0,1000,0.477997214,0.233990972,8.04E-05,0.000311866
0.3,1.00E-05,0.0003,1.00E-05,0.1,10,1000,0,0,0,0,0
0.3,1.00E-05,0.0003,1.00E-05,0.1,100,1000,0,0,0,0,0
0.3,1.00E-05,0.0003,1.00E-05,0.1,1000,1000,0,0,0,0,0
0.3,1.00E-05,0.0003,1.00E-05,0.5,10,1000,0,0,0,0,0
0.3,1.00E-05,0.0003,1.00E-05,0.5,100,1000,0,0,0,0,0
0.3,1.00E-05,0.0003,1.00E-05,0.5,1000,1000,0,0,0,0,0
0.3,1.00E-05,0.0003,1.00E-05,1.1,10,1000,0,0,0,0,0
0.3,1.00E-05,0.0003,1.00E-05,1.1,100,1000,0,0,0,0,0
0.3,1.00E-05,0.0003,1.00E-05,1.1,1000,1000,0,0,0,0,0
0.3,1.00E-05,0.0003,1.00E-05,1.5,10,1000,0,0,0,0,0
0.3,1.00E-05,0.0003,1.00E-05,1.5,100,1000,0,0,0,0,0
0.3,1.00E-05,0.0003,1.00E-05,1.5,1000,1000,0,0,0,0,0
0.3,1.00E-05,0.0003,1.00E-05,2,10,1000,0,0,0,0,0
0.3,1.00E-05,0.0003,1.00E-05,2,100,1000,0,0,0,0,0
0.3,1.00E-05,0.0003,1.00E-05,2,1000,1000,0,0,0,0,0
0.3,1.00E-05,0.0003,1.00E-05,2.5,10,1000,0,0,0,0,0
0.3,1.00E-05,0.0003,1.00E-05,2.5,100,1000,0,0,0,0,0
0.3,1.00E-05,0.0003,1.00E-05,2.5,1000,1000,0,0,0,0,0
0.3,1.00E-05,0.0003,1.00E-05,3,10,1000,0,0,0,0,0
0.3,1.00E-05,0.0003,1.00E-05,3,100,1000,0,0,0,0,0
0.3,1.00E-05,0.0003,1.00E-05,3,1000,1000,0,0,0,0,0
0.3,1.00E-05,0.0003,0.001,0.1,10,1000,0,0,0,0,0
0.3,1.00E-05,0.0003,0.001,0.1,100,1000,0,0,0,0,0
0.3,1.00E-05,0.0003,0.001,0.1,1000,1000,0,0,0,0,0
0.3,1.00E-05,0.0003,0.001,0.5,10,1000,0,0,0,0,0
0.3,1.00E-05,0.0003,0.001,0.5,100,1000,0,0,0,0,0
0.3,1.00E-05,0.0003,0.001,0.5,1000,1000,0,0,0,0,0
0.3,1.00E-05,0.0003,0.001,1.1,10,1000,0,0,0,0,0
0.3,1.00E-05,0.0003,0.001,1.1,100,1000,0,0,0,0,0
0.3,1.00E-05,0.0003,0.001,1.1,1000,1000,0,0,0,0,0
0.3,1.00E-05,0.0003,0.001,1.5,10,1000,0,0,0,0,0
0.3,1.00E-05,0.0003,0.001,1.5,100,1000,0,0,0,0,0
0.3,1.00E-05,0.0003,0.001,1.5,1000,1000,0,0,0,0,0
0.3,1.00E-05,0.0003,0.001,2,10,1000,0,0,0,0,0
0.3,1.00E-05,0.0003,0.001,2,100,1000,0,0,0,0,0
0.3,1.00E-05,0.0003,0.001,2,1000,1000,0,0,0,0,0
0.3,1.00E-05,0.0003,0.001,2.5,10,1000,0,0,0,0,0
0.3,1.00E-05,0.0003,0.001,2.5,100,1000,0,0,0,0,0
0.3,1.00E-05,0.0003,0.001,2.5,1000,1000,0,0,0,0,0
0.3,1.00E-05,0.0003,0.001,3,10,1000,0,0,0,0,0
0.3,1.00E-05,0.0003,0.001,3,100,1000,0,0,0,0,0
0.3,1.00E-05,0.0003,0.001,3,1000,1000,0,0,0,0,0
0.3,1.00E-05,0.0003,0.1,0.1,10,595,405,0.230431436,0,0.001710513,0
0.3,1.00E-05,0.0003,0.1,0.1,100,44,956,0.23476642,0,0.001732782,0
0.3,1.00E-05,0.0003,0.1,0.1,1000,11,989,0.232903206,2.921964362,0.001661201,1.886820017
0.3,1.00E-05,0.0003,0.1,0.5,10,449,551,0.263699989,558.5370379,0.001155403,59867.11373
0.3,1.00E-05,0.0003,0.1,0.5,100,15,985,0.266954161,282.3994481,0.001335787,14311.45257
0.3,1.00E-05,0.0003,0.1,0.5,1000,6,994,0.266982463,1.282601875,0.001310334,0.071294359
0.3,1.00E-05,0.0003,0.1,1.1,10,290,710,0.297364747,557.5350815,0.00083951,62961.22825
0.3,1.00E-05,0.0003,0.1,1.1,100,11,989,0.297657639,498.0275503,0.000955395,76135.64939
0.3,1.00E-05,0.0003,0.1,1.1,1000,3,997,0.297458824,0.991635373,0.000977139,0.031634191
0.3,1.00E-05,0.0003,0.1,1.5,10,243,757,0.313602738,388.1716184,0.000832929,44497.95234
0.3,1.00E-05,0.0003,0.1,1.5,100,17,983,0.314216398,324.4694318,0.00081974,54064.51695
0.3,1.00E-05,0.0003,0.1,1.5,1000,3,997,0.310859971,0.951786719,0.000811544,0.027478293
0.3,1.00E-05,0.0003,0.1,2,10,240,760,0.325467255,211.4879366,0.000772173,10783.88504
0.3,1.00E-05,0.0003,0.1,2,100,16,984,0.325704347,152.0792088,0.000783008,10296.02488
0.3,1.00E-05,0.0003,0.1,2,1000,7,993,0.326394496,0.986205959,0.000757191,2.172866427
0.3,1.00E-05,0.0003,0.1,2.5,10,230,770,0.334781932,148.5023176,0.000756009,2637.741908
0.3,1.00E-05,0.0003,0.1,2.5,100,13,987,0.336709328,89.78247618,0.000712115,2562.37873
0.3,1.00E-05,0.0003,0.1,2.5,1000,3,997,0.335834914,0.937287875,0.000759171,0.028920626
0.3,1.00E-05,0.0003,0.1,3,10,214,786,0.344000483,126.3499349,0.000647324,1592.484546
0.3,1.00E-05,0.0003,0.1,3,100,16,984,0.345519637,70.61522259,0.000766705,1434.423947
0.3,1.00E-05,0.0003,0.1,3,1000,5,995,0.344592804,0.944155754,0.000692688,0.024961207
0.3,1.00E-05,0.0003,1,0.1,10,196,804,0.431923593,50.24194251,0.000933298,131.7968618
0.3,1.00E-05,0.0003,1,0.1,100,5,995,0.432549248,11.2354257,0.000909587,21.43901746
0.3,1.00E-05,0.0003,1,0.1,1000,0,1000,0.43285143,0.125490318,0.000902058,0.000255632
0.3,1.00E-05,0.0003,1,0.5,10,120,880,0.447449189,47.8615812,0.000560525,117.6610772
0.3,1.00E-05,0.0003,1,0.5,100,1,999,0.446161541,9.266669933,0.000699861,14.78573217
0.3,1.00E-05,0.0003,1,0.5,1000,0,1000,0.447466558,0.084250741,0.00062129,0.000123919
0.3,1.00E-05,0.0003,1,1.1,10,34,966,0.460430321,44.75009771,0.000467481,105.9331324
0.3,1.00E-05,0.0003,1,1.1,100,2,998,0.459837482,8.050743427,0.000473046,11.15464144
0.3,1.00E-05,0.0003,1,1.1,1000,0,1000,0.460840004,0.072204505,0.000460882,8.79E-05
0.3,1.00E-05,0.0003,1,1.5,10,32,968,0.467806392,44.01933898,0.000419566,101.1543492
0.3,1.00E-05,0.0003,1,1.5,100,0,1000,0.465283097,7.563616612,0.000424667,9.869835251
0.3,1.00E-05,0.0003,1,1.5,1000,0,1000,0.465474412,0.070779075,0.000429887,9.02E-05
0.3,1.00E-05,0.0003,1,2,10,25,975,0.471089913,42.52872362,0.00034472,102.1140147
0.3,1.00E-05,0.0003,1,2,100,1,999,0.472692935,7.081666987,0.000362169,8.056617689
0.3,1.00E-05,0.0003,1,2,1000,0,1000,0.471424663,0.070108617,0.000339995,7.52E-05
0.3,1.00E-05,0.0003,1,2.5,10,15,985,0.475003481,42.61142973,0.000301123,99.2811669
0.3,1.00E-05,0.0003,1,2.5,100,2,998,0.474706742,6.829810279,0.000306889,7.527438845
0.3,1.00E-05,0.0003,1,2.5,1000,0,1000,0.474797846,0.070012608,0.00028168,7.49E-05
0.3,1.00E-05,0.0003,1,3,10,29,971,0.478218345,41.6153694,0.000246057,93.79883318
0.3,1.00E-05,0.0003,1,3,100,0,1000,0.478795561,6.634941102,0.000267511,7.101243569
0.3,1.00E-05,0.0003,1,3,1000,0,1000,0.478177965,0.070207824,0.000250638,7.75E-05
0.3,1.00E-05,0.001,1.00E-05,0.1,10,1000,0,0,0,0,0
0.3,1.00E-05,0.001,1.00E-05,0.1,100,1000,0,0,0,0,0
0.3,1.00E-05,0.001,1.00E-05,0.1,1000,1000,0,0,0,0,0
0.3,1.00E-05,0.001,1.00E-05,0.5,10,1000,0,0,0,0,0
0.3,1.00E-05,0.001,1.00E-05,0.5,100,1000,0,0,0,0,0
0.3,1.00E-05,0.001,1.00E-05,0.5,1000,1000,0,0,0,0,0
0.3,1.00E-05,0.001,1.00E-05,1.1,10,1000,0,0,0,0,0
0.3,1.00E-05,0.001,1.00E-05,1.1,100,1000,0,0,0,0,0
0.3,1.00E-05,0.001,1.00E-05,1.1,1000,1000,0,0,0,0,0
0.3,1.00E-05,0.001,1.00E-05,1.5,10,1000,0,0,0,0,0
0.3,1.00E-05,0.001,1.00E-05,1.5,100,1000,0,0,0,0,0
0.3,1.00E-05,0.001,1.00E-05,1.5,1000,1000,0,0,0,0,0
0.3,1.00E-05,0.001,1.00E-05,2,10,1000,0,0,0,0,0
0.3,1.00E-05,0.001,1.00E-05,2,100,1000,0,0,0,0,0
0.3,1.00E-05,0.001,1.00E-05,2,1000,1000,0,0,0,0,0
0.3,1.00E-05,0.001,1.00E-05,2.5,10,1000,0,0,0,0,0
0.3,1.00E-05,0.001,1.00E-05,2.5,100,1000,0,0,0,0,0
0.3,1.00E-05,0.001,1.00E-05,2.5,1000,1000,0,0,0,0,0
0.3,1.00E-05,0.001,1.00E-05,3,10,1000,0,0,0,0,0
0.3,1.00E-05,0.001,1.00E-05,3,100,1000,0,0,0,0,0
0.3,1.00E-05,0.001,1.00E-05,3,1000,1000,0,0,0,0,0
0.3,1.00E-05,0.001,0.001,0.1,10,1000,0,0,0,0,0
0.3,1.00E-05,0.001,0.001,0.1,100,1000,0,0,0,0,0
0.3,1.00E-05,0.001,0.001,0.1,1000,1000,0,0,0,0,0
0.3,1.00E-05,0.001,0.001,0.5,10,1000,0,0,0,0,0
0.3,1.00E-05,0.001,0.001,0.5,100,1000,0,0,0,0,0
0.3,1.00E-05,0.001,0.001,0.5,1000,1000,0,0,0,0,0
0.3,1.00E-05,0.001,0.001,1.1,10,1000,0,0,0,0,0
0.3,1.00E-05,0.001,0.001,1.1,100,1000,0,0,0,0,0
0.3,1.00E-05,0.001,0.001,1.1,1000,1000,0,0,0,0,0
0.3,1.00E-05,0.001,0.001,1.5,10,1000,0,0,0,0,0
0.3,1.00E-05,0.001,0.001,1.5,100,1000,0,0,0,0,0
0.3,1.00E-05,0.001,0.001,1.5,1000,1000,0,0,0,0,0
0.3,1.00E-05,0.001,0.001,2,10,1000,0,0,0,0,0
0.3,1.00E-05,0.001,0.001,2,100,1000,0,0,0,0,0
0.3,1.00E-05,0.001,0.001,2,1000,1000,0,0,0,0,0
0.3,1.00E-05,0.001,0.001,2.5,10,1000,0,0,0,0,0
0.3,1.00E-05,0.001,0.001,2.5,100,1000,0,0,0,0,0
0.3,1.00E-05,0.001,0.001,2.5,1000,1000,0,0,0,0,0
0.3,1.00E-05,0.001,0.001,3,10,1000,0,0,0,0,0
0.3,1.00E-05,0.001,0.001,3,100,1000,0,0,0,0,0
0.3,1.00E-05,0.001,0.001,3,1000,1000,0,0,0,0,0
0.3,1.00E-05,0.001,0.1,0.1,10,992,8,0.18307188,196.9070257,0.007648311,17982.801
0.3,1.00E-05,0.001,0.1,0.1,100,977,23,0.244999346,48.09565584,0.00713675,14507.35775
0.3,1.00E-05,0.001,0.1,0.1,1000,972,28,0.174050654,0.558753522,0.016604349,0.053730803
0.3,1.00E-05,0.001,0.1,0.5,10,809,191,0.257355795,388.0498365,0.007135316,58526.51938
0.3,1.00E-05,0.001,0.1,0.5,100,589,411,0.250143277,146.6073624,0.007663842,57977.94853
0.3,1.00E-05,0.001,0.1,0.5,1000,591,409,0.246909636,0.30898101,0.00891293,0.010865894
0.3,1.00E-05,0.001,0.1,1.1,10,479,521,0.289601836,220.973041,0.00423212,21604.25825
0.3,1.00E-05,0.001,0.1,1.1,100,169,831,0.299405709,34.43692371,0.004739574,7034.513272
0.3,1.00E-05,0.001,0.1,1.1,1000,159,841,0.292533293,0.264264187,0.004597994,0.00605705
0.3,1.00E-05,0.001,0.1,1.5,10,370,630,0.312189415,148.3162009,0.003247825,8550.403383
0.3,1.00E-05,0.001,0.1,1.5,100,81,919,0.312667365,14.09996611,0.004088808,1559.656118
0.3,1.00E-05,0.001,0.1,1.5,1000,86,914,0.313121165,0.263161782,0.003378401,0.006085309
0.3,1.00E-05,0.001,0.1,2,10,325,675,0.323168766,111.3471665,0.003045704,3788.12637
0.3,1.00E-05,0.001,0.1,2,100,49,951,0.325257906,8.606662402,0.003146557,433.0200934
0.3,1.00E-05,0.001,0.1,2,1000,40,960,0.32648996,0.264425421,0.003352621,0.00613626
0.3,1.00E-05,0.001,0.1,2.5,10,271,729,0.337386809,99.69764149,0.003210681,3195.714671
0.3,1.00E-05,0.001,0.1,2.5,100,40,960,0.333801038,6.094492238,0.002933729,97.68312125
0.3,1.00E-05,0.001,0.1,2.5,1000,30,970,0.334022568,0.264958168,0.002908681,0.005851281
0.3,1.00E-05,0.001,0.1,3,10,261,739,0.342333189,85.42101417,0.002760878,1980.719208
0.3,1.00E-05,0.001,0.1,3,100,23,977,0.343168796,5.434567222,0.003060693,85.59677048
0.3,1.00E-05,0.001,0.1,3,1000,22,978,0.343114372,0.262122324,0.002922884,0.006343745
0.3,1.00E-05,0.001,1,0.1,10,250,750,0.428399584,30.11340593,0.003044003,169.6301747
0.3,1.00E-05,0.001,1,0.1,100,10,990,0.431474959,0.503417533,0.002905915,0.049754162
0.3,1.00E-05,0.001,1,0.1,1000,4,996,0.432318626,0.033944919,0.002977164,6.93E-05
0.3,1.00E-05,0.001,1,0.5,10,116,884,0.450415096,28.21519499,0.002156377,142.6593735
0.3,1.00E-05,0.001,1,0.5,100,4,996,0.447665633,0.339764215,0.002399514,0.008180466
0.3,1.00E-05,0.001,1,0.5,1000,1,999,0.448572656,0.022778336,0.00236984,2.68E-05
0.3,1.00E-05,0.001,1,1.1,10,47,953,0.458694356,27.20457757,0.001693877,137.1020823
0.3,1.00E-05,0.001,1,1.1,100,1,999,0.460171996,0.265641862,0.00167073,0.004413493
0.3,1.00E-05,0.001,1,1.1,1000,0,1000,0.46251855,0.020886638,0.00165087,2.16E-05
0.3,1.00E-05,0.001,1,1.5,10,37,963,0.467253227,25.97737655,0.001389795,126.6998218
0.3,1.00E-05,0.001,1,1.5,100,1,999,0.466193741,0.249586914,0.001496472,0.003578669
0.3,1.00E-05,0.001,1,1.5,1000,0,1000,0.467605563,0.020608573,0.001404583,2.07E-05
0.3,1.00E-05,0.001,1,2,10,53,947,0.471714899,25.5218309,0.001141935,121.1266961
0.3,1.00E-05,0.001,1,2,100,1,999,0.47165924,0.241133456,0.001197893,0.003170097
0.3,1.00E-05,0.001,1,2,1000,0,1000,0.47097791,0.020665203,0.001241122,2.40E-05
0.3,1.00E-05,0.001,1,2.5,10,29,971,0.47432842,25.96103291,0.00108012,132.4169202
0.3,1.00E-05,0.001,1,2.5,100,1,999,0.47552123,0.236404749,0.001048473,0.002737692
0.3,1.00E-05,0.001,1,2.5,1000,0,1000,0.47548916,0.038434073,0.00104695,0.319484861
0.3,1.00E-05,0.001,1,3,10,30,970,0.479363557,25.69152055,0.000951393,126.2632915
0.3,1.00E-05,0.001,1,3,100,0,1000,0.478092495,0.234819342,0.000891561,0.003394137
0.3,1.00E-05,0.001,1,3,1000,0,1000,0.478757165,0.020530647,0.000978199,2.24E-05
0.3,1.00E-05,0.003,1.00E-05,0.1,10,1000,0,0,0,0,0
0.3,1.00E-05,0.003,1.00E-05,0.1,100,1000,0,0,0,0,0
0.3,1.00E-05,0.003,1.00E-05,0.1,1000,1000,0,0,0,0,0
0.3,1.00E-05,0.003,1.00E-05,0.5,10,1000,0,0,0,0,0
0.3,1.00E-05,0.003,1.00E-05,0.5,100,1000,0,0,0,0,0
0.3,1.00E-05,0.003,1.00E-05,0.5,1000,1000,0,0,0,0,0
0.3,1.00E-05,0.003,1.00E-05,1.1,10,1000,0,0,0,0,0
0.3,1.00E-05,0.003,1.00E-05,1.1,100,1000,0,0,0,0,0
0.3,1.00E-05,0.003,1.00E-05,1.1,1000,1000,0,0,0,0,0
0.3,1.00E-05,0.003,1.00E-05,1.5,10,1000,0,0,0,0,0
0.3,1.00E-05,0.003,1.00E-05,1.5,100,1000,0,0,0,0,0
0.3,1.00E-05,0.003,1.00E-05,1.5,1000,1000,0,0,0,0,0
0.3,1.00E-05,0.003,1.00E-05,2,10,1000,0,0,0,0,0
0.3,1.00E-05,0.003,1.00E-05,2,100,1000,0,0,0,0,0
0.3,1.00E-05,0.003,1.00E-05,2,1000,1000,0,0,0,0,0
0.3,1.00E-05,0.003,1.00E-05,2.5,10,1000,0,0,0,0,0
0.3,1.00E-05,0.003,1.00E-05,2.5,100,1000,0,0,0,0,0
0.3,1.00E-05,0.003,1.00E-05,2.5,1000,1000,0,0,0,0,0
0.3,1.00E-05,0.003,1.00E-05,3,10,1000,0,0,0,0,0
0.3,1.00E-05,0.003,1.00E-05,3,100,1000,0,0,0,0,0
0.3,1.00E-05,0.003,1.00E-05,3,1000,1000,0,0,0,0,0
0.3,1.00E-05,0.003,0.001,0.1,10,1000,0,0,0,0,0
0.3,1.00E-05,0.003,0.001,0.1,100,1000,0,0,0,0,0
0.3,1.00E-05,0.003,0.001,0.1,1000,1000,0,0,0,0,0
0.3,1.00E-05,0.003,0.001,0.5,10,1000,0,0,0,0,0
0.3,1.00E-05,0.003,0.001,0.5,100,1000,0,0,0,0,0
0.3,1.00E-05,0.003,0.001,0.5,1000,1000,0,0,0,0,0
0.3,1.00E-05,0.003,0.001,1.1,10,1000,0,0,0,0,0
0.3,1.00E-05,0.003,0.001,1.1,100,1000,0,0,0,0,0
0.3,1.00E-05,0.003,0.001,1.1,1000,1000,0,0,0,0,0
0.3,1.00E-05,0.003,0.001,1.5,10,1000,0,0,0,0,0
0.3,1.00E-05,0.003,0.001,1.5,100,1000,0,0,0,0,0
0.3,1.00E-05,0.003,0.001,1.5,1000,1000,0,0,0,0,0
0.3,1.00E-05,0.003,0.001,2,10,1000,0,0,0,0,0
0.3,1.00E-05,0.003,0.001,2,100,1000,0,0,0,0,0
0.3,1.00E-05,0.003,0.001,2,1000,1000,0,0,0,0,0
0.3,1.00E-05,0.003,0.001,2.5,10,1000,0,0,0,0,0
0.3,1.00E-05,0.003,0.001,2.5,100,1000,0,0,0,0,0
0.3,1.00E-05,0.003,0.001,2.5,1000,1000,0,0,0,0,0
0.3,1.00E-05,0.003,0.001,3,10,1000,0,0,0,0,0
0.3,1.00E-05,0.003,0.001,3,100,1000,0,0,0,0,0
0.3,1.00E-05,0.003,0.001,3,1000,1000,0,0,0,0,0
0.3,1.00E-05,0.003,0.1,0.1,10,1000,0,0,27.78937472,0,437.7120027
0.3,1.00E-05,0.003,0.1,0.1,100,1000,0,0,2.466527432,0,25.35519994
0.3,1.00E-05,0.003,0.1,0.1,1000,1000,0,0,0.163210283,0,0.127179188
0.3,1.00E-05,0.003,0.1,0.5,10,1000,0,0,29.65402485,0,502.1349087
0.3,1.00E-05,0.003,0.1,0.5,100,1000,0,0,1.156055387,0,0.923630709
0.3,1.00E-05,0.003,0.1,0.5,1000,1000,0,0,0.080344797,0,0.001828566
0.3,1.00E-05,0.003,0.1,1.1,10,1000,0,0,28.63732544,0,434.0771583
0.3,1.00E-05,0.003,0.1,1.1,100,1000,0,0,0.886718135,0,0.277070876
0.3,1.00E-05,0.003,0.1,1.1,1000,1000,0,0,0.074931464,0,0.001459636
0.3,1.00E-05,0.003,0.1,1.5,10,1000,0,0,28.63043185,0,495.1137001
0.3,1.00E-05,0.003,0.1,1.5,100,999,1,0.142857143,0.961753991,0,2.502474986
0.3,1.00E-05,0.003,0.1,1.5,1000,1000,0,0,0.076785253,0,0.001587921
0.3,1.00E-05,0.003,0.1,2,10,998,2,0.30952381,25.51509949,0.000566893,513.393318
0.3,1.00E-05,0.003,0.1,2,100,998,2,0.333333333,0.886310993,0.111111111,0.322815812
0.3,1.00E-05,0.003,0.1,2,1000,995,5,0.14928475,0.086185462,0.015297593,0.097414832
0.3,1.00E-05,0.003,0.1,2.5,10,998,2,0.316993464,24.41508884,0.008981588,397.280057
0.3,1.00E-05,0.003,0.1,2.5,100,996,4,0.340789474,0.858373682,0.003675554,0.25098134
0.3,1.00E-05,0.003,0.1,2.5,1000,999,1,0.25,0.090290823,0,0.176270031
0.3,1.00E-05,0.003,0.1,3,10,997,3,0.325396825,24.50948056,0.003432855,439.6500929
0.3,1.00E-05,0.003,0.1,3,100,994,6,0.311027788,0.861357454,0.031745344,0.452636751
0.3,1.00E-05,0.003,0.1,3,1000,984,16,0.318721243,0.077617838,0.012358088,0.0163784
0.3,1.00E-05,0.003,1,0.1,10,874,126,0.378687752,4.629275971,0.024576696,19.09046299
0.3,1.00E-05,0.003,1,0.1,100,820,180,0.386861365,0.114027576,0.023593998,0.003518328
0.3,1.00E-05,0.003,1,0.1,1000,826,174,0.394894846,0.009596461,0.022685383,1.60E-05
0.3,1.00E-05,0.003,1,0.5,10,613,387,0.439725671,4.321024552,0.011441021,22.34884094
0.3,1.00E-05,0.003,1,0.5,100,567,433,0.428294997,0.076785778,0.012585219,0.001141025
0.3,1.00E-05,0.003,1,0.5,1000,559,441,0.441908761,0.006560222,0.012536738,6.84E-06
0.3,1.00E-05,0.003,1,1.1,10,445,555,0.456223867,4.268425258,0.009034185,24.37910046
0.3,1.00E-05,0.003,1,1.1,100,324,676,0.461383779,0.065503188,0.007381302,0.000778813
0.3,1.00E-05,0.003,1,1.1,1000,341,659,0.450539623,0.006182844,0.010064249,6.23E-06
0.3,1.00E-05,0.003,1,1.5,10,343,657,0.460490398,4.229335164,0.007447384,24.88045175
0.3,1.00E-05,0.003,1,1.5,100,274,726,0.462334825,0.065102081,0.008173664,0.000656966
0.3,1.00E-05,0.003,1,1.5,1000,280,720,0.458681826,0.006127239,0.008799638,6.73E-06
0.3,1.00E-05,0.003,1,2,10,284,716,0.466462508,4.372251941,0.006735066,28.12266537
0.3,1.00E-05,0.003,1,2,100,221,779,0.467467446,0.063961614,0.005675927,0.000748756
0.3,1.00E-05,0.003,1,2,1000,220,780,0.472110934,0.006041498,0.006644167,6.56E-06
0.3,1.00E-05,0.003,1,2.5,10,235,765,0.468833791,4.242584398,0.006054103,26.66303273
0.3,1.00E-05,0.003,1,2.5,100,211,789,0.470135738,0.063950533,0.006895911,0.000749361
0.3,1.00E-05,0.003,1,2.5,1000,200,800,0.469601775,0.006129345,0.004941592,6.33E-06
0.3,1.00E-05,0.003,1,3,10,217,783,0.478140436,4.348781539,0.004267026,35.47297614
0.3,1.00E-05,0.003,1,3,100,177,823,0.475775128,0.063942738,0.004971584,0.00074057
0.3,1.00E-05,0.003,1,3,1000,178,822,0.472939762,0.006648768,0.004970007,0.000185349
0.3,0.0001,0.0001,1.00E-05,0.1,10,1000,0,0,0,0,0
0.3,0.0001,0.0001,1.00E-05,0.1,100,1000,0,0,0,0,0
0.3,0.0001,0.0001,1.00E-05,0.1,1000,1000,0,0,0,0,0
0.3,0.0001,0.0001,1.00E-05,0.5,10,1000,0,0,0,0,0
0.3,0.0001,0.0001,1.00E-05,0.5,100,1000,0,0,0,0,0
0.3,0.0001,0.0001,1.00E-05,0.5,1000,1000,0,0,0,0,0
0.3,0.0001,0.0001,1.00E-05,1.1,10,1000,0,0,0,0,0
0.3,0.0001,0.0001,1.00E-05,1.1,100,1000,0,0,0,0,0
0.3,0.0001,0.0001,1.00E-05,1.1,1000,1000,0,0,0,0,0
0.3,0.0001,0.0001,1.00E-05,1.5,10,1000,0,0,0,0,0
0.3,0.0001,0.0001,1.00E-05,1.5,100,1000,0,0,0,0,0
0.3,0.0001,0.0001,1.00E-05,1.5,1000,1000,0,0,0,0,0
0.3,0.0001,0.0001,1.00E-05,2,10,1000,0,0,0,0,0
0.3,0.0001,0.0001,1.00E-05,2,100,1000,0,0,0,0,0
0.3,0.0001,0.0001,1.00E-05,2,1000,1000,0,0,0,0,0
0.3,0.0001,0.0001,1.00E-05,2.5,10,1000,0,0,0,0,0
0.3,0.0001,0.0001,1.00E-05,2.5,100,1000,0,0,0,0,0
0.3,0.0001,0.0001,1.00E-05,2.5,1000,1000,0,0,0,0,0
0.3,0.0001,0.0001,1.00E-05,3,10,1000,0,0,0,0,0
0.3,0.0001,0.0001,1.00E-05,3,100,1000,0,0,0,0,0
0.3,0.0001,0.0001,1.00E-05,3,1000,1000,0,0,0,0,0
0.3,0.0001,0.0001,0.001,0.1,10,1000,0,0,0,0,0
0.3,0.0001,0.0001,0.001,0.1,100,1000,0,0,0,0,0
0.3,0.0001,0.0001,0.001,0.1,1000,1000,0,0,0,0,0
0.3,0.0001,0.0001,0.001,0.5,10,1000,0,0,0,0,0
0.3,0.0001,0.0001,0.001,0.5,100,1000,0,0,0,0,0
0.3,0.0001,0.0001,0.001,0.5,1000,1000,0,0,0,0,0
0.3,0.0001,0.0001,0.001,1.1,10,1000,0,0,0,0,0
0.3,0.0001,0.0001,0.001,1.1,100,1000,0,0,0,0,0
0.3,0.0001,0.0001,0.001,1.1,1000,1000,0,0,0,0,0
0.3,0.0001,0.0001,0.001,1.5,10,1000,0,0,0,0,0
0.3,0.0001,0.0001,0.001,1.5,100,1000,0,0,0,0,0
0.3,0.0001,0.0001,0.001,1.5,1000,1000,0,0,0,0,0
0.3,0.0001,0.0001,0.001,2,10,1000,0,0,0,0,0
0.3,0.0001,0.0001,0.001,2,100,1000,0,0,0,0,0
0.3,0.0001,0.0001,0.001,2,1000,1000,0,0,0,0,0
0.3,0.0001,0.0001,0.001,2.5,10,1000,0,0,0,0,0
0.3,0.0001,0.0001,0.001,2.5,100,1000,0,0,0,0,0
0.3,0.0001,0.0001,0.001,2.5,1000,1000,0,0,0,0,0
0.3,0.0001,0.0001,0.001,3,10,1000,0,0,0,0,0
0.3,0.0001,0.0001,0.001,3,100,1000,0,0,0,0,0
0.3,0.0001,0.0001,0.001,3,1000,1000,0,0,0,0,0
0.3,0.0001,0.0001,0.1,0.1,10,578,422,0.234695395,0,0.000497492,0
0.3,0.0001,0.0001,0.1,0.1,100,15,985,0.232688677,0,0.000534186,0
0.3,0.0001,0.0001,0.1,0.1,1000,0,1000,0.234145867,0,0.000521065,0
0.3,0.0001,0.0001,0.1,0.5,10,395,605,0.266662222,0,0.000379429,0
0.3,0.0001,0.0001,0.1,0.5,100,7,993,0.265393606,0,0.000411962,0
0.3,0.0001,0.0001,0.1,0.5,1000,0,1000,0.266505214,6.596900188,0.000384785,0
0.3,0.0001,0.0001,0.1,1.1,10,259,741,0.297957298,0,0.00028273,0
0.3,0.0001,0.0001,0.1,1.1,100,4,996,0.297397926,577.4279888,0.000297495,0
0.3,0.0001,0.0001,0.1,1.1,1000,2,998,0.297408634,6.751309515,0.000282292,4.240994194
0.3,0.0001,0.0001,0.1,1.5,10,250,750,0.311108379,611.5759708,0.000281624,42915.29286
0.3,0.0001,0.0001,0.1,1.5,100,7,993,0.312563899,586.208963,0.000276192,45494.4034
0.3,0.0001,0.0001,0.1,1.5,1000,0,1000,0.312317872,9.199645563,0.000259981,2138.067038
0.3,0.0001,0.0001,0.1,2,10,206,794,0.326888158,539.1646371,0.000244599,56762.85972
0.3,0.0001,0.0001,0.1,2,100,16,984,0.326686897,504.9960718,0.000247335,59489.81695
0.3,0.0001,0.0001,0.1,2,1000,0,1000,0.326928965,13.20891252,0.000247071,5149.123173
0.3,0.0001,0.0001,0.1,2.5,10,216,784,0.335468263,283.8736986,0.000237761,18221.67929
0.3,0.0001,0.0001,0.1,2.5,100,11,989,0.337135413,235.4361574,0.000244261,17603.00838
0.3,0.0001,0.0001,0.1,2.5,1000,0,1000,0.337309409,6.03353751,0.000245793,265.6057455
0.3,0.0001,0.0001,0.1,3,10,190,810,0.345830817,184.0547558,0.000221905,3223.80277
0.3,0.0001,0.0001,0.1,3,100,10,990,0.344708348,131.8225212,0.000228742,2455.899027
0.3,0.0001,0.0001,0.1,3,1000,0,1000,0.344695819,4.566348979,0.000247457,15.78950561
0.3,0.0001,0.0001,1,0.1,10,221,779,0.433180692,68.36484192,0.000285808,109.9585831
0.3,0.0001,0.0001,1,0.1,100,6,994,0.43284583,33.16829943,0.000278808,22.07435898
0.3,0.0001,0.0001,1,0.1,1000,0,1000,0.432440869,0.492812421,0.000306903,0.001933318
0.3,0.0001,0.0001,1,0.5,10,110,890,0.447585138,63.18136954,0.000205434,101.282584
0.3,0.0001,0.0001,1,0.5,100,1,999,0.448226041,29.80392107,0.000213227,19.39941123
0.3,0.0001,0.0001,1,0.5,1000,0,1000,0.447984165,0.334024027,0.00020731,0.000791011
0.3,0.0001,0.0001,1,1.1,10,45,955,0.461047095,59.93804594,0.000150946,93.43244801
0.3,0.0001,0.0001,1,1.1,100,0,1000,0.460128291,27.16149467,0.000159624,13.03283866
0.3,0.0001,0.0001,1,1.1,1000,0,1000,0.460549137,0.26718675,0.000144416,0.011260472
0.3,0.0001,0.0001,1,1.5,10,31,969,0.465762852,58.80204396,0.000134804,87.96203067
0.3,0.0001,0.0001,1,1.5,100,1,999,0.466248603,26.30338909,0.000150252,11.59696433
0.3,0.0001,0.0001,1,1.5,1000,0,1000,0.466088508,0.248317578,0.000128187,0.000381206
0.3,0.0001,0.0001,1,2,10,24,976,0.471531221,57.54224326,0.000106558,86.06816525
0.3,0.0001,0.0001,1,2,100,0,1000,0.471747729,25.51217981,0.000111166,12.71220463
0.3,0.0001,0.0001,1,2,1000,0,1000,0.47157414,0.23829024,0.000112045,0.000330742
0.3,0.0001,0.0001,1,2.5,10,21,979,0.475787354,56.39149552,9.89E-05,82.77945848
0.3,0.0001,0.0001,1,2.5,100,1,999,0.474985279,24.90706431,9.52E-05,10.2600759
0.3,0.0001,0.0001,1,2.5,1000,0,1000,0.474922524,0.23490955,9.74E-05,0.000310637
0.3,0.0001,0.0001,1,3,10,25,975,0.478075227,56.30375804,8.43E-05,77.72497377
0.3,0.0001,0.0001,1,3,100,0,1000,0.478482319,24.35430757,8.03E-05,10.62713147
0.3,0.0001,0.0001,1,3,1000,0,1000,0.478116729,0.232331303,8.05E-05,0.000295621
0.3,0.0001,0.0003,1.00E-05,0.1,10,1000,0,0,0,0,0
0.3,0.0001,0.0003,1.00E-05,0.1,100,1000,0,0,0,0,0
0.3,0.0001,0.0003,1.00E-05,0.1,1000,1000,0,0,0,0,0
0.3,0.0001,0.0003,1.00E-05,0.5,10,1000,0,0,0,0,0
0.3,0.0001,0.0003,1.00E-05,0.5,100,1000,0,0,0,0,0
0.3,0.0001,0.0003,1.00E-05,0.5,1000,1000,0,0,0,0,0
0.3,0.0001,0.0003,1.00E-05,1.1,10,1000,0,0,0,0,0
0.3,0.0001,0.0003,1.00E-05,1.1,100,1000,0,0,0,0,0
0.3,0.0001,0.0003,1.00E-05,1.1,1000,1000,0,0,0,0,0
0.3,0.0001,0.0003,1.00E-05,1.5,10,1000,0,0,0,0,0
0.3,0.0001,0.0003,1.00E-05,1.5,100,1000,0,0,0,0,0
0.3,0.0001,0.0003,1.00E-05,1.5,1000,1000,0,0,0,0,0
0.3,0.0001,0.0003,1.00E-05,2,10,1000,0,0,0,0,0
0.3,0.0001,0.0003,1.00E-05,2,100,1000,0,0,0,0,0
0.3,0.0001,0.0003,1.00E-05,2,1000,1000,0,0,0,0,0
0.3,0.0001,0.0003,1.00E-05,2.5,10,1000,0,0,0,0,0
0.3,0.0001,0.0003,1.00E-05,2.5,100,1000,0,0,0,0,0
0.3,0.0001,0.0003,1.00E-05,2.5,1000,1000,0,0,0,0,0
0.3,0.0001,0.0003,1.00E-05,3,10,1000,0,0,0,0,0
0.3,0.0001,0.0003,1.00E-05,3,100,1000,0,0,0,0,0
0.3,0.0001,0.0003,1.00E-05,3,1000,1000,0,0,0,0,0
0.3,0.0001,0.0003,0.001,0.1,10,1000,0,0,0,0,0
0.3,0.0001,0.0003,0.001,0.1,100,1000,0,0,0,0,0
0.3,0.0001,0.0003,0.001,0.1,1000,1000,0,0,0,0,0
0.3,0.0001,0.0003,0.001,0.5,10,1000,0,0,0,0,0
0.3,0.0001,0.0003,0.001,0.5,100,1000,0,0,0,0,0
0.3,0.0001,0.0003,0.001,0.5,1000,1000,0,0,0,0,0
0.3,0.0001,0.0003,0.001,1.1,10,1000,0,0,0,0,0
0.3,0.0001,0.0003,0.001,1.1,100,1000,0,0,0,0,0
0.3,0.0001,0.0003,0.001,1.1,1000,1000,0,0,0,0,0
0.3,0.0001,0.0003,0.001,1.5,10,1000,0,0,0,0,0
0.3,0.0001,0.0003,0.001,1.5,100,1000,0,0,0,0,0
0.3,0.0001,0.0003,0.001,1.5,1000,1000,0,0,0,0,0
0.3,0.0001,0.0003,0.001,2,10,1000,0,0,0,0,0
0.3,0.0001,0.0003,0.001,2,100,1000,0,0,0,0,0
0.3,0.0001,0.0003,0.001,2,1000,1000,0,0,0,0,0
0.3,0.0001,0.0003,0.001,2.5,10,1000,0,0,0,0,0
0.3,0.0001,0.0003,0.001,2.5,100,1000,0,0,0,0,0
0.3,0.0001,0.0003,0.001,2.5,1000,1000,0,0,0,0,0
0.3,0.0001,0.0003,0.001,3,10,1000,0,0,0,0,0
0.3,0.0001,0.0003,0.001,3,100,1000,0,0,0,0,0
0.3,0.0001,0.0003,0.001,3,1000,1000,0,0,0,0,0
0.3,0.0001,0.0003,0.1,0.1,10,603,397,0.23317714,0,0.001608948,0
0.3,0.0001,0.0003,0.1,0.1,100,37,963,0.231985204,0,0.001628256,0
0.3,0.0001,0.0003,0.1,0.1,1000,10,990,0.232273224,2.846733659,0.001729071,1.611975371
0.3,0.0001,0.0003,0.1,0.5,10,401,599,0.265499814,281.1429667,0.001318549,0
0.3,0.0001,0.0003,0.1,0.5,100,11,989,0.265330324,421.4867234,0.001223374,0
0.3,0.0001,0.0003,0.1,0.5,1000,3,997,0.266549262,1.301413685,0.001184291,0.158788795
0.3,0.0001,0.0003,0.1,1.1,10,293,707,0.298981159,561.9311606,0.000879725,59623.56547
0.3,0.0001,0.0003,0.1,1.1,100,17,983,0.297530404,486.3076727,0.001016983,74748.31366
0.3,0.0001,0.0003,0.1,1.1,1000,1,999,0.297546817,0.997943989,0.000913593,0.192779992
0.3,0.0001,0.0003,0.1,1.5,10,257,743,0.313256483,373.7389693,0.000847973,45367.45644
0.3,0.0001,0.0003,0.1,1.5,100,8,992,0.31303371,339.6480477,0.00083295,57149.73401
0.3,0.0001,0.0003,0.1,1.5,1000,2,998,0.311009647,1.801215621,0.000830037,714.3885786
0.3,0.0001,0.0003,0.1,2,10,214,786,0.325687371,202.9251936,0.000778316,9046.604319
0.3,0.0001,0.0003,0.1,2,100,8,992,0.324964884,145.7604862,0.000754414,8956.27693
0.3,0.0001,0.0003,0.1,2,1000,0,1000,0.325771169,0.945483105,0.000672638,0.026323229
0.3,0.0001,0.0003,0.1,2.5,10,207,793,0.335077888,151.2791272,0.000698838,2986.307705
0.3,0.0001,0.0003,0.1,2.5,100,11,989,0.337613728,93.01747252,0.000726649,3144.647857
0.3,0.0001,0.0003,0.1,2.5,1000,0,1000,0.336997994,0.99925704,0.000740893,2.505059853
0.3,0.0001,0.0003,0.1,3,10,201,799,0.34417955,123.5617194,0.000741402,1406.672491
0.3,0.0001,0.0003,0.1,3,100,6,994,0.344769217,69.2630391,0.000732713,1122.724372
0.3,0.0001,0.0003,0.1,3,1000,1,999,0.343630625,1.367468951,0.000771892,75.41291781
0.3,0.0001,0.0003,1,0.1,10,203,797,0.432393465,51.24166452,0.00088064,133.9580753
0.3,0.0001,0.0003,1,0.1,100,2,998,0.432940748,11.36493122,0.000877006,28.75550641
0.3,0.0001,0.0003,1,0.1,1000,0,1000,0.432142915,0.124720097,0.000853343,0.000277908
0.3,0.0001,0.0003,1,0.5,10,110,890,0.446288559,47.6598912,0.000667205,134.1547336
0.3,0.0001,0.0003,1,0.5,100,1,999,0.447199732,9.159958497,0.000604617,13.33528485
0.3,0.0001,0.0003,1,0.5,1000,0,1000,0.448511087,0.090484114,0.000681268,0.048250811
0.3,0.0001,0.0003,1,1.1,10,37,963,0.460676619,44.57990753,0.000458729,100.2653207
0.3,0.0001,0.0003,1,1.1,100,1,999,0.46018685,8.068308501,0.000475457,17.15317177
0.3,0.0001,0.0003,1,1.1,1000,0,1000,0.461316603,0.072185279,0.000474144,8.84E-05
0.3,0.0001,0.0003,1,1.5,10,33,967,0.46678017,44.36829192,0.000411233,118.5482305
0.3,0.0001,0.0003,1,1.5,100,1,999,0.466806267,7.395680875,0.000394135,9.360241787
0.3,0.0001,0.0003,1,1.5,1000,0,1000,0.466378922,0.070287887,0.000408798,7.82E-05
0.3,0.0001,0.0003,1,2,10,36,964,0.470987985,43.27493851,0.000329329,113.7772892
0.3,0.0001,0.0003,1,2,100,0,1000,0.472284818,7.248581869,0.00035381,8.07162213
0.3,0.0001,0.0003,1,2,1000,0,1000,0.472077542,0.070298801,0.000326147,8.68E-05
0.3,0.0001,0.0003,1,2.5,10,30,970,0.475404059,42.54849528,0.000297763,110.828885
0.3,0.0001,0.0003,1,2.5,100,0,1000,0.476205507,6.917027882,0.000298937,8.576642568
0.3,0.0001,0.0003,1,2.5,1000,0,1000,0.475668311,0.069499246,0.000321004,7.91E-05
0.3,0.0001,0.0003,1,3,10,26,974,0.478256522,41.324006,0.000248995,97.5534713
0.3,0.0001,0.0003,1,3,100,0,1000,0.477928249,6.616102963,0.000242285,7.038694855
0.3,0.0001,0.0003,1,3,1000,0,1000,0.477507047,0.070390198,0.000265493,8.13E-05
0.3,0.0001,0.001,1.00E-05,0.1,10,1000,0,0,0,0,0
0.3,0.0001,0.001,1.00E-05,0.1,100,1000,0,0,0,0,0
0.3,0.0001,0.001,1.00E-05,0.1,1000,1000,0,0,0,0,0
0.3,0.0001,0.001,1.00E-05,0.5,10,1000,0,0,0,0,0
0.3,0.0001,0.001,1.00E-05,0.5,100,1000,0,0,0,0,0
0.3,0.0001,0.001,1.00E-05,0.5,1000,1000,0,0,0,0,0
0.3,0.0001,0.001,1.00E-05,1.1,10,1000,0,0,0,0,0
0.3,0.0001,0.001,1.00E-05,1.1,100,1000,0,0,0,0,0
0.3,0.0001,0.001,1.00E-05,1.1,1000,1000,0,0,0,0,0
0.3,0.0001,0.001,1.00E-05,1.5,10,1000,0,0,0,0,0
0.3,0.0001,0.001,1.00E-05,1.5,100,1000,0,0,0,0,0
0.3,0.0001,0.001,1.00E-05,1.5,1000,1000,0,0,0,0,0
0.3,0.0001,0.001,1.00E-05,2,10,1000,0,0,0,0,0
0.3,0.0001,0.001,1.00E-05,2,100,1000,0,0,0,0,0
0.3,0.0001,0.001,1.00E-05,2,1000,1000,0,0,0,0,0
0.3,0.0001,0.001,1.00E-05,2.5,10,1000,0,0,0,0,0
0.3,0.0001,0.001,1.00E-05,2.5,100,1000,0,0,0,0,0
0.3,0.0001,0.001,1.00E-05,2.5,1000,1000,0,0,0,0,0
0.3,0.0001,0.001,1.00E-05,3,10,1000,0,0,0,0,0
0.3,0.0001,0.001,1.00E-05,3,100,1000,0,0,0,0,0
0.3,0.0001,0.001,1.00E-05,3,1000,1000,0,0,0,0,0
0.3,0.0001,0.001,0.001,0.1,10,1000,0,0,0,0,0
0.3,0.0001,0.001,0.001,0.1,100,1000,0,0,0,0,0
0.3,0.0001,0.001,0.001,0.1,1000,1000,0,0,0,0,0
0.3,0.0001,0.001,0.001,0.5,10,1000,0,0,0,0,0
0.3,0.0001,0.001,0.001,0.5,100,1000,0,0,0,0,0
0.3,0.0001,0.001,0.001,0.5,1000,1000,0,0,0,0,0
0.3,0.0001,0.001,0.001,1.1,10,1000,0,0,0,0,0
0.3,0.0001,0.001,0.001,1.1,100,1000,0,0,0,0,0
0.3,0.0001,0.001,0.001,1.1,1000,1000,0,0,0,0,0
0.3,0.0001,0.001,0.001,1.5,10,1000,0,0,0,0,0
0.3,0.0001,0.001,0.001,1.5,100,1000,0,0,0,0,0
0.3,0.0001,0.001,0.001,1.5,1000,1000,0,0,0,0,0
0.3,0.0001,0.001,0.001,2,10,1000,0,0,0,0,0
0.3,0.0001,0.001,0.001,2,100,1000,0,0,0,0,0
0.3,0.0001,0.001,0.001,2,1000,1000,0,0,0,0,0
0.3,0.0001,0.001,0.001,2.5,10,1000,0,0,0,0,0
0.3,0.0001,0.001,0.001,2.5,100,1000,0,0,0,0,0
0.3,0.0001,0.001,0.001,2.5,1000,1000,0,0,0,0,0
0.3,0.0001,0.001,0.001,3,10,1000,0,0,0,0,0
0.3,0.0001,0.001,0.001,3,100,1000,0,0,0,0,0
0.3,0.0001,0.001,0.001,3,1000,1000,0,0,0,0,0
0.3,0.0001,0.001,0.1,0.1,10,992,8,0.243274146,342.3039626,0.005936302,54597.82309
0.3,0.0001,0.001,0.1,0.1,100,971,29,0.17604874,48.6679137,0.014088323,12409.19873
0.3,0.0001,0.001,0.1,0.1,1000,965,35,0.173791692,0.55639205,0.013308891,0.059856495
0.3,0.0001,0.001,0.1,0.5,10,815,185,0.244271188,388.1779847,0.00985149,57579.19294
0.3,0.0001,0.001,0.1,0.5,100,582,418,0.245998781,126.7524316,0.009200367,48854.59965
0.3,0.0001,0.001,0.1,0.5,1000,576,424,0.258155218,0.295158222,0.00813506,0.008128422
0.3,0.0001,0.001,0.1,1.1,10,473,527,0.295606124,224.8887433,0.004345743,25300.23237
0.3,0.0001,0.001,0.1,1.1,100,151,849,0.300963418,32.85266238,0.003772911,8477.383375
0.3,0.0001,0.001,0.1,1.1,1000,142,858,0.292627786,0.507498141,0.004064457,32.07211844
0.3,0.0001,0.001,0.1,1.5,10,383,617,0.313811263,153.7865556,0.003874876,11102.34483
0.3,0.0001,0.001,0.1,1.5,100,75,925,0.30702552,15.07348683,0.003720045,1424.45834
0.3,0.0001,0.001,0.1,1.5,1000,61,939,0.311077462,0.644682733,0.003745127,113.1030756
0.3,0.0001,0.001,0.1,2,10,310,690,0.323725923,114.9817739,0.003241926,4118.235739
0.3,0.0001,0.001,0.1,2,100,37,963,0.32735437,11.20084888,0.00294184,896.7986628
0.3,0.0001,0.001,0.1,2,1000,43,957,0.324688746,0.266956751,0.003776657,0.015538702
0.3,0.0001,0.001,0.1,2.5,10,292,708,0.330814134,98.07182274,0.002934193,2874.594407
0.3,0.0001,0.001,0.1,2.5,100,25,975,0.334348249,6.589719685,0.002731432,177.9861652
0.3,0.0001,0.001,0.1,2.5,1000,22,978,0.332267923,0.289960828,0.002867228,0.242081194
0.3,0.0001,0.001,0.1,3,10,255,745,0.344421622,84.37274773,0.002625645,1877.691476
0.3,0.0001,0.001,0.1,3,100,30,970,0.344535229,6.116676451,0.002887126,145.283848
0.3,0.0001,0.001,0.1,3,1000,13,987,0.344220061,0.264309337,0.002548112,0.013849232
0.3,0.0001,0.001,1,0.1,10,244,756,0.430211378,30.27788978,0.002880216,166.5773383
0.3,0.0001,0.001,1,0.1,100,2,998,0.435208482,0.494643925,0.003299832,0.020532565
0.3,0.0001,0.001,1,0.1,1000,0,1000,0.428170061,0.035358192,0.003345718,0.001048578
0.3,0.0001,0.001,1,0.5,10,105,895,0.448515725,28.47580654,0.002261904,150.3304206
0.3,0.0001,0.001,1,0.5,100,2,998,0.449736856,0.339410286,0.002575976,0.008085323
0.3,0.0001,0.001,1,0.5,1000,1,999,0.44847049,0.03151808,0.00237942,0.073842932
0.3,0.0001,0.001,1,1.1,10,59,941,0.461375604,27.40947267,0.001583016,150.0226903
0.3,0.0001,0.001,1,1.1,100,0,1000,0.458511918,0.266513125,0.001712558,0.004157236
0.3,0.0001,0.001,1,1.1,1000,0,1000,0.462032671,0.06993137,0.001582336,1.338736249
0.3,0.0001,0.001,1,1.5,10,49,951,0.464788782,26.11531454,0.001364533,124.4478642
0.3,0.0001,0.001,1,1.5,100,0,1000,0.465010391,0.250874188,0.00148436,0.003877765
0.3,0.0001,0.001,1,1.5,1000,1,999,0.466275976,0.020569894,0.001426748,2.32E-05
0.3,0.0001,0.001,1,2,10,38,962,0.471020755,25.77567553,0.001210137,124.0142834
0.3,0.0001,0.001,1,2,100,1,999,0.471518042,0.236721811,0.001191128,0.003491846
0.3,0.0001,0.001,1,2,1000,2,998,0.474139585,0.020771317,0.001196513,2.36E-05
0.3,0.0001,0.001,1,2.5,10,26,974,0.473815378,25.83059673,0.001042021,127.3210226
0.3,0.0001,0.001,1,2.5,100,0,1000,0.476173195,0.42422269,0.001029619,34.37390589
0.3,0.0001,0.001,1,2.5,1000,0,1000,0.475915278,0.022080222,0.001040323,0.001702699
0.3,0.0001,0.001,1,3,10,35,965,0.479102952,25.11822018,0.00087473,120.0699467
0.3,0.0001,0.001,1,3,100,2,998,0.478690403,0.245350119,0.00099354,0.087561703
0.3,0.0001,0.001,1,3,1000,0,1000,0.479388199,0.020840586,0.000982755,2.37E-05
0.3,0.0001,0.003,1.00E-05,0.1,10,1000,0,0,0,0,0
0.3,0.0001,0.003,1.00E-05,0.1,100,1000,0,0,0,0,0
0.3,0.0001,0.003,1.00E-05,0.1,1000,1000,0,0,0,0,0
0.3,0.0001,0.003,1.00E-05,0.5,10,1000,0,0,0,0,0
0.3,0.0001,0.003,1.00E-05,0.5,100,1000,0,0,0,0,0
0.3,0.0001,0.003,1.00E-05,0.5,1000,1000,0,0,0,0,0
0.3,0.0001,0.003,1.00E-05,1.1,10,1000,0,0,0,0,0
0.3,0.0001,0.003,1.00E-05,1.1,100,1000,0,0,0,0,0
0.3,0.0001,0.003,1.00E-05,1.1,1000,1000,0,0,0,0,0
0.3,0.0001,0.003,1.00E-05,1.5,10,1000,0,0,0,0,0
0.3,0.0001,0.003,1.00E-05,1.5,100,1000,0,0,0,0,0
0.3,0.0001,0.003,1.00E-05,1.5,1000,1000,0,0,0,0,0
0.3,0.0001,0.003,1.00E-05,2,10,1000,0,0,0,0,0
0.3,0.0001,0.003,1.00E-05,2,100,1000,0,0,0,0,0
0.3,0.0001,0.003,1.00E-05,2,1000,1000,0,0,0,0,0
0.3,0.0001,0.003,1.00E-05,2.5,10,1000,0,0,0,0,0
0.3,0.0001,0.003,1.00E-05,2.5,100,1000,0,0,0,0,0
0.3,0.0001,0.003,1.00E-05,2.5,1000,1000,0,0,0,0,0
0.3,0.0001,0.003,1.00E-05,3,10,1000,0,0,0,0,0
0.3,0.0001,0.003,1.00E-05,3,100,1000,0,0,0,0,0
0.3,0.0001,0.003,1.00E-05,3,1000,1000,0,0,0,0,0
0.3,0.0001,0.003,0.001,0.1,10,1000,0,0,0,0,0
0.3,0.0001,0.003,0.001,0.1,100,1000,0,0,0,0,0
0.3,0.0001,0.003,0.001,0.1,1000,1000,0,0,0,0,0
0.3,0.0001,0.003,0.001,0.5,10,1000,0,0,0,0,0
0.3,0.0001,0.003,0.001,0.5,100,1000,0,0,0,0,0
0.3,0.0001,0.003,0.001,0.5,1000,1000,0,0,0,0,0
0.3,0.0001,0.003,0.001,1.1,10,1000,0,0,0,0,0
0.3,0.0001,0.003,0.001,1.1,100,1000,0,0,0,0,0
0.3,0.0001,0.003,0.001,1.1,1000,1000,0,0,0,0,0
0.3,0.0001,0.003,0.001,1.5,10,1000,0,0,0,0,0
0.3,0.0001,0.003,0.001,1.5,100,1000,0,0,0,0,0
0.3,0.0001,0.003,0.001,1.5,1000,1000,0,0,0,0,0
0.3,0.0001,0.003,0.001,2,10,1000,0,0,0,0,0
0.3,0.0001,0.003,0.001,2,100,1000,0,0,0,0,0
0.3,0.0001,0.003,0.001,2,1000,1000,0,0,0,0,0
0.3,0.0001,0.003,0.001,2.5,10,1000,0,0,0,0,0
0.3,0.0001,0.003,0.001,2.5,100,1000,0,0,0,0,0
0.3,0.0001,0.003,0.001,2.5,1000,1000,0,0,0,0,0
0.3,0.0001,0.003,0.001,3,10,1000,0,0,0,0,0
0.3,0.0001,0.003,0.001,3,100,1000,0,0,0,0,0
0.3,0.0001,0.003,0.001,3,1000,1000,0,0,0,0,0
0.3,0.0001,0.003,0.1,0.1,10,1000,0,0,29.24642945,0,441.8312927
0.3,0.0001,0.003,0.1,0.1,100,1000,0,0,2.557503173,0,8.967352962
0.3,0.0001,0.003,0.1,0.1,1000,1000,0,0,0.143816674,0,0.011973348
0.3,0.0001,0.003,0.1,0.5,10,1000,0,0,30.90600298,0,536.9195393
0.3,0.0001,0.003,0.1,0.5,100,1000,0,0,1.320241115,0,7.234201804
0.3,0.0001,0.003,0.1,0.5,1000,1000,0,0,0.095362767,0,0.0850914
0.3,0.0001,0.003,0.1,1.1,10,1000,0,0,28.93248212,0,535.5575733
0.3,0.0001,0.003,0.1,1.1,100,1000,0,0,0.959753821,0,0.524908896
0.3,0.0001,0.003,0.1,1.1,1000,1000,0,0,0.076174401,0,0.00146929
0.3,0.0001,0.003,0.1,1.5,10,1000,0,0,27.21887641,0,513.1346816
0.3,0.0001,0.003,0.1,1.5,100,999,1,0.375,0.884152334,0,0.412620435
0.3,0.0001,0.003,0.1,1.5,1000,1000,0,0,0.113731573,0,0.733778354
0.3,0.0001,0.003,0.1,2,10,1000,0,0,25.3159645,0,385.7827514
0.3,0.0001,0.003,0.1,2,100,999,1,0,0.854043813,0,0.381480923
0.3,0.0001,0.003,0.1,2,1000,1000,0,0,0.121499041,0,0.95387061
0.3,0.0001,0.003,0.1,2.5,10,996,4,0.259539474,26.2050413,0.025108531,517.5018831
0.3,0.0001,0.003,0.1,2.5,100,997,3,0.215277778,1.071471959,0.023244599,16.41006358
0.3,0.0001,0.003,0.1,2.5,1000,993,7,0.3068262,0.082949896,0.021136191,0.018680989
0.3,0.0001,0.003,0.1,3,10,990,10,0.361248968,23.43721462,0.008788222,377.418181
0.3,0.0001,0.003,0.1,3,100,995,5,0.315833333,0.895161346,0.004225,1.186240247
0.3,0.0001,0.003,0.1,3,1000,991,9,0.318630993,0.073863985,0.006395502,0.001428683
0.3,0.0001,0.003,1,0.1,10,892,108,0.419734194,4.917071054,0.019595009,29.79311646
0.3,0.0001,0.003,1,0.1,100,830,170,0.383002425,0.113648123,0.030820802,0.002450214
0.3,0.0001,0.003,1,0.1,1000,836,164,0.402611813,0.027193377,0.025363258,0.176238618
0.3,0.0001,0.003,1,0.5,10,649,351,0.44454109,4.584335719,0.01511231,23.55606155
0.3,0.0001,0.003,1,0.5,100,556,444,0.438540188,0.106172224,0.014453512,0.851530646
0.3,0.0001,0.003,1,0.5,1000,561,439,0.436627623,0.020561502,0.01292478,0.195026983
0.3,0.0001,0.003,1,1.1,10,417,583,0.455159792,4.469868964,0.006790132,24.07328069
0.3,0.0001,0.003,1,1.1,100,306,694,0.4543587,0.088620555,0.009225733,0.35605358
0.3,0.0001,0.003,1,1.1,1000,363,637,0.453144258,0.009583665,0.010154673,0.011748057
0.3,0.0001,0.003,1,1.5,10,332,668,0.468054367,4.298612392,0.005488766,27.01056221
0.3,0.0001,0.003,1,1.5,100,267,733,0.462010312,0.063985199,0.008411736,0.003855959
0.3,0.0001,0.003,1,1.5,1000,255,745,0.465133018,0.006153848,0.005247248,7.32E-06
0.3,0.0001,0.003,1,2,10,282,718,0.47042658,4.419915744,0.005510624,30.30609764
0.3,0.0001,0.003,1,2,100,188,812,0.467011424,0.070261696,0.005676352,0.052425232
0.3,0.0001,0.003,1,2,1000,198,802,0.466287757,0.006212431,0.005485551,6.84E-06
0.3,0.0001,0.003,1,2.5,10,251,749,0.466483843,4.4710429,0.006165405,32.69576719
0.3,0.0001,0.003,1,2.5,100,194,806,0.469686931,0.064388443,0.005508901,0.000775014
0.3,0.0001,0.003,1,2.5,1000,188,812,0.47112446,0.006189115,0.005225169,5.83E-06
0.3,0.0001,0.003,1,3,10,225,775,0.47311597,4.493057248,0.005055118,40.7597968
0.3,0.0001,0.003,1,3,100,155,845,0.478132235,0.06332681,0.004434795,0.000688773
0.3,0.0001,0.003,1,3,1000,185,815,0.474772924,0.06787653,0.00409858,3.82430521
0.3,0.001,0.0001,1.00E-05,0.1,10,1000,0,0,0,0,0
0.3,0.001,0.0001,1.00E-05,0.1,100,1000,0,0,0,0,0
0.3,0.001,0.0001,1.00E-05,0.1,1000,1000,0,0,0,0,0
0.3,0.001,0.0001,1.00E-05,0.5,10,1000,0,0,0,0,0
0.3,0.001,0.0001,1.00E-05,0.5,100,1000,0,0,0,0,0
0.3,0.001,0.0001,1.00E-05,0.5,1000,1000,0,0,0,0,0
0.3,0.001,0.0001,1.00E-05,1.1,10,1000,0,0,0,0,0
0.3,0.001,0.0001,1.00E-05,1.1,100,1000,0,0,0,0,0
0.3,0.001,0.0001,1.00E-05,1.1,1000,1000,0,0,0,0,0
0.3,0.001,0.0001,1.00E-05,1.5,10,1000,0,0,0,0,0
0.3,0.001,0.0001,1.00E-05,1.5,100,1000,0,0,0,0,0
0.3,0.001,0.0001,1.00E-05,1.5,1000,1000,0,0,0,0,0
0.3,0.001,0.0001,1.00E-05,2,10,1000,0,0,0,0,0
0.3,0.001,0.0001,1.00E-05,2,100,1000,0,0,0,0,0
0.3,0.001,0.0001,1.00E-05,2,1000,1000,0,0,0,0,0
0.3,0.001,0.0001,1.00E-05,2.5,10,1000,0,0,0,0,0
0.3,0.001,0.0001,1.00E-05,2.5,100,1000,0,0,0,0,0
0.3,0.001,0.0001,1.00E-05,2.5,1000,1000,0,0,0,0,0
0.3,0.001,0.0001,1.00E-05,3,10,1000,0,0,0,0,0
0.3,0.001,0.0001,1.00E-05,3,100,1000,0,0,0,0,0
0.3,0.001,0.0001,1.00E-05,3,1000,1000,0,0,0,0,0
0.3,0.001,0.0001,0.001,0.1,10,1000,0,0,0,0,0
0.3,0.001,0.0001,0.001,0.1,100,1000,0,0,0,0,0
0.3,0.001,0.0001,0.001,0.1,1000,1000,0,0,0,0,0
0.3,0.001,0.0001,0.001,0.5,10,1000,0,0,0,0,0
0.3,0.001,0.0001,0.001,0.5,100,1000,0,0,0,0,0
0.3,0.001,0.0001,0.001,0.5,1000,1000,0,0,0,0,0
0.3,0.001,0.0001,0.001,1.1,10,1000,0,0,0,0,0
0.3,0.001,0.0001,0.001,1.1,100,1000,0,0,0,0,0
0.3,0.001,0.0001,0.001,1.1,1000,1000,0,0,0,0,0
0.3,0.001,0.0001,0.001,1.5,10,1000,0,0,0,0,0
0.3,0.001,0.0001,0.001,1.5,100,1000,0,0,0,0,0
0.3,0.001,0.0001,0.001,1.5,1000,1000,0,0,0,0,0
0.3,0.001,0.0001,0.001,2,10,1000,0,0,0,0,0
0.3,0.001,0.0001,0.001,2,100,1000,0,0,0,0,0
0.3,0.001,0.0001,0.001,2,1000,1000,0,0,0,0,0
0.3,0.001,0.0001,0.001,2.5,10,1000,0,0,0,0,0
0.3,0.001,0.0001,0.001,2.5,100,1000,0,0,0,0,0
0.3,0.001,0.0001,0.001,2.5,1000,1000,0,0,0,0,0
0.3,0.001,0.0001,0.001,3,10,1000,0,0,0,0,0
0.3,0.001,0.0001,0.001,3,100,1000,0,0,0,0,0
0.3,0.001,0.0001,0.001,3,1000,1000,0,0,0,0,0
0.3,0.001,0.0001,0.1,0.1,10,501,499,0.236005114,0,0.000495832,0
0.3,0.001,0.0001,0.1,0.1,100,3,997,0.234195789,0,0.000569148,0
0.3,0.001,0.0001,0.1,0.1,1000,0,1000,0.234592277,0,0.00054623,0
0.3,0.001,0.0001,0.1,0.5,10,343,657,0.266199697,0,0.000370213,0
0.3,0.001,0.0001,0.1,0.5,100,2,998,0.267391785,0,0.00037416,0
0.3,0.001,0.0001,0.1,0.5,1000,0,1000,0.265660238,0,0.000364182,0
0.3,0.001,0.0001,0.1,1.1,10,230,770,0.298317287,0,0.000315566,0
0.3,0.001,0.0001,0.1,1.1,100,1,999,0.298448772,0,0.000303043,0
0.3,0.001,0.0001,0.1,1.1,1000,0,1000,0.298875665,6.901623294,0.000287598,5.516039101
0.3,0.001,0.0001,0.1,1.5,10,200,800,0.31301278,553.3051505,0.00029104,37968.77886
0.3,0.001,0.0001,0.1,1.5,100,1,999,0.313061791,515.4397291,0.000293892,58845.87337
0.3,0.001,0.0001,0.1,1.5,1000,0,1000,0.313000101,8.285059728,0.000251294,998.5982938
0.3,0.001,0.0001,0.1,2,10,199,801,0.327120543,505.4810319,0.000248091,55867.94283
0.3,0.001,0.0001,0.1,2,100,1,999,0.326055585,476.6050491,0.000249052,57743.64173
0.3,0.001,0.0001,0.1,2,1000,0,1000,0.326660026,12.14084049,0.000262232,4000.535433
0.3,0.001,0.0001,0.1,2.5,10,161,839,0.336798542,273.2066415,0.000228304,15220.37291
0.3,0.001,0.0001,0.1,2.5,100,2,998,0.336687465,218.6192722,0.000246558,14691.43455
0.3,0.001,0.0001,0.1,2.5,1000,0,1000,0.337693575,4.685114145,0.000235098,2.485430469
0.3,0.001,0.0001,0.1,3,10,146,854,0.346470202,177.0227532,0.000239219,2370.523919
0.3,0.001,0.0001,0.1,3,100,0,1000,0.346128971,129.2408174,0.000223024,2366.606836
0.3,0.001,0.0001,0.1,3,1000,0,1000,0.345644073,4.328915989,0.000238758,0.796278826
0.3,0.001,0.0001,1,0.1,10,163,837,0.431873885,69.47563438,0.000283992,158.9689956
0.3,0.001,0.0001,1,0.1,100,0,1000,0.432982247,33.2553246,0.000291938,21.98230931
0.3,0.001,0.0001,1,0.1,1000,0,1000,0.431863673,0.49008294,0.00027849,0.001754945
0.3,0.001,0.0001,1,0.5,10,86,914,0.447777049,63.84635814,0.000201432,114.8944361
0.3,0.001,0.0001,1,0.5,100,0,1000,0.4471371,29.82383548,0.000220647,23.15177297
0.3,0.001,0.0001,1,0.5,1000,0,1000,0.447396806,0.335622959,0.000215341,0.000751527
0.3,0.001,0.0001,1,1.1,10,35,965,0.460957282,60.41024266,0.000161967,128.7326248
0.3,0.001,0.0001,1,1.1,100,0,1000,0.460998752,27.18816331,0.000164126,19.14256771
0.3,0.001,0.0001,1,1.1,1000,0,1000,0.460398532,0.26182444,0.000162026,0.000395283
0.3,0.001,0.0001,1,1.5,10,20,980,0.466396759,58.34151794,0.000124237,104.0477167
0.3,0.001,0.0001,1,1.5,100,0,1000,0.466226236,26.27630294,0.000131027,12.57999271
0.3,0.001,0.0001,1,1.5,1000,0,1000,0.466321037,0.247408824,0.000136325,0.000390792
0.3,0.001,0.0001,1,2,10,24,976,0.471381529,57.32486915,0.000110339,77.74027369
0.3,0.001,0.0001,1,2,100,0,1000,0.472010908,25.51337849,0.000117734,11.07971167
0.3,0.001,0.0001,1,2,1000,0,1000,0.471847301,0.23770187,0.000118708,0.00031372
0.3,0.001,0.0001,1,2.5,10,16,984,0.475132823,56.98200698,9.98E-05,120.3775613
0.3,0.001,0.0001,1,2.5,100,0,1000,0.475134511,24.91359066,9.04E-05,10.56865268
0.3,0.001,0.0001,1,2.5,1000,0,1000,0.475576369,0.235256494,0.000101166,0.000276231
0.3,0.001,0.0001,1,3,10,20,980,0.477757785,56.01705114,8.25E-05,85.26017065
0.3,0.001,0.0001,1,3,100,0,1000,0.478034765,24.3943188,7.81E-05,9.471541019
0.3,0.001,0.0001,1,3,1000,0,1000,0.478084992,0.233913277,9.20E-05,0.000306373
0.3,0.001,0.0003,1.00E-05,0.1,10,1000,0,0,0,0,0
0.3,0.001,0.0003,1.00E-05,0.1,100,1000,0,0,0,0,0
0.3,0.001,0.0003,1.00E-05,0.1,1000,1000,0,0,0,0,0
0.3,0.001,0.0003,1.00E-05,0.5,10,1000,0,0,0,0,0
0.3,0.001,0.0003,1.00E-05,0.5,100,1000,0,0,0,0,0
0.3,0.001,0.0003,1.00E-05,0.5,1000,1000,0,0,0,0,0
0.3,0.001,0.0003,1.00E-05,1.1,10,1000,0,0,0,0,0
0.3,0.001,0.0003,1.00E-05,1.1,100,1000,0,0,0,0,0
0.3,0.001,0.0003,1.00E-05,1.1,1000,1000,0,0,0,0,0
0.3,0.001,0.0003,1.00E-05,1.5,10,1000,0,0,0,0,0
0.3,0.001,0.0003,1.00E-05,1.5,100,1000,0,0,0,0,0
0.3,0.001,0.0003,1.00E-05,1.5,1000,1000,0,0,0,0,0
0.3,0.001,0.0003,1.00E-05,2,10,1000,0,0,0,0,0
0.3,0.001,0.0003,1.00E-05,2,100,1000,0,0,0,0,0
0.3,0.001,0.0003,1.00E-05,2,1000,1000,0,0,0,0,0
0.3,0.001,0.0003,1.00E-05,2.5,10,1000,0,0,0,0,0
0.3,0.001,0.0003,1.00E-05,2.5,100,1000,0,0,0,0,0
0.3,0.001,0.0003,1.00E-05,2.5,1000,1000,0,0,0,0,0
0.3,0.001,0.0003,1.00E-05,3,10,1000,0,0,0,0,0
0.3,0.001,0.0003,1.00E-05,3,100,1000,0,0,0,0,0
0.3,0.001,0.0003,1.00E-05,3,1000,1000,0,0,0,0,0
0.3,0.001,0.0003,0.001,0.1,10,1000,0,0,0,0,0
0.3,0.001,0.0003,0.001,0.1,100,1000,0,0,0,0,0
0.3,0.001,0.0003,0.001,0.1,1000,1000,0,0,0,0,0
0.3,0.001,0.0003,0.001,0.5,10,1000,0,0,0,0,0
0.3,0.001,0.0003,0.001,0.5,100,1000,0,0,0,0,0
0.3,0.001,0.0003,0.001,0.5,1000,1000,0,0,0,0,0
0.3,0.001,0.0003,0.001,1.1,10,1000,0,0,0,0,0
0.3,0.001,0.0003,0.001,1.1,100,1000,0,0,0,0,0
0.3,0.001,0.0003,0.001,1.1,1000,1000,0,0,0,0,0
0.3,0.001,0.0003,0.001,1.5,10,1000,0,0,0,0,0
0.3,0.001,0.0003,0.001,1.5,100,1000,0,0,0,0,0
0.3,0.001,0.0003,0.001,1.5,1000,1000,0,0,0,0,0
0.3,0.001,0.0003,0.001,2,10,1000,0,0,0,0,0
0.3,0.001,0.0003,0.001,2,100,1000,0,0,0,0,0
0.3,0.001,0.0003,0.001,2,1000,1000,0,0,0,0,0
0.3,0.001,0.0003,0.001,2.5,10,1000,0,0,0,0,0
0.3,0.001,0.0003,0.001,2.5,100,1000,0,0,0,0,0
0.3,0.001,0.0003,0.001,2.5,1000,1000,0,0,0,0,0
0.3,0.001,0.0003,0.001,3,10,1000,0,0,0,0,0
0.3,0.001,0.0003,0.001,3,100,1000,0,0,0,0,0
0.3,0.001,0.0003,0.001,3,1000,1000,0,0,0,0,0
0.3,0.001,0.0003,0.1,0.1,10,538,462,0.236284612,0,0.00185612,0
0.3,0.001,0.0003,0.1,0.1,100,15,985,0.235811163,0,0.001687727,0
0.3,0.001,0.0003,0.1,0.1,1000,2,998,0.236842424,2.75378131,0.001721691,1.29390048
0.3,0.001,0.0003,0.1,0.5,10,356,644,0.26691527,449.2848066,0.001293726,0
0.3,0.001,0.0003,0.1,0.5,100,6,994,0.268616579,0,0.001267345,0
0.3,0.001,0.0003,0.1,0.5,1000,0,1000,0.268031187,1.275401192,0.001107543,0.15569736
0.3,0.001,0.0003,0.1,1.1,10,265,735,0.30063132,523.8833254,0.0009088,60754.78483
0.3,0.001,0.0003,0.1,1.1,100,2,998,0.298544812,486.8596185,0.000933393,67841.77864
0.3,0.001,0.0003,0.1,1.1,1000,0,1000,0.298520297,0.989168288,0.000989688,0.114989923
0.3,0.001,0.0003,0.1,1.5,10,214,786,0.312706046,379.0876365,0.000845693,44742.34286
0.3,0.001,0.0003,0.1,1.5,100,2,998,0.314252495,304.3967653,0.0008424,45054.64583
0.3,0.001,0.0003,0.1,1.5,1000,0,1000,0.313475715,0.967087024,0.000781715,0.259223969
0.3,0.001,0.0003,0.1,2,10,206,794,0.325064425,204.298135,0.000746667,9572.494784
0.3,0.001,0.0003,0.1,2,100,0,1000,0.327896456,140.028865,0.000788679,9664.614581
0.3,0.001,0.0003,0.1,2,1000,0,1000,0.325330965,0.93265868,0.000745005,0.027222122
0.3,0.001,0.0003,0.1,2.5,10,201,799,0.336886871,146.4216785,0.000672775,2666.281112
0.3,0.001,0.0003,0.1,2.5,100,2,998,0.337833022,90.34808096,0.000776605,2759.968317
0.3,0.001,0.0003,0.1,2.5,1000,0,1000,0.33813343,0.930091082,0.000716206,0.025140832
0.3,0.001,0.0003,0.1,3,10,171,829,0.345858851,126.8732053,0.000634875,1479.980857
0.3,0.001,0.0003,0.1,3,100,0,1000,0.345418069,67.11729842,0.000752222,1122.986384
0.3,0.001,0.0003,0.1,3,1000,0,1000,0.345313964,0.92810624,0.000685403,0.02776257
0.3,0.001,0.0003,1,0.1,10,161,839,0.432452882,51.67930475,0.000888324,170.8802594
0.3,0.001,0.0003,1,0.1,100,0,1000,0.431760474,11.41516304,0.00085262,19.93694197
0.3,0.001,0.0003,1,0.1,1000,0,1000,0.43391859,0.127787427,0.000886597,0.002497195
0.3,0.001,0.0003,1,0.5,10,83,917,0.446413869,47.94870035,0.000629263,164.7322894
0.3,0.001,0.0003,1,0.5,100,1,999,0.446964268,9.373753618,0.000671207,21.99002172
0.3,0.001,0.0003,1,0.5,1000,0,1000,0.448656594,0.084495994,0.000677332,0.000824478
0.3,0.001,0.0003,1,1.1,10,40,960,0.461687423,43.73318323,0.00049989,108.8000991
0.3,0.001,0.0003,1,1.1,100,0,1000,0.461213475,8.153700011,0.000463227,12.01953359
0.3,0.001,0.0003,1,1.1,1000,0,1000,0.461046665,0.074199585,0.000463724,0.005054917
0.3,0.001,0.0003,1,1.5,10,26,974,0.466688607,43.81923286,0.000423763,117.7017804
0.3,0.001,0.0003,1,1.5,100,0,1000,0.466468601,7.394206572,0.000419554,8.919541581
0.3,0.001,0.0003,1,1.5,1000,0,1000,0.466029936,0.070505714,0.000392898,7.74E-05
0.3,0.001,0.0003,1,2,10,17,983,0.471896542,42.851507,0.000365526,102.1673433
0.3,0.001,0.0003,1,2,100,0,1000,0.471549237,7.20768142,0.00033155,8.09951329
0.3,0.001,0.0003,1,2,1000,0,1000,0.472042436,0.070826228,0.000344855,7.88E-05
0.3,0.001,0.0003,1,2.5,10,23,977,0.474997086,42.39274155,0.000298276,105.6284248
0.3,0.001,0.0003,1,2.5,100,0,1000,0.475877687,6.931087286,0.000299247,9.415970708
0.3,0.001,0.0003,1,2.5,1000,0,1000,0.474805911,0.070239579,0.000293493,8.84E-05
0.3,0.001,0.0003,1,3,10,19,981,0.47857044,41.71038099,0.000259538,94.74555232
0.3,0.001,0.0003,1,3,100,0,1000,0.478519909,6.640369556,0.000251587,8.858197173
0.3,0.001,0.0003,1,3,1000,0,1000,0.477852865,0.070259852,0.000271828,8.71E-05
0.3,0.001,0.001,1.00E-05,0.1,10,1000,0,0,0,0,0
0.3,0.001,0.001,1.00E-05,0.1,100,1000,0,0,0,0,0
0.3,0.001,0.001,1.00E-05,0.1,1000,1000,0,0,0,0,0
0.3,0.001,0.001,1.00E-05,0.5,10,1000,0,0,0,0,0
0.3,0.001,0.001,1.00E-05,0.5,100,1000,0,0,0,0,0
0.3,0.001,0.001,1.00E-05,0.5,1000,1000,0,0,0,0,0
0.3,0.001,0.001,1.00E-05,1.1,10,1000,0,0,0,0,0
0.3,0.001,0.001,1.00E-05,1.1,100,1000,0,0,0,0,0
0.3,0.001,0.001,1.00E-05,1.1,1000,1000,0,0,0,0,0
0.3,0.001,0.001,1.00E-05,1.5,10,1000,0,0,0,0,0
0.3,0.001,0.001,1.00E-05,1.5,100,1000,0,0,0,0,0
0.3,0.001,0.001,1.00E-05,1.5,1000,1000,0,0,0,0,0
0.3,0.001,0.001,1.00E-05,2,10,1000,0,0,0,0,0
0.3,0.001,0.001,1.00E-05,2,100,1000,0,0,0,0,0
0.3,0.001,0.001,1.00E-05,2,1000,1000,0,0,0,0,0
0.3,0.001,0.001,1.00E-05,2.5,10,1000,0,0,0,0,0
0.3,0.001,0.001,1.00E-05,2.5,100,1000,0,0,0,0,0
0.3,0.001,0.001,1.00E-05,2.5,1000,1000,0,0,0,0,0
0.3,0.001,0.001,1.00E-05,3,10,1000,0,0,0,0,0
0.3,0.001,0.001,1.00E-05,3,100,1000,0,0,0,0,0
0.3,0.001,0.001,1.00E-05,3,1000,1000,0,0,0,0,0
0.3,0.001,0.001,0.001,0.1,10,1000,0,0,0,0,0
0.3,0.001,0.001,0.001,0.1,100,1000,0,0,0,0,0
0.3,0.001,0.001,0.001,0.1,1000,1000,0,0,0,0,0
0.3,0.001,0.001,0.001,0.5,10,1000,0,0,0,0,0
0.3,0.001,0.001,0.001,0.5,100,1000,0,0,0,0,0
0.3,0.001,0.001,0.001,0.5,1000,1000,0,0,0,0,0
0.3,0.001,0.001,0.001,1.1,10,1000,0,0,0,0,0
0.3,0.001,0.001,0.001,1.1,100,1000,0,0,0,0,0
0.3,0.001,0.001,0.001,1.1,1000,1000,0,0,0,0,0
0.3,0.001,0.001,0.001,1.5,10,1000,0,0,0,0,0
0.3,0.001,0.001,0.001,1.5,100,1000,0,0,0,0,0
0.3,0.001,0.001,0.001,1.5,1000,1000,0,0,0,0,0
0.3,0.001,0.001,0.001,2,10,1000,0,0,0,0,0
0.3,0.001,0.001,0.001,2,100,1000,0,0,0,0,0
0.3,0.001,0.001,0.001,2,1000,1000,0,0,0,0,0
0.3,0.001,0.001,0.001,2.5,10,1000,0,0,0,0,0
0.3,0.001,0.001,0.001,2.5,100,1000,0,0,0,0,0
0.3,0.001,0.001,0.001,2.5,1000,1000,0,0,0,0,0
0.3,0.001,0.001,0.001,3,10,1000,0,0,0,0,0
0.3,0.001,0.001,0.001,3,100,1000,0,0,0,0,0
0.3,0.001,0.001,0.001,3,1000,1000,0,0,0,0,0
0.3,0.001,0.001,0.1,0.1,10,990,10,0.182795974,432.1603305,0.017379535,101409.9143
0.3,0.001,0.001,0.1,0.1,100,956,44,0.193746489,51.47624452,0.016942694,18908.61601
0.3,0.001,0.001,0.1,0.1,1000,955,45,0.214740654,0.580420427,0.011105255,0.142158633
0.3,0.001,0.001,0.1,0.5,10,760,240,0.263740827,395.4311368,0.007850334,66710.44711
0.3,0.001,0.001,0.1,0.5,100,529,471,0.260006312,124.1802472,0.00742508,45394.26066
0.3,0.001,0.001,0.1,0.5,1000,529,471,0.267325106,0.363085403,0.006790024,0.580423732
0.3,0.001,0.001,0.1,1.1,10,420,580,0.298887096,219.8072449,0.003972928,22916.97477
0.3,0.001,0.001,0.1,1.1,100,123,877,0.298213107,34.95974719,0.00435111,8088.724754
0.3,0.001,0.001,0.1,1.1,1000,125,875,0.295088826,0.606219539,0.004072554,53.41095476
0.3,0.001,0.001,0.1,1.5,10,327,673,0.311844737,149.1894787,0.00349531,8968.948737
0.3,0.001,0.001,0.1,1.5,100,71,929,0.313757354,14.75533545,0.003276814,2159.652639
0.3,0.001,0.001,0.1,1.5,1000,60,940,0.31238117,0.388845522,0.003564938,15.03560942
0.3,0.001,0.001,0.1,2,10,286,714,0.326228002,113.4809191,0.00291375,4449.363603
0.3,0.001,0.001,0.1,2,100,40,960,0.323316195,9.589245339,0.003241084,660.010005
0.3,0.001,0.001,0.1,2,1000,30,970,0.326144248,0.362516908,0.002863868,6.374824797
0.3,0.001,0.001,0.1,2.5,10,260,740,0.332352394,97.61049777,0.003301931,2725.745212
0.3,0.001,0.001,0.1,2.5,100,13,987,0.33554408,7.498313625,0.002844345,287.5596935
0.3,0.001,0.001,0.1,2.5,1000,9,991,0.334608437,0.324803232,0.002798459,2.764298334
0.3,0.001,0.001,0.1,3,10,227,773,0.346315861,88.59065185,0.002624704,2213.205704
0.3,0.001,0.001,0.1,3,100,18,982,0.344574058,5.686720349,0.002504346,106.8444627
0.3,0.001,0.001,0.1,3,1000,13,987,0.341908458,0.531127248,0.002812279,45.04191069
0.3,0.001,0.001,1,0.1,10,212,788,0.428245397,31.48095014,0.003122346,212.5603923
0.3,0.001,0.001,1,0.1,100,1,999,0.43273202,0.735443823,0.003182233,9.902456587
0.3,0.001,0.001,1,0.1,1000,0,1000,0.429900529,0.034045605,0.003136046,7.52E-05
0.3,0.001,0.001,1,0.5,10,101,899,0.445264954,28.42937787,0.002059965,220.4106889
0.3,0.001,0.001,1,0.5,100,0,1000,0.447627735,0.388185961,0.002272222,2.049037252
0.3,0.001,0.001,1,0.5,1000,0,1000,0.448891241,0.029651067,0.002278536,0.022959921
0.3,0.001,0.001,1,1.1,10,43,957,0.460812102,27.9615199,0.001734595,146.3944501
0.3,0.001,0.001,1,1.1,100,0,1000,0.463210734,0.274042113,0.001700213,0.034285338
0.3,0.001,0.001,1,1.1,1000,0,1000,0.461842613,0.030898224,0.001677432,0.051812384
0.3,0.001,0.001,1,1.5,10,37,963,0.466428336,26.44565957,0.001408214,142.7356114
0.3,0.001,0.001,1,1.5,100,1,999,0.466938518,0.285410571,0.001417356,0.866374409
0.3,0.001,0.001,1,1.5,1000,0,1000,0.466978616,0.024113761,0.001371372,0.010960275
0.3,0.001,0.001,1,2,10,39,961,0.47062807,26.53904962,0.001197394,135.4525452
0.3,0.001,0.001,1,2,100,0,1000,0.471552743,0.278645426,0.001194792,0.779032733
0.3,0.001,0.001,1,2,1000,0,1000,0.473136714,0.020979812,0.00119027,5.97E-05
0.3,0.001,0.001,1,2.5,10,32,968,0.4751404,26.25350694,0.001116779,141.6962522
0.3,0.001,0.001,1,2.5,100,0,1000,0.475550416,0.27111786,0.001045127,0.497778015
0.3,0.001,0.001,1,2.5,1000,0,1000,0.474793908,0.022030876,0.001014157,0.002211445
0.3,0.001,0.001,1,3,10,21,979,0.478666301,26.05574844,0.000932741,117.8312157
0.3,0.001,0.001,1,3,100,1,999,0.478974413,0.292254772,0.000866108,2.668703929
0.3,0.001,0.001,1,3,1000,0,1000,0.479041869,0.030206531,0.000932513,0.052750067
0.3,0.001,0.003,1.00E-05,0.1,10,1000,0,0,0,0,0
0.3,0.001,0.003,1.00E-05,0.1,100,1000,0,0,0,0,0
0.3,0.001,0.003,1.00E-05,0.1,1000,1000,0,0,0,0,0
0.3,0.001,0.003,1.00E-05,0.5,10,1000,0,0,0,0,0
0.3,0.001,0.003,1.00E-05,0.5,100,1000,0,0,0,0,0
0.3,0.001,0.003,1.00E-05,0.5,1000,1000,0,0,0,0,0
0.3,0.001,0.003,1.00E-05,1.1,10,1000,0,0,0,0,0
0.3,0.001,0.003,1.00E-05,1.1,100,1000,0,0,0,0,0
0.3,0.001,0.003,1.00E-05,1.1,1000,1000,0,0,0,0,0
0.3,0.001,0.003,1.00E-05,1.5,10,1000,0,0,0,0,0
0.3,0.001,0.003,1.00E-05,1.5,100,1000,0,0,0,0,0
0.3,0.001,0.003,1.00E-05,1.5,1000,1000,0,0,0,0,0
0.3,0.001,0.003,1.00E-05,2,10,1000,0,0,0,0,0
0.3,0.001,0.003,1.00E-05,2,100,1000,0,0,0,0,0
0.3,0.001,0.003,1.00E-05,2,1000,1000,0,0,0,0,0
0.3,0.001,0.003,1.00E-05,2.5,10,1000,0,0,0,0,0
0.3,0.001,0.003,1.00E-05,2.5,100,1000,0,0,0,0,0
0.3,0.001,0.003,1.00E-05,2.5,1000,1000,0,0,0,0,0
0.3,0.001,0.003,1.00E-05,3,10,1000,0,0,0,0,0
0.3,0.001,0.003,1.00E-05,3,100,1000,0,0,0,0,0
0.3,0.001,0.003,1.00E-05,3,1000,1000,0,0,0,0,0
0.3,0.001,0.003,0.001,0.1,10,1000,0,0,0,0,0
0.3,0.001,0.003,0.001,0.1,100,1000,0,0,0,0,0
0.3,0.001,0.003,0.001,0.1,1000,1000,0,0,0,0,0
0.3,0.001,0.003,0.001,0.5,10,1000,0,0,0,0,0
0.3,0.001,0.003,0.001,0.5,100,1000,0,0,0,0,0
0.3,0.001,0.003,0.001,0.5,1000,1000,0,0,0,0,0
0.3,0.001,0.003,0.001,1.1,10,1000,0,0,0,0,0
0.3,0.001,0.003,0.001,1.1,100,1000,0,0,0,0,0
0.3,0.001,0.003,0.001,1.1,1000,1000,0,0,0,0,0
0.3,0.001,0.003,0.001,1.5,10,1000,0,0,0,0,0
0.3,0.001,0.003,0.001,1.5,100,1000,0,0,0,0,0
0.3,0.001,0.003,0.001,1.5,1000,1000,0,0,0,0,0
0.3,0.001,0.003,0.001,2,10,1000,0,0,0,0,0
0.3,0.001,0.003,0.001,2,100,1000,0,0,0,0,0
0.3,0.001,0.003,0.001,2,1000,1000,0,0,0,0,0
0.3,0.001,0.003,0.001,2.5,10,1000,0,0,0,0,0
0.3,0.001,0.003,0.001,2.5,100,1000,0,0,0,0,0
0.3,0.001,0.003,0.001,2.5,1000,1000,0,0,0,0,0
0.3,0.001,0.003,0.001,3,10,1000,0,0,0,0,0
0.3,0.001,0.003,0.001,3,100,1000,0,0,0,0,0
0.3,0.001,0.003,0.001,3,1000,1000,0,0,0,0,0
0.3,0.001,0.003,0.1,0.1,10,1000,0,0,32.44977786,0,700.1056476
0.3,0.001,0.003,0.1,0.1,100,1000,0,0,2.508036577,0,23.11445613
0.3,0.001,0.003,0.1,0.1,1000,1000,0,0,0.205259194,0,1.175734463
0.3,0.001,0.003,0.1,0.5,10,1000,0,0,31.54814921,0,610.2054594
0.3,0.001,0.003,0.1,0.5,100,1000,0,0,1.438784895,0,23.6630053
0.3,0.001,0.003,0.1,0.5,1000,1000,0,0,0.241919644,0,6.741217949
0.3,0.001,0.003,0.1,1.1,10,1000,0,0,28.68108071,0,624.2044552
0.3,0.001,0.003,0.1,1.1,100,1000,0,0,1.01883661,0,5.379504172
0.3,0.001,0.003,0.1,1.1,1000,1000,0,0,0.234335963,0,7.409391316
0.3,0.001,0.003,0.1,1.5,10,999,1,0,29.2669693,0,526.7885443
0.3,0.001,0.003,0.1,1.5,100,999,1,0,1.233795128,0,30.81262162
0.3,0.001,0.003,0.1,1.5,1000,999,1,0,0.172918457,0,2.068215577
0.3,0.001,0.003,0.1,2,10,998,2,0.268518519,26.29690609,8.57E-05,462.2220894
0.3,0.001,0.003,0.1,2,100,995,5,0.334545455,1.08878935,0.007955372,4.732576314
0.3,0.001,0.003,0.1,2,1000,994,6,0.251880342,0.29516047,0.015921481,8.517292877
0.3,0.001,0.003,0.1,2.5,10,998,2,0.352339181,24.3610142,0.001335881,391.2453934
0.3,0.001,0.003,0.1,2.5,100,992,8,0.355127165,1.120655593,0.004168052,10.14710823
0.3,0.001,0.003,0.1,2.5,1000,993,7,0.221861472,0.316995703,0.025690579,11.06368078
0.3,0.001,0.003,0.1,3,10,988,12,0.344523252,24.69965675,0.013171722,450.4052659
0.3,0.001,0.003,0.1,3,100,982,18,0.312600452,1.348066313,0.031481171,29.0567284
0.3,0.001,0.003,0.1,3,1000,986,14,0.277660316,0.16678331,0.019166418,0.994427341
0.3,0.001,0.003,1,0.1,10,862,138,0.397240968,4.933187672,0.025694419,28.22671477
0.3,0.001,0.003,1,0.1,100,796,204,0.393151237,0.240789885,0.023651367,2.73048668
0.3,0.001,0.003,1,0.1,1000,806,194,0.41629168,0.021740835,0.020588392,0.047651005
0.3,0.001,0.003,1,0.5,10,611,389,0.438366873,4.659429088,0.015655448,29.78385513
0.3,0.001,0.003,1,0.5,100,538,462,0.433790705,0.128691536,0.014908401,0.994214413
0.3,0.001,0.003,1,0.5,1000,523,477,0.432964477,0.008973966,0.012803745,0.004029726
0.3,0.001,0.003,1,1.1,10,395,605,0.450265125,4.639025526,0.008947489,32.66631223
0.3,0.001,0.003,1,1.1,100,323,677,0.451077705,0.069004469,0.009745112,0.016648071
0.3,0.001,0.003,1,1.1,1000,340,660,0.45361514,0.009131736,0.009444647,0.008082482
0.3,0.001,0.003,1,1.5,10,342,658,0.468872086,4.538186582,0.007099475,28.58027863
0.3,0.001,0.003,1,1.5,100,253,747,0.46104132,0.067230635,0.007474771,0.007760866
0.3,0.001,0.003,1,1.5,1000,262,738,0.45694527,0.007034573,0.008863715,0.000278999
0.3,0.001,0.003,1,2,10,272,728,0.469046611,4.406327585,0.0054914,33.00300891
0.3,0.001,0.003,1,2,100,226,774,0.469734172,0.097535799,0.005775265,0.819561008
0.3,0.001,0.003,1,2,1000,220,780,0.460091128,0.011279172,0.005876292,0.020600294
0.3,0.001,0.003,1,2.5,10,237,763,0.470411815,4.432709088,0.00428154,35.1891563
0.3,0.001,0.003,1,2.5,100,181,819,0.469252182,0.097191915,0.006046764,0.774524215
0.3,0.001,0.003,1,2.5,1000,197,803,0.470105033,0.0124305,0.005290629,0.034316485
0.3,0.001,0.003,1,3,10,209,791,0.475646332,4.724864239,0.00453789,53.33747318
0.3,0.001,0.003,1,3,100,152,848,0.479319971,0.238179393,0.003985889,22.33842777
0.3,0.001,0.003,1,3,1000,149,851,0.473903641,0.015252536,0.004699464,0.052101933
0.3,0.1,0.0001,1.00E-05,0.1,10,35,965,0.292403121,0,0.000386925,0
0.3,0.1,0.0001,1.00E-05,0.1,100,0,1000,0.292869183,0,0.000418356,0
0.3,0.1,0.0001,1.00E-05,0.1,1000,0,1000,0.293521867,7.138223022,0.000449667,5.616606673
0.3,0.1,0.0001,1.00E-05,0.5,10,35,965,0.294251484,631.4920171,0.000442734,0
0.3,0.1,0.0001,1.00E-05,0.5,100,0,1000,0.29350958,0,0.000416008,0
0.3,0.1,0.0001,1.00E-05,0.5,1000,0,1000,0.292811275,7.240267895,0.00040747,7.42647668
0.3,0.1,0.0001,1.00E-05,1.1,10,46,954,0.294869768,0,0.000439434,0
0.3,0.1,0.0001,1.00E-05,1.1,100,0,1000,0.294452303,0,0.000432117,0
0.3,0.1,0.0001,1.00E-05,1.1,1000,0,1000,0.293344142,7.335742602,0.000435189,6.969817613
0.3,0.1,0.0001,1.00E-05,1.5,10,48,952,0.292752378,624.6158915,0.000384472,0
0.3,0.1,0.0001,1.00E-05,1.5,100,0,1000,0.294794321,0,0.000452264,0
0.3,0.1,0.0001,1.00E-05,1.5,1000,0,1000,0.293907056,6.942481536,0.000437153,6.114329866
0.3,0.1,0.0001,1.00E-05,2,10,43,957,0.292311063,0,0.000406695,0
0.3,0.1,0.0001,1.00E-05,2,100,0,1000,0.293345513,0,0.000408809,0
0.3,0.1,0.0001,1.00E-05,2,1000,0,1000,0.293611533,7.181116205,0.000415064,4.729235408
0.3,0.1,0.0001,1.00E-05,2.5,10,54,946,0.292690879,0,0.000431128,0
0.3,0.1,0.0001,1.00E-05,2.5,100,0,1000,0.292951696,0,0.000458724,0
0.3,0.1,0.0001,1.00E-05,2.5,1000,0,1000,0.293415559,7.269428565,0.000410957,7.047448271
0.3,0.1,0.0001,1.00E-05,3,10,39,961,0.293633641,809.1557895,0.000434437,0
0.3,0.1,0.0001,1.00E-05,3,100,0,1000,0.292959894,0,0.000423664,0
0.3,0.1,0.0001,1.00E-05,3,1000,0,1000,0.293841925,6.992522498,0.00041585,5.118970459
0.3,0.1,0.0001,0.001,0.1,10,55,945,0.295008473,0,0.000485732,0
0.3,0.1,0.0001,0.001,0.1,100,0,1000,0.294986783,0,0.000441931,0
0.3,0.1,0.0001,0.001,0.1,1000,0,1000,0.294878318,6.883447169,0.000436591,5.948435676
0.3,0.1,0.0001,0.001,0.5,10,54,946,0.294143657,0,0.000447844,0
0.3,0.1,0.0001,0.001,0.5,100,0,1000,0.293643052,0,0.000405121,0
0.3,0.1,0.0001,0.001,0.5,1000,0,1000,0.293525054,7.926988035,0.000436046,87.016704
0.3,0.1,0.0001,0.001,1.1,10,47,953,0.294516732,0,0.000449453,0
0.3,0.1,0.0001,0.001,1.1,100,0,1000,0.294548012,0,0.000437204,0
0.3,0.1,0.0001,0.001,1.1,1000,0,1000,0.293836012,7.218523532,0.000414142,11.59129528
0.3,0.1,0.0001,0.001,1.5,10,44,956,0.294736305,0,0.000430873,0
0.3,0.1,0.0001,0.001,1.5,100,0,1000,0.294424457,0,0.000427497,0
0.3,0.1,0.0001,0.001,1.5,1000,0,1000,0.294914783,7.085325019,0.000411284,6.919509489
0.3,0.1,0.0001,0.001,2,10,48,952,0.293406319,0,0.000414262,0
0.3,0.1,0.0001,0.001,2,100,0,1000,0.29497487,0,0.000425217,0
0.3,0.1,0.0001,0.001,2,1000,0,1000,0.293642482,7.133414151,0.000400567,6.248152296
0.3,0.1,0.0001,0.001,2.5,10,38,962,0.294882572,960.8477338,0.000416853,0
0.3,0.1,0.0001,0.001,2.5,100,0,1000,0.295186238,0,0.000392155,0
0.3,0.1,0.0001,0.001,2.5,1000,0,1000,0.295378881,6.796305984,0.000418763,5.152750497
0.3,0.1,0.0001,0.001,3,10,43,957,0.293915841,0,0.000401004,0
0.3,0.1,0.0001,0.001,3,100,0,1000,0.295121584,0,0.000448996,0
0.3,0.1,0.0001,0.001,3,1000,0,1000,0.295427468,7.143531409,0.000455777,6.458478939
0.3,0.1,0.0001,0.1,0.1,10,37,963,0.335593196,220.3729835,0.000378283,6533.994064
0.3,0.1,0.0001,0.1,0.1,100,0,1000,0.336402492,162.0637846,0.000380963,6148.80572
0.3,0.1,0.0001,0.1,0.1,1000,0,1000,0.336561016,2.668448523,0.00037361,0.22302234
0.3,0.1,0.0001,0.1,0.5,10,22,978,0.347790008,151.5896542,0.000355583,1183.82654
0.3,0.1,0.0001,0.1,0.5,100,0,1000,0.348970909,102.3640091,0.000327896,907.7650476
0.3,0.1,0.0001,0.1,0.5,1000,0,1000,0.348141684,2.090735949,0.000341891,0.091410749
0.3,0.1,0.0001,0.1,1.1,10,17,983,0.362702931,121.8340558,0.000280631,488.772879
0.3,0.1,0.0001,0.1,1.1,100,0,1000,0.361243788,73.8092043,0.000300231,249.5113256
0.3,0.1,0.0001,0.1,1.1,1000,0,1000,0.361428049,1.762976284,0.000281008,0.048388717
0.3,0.1,0.0001,0.1,1.5,10,21,979,0.369243,112.7020702,0.00026979,393.0865853
0.3,0.1,0.0001,0.1,1.5,100,0,1000,0.368789904,65.17779589,0.000267058,131.2046785
0.3,0.1,0.0001,0.1,1.5,1000,0,1000,0.368478834,1.666761087,0.000284633,0.03883087
0.3,0.1,0.0001,0.1,2,10,18,982,0.377149682,105.5541426,0.000243903,342.6577183
0.3,0.1,0.0001,0.1,2,100,0,1000,0.376370695,59.09618732,0.000237593,98.89598678
0.3,0.1,0.0001,0.1,2,1000,0,1000,0.376688489,1.604584009,0.0002789,0.034217482
0.3,0.1,0.0001,0.1,2.5,10,14,986,0.382623074,99.01575909,0.000223101,277.8029467
0.3,0.1,0.0001,0.1,2.5,100,0,1000,0.382437761,54.86965976,0.000245485,70.75971685
0.3,0.1,0.0001,0.1,2.5,1000,0,1000,0.382589587,1.589166179,0.000248228,0.029074346
0.3,0.1,0.0001,0.1,3,10,14,986,0.38883975,94.17610627,0.000243651,263.7499269
0.3,0.1,0.0001,0.1,3,100,0,1000,0.38869724,51.77031361,0.000223762,60.6827015
0.3,0.1,0.0001,0.1,3,1000,0,1000,0.388165811,1.569775881,0.000232004,0.028936792
0.3,0.1,0.0001,1,0.1,10,7,993,0.440193773,65.66249058,0.000276588,124.7241877
0.3,0.1,0.0001,1,0.1,100,0,1000,0.440267601,30.91768605,0.00027331,19.2057895
0.3,0.1,0.0001,1,0.1,1000,0,1000,0.441487507,0.412699086,0.000295126,0.001524822
0.3,0.1,0.0001,1,0.5,10,9,991,0.453011772,62.36596554,0.000208092,101.4995681
0.3,0.1,0.0001,1,0.5,100,0,1000,0.452726013,28.46331179,0.000229922,13.86624189
0.3,0.1,0.0001,1,0.5,1000,0,1000,0.453014139,0.29704129,0.000220807,0.000594319
0.3,0.1,0.0001,1,1.1,10,7,993,0.463975087,59.60571411,0.000157302,101.3654903
0.3,0.1,0.0001,1,1.1,100,0,1000,0.464596447,26.69305007,0.000169068,12.49739273
0.3,0.1,0.0001,1,1.1,1000,0,1000,0.464124158,0.238868901,0.000157802,0.000358739
0.3,0.1,0.0001,1,1.5,10,6,994,0.468928431,58.49544983,0.000148486,98.37323365
0.3,0.1,0.0001,1,1.5,100,0,1000,0.468997107,25.85595654,0.000143636,10.98391236
0.3,0.1,0.0001,1,1.5,1000,0,1000,0.468753325,0.225130783,0.000136808,0.000309884
0.3,0.1,0.0001,1,2,10,7,993,0.473094887,56.91597313,0.00011986,98.81194546
0.3,0.1,0.0001,1,2,100,0,1000,0.472990648,25.35261261,0.000121843,12.20110844
0.3,0.1,0.0001,1,2,1000,0,1000,0.472974108,0.217926838,0.000128211,0.000286987
0.3,0.1,0.0001,1,2.5,10,9,991,0.476472181,56.33034432,0.000103706,93.21625729
0.3,0.1,0.0001,1,2.5,100,0,1000,0.476881673,24.63355309,9.87E-05,11.07892869
0.3,0.1,0.0001,1,2.5,1000,0,1000,0.476511966,0.215376929,0.000103383,0.000256792
0.3,0.1,0.0001,1,3,10,6,994,0.479072443,55.96746911,0.000100022,84.88893325
0.3,0.1,0.0001,1,3,100,0,1000,0.479236396,24.34312225,9.88E-05,10.42629545
0.3,0.1,0.0001,1,3,1000,0,1000,0.479232116,0.212804942,9.63E-05,0.000248402
0.3,0.1,0.0003,1.00E-05,0.1,10,41,959,0.292743697,519.6212208,0.001398667,61678.5398
0.3,0.1,0.0003,1.00E-05,0.1,100,0,1000,0.292085024,477.3541062,0.001267479,73171.98953
0.3,0.1,0.0003,1.00E-05,0.1,1000,0,1000,0.294512329,1.01659633,0.00137162,0.038167605
0.3,0.1,0.0003,1.00E-05,0.5,10,60,940,0.290970899,521.625852,0.0012841,53445.65229
0.3,0.1,0.0003,1.00E-05,0.5,100,0,1000,0.293721486,488.3390387,0.001268748,77012.26085
0.3,0.1,0.0003,1.00E-05,0.5,1000,0,1000,0.292020227,1.006491213,0.001324465,0.039638213
0.3,0.1,0.0003,1.00E-05,1.1,10,50,950,0.292142199,519.982725,0.001322442,57297.95699
0.3,0.1,0.0003,1.00E-05,1.1,100,0,1000,0.293098658,483.1046636,0.001448871,72371.25529
0.3,0.1,0.0003,1.00E-05,1.1,1000,0,1000,0.296089166,1.011867079,0.001302369,0.035666953
0.3,0.1,0.0003,1.00E-05,1.5,10,41,959,0.292479403,510.5514691,0.001323057,61219.80007
0.3,0.1,0.0003,1.00E-05,1.5,100,0,1000,0.29317521,476.270442,0.001334521,71991.19743
0.3,0.1,0.0003,1.00E-05,1.5,1000,0,1000,0.292912953,1.004254691,0.001380551,0.03752483
0.3,0.1,0.0003,1.00E-05,2,10,59,941,0.295102555,542.492291,0.001376779,62776.35685
0.3,0.1,0.0003,1.00E-05,2,100,0,1000,0.293717513,489.9509514,0.001379179,73845.25422
0.3,0.1,0.0003,1.00E-05,2,1000,0,1000,0.291770613,1.008104994,0.001322243,0.041525028
0.3,0.1,0.0003,1.00E-05,2.5,10,53,947,0.29453143,515.4478691,0.001301219,59661.4608
0.3,0.1,0.0003,1.00E-05,2.5,100,0,1000,0.292453234,483.159705,0.001352722,71825.10285
0.3,0.1,0.0003,1.00E-05,2.5,1000,0,1000,0.293883422,0.998342821,0.001357643,0.03652169
0.3,0.1,0.0003,1.00E-05,3,10,59,941,0.295056099,534.7050641,0.001289477,63691.14077
0.3,0.1,0.0003,1.00E-05,3,100,0,1000,0.293113873,480.0128595,0.001337191,70722.43388
0.3,0.1,0.0003,1.00E-05,3,1000,0,1000,0.292408814,0.999981512,0.001396565,0.03621069
0.3,0.1,0.0003,0.001,0.1,10,48,952,0.293729325,520.6339556,0.001303095,65556.12227
0.3,0.1,0.0003,0.001,0.1,100,0,1000,0.294717274,465.9299488,0.001438626,71012.18883
0.3,0.1,0.0003,0.001,0.1,1000,0,1000,0.292630241,0.992241931,0.001369731,0.035146438
0.3,0.1,0.0003,0.001,0.5,10,58,942,0.294431308,534.4909158,0.001393068,63167.8004
0.3,0.1,0.0003,0.001,0.5,100,0,1000,0.293996591,469.9015201,0.001350612,75235.59689
0.3,0.1,0.0003,0.001,0.5,1000,0,1000,0.294832671,0.993249287,0.001301422,0.035631421
0.3,0.1,0.0003,0.001,1.1,10,49,951,0.295826768,510.7503687,0.001335678,60324.90486
0.3,0.1,0.0003,0.001,1.1,100,0,1000,0.294807613,492.8604769,0.001301117,82754.824
0.3,0.1,0.0003,0.001,1.1,1000,0,1000,0.29432649,0.982660518,0.001289339,0.034520773
0.3,0.1,0.0003,0.001,1.5,10,47,953,0.294285807,525.0904184,0.001241923,57858.7023
0.3,0.1,0.0003,0.001,1.5,100,0,1000,0.2941188,471.3358009,0.001287673,71558.00768
0.3,0.1,0.0003,0.001,1.5,1000,0,1000,0.292540802,0.996463257,0.001245258,0.038395977
0.3,0.1,0.0003,0.001,2,10,46,954,0.293558609,524.7873077,0.001298656,58043.79811
0.3,0.1,0.0003,0.001,2,100,0,1000,0.295157069,457.614941,0.001187111,71074.11047
0.3,0.1,0.0003,0.001,2,1000,0,1000,0.293526491,0.984545998,0.001339222,0.030978922
0.3,0.1,0.0003,0.001,2.5,10,52,948,0.293660342,522.1043127,0.001355477,62472.80163
0.3,0.1,0.0003,0.001,2.5,100,0,1000,0.29509669,490.3265691,0.001318636,72132.2196
0.3,0.1,0.0003,0.001,2.5,1000,0,1000,0.294980866,0.986009976,0.001215487,0.035550814
0.3,0.1,0.0003,0.001,3,10,49,951,0.295403125,501.6296881,0.001280206,63160.33586
0.3,0.1,0.0003,0.001,3,100,0,1000,0.29437566,460.7784159,0.001303214,72221.56035
0.3,0.1,0.0003,0.001,3,1000,0,1000,0.293794976,0.991263412,0.001351511,0.033742917
0.3,0.1,0.0003,0.1,0.1,10,31,969,0.336290591,133.0864039,0.001235587,1829.418064
0.3,0.1,0.0003,0.1,0.1,100,0,1000,0.335909484,68.7085294,0.001215897,1422.634696
0.3,0.1,0.0003,0.1,0.1,1000,0,1000,0.337121159,0.539847297,0.001155089,0.007315619
0.3,0.1,0.0003,0.1,0.5,10,22,978,0.346348145,110.296832,0.000927104,1004.992475
0.3,0.1,0.0003,0.1,0.5,100,0,1000,0.348927757,50.21985071,0.001103987,608.5630361
0.3,0.1,0.0003,0.1,0.5,1000,0,1000,0.348819618,0.448082456,0.001006912,0.004505147
0.3,0.1,0.0003,0.1,1.1,10,25,975,0.36162503,93.15087206,0.000879003,627.8162579
0.3,0.1,0.0003,0.1,1.1,100,0,1000,0.362640798,37.74627116,0.000926329,273.5195767
0.3,0.1,0.0003,0.1,1.1,1000,0,1000,0.360171691,0.41500707,0.000941886,0.003878813
0.3,0.1,0.0003,0.1,1.5,10,20,980,0.369495836,86.23402147,0.000883611,502.4037214
0.3,0.1,0.0003,0.1,1.5,100,0,1000,0.369593334,34.10139537,0.000787116,215.7246915
0.3,0.1,0.0003,0.1,1.5,1000,0,1000,0.369177887,0.403919409,0.000846457,0.003635583
0.3,0.1,0.0003,0.1,2,10,24,976,0.375510232,81.40344696,0.000860156,415.4503925
0.3,0.1,0.0003,0.1,2,100,0,1000,0.376003334,29.03644284,0.000724747,132.5516314
0.3,0.1,0.0003,0.1,2,1000,0,1000,0.375639332,0.402856178,0.000784301,0.003589053
0.3,0.1,0.0003,0.1,2.5,10,20,980,0.383728017,76.63860122,0.00079373,366.677006
0.3,0.1,0.0003,0.1,2.5,100,0,1000,0.382197406,26.78750615,0.000687488,108.4074454
0.3,0.1,0.0003,0.1,2.5,1000,0,1000,0.382602173,0.405025153,0.000787299,0.003603486
0.3,0.1,0.0003,0.1,3,10,13,987,0.388161996,74.6342466,0.000753356,354.7658991
0.3,0.1,0.0003,0.1,3,100,0,1000,0.388479018,25.02766941,0.000693936,88.02541524
0.3,0.1,0.0003,0.1,3,1000,0,1000,0.388334682,0.405169351,0.0007557,0.003272893
0.3,0.1,0.0003,1,0.1,10,7,993,0.438676726,50.0444459,0.00087516,178.436841
0.3,0.1,0.0003,1,0.1,100,0,1000,0.442269686,9.885209702,0.000935024,17.97056961
0.3,0.1,0.0003,1,0.1,1000,0,1000,0.441714505,0.105935699,0.000866631,0.000208545
0.3,0.1,0.0003,1,0.5,10,5,995,0.451886456,46.23122711,0.000697024,132.4628194
0.3,0.1,0.0003,1,0.5,100,0,1000,0.453259132,8.432302051,0.000620762,11.82586604
0.3,0.1,0.0003,1,0.5,1000,0,1000,0.452704318,0.075416604,0.000710926,9.61E-05
0.3,0.1,0.0003,1,1.1,10,5,995,0.465006085,44.62500755,0.000491842,123.2294097
0.3,0.1,0.0003,1,1.1,100,0,1000,0.463363897,7.347025734,0.000476849,8.842654714
0.3,0.1,0.0003,1,1.1,1000,0,1000,0.464061311,0.065793432,0.000518257,6.91E-05
0.3,0.1,0.0003,1,1.5,10,4,996,0.468290408,43.65279679,0.000422301,116.0017713
0.3,0.1,0.0003,1,1.5,100,0,1000,0.469921642,7.268229301,0.000464955,9.905497161
0.3,0.1,0.0003,1,1.5,1000,0,1000,0.469129837,0.064494097,0.000459627,6.19E-05
0.3,0.1,0.0003,1,2,10,5,995,0.473315294,42.15986214,0.000377205,97.5460302
0.3,0.1,0.0003,1,2,100,0,1000,0.473399227,6.834633686,0.000378329,8.036136048
0.3,0.1,0.0003,1,2,1000,0,1000,0.472680944,0.064142579,0.000393297,7.22E-05
0.3,0.1,0.0003,1,2.5,10,4,996,0.477594682,42.21073553,0.000344436,105.2833174
0.3,0.1,0.0003,1,2.5,100,0,1000,0.477077654,6.541241073,0.00031316,6.768250447
0.3,0.1,0.0003,1,2.5,1000,0,1000,0.476445089,0.064227695,0.000307298,6.51E-05
0.3,0.1,0.0003,1,3,10,3,997,0.479238335,41.80842503,0.000291064,107.2341388
0.3,0.1,0.0003,1,3,100,0,1000,0.478892032,6.377495208,0.000283899,7.077670599
0.3,0.1,0.0003,1,3,1000,0,1000,0.479359197,0.063638513,0.000297706,6.60E-05
0.3,0.1,0.001,1.00E-05,0.1,10,157,843,0.292556253,201.0580875,0.005690583,18104.81891
0.3,0.1,0.001,1.00E-05,0.1,100,50,950,0.295150177,27.56326952,0.005749705,5464.293565
0.3,0.1,0.001,1.00E-05,0.1,1000,57,943,0.289960546,0.269004219,0.006297219,0.006546544
0.3,0.1,0.001,1.00E-05,0.5,10,146,854,0.294545194,207.9635506,0.006470798,19870.14391
0.3,0.1,0.001,1.00E-05,0.5,100,69,931,0.295334221,29.62119999,0.006267734,6711.388945
0.3,0.1,0.001,1.00E-05,0.5,1000,62,938,0.293555299,0.266100028,0.006106076,0.006802331
0.3,0.1,0.001,1.00E-05,1.1,10,166,834,0.292091521,213.2742102,0.006107152,21854.65575
0.3,0.1,0.001,1.00E-05,1.1,100,75,925,0.297250102,30.25126862,0.005704005,6958.381181
0.3,0.1,0.001,1.00E-05,1.1,1000,57,943,0.291909201,0.265848819,0.006074759,0.005906581
0.3,0.1,0.001,1.00E-05,1.5,10,157,843,0.297958344,206.2736871,0.005573357,19185.83105
0.3,0.1,0.001,1.00E-05,1.5,100,63,937,0.294636687,29.9648007,0.005798433,5473.919239
0.3,0.1,0.001,1.00E-05,1.5,1000,65,935,0.294522828,0.268640314,0.005951297,0.006373102
0.3,0.1,0.001,1.00E-05,2,10,147,853,0.293918422,209.6971682,0.005988942,19827.92904
0.3,0.1,0.001,1.00E-05,2,100,70,930,0.293090719,30.97943205,0.006320186,6155.533338
0.3,0.1,0.001,1.00E-05,2,1000,61,939,0.292222637,0.264559544,0.005664383,0.00618098
0.3,0.1,0.001,1.00E-05,2.5,10,148,852,0.296259141,215.4916456,0.005720405,21834.24055
0.3,0.1,0.001,1.00E-05,2.5,100,61,939,0.292957743,23.46391223,0.0057043,3714.227684
0.3,0.1,0.001,1.00E-05,2.5,1000,55,945,0.289802169,0.268791894,0.005686947,0.006825055
0.3,0.1,0.001,1.00E-05,3,10,147,853,0.296082717,203.8562391,0.006177191,20841.77606
0.3,0.1,0.001,1.00E-05,3,100,64,936,0.291538808,32.08582511,0.00515587,7120.54986
0.3,0.1,0.001,1.00E-05,3,1000,58,942,0.293856982,0.266765707,0.005302085,0.006129082
0.3,0.1,0.001,0.001,0.1,10,132,868,0.294072476,213.7363852,0.006948717,19069.94194
0.3,0.1,0.001,0.001,0.1,100,59,941,0.295113125,24.9832537,0.005635405,3154.097351
0.3,0.1,0.001,0.001,0.1,1000,46,954,0.293114949,0.264354365,0.00579538,0.007009909
0.3,0.1,0.001,0.001,0.5,10,156,844,0.296241486,202.5517935,0.004904359,19781.45925
0.3,0.1,0.001,0.001,0.5,100,68,932,0.295419504,24.59856177,0.005956149,4347.46662
0.3,0.1,0.001,0.001,0.5,1000,58,942,0.293998969,0.267211169,0.005852411,0.006497715
0.3,0.1,0.001,0.001,1.1,10,125,875,0.292912338,198.6667122,0.005552842,16799.75599
0.3,0.1,0.001,0.001,1.1,100,44,956,0.2957305,28.39078726,0.006369941,5911.385194
0.3,0.1,0.001,0.001,1.1,1000,57,943,0.292463634,0.267979043,0.005246676,0.007112518
0.3,0.1,0.001,0.001,1.5,10,148,852,0.291095636,198.1949316,0.005306015,19124.17512
0.3,0.1,0.001,0.001,1.5,100,49,951,0.295351884,24.12438572,0.0057552,3411.29213
0.3,0.1,0.001,0.001,1.5,1000,46,954,0.294600492,0.261392505,0.005887763,0.006178474
0.3,0.1,0.001,0.001,2,10,150,850,0.299479969,196.5630146,0.00621838,17578.95095
0.3,0.1,0.001,0.001,2,100,50,950,0.298166339,29.94996837,0.005796359,6479.255904
0.3,0.1,0.001,0.001,2,1000,47,953,0.294075447,0.265307932,0.006362551,0.006023876
0.3,0.1,0.001,0.001,2.5,10,159,841,0.294399775,199.1376978,0.00618138,19603.04416
0.3,0.1,0.001,0.001,2.5,100,63,937,0.294901783,28.11563142,0.005392535,5217.2164
0.3,0.1,0.001,0.001,2.5,1000,59,941,0.300375404,0.263541381,0.005892886,0.005620993
0.3,0.1,0.001,0.001,3,10,134,866,0.296197419,201.2223778,0.005576629,19907.80194
0.3,0.1,0.001,0.001,3,100,50,950,0.29048042,26.79090444,0.005295037,4953.994627
0.3,0.1,0.001,0.001,3,1000,51,949,0.298292592,0.264223551,0.005710485,0.006200575
0.3,0.1,0.001,0.1,0.1,10,53,947,0.33588972,87.08290011,0.004299757,2136.748913
0.3,0.1,0.001,0.1,0.1,100,2,998,0.334895499,2.889212122,0.004542078,7.201549022
0.3,0.1,0.001,0.1,0.1,1000,4,996,0.333832284,0.146609401,0.004164541,0.001515913
0.3,0.1,0.001,0.1,0.5,10,49,951,0.352067405,74.19435908,0.004039816,1399.644426
0.3,0.1,0.001,0.1,0.5,100,0,1000,0.348939249,2.17169839,0.003986441,1.385419148
0.3,0.1,0.001,0.1,0.5,1000,4,996,0.347342072,0.121555669,0.004093166,0.000941361
0.3,0.1,0.001,0.1,1.1,10,39,961,0.361944542,62.79689551,0.003579613,902.1844068
0.3,0.1,0.001,0.1,1.1,100,0,1000,0.361583501,1.805884328,0.003326724,0.543758461
0.3,0.1,0.001,0.1,1.1,1000,0,1000,0.363160066,0.113297423,0.003513845,0.000899983
0.3,0.1,0.001,0.1,1.5,10,44,956,0.366894114,57.63220857,0.003247933,805.0709568
0.3,0.1,0.001,0.1,1.5,100,0,1000,0.370309559,1.698393568,0.003000928,0.43290996
0.3,0.1,0.001,0.1,1.5,1000,0,1000,0.368360267,0.116372605,0.002969872,0.00081586
0.3,0.1,0.001,0.1,2,10,31,969,0.377380247,57.77689721,0.002736079,753.0459267
0.3,0.1,0.001,0.1,2,100,0,1000,0.375131111,1.656938798,0.002945519,0.407033703
0.3,0.1,0.001,0.1,2,1000,0,1000,0.377416094,0.114584455,0.003146802,0.000838229
0.3,0.1,0.001,0.1,2.5,10,26,974,0.381736189,52.83118365,0.002736944,584.0427531
0.3,0.1,0.001,0.1,2.5,100,0,1000,0.384039537,1.612518498,0.002791941,0.363205879
0.3,0.1,0.001,0.1,2.5,1000,0,1000,0.38248614,0.113981528,0.002455979,0.00078853
0.3,0.1,0.001,0.1,3,10,32,968,0.386748367,50.79706481,0.002729665,485.9491016
0.3,0.1,0.001,0.1,3,100,0,1000,0.386296665,1.621136071,0.003044863,0.459019728
0.3,0.1,0.001,0.1,3,1000,0,1000,0.384248941,0.115679443,0.002718083,0.000879188
0.3,0.1,0.001,1,0.1,10,22,978,0.442311969,29.97282569,0.003233182,192.5970864
0.3,0.1,0.001,1,0.1,100,0,1000,0.441060627,0.419224332,0.002981895,0.015061405
0.3,0.1,0.001,1,0.1,1000,0,1000,0.44004207,0.029374221,0.003137536,4.49E-05
0.3,0.1,0.001,1,0.5,10,14,986,0.451192224,27.66423241,0.002441745,171.1112644
0.3,0.1,0.001,1,0.5,100,0,1000,0.45528231,0.297071344,0.002423366,0.006278834
0.3,0.1,0.001,1,0.5,1000,0,1000,0.454237529,0.020569635,0.002422517,2.53E-05
0.3,0.1,0.001,1,1.1,10,5,995,0.464262911,26.98186919,0.001872118,173.9597261
0.3,0.1,0.001,1,1.1,100,0,1000,0.464438157,0.241059922,0.001904972,0.003625177
0.3,0.1,0.001,1,1.1,1000,0,1000,0.46318787,0.019049588,0.001838772,1.92E-05
0.3,0.1,0.001,1,1.5,10,12,988,0.470485089,26.71742832,0.001440821,185.0835208
0.3,0.1,0.001,1,1.5,100,0,1000,0.469779607,0.226643246,0.001589004,0.003197726
0.3,0.1,0.001,1,1.5,1000,0,1000,0.469261613,0.018879823,0.001506646,1.82E-05
0.3,0.1,0.001,1,2,10,14,986,0.472311425,25.54378328,0.001416224,131.2218616
0.3,0.1,0.001,1,2,100,0,1000,0.472090613,0.21817188,0.001322972,0.00254857
0.3,0.1,0.001,1,2,1000,0,1000,0.474360009,0.018975408,0.001322967,1.94E-05
0.3,0.1,0.001,1,2.5,10,9,991,0.476494887,25.38749942,0.001155714,133.3581996
0.3,0.1,0.001,1,2.5,100,0,1000,0.475112919,0.216415909,0.001158348,0.002563619
0.3,0.1,0.001,1,2.5,1000,0,1000,0.477169093,0.019024107,0.001172543,1.93E-05
0.3,0.1,0.001,1,3,10,7,993,0.480071632,25.263179,0.000987085,128.4248504
0.3,0.1,0.001,1,3,100,0,1000,0.478172521,0.21612436,0.001047501,0.002624658
0.3,0.1,0.001,1,3,1000,0,1000,0.47876285,0.018579907,0.001036638,1.76E-05
0.3,0.1,0.003,1.00E-05,0.1,10,955,45,0.275937776,41.60953774,0.018590921,1685.602156
0.3,0.1,0.003,1.00E-05,0.1,100,962,38,0.302896065,1.003363657,0.028359191,0.511830929
0.3,0.1,0.003,1.00E-05,0.1,1000,957,43,0.298061053,0.078271137,0.028858348,0.001654851
0.3,0.1,0.003,1.00E-05,0.5,10,971,29,0.341606432,41.99575736,0.013857806,1830.399134
0.3,0.1,0.003,1.00E-05,0.5,100,951,49,0.292071451,0.9250509,0.027987047,0.393294526
0.3,0.1,0.003,1.00E-05,0.5,1000,946,54,0.301965875,0.075855912,0.025068736,0.001356339
0.3,0.1,0.003,1.00E-05,1.1,10,969,31,0.333877882,42.05984009,0.04020109,2080.583922
0.3,0.1,0.003,1.00E-05,1.1,100,957,43,0.299415417,0.933397271,0.019714152,0.436189478
0.3,0.1,0.003,1.00E-05,1.1,1000,959,41,0.257632987,0.076852376,0.021505985,0.001717678
0.3,0.1,0.003,1.00E-05,1.5,10,970,30,0.284246168,43.12096404,0.027204707,1819.595121
0.3,0.1,0.003,1.00E-05,1.5,100,953,47,0.280193749,0.931025557,0.01940952,0.512448193
0.3,0.1,0.003,1.00E-05,1.5,1000,967,33,0.304463656,0.076908723,0.035266407,0.00167334
0.3,0.1,0.003,1.00E-05,2,10,966,34,0.289129929,43.74094929,0.034549999,1812.394649
0.3,0.1,0.003,1.00E-05,2,100,966,34,0.294233093,0.899232075,0.040679757,0.252165755
0.3,0.1,0.003,1.00E-05,2,1000,956,44,0.347771793,0.077416536,0.041624992,0.001732075
0.3,0.1,0.003,1.00E-05,2.5,10,959,41,0.308438389,41.51273882,0.021527892,1783.422725
0.3,0.1,0.003,1.00E-05,2.5,100,957,43,0.341312854,0.921821033,0.046281681,0.421799014
0.3,0.1,0.003,1.00E-05,2.5,1000,966,34,0.287107717,0.077837432,0.021391545,0.001682956
0.3,0.1,0.003,1.00E-05,3,10,962,38,0.323417857,42.77922907,0.016039805,1609.386693
0.3,0.1,0.003,1.00E-05,3,100,960,40,0.280843947,0.948639504,0.028712971,0.449736697
0.3,0.1,0.003,1.00E-05,3,1000,946,54,0.340513124,0.0785781,0.040615689,0.001769809
0.3,0.1,0.003,0.001,0.1,10,969,31,0.30238146,43.43677382,0.044710199,1815.798127
0.3,0.1,0.003,0.001,0.1,100,951,49,0.310837825,0.91783119,0.015804477,0.313121609
0.3,0.1,0.003,0.001,0.1,1000,945,55,0.311328788,0.074917449,0.026586815,0.00148723
0.3,0.1,0.003,0.001,0.5,10,970,30,0.305237306,43.59714966,0.044354239,1885.57153
0.3,0.1,0.003,0.001,0.5,100,946,54,0.293513961,0.898230048,0.018539758,0.431553497
0.3,0.1,0.003,0.001,0.5,1000,965,35,0.305612605,0.075266,0.033816807,0.001542512
0.3,0.1,0.003,0.001,1.1,10,949,51,0.26702895,42.9005347,0.017076697,1898.649794
0.3,0.1,0.003,0.001,1.1,100,944,56,0.275316895,0.95230608,0.032393712,0.396530615
0.3,0.1,0.003,0.001,1.1,1000,942,58,0.308180654,0.075446215,0.030158227,0.001535579
0.3,0.1,0.003,0.001,1.5,10,962,38,0.317140048,43.82279577,0.034812572,1949.442047
0.3,0.1,0.003,0.001,1.5,100,958,42,0.259269522,0.952088689,0.0274189,0.479465295
0.3,0.1,0.003,0.001,1.5,1000,954,46,0.311619019,0.074535093,0.028583563,0.001270666
0.3,0.1,0.003,0.001,2,10,960,40,0.296504861,41.44142853,0.035587739,1631.807587
0.3,0.1,0.003,0.001,2,100,951,49,0.324855157,0.937698905,0.034432349,0.418018896
0.3,0.1,0.003,0.001,2,1000,955,45,0.279758278,0.076001583,0.016814666,0.001519927
0.3,0.1,0.003,0.001,2.5,10,968,32,0.305272447,39.99570039,0.036401101,1613.700154
0.3,0.1,0.003,0.001,2.5,100,954,46,0.267426712,0.920665453,0.018932884,0.327246795
0.3,0.1,0.003,0.001,2.5,1000,949,51,0.271785346,0.075669239,0.030560112,0.001637196
0.3,0.1,0.003,0.001,3,10,965,35,0.313048648,41.50723715,0.021120817,1435.541629
0.3,0.1,0.003,0.001,3,100,955,45,0.286779966,0.91405641,0.017351114,0.346888671
0.3,0.1,0.003,0.001,3,1000,948,52,0.353552533,0.077599145,0.033934794,0.001693655
0.3,0.1,0.003,0.1,0.1,10,846,154,0.33876706,25.64177675,0.027808731,729.222395
0.3,0.1,0.003,0.1,0.1,100,825,175,0.342092233,0.512340899,0.024095053,0.079687428
0.3,0.1,0.003,0.1,0.1,1000,835,165,0.327250107,0.043416191,0.020005488,0.000392706
0.3,0.1,0.003,0.1,0.5,10,804,196,0.328774871,22.44012158,0.020486003,611.5794555
0.3,0.1,0.003,0.1,0.5,100,769,231,0.358832709,0.404018416,0.024048001,0.041701663
0.3,0.1,0.003,0.1,0.5,1000,779,221,0.333991247,0.034778901,0.0150011,0.000277057
0.3,0.1,0.003,0.1,1.1,10,732,268,0.364244205,20.4453933,0.012131262,460.9488517
0.3,0.1,0.003,0.1,1.1,100,670,330,0.364873878,0.381527187,0.013959385,0.037582373
0.3,0.1,0.003,0.1,1.1,1000,692,308,0.371521316,0.033760972,0.017070619,0.0002278
0.3,0.1,0.003,0.1,1.5,10,680,320,0.357228651,18.36987828,0.018397835,338.3197197
0.3,0.1,0.003,0.1,1.5,100,640,360,0.366162732,0.376642411,0.015294785,0.031713242
0.3,0.1,0.003,0.1,1.5,1000,635,365,0.368939964,0.03411024,0.016575234,0.000290427
0.3,0.1,0.003,0.1,2,10,657,343,0.377052261,20.17565889,0.014303242,493.730047
0.3,0.1,0.003,0.1,2,100,599,401,0.374409802,0.372708549,0.014919597,0.034594155
0.3,0.1,0.003,0.1,2,1000,592,408,0.368210432,0.034197324,0.013120616,0.000235898
0.3,0.1,0.003,0.1,2.5,10,581,419,0.379562805,17.37209637,0.013411877,349.1550179
0.3,0.1,0.003,0.1,2.5,100,583,417,0.378077996,0.37514538,0.015318456,0.035354745
0.3,0.1,0.003,0.1,2.5,1000,562,438,0.380406622,0.03407012,0.014543364,0.000252494
0.3,0.1,0.003,0.1,3,10,594,406,0.383171886,16.13024052,0.01321407,249.4378197
0.3,0.1,0.003,0.1,3,100,540,460,0.383609018,0.374309574,0.013541744,0.041724251
0.3,0.1,0.003,0.1,3,1000,538,462,0.381258163,0.034132571,0.013460067,0.000257331
0.3,0.1,0.003,1,0.1,10,305,695,0.438130875,6.617792382,0.013680104,112.7167992
0.3,0.1,0.003,1,0.1,100,269,731,0.43582614,0.098255967,0.014805304,0.00275269
0.3,0.1,0.003,1,0.1,1000,250,750,0.440765793,0.008446706,0.012996348,1.57E-05
0.3,0.1,0.003,1,0.5,10,224,776,0.451826932,5.470255441,0.010346424,83.06855177
0.3,0.1,0.003,1,0.5,100,208,792,0.456896811,0.069004724,0.010805354,0.001215795
0.3,0.1,0.003,1,0.5,1000,193,807,0.452598595,0.005938759,0.010078668,5.89E-06
0.3,0.1,0.003,1,1.1,10,158,842,0.466264131,5.021989554,0.008789743,71.66816655
0.3,0.1,0.003,1,1.1,100,131,869,0.457575339,0.060233824,0.007089132,0.000683589
0.3,0.1,0.003,1,1.1,1000,138,862,0.464605431,0.005685118,0.009000192,6.36E-06
0.3,0.1,0.003,1,1.5,10,147,853,0.468531819,4.903940735,0.007628576,57.24635634
0.3,0.1,0.003,1,1.5,100,120,880,0.46390234,0.058563476,0.007042488,0.00064121
0.3,0.1,0.003,1,1.5,1000,114,886,0.469594469,0.005666301,0.006557567,5.74E-06
0.3,0.1,0.003,1,2,10,129,871,0.477172749,4.583333859,0.00503081,41.04149976
0.3,0.1,0.003,1,2,100,109,891,0.473520739,0.058931529,0.006407241,0.000600793
0.3,0.1,0.003,1,2,1000,90,910,0.471796009,0.005514437,0.006863962,5.33E-06
0.3,0.1,0.003,1,2.5,10,135,865,0.477096724,4.82485433,0.004590076,51.07204114
0.3,0.1,0.003,1,2.5,100,101,899,0.473412699,0.059362412,0.004836427,0.000999298
0.3,0.1,0.003,1,2.5,1000,96,904,0.476357397,0.005582645,0.004746184,6.25E-06
0.3,0.1,0.003,1,3,10,127,873,0.475790525,4.32802862,0.004470228,37.31637809
0.3,0.1,0.003,1,3,100,85,915,0.482429838,0.059869488,0.004243982,0.000886747
0.3,0.1,0.003,1,3,1000,80,920,0.477544782,0.005648807,0.003959796,6.41E-06