b_A,mu,c,s,parm,init_pop_size,extinction,rescue,mean_fraction,mean_rescue_time,var_fraction,var_rescue_time
0.11,0.0,0.0003,1e-05,0.1,10.0,1000,0,0.0,0.0,0.0,0.0
0.11,0.0,0.0003,1e-05,0.1,100.0,1000,0,0.0,0.0,0.0,0.0
0.11,0.0,0.0003,1e-05,0.1,1000.0,1000,0,0.0,0.0,0.0,0.0
0.11,0.0,0.0003,1e-05,0.5,10.0,1000,0,0.0,0.0,0.0,0.0
0.11,0.0,0.0003,1e-05,0.5,100.0,1000,0,0.0,0.0,0.0,0.0
0.11,0.0,0.0003,1e-05,0.5,1000.0,1000,0,0.0,0.0,0.0,0.0
0.11,0.0,0.0003,1e-05,1.0,10.0,1000,0,0.0,0.0,0.0,0.0
0.11,0.0,0.0003,1e-05,1.0,100.0,1000,0,0.0,0.0,0.0,0.0
0.11,0.0,0.0003,1e-05,1.0,1000.0,1000,0,0.0,0.0,0.0,0.0
0.11,0.0,0.0003,1e-05,1.5,10.0,1000,0,0.0,0.0,0.0,0.0
0.11,0.0,0.0003,1e-05,1.5,100.0,1000,0,0.0,0.0,0.0,0.0
0.11,0.0,0.0003,1e-05,1.5,1000.0,1000,0,0.0,0.0,0.0,0.0
0.11,0.0,0.0003,1e-05,2.0,10.0,1000,0,0.0,0.0,0.0,0.0
0.11,0.0,0.0003,1e-05,2.0,100.0,1000,0,0.0,0.0,0.0,0.0
0.11,0.0,0.0003,1e-05,2.0,1000.0,1000,0,0.0,0.0,0.0,0.0
0.11,0.0,0.0003,0.001,0.1,10.0,1000,0,0.0,0.0,0.0,0.0
0.11,0.0,0.0003,0.001,0.1,100.0,1000,0,0.0,0.0,0.0,0.0
0.11,0.0,0.0003,0.001,0.1,1000.0,1000,0,0.0,0.0,0.0,0.0
0.11,0.0,0.0003,0.001,0.5,10.0,1000,0,0.0,0.0,0.0,0.0
0.11,0.0,0.0003,0.001,0.5,100.0,1000,0,0.0,0.0,0.0,0.0
0.11,0.0,0.0003,0.001,0.5,1000.0,1000,0,0.0,0.0,0.0,0.0
0.11,0.0,0.0003,0.001,1.0,10.0,1000,0,0.0,0.0,0.0,0.0
0.11,0.0,0.0003,0.001,1.0,100.0,1000,0,0.0,0.0,0.0,0.0
0.11,0.0,0.0003,0.001,1.0,1000.0,1000,0,0.0,0.0,0.0,0.0
0.11,0.0,0.0003,0.001,1.5,10.0,1000,0,0.0,0.0,0.0,0.0
0.11,0.0,0.0003,0.001,1.5,100.0,1000,0,0.0,0.0,0.0,0.0
0.11,0.0,0.0003,0.001,1.5,1000.0,1000,0,0.0,0.0,0.0,0.0
0.11,0.0,0.0003,0.001,2.0,10.0,1000,0,0.0,0.0,0.0,0.0
0.11,0.0,0.0003,0.001,2.0,100.0,1000,0,0.0,0.0,0.0,0.0
0.11,0.0,0.0003,0.001,2.0,1000.0,1000,0,0.0,0.0,0.0,0.0
0.11,0.0,0.0003,0.1,0.1,10.0,1000,0,0.0,9.580227831329482,0.0,34.4382341828826
0.11,0.0,0.0003,0.1,0.1,100.0,1000,0,0.0,7.863753428743653,0.0,24.16654969340383
0.11,0.0,0.0003,0.1,0.1,1000.0,1000,0,0.0,4.752073938801243,0.0,6.091605614770248
0.11,0.0,0.0003,0.1,0.5,10.0,1000,0,0.0,7.261666581745346,0.0,27.057704423950014
0.11,0.0,0.0003,0.1,0.5,100.0,1000,0,0.0,0.0,0.0,0.0
0.11,0.0,0.0003,0.1,0.5,1000.0,1000,0,0.0,0.0,0.0,0.0
0.11,0.0,0.0003,0.1,1.0,10.0,1000,0,0.0,0.0,0.0,0.0
0.11,0.0,0.0003,0.1,1.0,100.0,1000,0,0.0,0.0,0.0,0.0
0.11,0.0,0.0003,0.1,1.0,1000.0,1000,0,0.0,0.0,0.0,0.0
0.11,0.0,0.0003,0.1,1.5,10.0,1000,0,0.0,0.0,0.0,0.0
0.11,0.0,0.0003,0.1,1.5,100.0,1000,0,0.0,0.0,0.0,0.0
0.11,0.0,0.0003,0.1,1.5,1000.0,1000,0,0.0,0.0,0.0,0.0
0.11,0.0,0.0003,0.1,2.0,10.0,1000,0,0.0,0.0,0.0,0.0
0.11,0.0,0.0003,0.1,2.0,100.0,1000,0,0.0,0.0,0.0,0.0
0.11,0.0,0.0003,0.1,2.0,1000.0,1000,0,0.0,0.0,0.0,0.0
0.11,0.0,0.0003,1.0,0.1,10.0,1000,0,0.0,1.5703872786559683,0.0,0.9220903951556063
0.11,0.0,0.0003,1.0,0.1,100.0,1000,0,0.0,1.584189824421734,0.0,1.421972121830954
0.11,0.0,0.0003,1.0,0.1,1000.0,1000,0,0.0,1.4676572733379867,0.0,1.126174531067425
0.11,0.0,0.0003,1.0,0.5,10.0,1000,0,0.0,2.0974402961915146,0.0,1.948450082292397
0.11,0.0,0.0003,1.0,0.5,100.0,1000,0,0.0,0.0,0.0,0.0
0.11,0.0,0.0003,1.0,0.5,1000.0,1000,0,0.0,0.0,0.0,0.0
0.11,0.0,0.0003,1.0,1.0,10.0,1000,0,0.0,2.327068907552405,0.0,1.722720847203251
0.11,0.0,0.0003,1.0,1.0,100.0,1000,0,0.0,0.0,0.0,0.0
0.11,0.0,0.0003,1.0,1.0,1000.0,1000,0,0.0,0.0,0.0,0.0
0.11,0.0,0.0003,1.0,1.5,10.0,1000,0,0.0,0.0,0.0,0.0
0.11,0.0,0.0003,1.0,1.5,100.0,1000,0,0.0,0.0,0.0,0.0
0.11,0.0,0.0003,1.0,1.5,1000.0,1000,0,0.0,0.0,0.0,0.0
0.11,0.0,0.0003,1.0,2.0,10.0,1000,0,0.0,0.0,0.0,0.0
0.11,0.0,0.0003,1.0,2.0,100.0,1000,0,0.0,0.0,0.0,0.0
0.11,0.0,0.0003,1.0,2.0,1000.0,1000,0,0.0,0.0,0.0,0.0
0.11,0.0,0.0001,1e-05,0.1,10.0,1000,0,0.0,0.0,0.0,0.0
0.11,0.0,0.0001,1e-05,0.1,100.0,1000,0,0.0,0.0,0.0,0.0
0.11,0.0,0.0001,1e-05,0.1,1000.0,1000,0,0.0,0.0,0.0,0.0
0.11,0.0,0.0001,1e-05,0.5,10.0,1000,0,0.0,0.0,0.0,0.0
0.11,0.0,0.0001,1e-05,0.5,100.0,1000,0,0.0,0.0,0.0,0.0
0.11,0.0,0.0001,1e-05,0.5,1000.0,1000,0,0.0,0.0,0.0,0.0
0.11,0.0,0.0001,1e-05,1.0,10.0,1000,0,0.0,0.0,0.0,0.0
0.11,0.0,0.0001,1e-05,1.0,100.0,1000,0,0.0,0.0,0.0,0.0
0.11,0.0,0.0001,1e-05,1.0,1000.0,1000,0,0.0,0.0,0.0,0.0
0.11,0.0,0.0001,1e-05,1.5,10.0,1000,0,0.0,0.0,0.0,0.0
0.11,0.0,0.0001,1e-05,1.5,100.0,1000,0,0.0,0.0,0.0,0.0
0.11,0.0,0.0001,1e-05,1.5,1000.0,1000,0,0.0,0.0,0.0,0.0
0.11,0.0,0.0001,1e-05,2.0,10.0,1000,0,0.0,0.0,0.0,0.0
0.11,0.0,0.0001,1e-05,2.0,100.0,1000,0,0.0,0.0,0.0,0.0
0.11,0.0,0.0001,1e-05,2.0,1000.0,1000,0,0.0,0.0,0.0,0.0
0.11,0.0,0.0001,0.001,0.1,10.0,1000,0,0.0,0.0,0.0,0.0
0.11,0.0,0.0001,0.001,0.1,100.0,1000,0,0.0,0.0,0.0,0.0
0.11,0.0,0.0001,0.001,0.1,1000.0,1000,0,0.0,0.0,0.0,0.0
0.11,0.0,0.0001,0.001,0.5,10.0,1000,0,0.0,0.0,0.0,0.0
0.11,0.0,0.0001,0.001,0.5,100.0,1000,0,0.0,0.0,0.0,0.0
0.11,0.0,0.0001,0.001,0.5,1000.0,1000,0,0.0,0.0,0.0,0.0
0.11,0.0,0.0001,0.001,1.0,10.0,1000,0,0.0,0.0,0.0,0.0
0.11,0.0,0.0001,0.001,1.0,100.0,1000,0,0.0,0.0,0.0,0.0
0.11,0.0,0.0001,0.001,1.0,1000.0,1000,0,0.0,0.0,0.0,0.0
0.11,0.0,0.0001,0.001,1.5,10.0,1000,0,0.0,0.0,0.0,0.0
0.11,0.0,0.0001,0.001,1.5,100.0,1000,0,0.0,0.0,0.0,0.0
0.11,0.0,0.0001,0.001,1.5,1000.0,1000,0,0.0,0.0,0.0,0.0
0.11,0.0,0.0001,0.001,2.0,10.0,1000,0,0.0,0.0,0.0,0.0
0.11,0.0,0.0001,0.001,2.0,100.0,1000,0,0.0,0.0,0.0,0.0
0.11,0.0,0.0001,0.001,2.0,1000.0,1000,0,0.0,0.0,0.0,0.0
0.11,0.0,0.0001,0.1,0.1,10.0,1000,0,0.0,0.0,0.0,0.0
0.11,0.0,0.0001,0.1,0.1,100.0,1000,0,0.0,0.0,0.0,0.0
0.11,0.0,0.0001,0.1,0.1,1000.0,1000,0,0.0,0.0,0.0,0.0
0.11,0.0,0.0001,0.1,0.5,10.0,1000,0,0.0,0.0,0.0,0.0
0.11,0.0,0.0001,0.1,0.5,100.0,1000,0,0.0,0.0,0.0,0.0
0.11,0.0,0.0001,0.1,0.5,1000.0,1000,0,0.0,0.0,0.0,0.0
0.11,0.0,0.0001,0.1,1.0,10.0,1000,0,0.0,0.0,0.0,0.0
0.11,0.0,0.0001,0.1,1.0,100.0,1000,0,0.0,0.0,0.0,0.0
0.11,0.0,0.0001,0.1,1.0,1000.0,1000,0,0.0,0.0,0.0,0.0
0.11,0.0,0.0001,0.1,1.5,10.0,1000,0,0.0,0.0,0.0,0.0
0.11,0.0,0.0001,0.1,1.5,100.0,1000,0,0.0,0.0,0.0,0.0
0.11,0.0,0.0001,0.1,1.5,1000.0,1000,0,0.0,0.0,0.0,0.0
0.11,0.0,0.0001,0.1,2.0,10.0,1000,0,0.0,0.0,0.0,0.0
0.11,0.0,0.0001,0.1,2.0,100.0,1000,0,0.0,0.0,0.0,0.0
0.11,0.0,0.0001,0.1,2.0,1000.0,1000,0,0.0,0.0,0.0,0.0
0.11,0.0,0.0001,1.0,0.1,10.0,1000,0,0.0,8.569799557485902,0.0,12.79013975782095
0.11,0.0,0.0001,1.0,0.1,100.0,1000,0,0.0,5.229202559911822,0.0,13.457467127134745
0.11,0.0,0.0001,1.0,0.1,1000.0,1000,0,0.0,0.0,0.0,0.0
0.11,0.0,0.0001,1.0,0.5,10.0,1000,0,0.0,9.130096440882896,0.0,30.930114906142325
0.11,0.0,0.0001,1.0,0.5,100.0,1000,0,0.0,0.0,0.0,0.0
0.11,0.0,0.0001,1.0,0.5,1000.0,1000,0,0.0,0.0,0.0,0.0
0.11,0.0,0.0001,1.0,1.0,10.0,1000,0,0.0,0.0,0.0,0.0
0.11,0.0,0.0001,1.0,1.0,100.0,1000,0,0.0,0.0,0.0,0.0
0.11,0.0,0.0001,1.0,1.0,1000.0,1000,0,0.0,0.0,0.0,0.0
0.11,0.0,0.0001,1.0,1.5,10.0,1000,0,0.0,0.0,0.0,0.0
0.11,0.0,0.0001,1.0,1.5,100.0,1000,0,0.0,0.0,0.0,0.0
0.11,0.0,0.0001,1.0,1.5,1000.0,1000,0,0.0,0.0,0.0,0.0
0.11,0.0,0.0001,1.0,2.0,10.0,1000,0,0.0,0.0,0.0,0.0
0.11,0.0,0.0001,1.0,2.0,100.0,1000,0,0.0,0.0,0.0,0.0
0.11,0.0,0.0001,1.0,2.0,1000.0,1000,0,0.0,0.0,0.0,0.0
0.11,0.0,0.003,1e-05,0.1,10.0,1000,0,0.0,0.4822360055788931,0.0,0.24946913623077346
0.11,0.0,0.003,1e-05,0.1,100.0,1000,0,0.0,0.019884220425518923,0.0,0.0003550786234825792
0.11,0.0,0.003,1e-05,0.1,1000.0,1000,0,0.0,0.00031463606528234667,0.0,9.865440175023395e-08
0.11,0.0,0.003,1e-05,0.5,10.0,1000,0,0.0,0.4749405872316098,0.0,0.21810898942183068
0.11,0.0,0.003,1e-05,0.5,100.0,1000,0,0.0,0.021446028336772345,0.0,0.00045268694681374557
0.11,0.0,0.003,1e-05,0.5,1000.0,1000,0,0.0,0.000323753929020982,0.0,1.0573946066694464e-07
0.11,0.0,0.003,1e-05,1.0,10.0,1000,0,0.0,0.4868686867865001,0.0,0.22883222234564576
0.11,0.0,0.003,1e-05,1.0,100.0,1000,0,0.0,0.021513932425854386,0.0,0.0004437720387353285
0.11,0.0,0.003,1e-05,1.0,1000.0,1000,0,0.0,0.00031714111030435826,0.0,1.024299105126034e-07
0.11,0.0,0.003,1e-05,1.5,10.0,1000,0,0.0,0.49878697084412393,0.0,0.22131165257582933
0.11,0.0,0.003,1e-05,1.5,100.0,1000,0,0.0,0.020140608704894945,0.0,0.0004073671941468398
0.11,0.0,0.003,1e-05,1.5,1000.0,1000,0,0.0,0.0003158688599902317,0.0,9.920413532210174e-08
0.11,0.0,0.003,1e-05,2.0,10.0,1000,0,0.0,0.4925240472405245,0.0,0.23166704758248458
0.11,0.0,0.003,1e-05,2.0,100.0,1000,0,0.0,0.020631305110237887,0.0,0.00040717105191302304
0.11,0.0,0.003,1e-05,2.0,1000.0,1000,0,0.0,0.000318285732295873,0.0,1.007922262112526e-07
0.11,0.0,0.003,0.001,0.1,10.0,1000,0,0.0,0.47817253326154996,0.0,0.2137655074222886
0.11,0.0,0.003,0.001,0.1,100.0,1000,0,0.0,0.021674732020465663,0.0,0.0004303500127210561
0.11,0.0,0.003,0.001,0.1,1000.0,1000,0,0.0,0.0003178694886961738,0.0,1.0682161700839685e-07
0.11,0.0,0.003,0.001,0.5,10.0,1000,0,0.0,0.465310388626182,0.0,0.21582665386434643
0.11,0.0,0.003,0.001,0.5,100.0,1000,0,0.0,0.020997971773090682,0.0,0.0004389442476284549
0.11,0.0,0.003,0.001,0.5,1000.0,1000,0,0.0,0.00032380932501880786,0.0,1.0806982073777183e-07
0.11,0.0,0.003,0.001,1.0,10.0,1000,0,0.0,0.47726230420886034,0.0,0.23480606723902642
0.11,0.0,0.003,0.001,1.0,100.0,1000,0,0.0,0.021064501236116175,0.0,0.00045729774342493236
0.11,0.0,0.003,0.001,1.0,1000.0,1000,0,0.0,0.0002992584700085519,0.0,7.926386620930042e-08
0.11,0.0,0.003,0.001,1.5,10.0,1000,0,0.0,0.4506431456358243,0.0,0.21021862893521986
0.11,0.0,0.003,0.001,1.5,100.0,1000,0,0.0,0.020374008788470177,0.0,0.0003856885091738529
0.11,0.0,0.003,0.001,1.5,1000.0,1000,0,0.0,0.0003285577944677315,0.0,1.0796017914684417e-07
0.11,0.0,0.003,0.001,2.0,10.0,1000,0,0.0,0.4450160133883042,0.0,0.1966201373964374
0.11,0.0,0.003,0.001,2.0,100.0,1000,0,0.0,0.02063888689599856,0.0,0.00043598246238996336
0.11,0.0,0.003,0.001,2.0,1000.0,1000,0,0.0,0.00034032660194710935,0.0,1.1631912054908474e-07
0.11,0.0,0.003,0.1,0.1,10.0,1000,0,0.0,0.3132842748860326,0.0,0.10123578040418661
0.11,0.0,0.003,0.1,0.1,100.0,1000,0,0.0,0.017335677176884567,0.0,0.0003040179621784664
0.11,0.0,0.003,0.1,0.1,1000.0,1000,0,0.0,0.00030310317906954894,0.0,9.16053895559685e-08
0.11,0.0,0.003,0.1,0.5,10.0,1000,0,0.0,0.3347202675089593,0.0,0.12296550742629896
0.11,0.0,0.003,0.1,0.5,100.0,1000,0,0.0,0.017253297976940515,0.0,0.00031166769619426197
0.11,0.0,0.003,0.1,0.5,1000.0,1000,0,0.0,0.0003129524715136242,0.0,9.725286394926598e-08
0.11,0.0,0.003,0.1,1.0,10.0,1000,0,0.0,0.36552677079040163,0.0,0.12323562327827912
0.11,0.0,0.003,0.1,1.0,100.0,1000,0,0.0,0.017329711498562096,0.0,0.0002882220644710221
0.11,0.0,0.003,0.1,1.0,1000.0,1000,0,0.0,0.00029134908937890363,0.0,9.08011076909205e-08
0.11,0.0,0.003,0.1,1.5,10.0,1000,0,0.0,0.33993176356386084,0.0,0.10883734985723216
0.11,0.0,0.003,0.1,1.5,100.0,1000,0,0.0,0.017235867579803867,0.0,0.00031450110475988134
0.11,0.0,0.003,0.1,1.5,1000.0,1000,0,0.0,0.00029155232121455614,0.0,8.141032692274621e-08
0.11,0.0,0.003,0.1,2.0,10.0,1000,0,0.0,0.31475869183958294,0.0,0.09819130272943903
0.11,0.0,0.003,0.1,2.0,100.0,1000,0,0.0,0.017427545670288133,0.0,0.00032128510146476507
0.11,0.0,0.003,0.1,2.0,1000.0,1000,0,0.0,0.00031595826492644393,0.0,9.37261281109918e-08
0.11,0.0,0.003,1.0,0.1,10.0,1000,0,0.0,0.08535985926542222,0.0,0.008121653491055003
0.11,0.0,0.003,1.0,0.1,100.0,1000,0,0.0,0.006657836974867016,0.0,4.06239881431332e-05
0.11,0.0,0.003,1.0,0.1,1000.0,1000,0,0.0,0.0002448739221554911,0.0,5.5002437881032865e-08
0.11,0.0,0.003,1.0,0.5,10.0,1000,0,0.0,0.08485952793755108,0.0,0.007493480528705543
0.11,0.0,0.003,1.0,0.5,100.0,1000,0,0.0,0.006721237606206782,0.0,4.059835579420689e-05
0.11,0.0,0.003,1.0,0.5,1000.0,1000,0,0.0,0.00022761412050295506,0.0,5.484136160259513e-08
0.11,0.0,0.003,1.0,1.0,10.0,1000,0,0.0,0.07911276832015045,0.0,0.006660417576246945
0.11,0.0,0.003,1.0,1.0,100.0,1000,0,0.0,0.006920333213442959,0.0,4.9106874809143894e-05
0.11,0.0,0.003,1.0,1.0,1000.0,1000,0,0.0,0.0002452268743792801,0.0,5.91625857542049e-08
0.11,0.0,0.003,1.0,1.5,10.0,1000,0,0.0,0.09066003112843157,0.0,0.008308777428975015
0.11,0.0,0.003,1.0,1.5,100.0,1000,0,0.0,0.00620842628978357,0.0,3.449078375390091e-05
0.11,0.0,0.003,1.0,1.5,1000.0,1000,0,0.0,0.00024111751685877814,0.0,5.637093053662059e-08
0.11,0.0,0.003,1.0,2.0,10.0,1000,0,0.0,0.08344114757813668,0.0,0.007000435257081454
0.11,0.0,0.003,1.0,2.0,100.0,1000,0,0.0,0.0062292731212101595,0.0,3.555351714735365e-05
0.11,0.0,0.003,1.0,2.0,1000.0,1000,0,0.0,0.00024054851424335692,0.0,5.8404404061203386e-08
0.11,0.0,0.001,1e-05,0.1,10.0,1000,0,0.0,0.5383479807377722,0.0,0.2963094135303181
0.11,0.0,0.001,1e-05,0.1,100.0,1000,0,0.0,0.03418751162802591,0.0,0.0010380724735307913
0.11,0.0,0.001,1e-05,0.1,1000.0,1000,0,0.0,0.0008196212750728463,0.0,6.393697878778302e-07
0.11,0.0,0.001,1e-05,0.5,10.0,1000,0,0.0,0.5165890659378285,0.0,0.2681534913787148
0.11,0.0,0.001,1e-05,0.5,100.0,1000,0,0.0,0.03720934872297784,0.0,0.0012784490707273002
0.11,0.0,0.001,1e-05,0.5,1000.0,1000,0,0.0,0.0008372724838986731,0.0,6.461157476881611e-07
0.11,0.0,0.001,1e-05,1.0,10.0,1000,0,0.0,0.5229616535557342,0.0,0.29470495464085317
0.11,0.0,0.001,1e-05,1.0,100.0,1000,0,0.0,0.03593178316897453,0.0,0.0010424346109685577
0.11,0.0,0.001,1e-05,1.0,1000.0,1000,0,0.0,0.0008667714222203095,0.0,6.814025839743011e-07
0.11,0.0,0.001,1e-05,1.5,10.0,1000,0,0.0,0.48823210587761423,0.0,0.22703999312002132
0.11,0.0,0.001,1e-05,1.5,100.0,1000,0,0.0,0.036986624712066866,0.0,0.001304700545093744
0.11,0.0,0.001,1e-05,1.5,1000.0,1000,0,0.0,0.0008553826817086918,0.0,7.15551619194725e-07
0.11,0.0,0.001,1e-05,2.0,10.0,1000,0,0.0,0.5454615212013157,0.0,0.28151581979883045
0.11,0.0,0.001,1e-05,2.0,100.0,1000,0,0.0,0.03578837432432242,0.0,0.0012247983841510485
0.11,0.0,0.001,1e-05,2.0,1000.0,1000,0,0.0,0.000863014821211608,0.0,7.154183317495643e-07
0.11,0.0,0.001,0.001,0.1,10.0,1000,0,0.0,0.4983412712021106,0.0,0.23375943288354653
0.11,0.0,0.001,0.001,0.1,100.0,1000,0,0.0,0.03713547146543291,0.0,0.0011927011584695751
0.11,0.0,0.001,0.001,0.1,1000.0,1000,0,0.0,0.0008903646166195935,0.0,8.790464534431015e-07
0.11,0.0,0.001,0.001,0.5,10.0,1000,0,0.0,0.5239944703933068,0.0,0.2533604146593078
0.11,0.0,0.001,0.001,0.5,100.0,1000,0,0.0,0.0356408686536672,0.0,0.0012844586451219262
0.11,0.0,0.001,0.001,0.5,1000.0,1000,0,0.0,0.0008573568208552802,0.0,7.357261416201264e-07
0.11,0.0,0.001,0.001,1.0,10.0,1000,0,0.0,0.5723306708728223,0.0,0.30325472962533284
0.11,0.0,0.001,0.001,1.0,100.0,1000,0,0.0,0.03665455138039015,0.0,0.0014371348941266643
0.11,0.0,0.001,0.001,1.0,1000.0,1000,0,0.0,0.0008132363888682945,0.0,7.95089652810297e-07
0.11,0.0,0.001,0.001,1.5,10.0,1000,0,0.0,0.5074848715533486,0.0,0.2278193315232531
0.11,0.0,0.001,0.001,1.5,100.0,1000,0,0.0,0.03601053201366617,0.0,0.0013069487426019
0.11,0.0,0.001,0.001,1.5,1000.0,1000,0,0.0,0.0008517965897706861,0.0,7.937270495167786e-07
0.11,0.0,0.001,0.001,2.0,10.0,1000,0,0.0,0.5439570676416535,0.0,0.27969194931126484
0.11,0.0,0.001,0.001,2.0,100.0,1000,0,0.0,0.036864032611453226,0.0,0.0012801391318699466
0.11,0.0,0.001,0.001,2.0,1000.0,1000,0,0.0,0.0008357906761659005,0.0,7.251637746156199e-07
0.11,0.0,0.001,0.1,0.1,10.0,1000,0,0.0,0.34146429169069037,0.0,0.1098501985013971
0.11,0.0,0.001,0.1,0.1,100.0,1000,0,0.0,0.026877443613898287,0.0,0.0007800514026356887
0.11,0.0,0.001,0.1,0.1,1000.0,1000,0,0.0,0.0007929869281772256,0.0,6.35824211751593e-07
0.11,0.0,0.001,0.1,0.5,10.0,1000,0,0.0,0.3606702064923173,0.0,0.1277684315650059
0.11,0.0,0.001,0.1,0.5,100.0,1000,0,0.0,0.027881510791896998,0.0,0.0007675796224015491
0.11,0.0,0.001,0.1,0.5,1000.0,1000,0,0.0,0.0008038913202250971,0.0,6.859901216068149e-07
0.11,0.0,0.001,0.1,1.0,10.0,1000,0,0.0,0.367398370395587,0.0,0.13958976864432915
0.11,0.0,0.001,0.1,1.0,100.0,1000,0,0.0,0.025599394955660097,0.0,0.00072633369978197
0.11,0.0,0.001,0.1,1.0,1000.0,1000,0,0.0,0.0007662567946482283,0.0,6.502836666691643e-07
0.11,0.0,0.001,0.1,1.5,10.0,1000,0,0.0,0.3422450264739872,0.0,0.11802570291410662
0.11,0.0,0.001,0.1,1.5,100.0,1000,0,0.0,0.027309410794367685,0.0,0.0007040141862491128
0.11,0.0,0.001,0.1,1.5,1000.0,1000,0,0.0,0.0007923856082021272,0.0,6.385104772046888e-07
0.11,0.0,0.001,0.1,2.0,10.0,1000,0,0.0,0.350945129431174,0.0,0.10892925496370726
0.11,0.0,0.001,0.1,2.0,100.0,1000,0,0.0,0.02617291191064162,0.0,0.0006799487919983717
0.11,0.0,0.001,0.1,2.0,1000.0,1000,0,0.0,0.0007827548161384741,0.0,6.42725471149763e-07
0.11,0.0,0.001,1.0,0.1,10.0,1000,0,0.0,0.08061786388342665,0.0,0.007300831564941398
0.11,0.0,0.001,1.0,0.1,100.0,1000,0,0.0,0.008238486692848355,0.0,6.019941851413498e-05
0.11,0.0,0.001,1.0,0.1,1000.0,1000,0,0.0,0.0004548651220269608,0.0,2.131357854430298e-07
0.11,0.0,0.001,1.0,0.5,10.0,1000,0,0.0,0.08272549460900326,0.0,0.0069359243299440786
0.11,0.0,0.001,1.0,0.5,100.0,1000,0,0.0,0.007831527279181088,0.0,6.070606859198194e-05
0.11,0.0,0.001,1.0,0.5,1000.0,1000,0,0.0,0.0004440611947451315,0.0,2.0458737028434197e-07
0.11,0.0,0.001,1.0,1.0,10.0,1000,0,0.0,0.08515788268487642,0.0,0.007712598475906458
0.11,0.0,0.001,1.0,1.0,100.0,1000,0,0.0,0.007972818341828525,0.0,6.406569731041615e-05
0.11,0.0,0.001,1.0,1.0,1000.0,1000,0,0.0,0.0004447460136072614,0.0,2.206686744901764e-07
0.11,0.0,0.001,1.0,1.5,10.0,1000,0,0.0,0.09075115822559611,0.0,0.008333694217710649
0.11,0.0,0.001,1.0,1.5,100.0,1000,0,0.0,0.00786382936865302,0.0,6.74280318272004e-05
0.11,0.0,0.001,1.0,1.5,1000.0,1000,0,0.0,0.00045421078721415576,0.0,2.106436166679556e-07
0.11,0.0,0.001,1.0,2.0,10.0,1000,0,0.0,0.08223877260489779,0.0,0.0074412900807906655
0.11,0.0,0.001,1.0,2.0,100.0,1000,0,0.0,0.008554011437282832,0.0,6.970180809373944e-05
0.11,0.0,0.001,1.0,2.0,1000.0,1000,0,0.0,0.00044846134411646356,0.0,1.8914397576959217e-07
0.11,1e-05,0.0003,1e-05,0.1,10.0,1000,0,0.0,0.0,0.0,0.0
0.11,1e-05,0.0003,1e-05,0.1,100.0,1000,0,0.0,0.0,0.0,0.0
0.11,1e-05,0.0003,1e-05,0.1,1000.0,1000,0,0.0,0.0,0.0,0.0
0.11,1e-05,0.0003,1e-05,0.5,10.0,1000,0,0.0,0.0,0.0,0.0
0.11,1e-05,0.0003,1e-05,0.5,100.0,1000,0,0.0,0.0,0.0,0.0
0.11,1e-05,0.0003,1e-05,0.5,1000.0,1000,0,0.0,0.0,0.0,0.0
0.11,1e-05,0.0003,1e-05,1.0,10.0,1000,0,0.0,0.0,0.0,0.0
0.11,1e-05,0.0003,1e-05,1.0,100.0,1000,0,0.0,0.0,0.0,0.0
0.11,1e-05,0.0003,1e-05,1.0,1000.0,1000,0,0.0,0.0,0.0,0.0
0.11,1e-05,0.0003,1e-05,1.5,10.0,1000,0,0.0,0.0,0.0,0.0
0.11,1e-05,0.0003,1e-05,1.5,100.0,1000,0,0.0,0.0,0.0,0.0
0.11,1e-05,0.0003,1e-05,1.5,1000.0,1000,0,0.0,0.0,0.0,0.0
0.11,1e-05,0.0003,1e-05,2.0,10.0,1000,0,0.0,0.0,0.0,0.0
0.11,1e-05,0.0003,1e-05,2.0,100.0,1000,0,0.0,0.0,0.0,0.0
0.11,1e-05,0.0003,1e-05,2.0,1000.0,1000,0,0.0,0.0,0.0,0.0
0.11,1e-05,0.0003,0.001,0.1,10.0,1000,0,0.0,0.0,0.0,0.0
0.11,1e-05,0.0003,0.001,0.1,100.0,1000,0,0.0,0.0,0.0,0.0
0.11,1e-05,0.0003,0.001,0.1,1000.0,1000,0,0.0,0.0,0.0,0.0
0.11,1e-05,0.0003,0.001,0.5,10.0,1000,0,0.0,0.0,0.0,0.0
0.11,1e-05,0.0003,0.001,0.5,100.0,1000,0,0.0,0.0,0.0,0.0
0.11,1e-05,0.0003,0.001,0.5,1000.0,1000,0,0.0,0.0,0.0,0.0
0.11,1e-05,0.0003,0.001,1.0,10.0,1000,0,0.0,0.0,0.0,0.0
0.11,1e-05,0.0003,0.001,1.0,100.0,1000,0,0.0,0.0,0.0,0.0
0.11,1e-05,0.0003,0.001,1.0,1000.0,1000,0,0.0,0.0,0.0,0.0
0.11,1e-05,0.0003,0.001,1.5,10.0,1000,0,0.0,0.0,0.0,0.0
0.11,1e-05,0.0003,0.001,1.5,100.0,1000,0,0.0,0.0,0.0,0.0
0.11,1e-05,0.0003,0.001,1.5,1000.0,1000,0,0.0,0.0,0.0,0.0
0.11,1e-05,0.0003,0.001,2.0,10.0,1000,0,0.0,0.0,0.0,0.0
0.11,1e-05,0.0003,0.001,2.0,100.0,1000,0,0.0,0.0,0.0,0.0
0.11,1e-05,0.0003,0.001,2.0,1000.0,1000,0,0.0,0.0,0.0,0.0
0.11,1e-05,0.0003,0.1,0.1,10.0,1000,0,0.0,9.969661852233212,0.0,31.010543465882964
0.11,1e-05,0.0003,0.1,0.1,100.0,1000,0,0.0,10.260218171869052,0.0,57.645519087865885
0.11,1e-05,0.0003,0.1,0.1,1000.0,1000,0,0.0,30.64255191447046,0.0,1106.2035394467503
0.11,1e-05,0.0003,0.1,0.5,10.0,1000,0,0.0,7.785902800836231,0.0,27.076506276428905
0.11,1e-05,0.0003,0.1,0.5,100.0,1000,0,0.0,0.0,0.0,0.0
0.11,1e-05,0.0003,0.1,0.5,1000.0,1000,0,0.0,0.0,0.0,0.0
0.11,1e-05,0.0003,0.1,1.0,10.0,1000,0,0.0,8.960706548217765,0.0,5.355489248484568
0.11,1e-05,0.0003,0.1,1.0,100.0,1000,0,0.0,0.0,0.0,0.0
0.11,1e-05,0.0003,0.1,1.0,1000.0,1000,0,0.0,0.0,0.0,0.0
0.11,1e-05,0.0003,0.1,1.5,10.0,1000,0,0.0,0.0,0.0,0.0
0.11,1e-05,0.0003,0.1,1.5,100.0,1000,0,0.0,0.0,0.0,0.0
0.11,1e-05,0.0003,0.1,1.5,1000.0,1000,0,0.0,0.0,0.0,0.0
0.11,1e-05,0.0003,0.1,2.0,10.0,1000,0,0.0,17.724992525091498,0.0,0.0
0.11,1e-05,0.0003,0.1,2.0,100.0,1000,0,0.0,0.0,0.0,0.0
0.11,1e-05,0.0003,0.1,2.0,1000.0,1000,0,0.0,0.0,0.0,0.0
0.11,1e-05,0.0003,1.0,0.1,10.0,1000,0,0.0,1.8662336713635637,0.0,1.763309925667459
0.11,1e-05,0.0003,1.0,0.1,100.0,1000,0,0.0,2.071587250117025,0.0,16.341193350536095
0.11,1e-05,0.0003,1.0,0.1,1000.0,1000,0,0.0,6.111915047455841,0.0,272.0234475193014
0.11,1e-05,0.0003,1.0,0.5,10.0,1000,0,0.0,1.9351303290367825,0.0,2.3251832039334337
0.11,1e-05,0.0003,1.0,0.5,100.0,1000,0,0.0,0.0,0.0,0.0
0.11,1e-05,0.0003,1.0,0.5,1000.0,1000,0,0.0,0.0,0.0,0.0
0.11,1e-05,0.0003,1.0,1.0,10.0,1000,0,0.0,1.5993692649261684,0.0,1.6027105284526328
0.11,1e-05,0.0003,1.0,1.0,100.0,1000,0,0.0,0.0,0.0,0.0
0.11,1e-05,0.0003,1.0,1.0,1000.0,1000,0,0.0,0.0,0.0,0.0
0.11,1e-05,0.0003,1.0,1.5,10.0,1000,0,0.0,2.6440366428340933,0.0,0.0
0.11,1e-05,0.0003,1.0,1.5,100.0,1000,0,0.0,0.0,0.0,0.0
0.11,1e-05,0.0003,1.0,1.5,1000.0,1000,0,0.0,0.0,0.0,0.0
0.11,1e-05,0.0003,1.0,2.0,10.0,1000,0,0.0,0.0,0.0,0.0
0.11,1e-05,0.0003,1.0,2.0,100.0,1000,0,0.0,0.0,0.0,0.0
0.11,1e-05,0.0003,1.0,2.0,1000.0,1000,0,0.0,0.0,0.0,0.0
0.11,1e-05,0.0001,1e-05,0.1,10.0,1000,0,0.0,0.0,0.0,0.0
0.11,1e-05,0.0001,1e-05,0.1,100.0,1000,0,0.0,0.0,0.0,0.0
0.11,1e-05,0.0001,1e-05,0.1,1000.0,1000,0,0.0,0.0,0.0,0.0
0.11,1e-05,0.0001,1e-05,0.5,10.0,1000,0,0.0,0.0,0.0,0.0
0.11,1e-05,0.0001,1e-05,0.5,100.0,1000,0,0.0,0.0,0.0,0.0
0.11,1e-05,0.0001,1e-05,0.5,1000.0,1000,0,0.0,0.0,0.0,0.0
0.11,1e-05,0.0001,1e-05,1.0,10.0,1000,0,0.0,0.0,0.0,0.0
0.11,1e-05,0.0001,1e-05,1.0,100.0,1000,0,0.0,0.0,0.0,0.0
0.11,1e-05,0.0001,1e-05,1.0,1000.0,1000,0,0.0,0.0,0.0,0.0
0.11,1e-05,0.0001,1e-05,1.5,10.0,1000,0,0.0,0.0,0.0,0.0
0.11,1e-05,0.0001,1e-05,1.5,100.0,1000,0,0.0,0.0,0.0,0.0
0.11,1e-05,0.0001,1e-05,1.5,1000.0,1000,0,0.0,0.0,0.0,0.0
0.11,1e-05,0.0001,1e-05,2.0,10.0,1000,0,0.0,0.0,0.0,0.0
0.11,1e-05,0.0001,1e-05,2.0,100.0,1000,0,0.0,0.0,0.0,0.0
0.11,1e-05,0.0001,1e-05,2.0,1000.0,1000,0,0.0,0.0,0.0,0.0
0.11,1e-05,0.0001,0.001,0.1,10.0,1000,0,0.0,0.0,0.0,0.0
0.11,1e-05,0.0001,0.001,0.1,100.0,1000,0,0.0,0.0,0.0,0.0
0.11,1e-05,0.0001,0.001,0.1,1000.0,1000,0,0.0,0.0,0.0,0.0
0.11,1e-05,0.0001,0.001,0.5,10.0,1000,0,0.0,0.0,0.0,0.0
0.11,1e-05,0.0001,0.001,0.5,100.0,1000,0,0.0,0.0,0.0,0.0
0.11,1e-05,0.0001,0.001,0.5,1000.0,1000,0,0.0,0.0,0.0,0.0
0.11,1e-05,0.0001,0.001,1.0,10.0,1000,0,0.0,0.0,0.0,0.0
0.11,1e-05,0.0001,0.001,1.0,100.0,1000,0,0.0,0.0,0.0,0.0
0.11,1e-05,0.0001,0.001,1.0,1000.0,1000,0,0.0,0.0,0.0,0.0
0.11,1e-05,0.0001,0.001,1.5,10.0,1000,0,0.0,0.0,0.0,0.0
0.11,1e-05,0.0001,0.001,1.5,100.0,1000,0,0.0,0.0,0.0,0.0
0.11,1e-05,0.0001,0.001,1.5,1000.0,1000,0,0.0,0.0,0.0,0.0
0.11,1e-05,0.0001,0.001,2.0,10.0,1000,0,0.0,0.0,0.0,0.0
0.11,1e-05,0.0001,0.001,2.0,100.0,1000,0,0.0,0.0,0.0,0.0
0.11,1e-05,0.0001,0.001,2.0,1000.0,1000,0,0.0,0.0,0.0,0.0
0.11,1e-05,0.0001,0.1,0.1,10.0,1000,0,0.0,0.0,0.0,0.0
0.11,1e-05,0.0001,0.1,0.1,100.0,1000,0,0.0,13.902931688550584,0.0,0.9503769863696852
0.11,1e-05,0.0001,0.1,0.1,1000.0,1000,0,0.0,0.0,0.0,0.0
0.11,1e-05,0.0001,0.1,0.5,10.0,1000,0,0.0,0.0,0.0,0.0
0.11,1e-05,0.0001,0.1,0.5,100.0,1000,0,0.0,0.0,0.0,0.0
0.11,1e-05,0.0001,0.1,0.5,1000.0,1000,0,0.0,0.0,0.0,0.0
0.11,1e-05,0.0001,0.1,1.0,10.0,1000,0,0.0,0.0,0.0,0.0
0.11,1e-05,0.0001,0.1,1.0,100.0,1000,0,0.0,0.0,0.0,0.0
0.11,1e-05,0.0001,0.1,1.0,1000.0,1000,0,0.0,0.0,0.0,0.0
0.11,1e-05,0.0001,0.1,1.5,10.0,1000,0,0.0,0.0,0.0,0.0
0.11,1e-05,0.0001,0.1,1.5,100.0,1000,0,0.0,0.0,0.0,0.0
0.11,1e-05,0.0001,0.1,1.5,1000.0,1000,0,0.0,0.0,0.0,0.0
0.11,1e-05,0.0001,0.1,2.0,10.0,1000,0,0.0,0.0,0.0,0.0
0.11,1e-05,0.0001,0.1,2.0,100.0,1000,0,0.0,0.0,0.0,0.0
0.11,1e-05,0.0001,0.1,2.0,1000.0,1000,0,0.0,0.0,0.0,0.0
0.11,1e-05,0.0001,1.0,0.1,10.0,1000,0,0.0,8.756647364043163,0.0,26.378671544001143
0.11,1e-05,0.0001,1.0,0.1,100.0,1000,0,0.0,4.675407217655924,0.0,4.264678924304188
0.11,1e-05,0.0001,1.0,0.1,1000.0,1000,0,0.0,3.4894514450091934,0.0,0.0
0.11,1e-05,0.0001,1.0,0.5,10.0,1000,0,0.0,10.390430152157258,0.0,26.85948418078098
0.11,1e-05,0.0001,1.0,0.5,100.0,1000,0,0.0,0.0,0.0,0.0
0.11,1e-05,0.0001,1.0,0.5,1000.0,1000,0,0.0,0.0,0.0,0.0
0.11,1e-05,0.0001,1.0,1.0,10.0,1000,0,0.0,7.055276188341524,0.0,0.43310232095065365
0.11,1e-05,0.0001,1.0,1.0,100.0,1000,0,0.0,0.0,0.0,0.0
0.11,1e-05,0.0001,1.0,1.0,1000.0,1000,0,0.0,0.0,0.0,0.0
0.11,1e-05,0.0001,1.0,1.5,10.0,1000,0,0.0,0.0,0.0,0.0
0.11,1e-05,0.0001,1.0,1.5,100.0,1000,0,0.0,0.0,0.0,0.0
0.11,1e-05,0.0001,1.0,1.5,1000.0,1000,0,0.0,0.0,0.0,0.0
0.11,1e-05,0.0001,1.0,2.0,10.0,1000,0,0.0,0.0,0.0,0.0
0.11,1e-05,0.0001,1.0,2.0,100.0,1000,0,0.0,0.0,0.0,0.0
0.11,1e-05,0.0001,1.0,2.0,1000.0,1000,0,0.0,0.0,0.0,0.0
0.11,1e-05,0.003,1e-05,0.1,10.0,1000,0,0.0,0.4812423758935085,0.0,0.21261311599361554
0.11,1e-05,0.003,1e-05,0.1,100.0,1000,0,0.0,0.02219913704299768,0.0,0.0004656065923203895
0.11,1e-05,0.003,1e-05,0.1,1000.0,1000,0,0.0,0.00032309244454183485,0.0,1.0413706290382565e-07
0.11,1e-05,0.003,1e-05,0.5,10.0,1000,0,0.0,0.4842194677830973,0.0,0.2520112490595437
0.11,1e-05,0.003,1e-05,0.5,100.0,1000,0,0.0,0.025515292681514905,0.0,0.026423231113636994
0.11,1e-05,0.003,1e-05,0.5,1000.0,1000,0,0.0,0.0003099829693388294,0.0,8.986624107422356e-08
0.11,1e-05,0.003,1e-05,1.0,10.0,1000,0,0.0,0.4608851074707389,0.0,0.21884133196397978
0.11,1e-05,0.003,1e-05,1.0,100.0,1000,0,0.0,0.021690866618300046,0.0,0.00044382708117653657
0.11,1e-05,0.003,1e-05,1.0,1000.0,1000,0,0.0,0.0003000301327457919,0.0,9.48022773861188e-08
0.11,1e-05,0.003,1e-05,1.5,10.0,1000,0,0.0,0.4752831370726803,0.0,0.2199480239289639
0.11,1e-05,0.003,1e-05,1.5,100.0,1000,0,0.0,0.021531083169021994,0.0,0.0004479307801613114
0.11,1e-05,0.003,1e-05,1.5,1000.0,1000,0,0.0,0.0003148122588074113,0.0,8.605989549854673e-08
0.11,1e-05,0.003,1e-05,2.0,10.0,1000,0,0.0,0.48637627396332767,0.0,0.22729979486236085
0.11,1e-05,0.003,1e-05,2.0,100.0,1000,0,0.0,0.02084978051999397,0.0,0.00045366755649719657
0.11,1e-05,0.003,1e-05,2.0,1000.0,1000,0,0.0,0.00030324621284312953,0.0,9.195364486694985e-08
0.11,1e-05,0.003,0.001,0.1,10.0,1000,0,0.0,0.4789391409815385,0.0,0.24014860767039337
0.11,1e-05,0.003,0.001,0.1,100.0,1000,0,0.0,0.025400297703128162,0.0,0.030800014407300284
0.11,1e-05,0.003,0.001,0.1,1000.0,1000,0,0.0,0.00031033791024498057,0.0,1.0286973996915298e-07
0.11,1e-05,0.003,0.001,0.5,10.0,1000,0,0.0,0.4920905588593592,0.0,0.24255142817152092
0.11,1e-05,0.003,0.001,0.5,100.0,1000,0,0.0,0.022007121954845877,0.0,0.0004621603093357692
0.11,1e-05,0.003,0.001,0.5,1000.0,1000,0,0.0,0.00029892864605251976,0.0,8.766995878782514e-08
0.11,1e-05,0.003,0.001,1.0,10.0,1000,0,0.0,0.4822139907573032,0.0,0.8646939954341146
0.11,1e-05,0.003,0.001,1.0,100.0,1000,0,0.0,0.021288172391311318,0.0,0.0004434638683384981
0.11,1e-05,0.003,0.001,1.0,1000.0,1000,0,0.0,0.0003216652065717708,0.0,9.535947766975563e-08
0.11,1e-05,0.003,0.001,1.5,10.0,1000,0,0.0,0.4842880444203321,0.0,0.21556291417465043
0.11,1e-05,0.003,0.001,1.5,100.0,1000,0,0.0,0.021780320094186296,0.0,0.0004909189748547178
0.11,1e-05,0.003,0.001,1.5,1000.0,1000,0,0.0,0.00031636081089022694,0.0,1.0005563648640716e-07
0.11,1e-05,0.003,0.001,2.0,10.0,1000,0,0.0,0.5025100149914588,0.0,0.24223040355980507
0.11,1e-05,0.003,0.001,2.0,100.0,1000,0,0.0,0.021321476623069196,0.0,0.0004709606728038565
0.11,1e-05,0.003,0.001,2.0,1000.0,1000,0,0.0,0.0003388067801905656,0.0,1.2646318393122565e-07
0.11,1e-05,0.003,0.1,0.1,10.0,1000,0,0.0,0.3318748125342207,0.0,0.11347916271759824
0.11,1e-05,0.003,0.1,0.1,100.0,1000,0,0.0,0.017757242083709095,0.0,0.0002872723251359683
0.11,1e-05,0.003,0.1,0.1,1000.0,1000,0,0.0,0.0002953802543836126,0.0,8.427935251807248e-08
0.11,1e-05,0.003,0.1,0.5,10.0,1000,0,0.0,0.3249206754845934,0.0,0.10112801361616267
0.11,1e-05,0.003,0.1,0.5,100.0,1000,0,0.0,0.016342445898344462,0.0,0.00026950342850941495
0.11,1e-05,0.003,0.1,0.5,1000.0,1000,0,0.0,0.00031240250426950856,0.0,9.579492418745441e-08
0.11,1e-05,0.003,0.1,1.0,10.0,1000,0,0.0,0.35096061594304756,0.0,0.11107382813263551
0.11,1e-05,0.003,0.1,1.0,100.0,1000,0,0.0,0.018402425521229043,0.0,0.0003281999186711427
0.11,1e-05,0.003,0.1,1.0,1000.0,1000,0,0.0,0.00028872206310520264,0.0,8.943255390549231e-08
0.11,1e-05,0.003,0.1,1.5,10.0,1000,0,0.0,0.3259129017550931,0.0,0.10473799310647462
0.11,1e-05,0.003,0.1,1.5,100.0,1000,0,0.0,0.016704994836518987,0.0,0.00028253351400149985
0.11,1e-05,0.003,0.1,1.5,1000.0,1000,0,0.0,0.0003086872104562642,0.0,1.0366451758152427e-07
0.11,1e-05,0.003,0.1,2.0,10.0,1000,0,0.0,0.3249613571822237,0.0,0.08829518089159183
0.11,1e-05,0.003,0.1,2.0,100.0,1000,0,0.0,0.01797759767644579,0.0,0.00034801048929868837
0.11,1e-05,0.003,0.1,2.0,1000.0,1000,0,0.0,0.0003002570866397628,0.0,8.654964194245493e-08
0.11,1e-05,0.003,1.0,0.1,10.0,1000,0,0.0,0.08239204182090408,0.0,0.00663365359039092
0.11,1e-05,0.003,1.0,0.1,100.0,1000,0,0.0,0.006720935682876835,0.0,4.434829833951883e-05
0.11,1e-05,0.003,1.0,0.1,1000.0,1000,0,0.0,0.0002125255252578628,0.0,4.319666889399376e-08
0.11,1e-05,0.003,1.0,0.5,10.0,1000,0,0.0,0.07796351823613133,0.0,0.006010703090573806
0.11,1e-05,0.003,1.0,0.5,100.0,1000,0,0.0,0.006654198716818579,0.0,4.2802762511395836e-05
0.11,1e-05,0.003,1.0,0.5,1000.0,1000,0,0.0,0.00023200256910772352,0.0,5.511852912035309e-08
0.11,1e-05,0.003,1.0,1.0,10.0,1000,0,0.0,0.08678066503533723,0.0,0.0072115508473861
0.11,1e-05,0.003,1.0,1.0,100.0,1000,0,0.0,0.006896177345116007,0.0,4.586569462948327e-05
0.11,1e-05,0.003,1.0,1.0,1000.0,1000,0,0.0,0.00024206042428753335,0.0,6.288601651531836e-08
0.11,1e-05,0.003,1.0,1.5,10.0,1000,0,0.0,0.1795533309019676,0.0,8.504616613457385
0.11,1e-05,0.003,1.0,1.5,100.0,1000,0,0.0,0.006795565219600124,0.0,4.9798036209634114e-05
0.11,1e-05,0.003,1.0,1.5,1000.0,1000,0,0.0,0.00023803826156801463,0.0,6.218081439058725e-08
0.11,1e-05,0.003,1.0,2.0,10.0,1000,0,0.0,0.08808163364494767,0.0,0.01989391914423962
0.11,1e-05,0.003,1.0,2.0,100.0,1000,0,0.0,0.006497295363179505,0.0,3.847565855401623e-05
0.11,1e-05,0.003,1.0,2.0,1000.0,1000,0,0.0,0.00024381059427104753,0.0,5.580993659699023e-08
0.11,1e-05,0.001,1e-05,0.1,10.0,1000,0,0.0,0.5492287176763854,0.0,0.2979486043524201
0.11,1e-05,0.001,1e-05,0.1,100.0,1000,0,0.0,0.038814836108182725,0.0,0.0016429278997357893
0.11,1e-05,0.001,1e-05,0.1,1000.0,1000,0,0.0,0.0008156321599732645,0.0,6.462150245158659e-07
0.11,1e-05,0.001,1e-05,0.5,10.0,1000,0,0.0,0.5300538243044739,0.0,0.27342746365084253
0.11,1e-05,0.001,1e-05,0.5,100.0,1000,0,0.0,0.039268836511082005,0.0,0.0014681725855858316
0.11,1e-05,0.001,1e-05,0.5,1000.0,1000,0,0.0,0.0008976377127534443,0.0,7.286130584497145e-07
0.11,1e-05,0.001,1e-05,1.0,10.0,1000,0,0.0,0.5328820656958764,0.0,0.2941904248832151
0.11,1e-05,0.001,1e-05,1.0,100.0,1000,0,0.0,0.038264060879482614,0.0,0.0014622886430072388
0.11,1e-05,0.001,1e-05,1.0,1000.0,1000,0,0.0,0.0008519223148022297,0.0,6.455081375686495e-07
0.11,1e-05,0.001,1e-05,1.5,10.0,1000,0,0.0,0.5384434209874728,0.0,0.2739201804782874
0.11,1e-05,0.001,1e-05,1.5,100.0,1000,0,0.0,0.03837109332795002,0.0,0.0014845079099780783
0.11,1e-05,0.001,1e-05,1.5,1000.0,1000,0,0.0,0.0008902450948074695,0.0,8.246178612744181e-07
0.11,1e-05,0.001,1e-05,2.0,10.0,1000,0,0.0,0.5221124477523501,0.0,0.26593740370896934
0.11,1e-05,0.001,1e-05,2.0,100.0,1000,0,0.0,0.03773850862187002,0.0,0.0014408382888155406
0.11,1e-05,0.001,1e-05,2.0,1000.0,1000,0,0.0,0.0008727557486890694,0.0,7.216525804769286e-07
0.11,1e-05,0.001,0.001,0.1,10.0,1000,0,0.0,0.537560349653857,0.0,0.3004670052082313
0.11,1e-05,0.001,0.001,0.1,100.0,1000,0,0.0,0.035931515975513875,0.0,0.001247243523111626
0.11,1e-05,0.001,0.001,0.1,1000.0,1000,0,0.0,0.0008478545045293599,0.0,6.936754708067389e-07
0.11,1e-05,0.001,0.001,0.5,10.0,1000,0,0.0,0.5269770448914016,0.0,0.2711675796920385
0.11,1e-05,0.001,0.001,0.5,100.0,1000,0,0.0,0.035752489630720134,0.0,0.0012433598537193822
0.11,1e-05,0.001,0.001,0.5,1000.0,1000,0,0.0,0.0008337059546237013,0.0,6.412108665886651e-07
0.11,1e-05,0.001,0.001,1.0,10.0,1000,0,0.0,0.4985814971590453,0.0,0.27239512798721355
0.11,1e-05,0.001,0.001,1.0,100.0,1000,0,0.0,0.036587541188179515,0.0,0.0012900764949637237
0.11,1e-05,0.001,0.001,1.0,1000.0,1000,0,0.0,0.016334024710597233,0.0,0.24031595910191783
0.11,1e-05,0.001,0.001,1.5,10.0,1000,0,0.0,0.5508782305716304,0.0,0.3108800781163319
0.11,1e-05,0.001,0.001,1.5,100.0,1000,0,0.0,0.03614585087477514,0.0,0.0011736952001297342
0.11,1e-05,0.001,0.001,1.5,1000.0,1000,0,0.0,0.0008690731685830889,0.0,7.509044031103179e-07
0.11,1e-05,0.001,0.001,2.0,10.0,1000,0,0.0,0.5432158804325371,0.0,0.2814838058344077
0.11,1e-05,0.001,0.001,2.0,100.0,1000,0,0.0,0.03791123169151495,0.0,0.0013036159990136185
0.11,1e-05,0.001,0.001,2.0,1000.0,1000,0,0.0,0.0008073944659519382,0.0,6.468097208164777e-07
0.11,1e-05,0.001,0.1,0.1,10.0,1000,0,0.0,0.35351568025983454,0.0,0.11601009165514091
0.11,1e-05,0.001,0.1,0.1,100.0,1000,0,0.0,0.0268257872604124,0.0,0.0006580270976895146
0.11,1e-05,0.001,0.1,0.1,1000.0,1000,0,0.0,0.0007943381019937399,0.0,6.771104501423942e-07
0.11,1e-05,0.001,0.1,0.5,10.0,1000,0,0.0,0.3479904967496442,0.0,0.12467296190148978
0.11,1e-05,0.001,0.1,0.5,100.0,1000,0,0.0,0.025686932065775176,0.0,0.0006442288352203995
0.11,1e-05,0.001,0.1,0.5,1000.0,1000,0,0.0,0.0008287616204727348,0.0,6.859866773468935e-07
0.11,1e-05,0.001,0.1,1.0,10.0,1000,0,0.0,0.35091332870143344,0.0,0.1450953593084489
0.11,1e-05,0.001,0.1,1.0,100.0,1000,0,0.0,0.027625009467106845,0.0,0.000773534827989522
0.11,1e-05,0.001,0.1,1.0,1000.0,1000,0,0.0,0.0007672319389311148,0.0,6.378545347340865e-07
0.11,1e-05,0.001,0.1,1.5,10.0,1000,0,0.0,0.3440129663090619,0.0,0.12510623378946498
0.11,1e-05,0.001,0.1,1.5,100.0,1000,0,0.0,0.026874868661020727,0.0,0.0007368294105373051
0.11,1e-05,0.001,0.1,1.5,1000.0,1000,0,0.0,0.0008014702010061664,0.0,6.063521700571892e-07
0.11,1e-05,0.001,0.1,2.0,10.0,1000,0,0.0,0.358043521452859,0.0,0.12052415736303371
0.11,1e-05,0.001,0.1,2.0,100.0,1000,0,0.0,0.05003911821513216,0.0,0.5368301516444521
0.11,1e-05,0.001,0.1,2.0,1000.0,1000,0,0.0,0.0007884023797354997,0.0,6.181156589578369e-07
0.11,1e-05,0.001,1.0,0.1,10.0,1000,0,0.0,0.2465473992784575,0.0,13.111876345492718
0.11,1e-05,0.001,1.0,0.1,100.0,1000,0,0.0,0.007731742180928815,0.0,5.467283445585443e-05
0.11,1e-05,0.001,1.0,0.1,1000.0,1000,0,0.0,0.0004635893791027716,0.0,2.1378344948091774e-07
0.11,1e-05,0.001,1.0,0.5,10.0,1000,0,0.0,0.08417037700554789,0.0,0.006393092101396982
0.11,1e-05,0.001,1.0,0.5,100.0,1000,0,0.0,0.00794581855818819,0.0,6.663318712374555e-05
0.11,1e-05,0.001,1.0,0.5,1000.0,1000,0,0.0,0.0004735066730656203,0.0,2.1080120464035498e-07
0.11,1e-05,0.001,1.0,1.0,10.0,1000,0,0.0,0.14422694390612942,0.0,2.8783447480686375
0.11,1e-05,0.001,1.0,1.0,100.0,1000,0,0.0,0.007581155741706042,0.0,6.0874307416146216e-05
0.11,1e-05,0.001,1.0,1.0,1000.0,1000,0,0.0,0.0004481532470547128,0.0,1.8974528741190174e-07
0.11,1e-05,0.001,1.0,1.5,10.0,1000,0,0.0,0.08554537587978797,0.0,0.006946630856306616
0.11,1e-05,0.001,1.0,1.5,100.0,1000,0,0.0,0.027754365451851407,0.0,0.3896967177412442
0.11,1e-05,0.001,1.0,1.5,1000.0,1000,0,0.0,0.00045784776466584735,0.0,2.087333448835691e-07
0.11,1e-05,0.001,1.0,2.0,10.0,1000,0,0.0,0.08041326471182027,0.0,0.006437781537932558
0.11,1e-05,0.001,1.0,2.0,100.0,1000,0,0.0,0.00768640077910882,0.0,5.844055730745509e-05
0.11,1e-05,0.001,1.0,2.0,1000.0,1000,0,0.0,0.00046762383614535794,0.0,2.0979560551946167e-07
0.11,0.0001,0.0003,1e-05,0.1,10.0,1000,0,0.0,0.0,0.0,0.0
0.11,0.0001,0.0003,1e-05,0.1,100.0,1000,0,0.0,0.0,0.0,0.0
0.11,0.0001,0.0003,1e-05,0.1,1000.0,1000,0,0.0,0.0,0.0,0.0
0.11,0.0001,0.0003,1e-05,0.5,10.0,1000,0,0.0,0.0,0.0,0.0
0.11,0.0001,0.0003,1e-05,0.5,100.0,1000,0,0.0,10.165860707039238,0.0,0.0
0.11,0.0001,0.0003,1e-05,0.5,1000.0,1000,0,0.0,6.6016881655992705,0.0,9.003944662900302
0.11,0.0001,0.0003,1e-05,1.0,10.0,1000,0,0.0,0.0,0.0,0.0
0.11,0.0001,0.0003,1e-05,1.0,100.0,1000,0,0.0,0.0,0.0,0.0
0.11,0.0001,0.0003,1e-05,1.0,1000.0,1000,0,0.0,0.0,0.0,0.0
0.11,0.0001,0.0003,1e-05,1.5,10.0,1000,0,0.0,0.0,0.0,0.0
0.11,0.0001,0.0003,1e-05,1.5,100.0,1000,0,0.0,0.0,0.0,0.0
0.11,0.0001,0.0003,1e-05,1.5,1000.0,1000,0,0.0,0.0,0.0,0.0
0.11,0.0001,0.0003,1e-05,2.0,10.0,1000,0,0.0,0.0,0.0,0.0
0.11,0.0001,0.0003,1e-05,2.0,100.0,1000,0,0.0,0.0,0.0,0.0
0.11,0.0001,0.0003,1e-05,2.0,1000.0,1000,0,0.0,5.313021456850588,0.0,20.949845044753364
0.11,0.0001,0.0003,0.001,0.1,10.0,1000,0,0.0,0.0,0.0,0.0
0.11,0.0001,0.0003,0.001,0.1,100.0,1000,0,0.0,0.0,0.0,0.0
0.11,0.0001,0.0003,0.001,0.1,1000.0,1000,0,0.0,0.0,0.0,0.0
0.11,0.0001,0.0003,0.001,0.5,10.0,1000,0,0.0,0.0,0.0,0.0
0.11,0.0001,0.0003,0.001,0.5,100.0,1000,0,0.0,0.0,0.0,0.0
0.11,0.0001,0.0003,0.001,0.5,1000.0,1000,0,0.0,1.485794949652748,0.0,0.0
0.11,0.0001,0.0003,0.001,1.0,10.0,1000,0,0.0,0.0,0.0,0.0
0.11,0.0001,0.0003,0.001,1.0,100.0,1000,0,0.0,0.0,0.0,0.0
0.11,0.0001,0.0003,0.001,1.0,1000.0,1000,0,0.0,8.343823476121921,0.0,26.599793034863232
0.11,0.0001,0.0003,0.001,1.5,10.0,1000,0,0.0,0.0,0.0,0.0
0.11,0.0001,0.0003,0.001,1.5,100.0,1000,0,0.0,0.0,0.0,0.0
0.11,0.0001,0.0003,0.001,1.5,1000.0,1000,0,0.0,0.0,0.0,0.0
0.11,0.0001,0.0003,0.001,2.0,10.0,1000,0,0.0,0.0,0.0,0.0
0.11,0.0001,0.0003,0.001,2.0,100.0,1000,0,0.0,0.0,0.0,0.0
0.11,0.0001,0.0003,0.001,2.0,1000.0,1000,0,0.0,0.0,0.0,0.0
0.11,0.0001,0.0003,0.1,0.1,10.0,1000,0,0.0,13.295127235840186,0.0,82.16597838706396
0.11,0.0001,0.0003,0.1,0.1,100.0,1000,0,0.0,13.003866472186184,0.0,179.26500617715445
0.11,0.0001,0.0003,0.1,0.1,1000.0,1000,0,0.0,35.997230384782064,0.0,1002.4467003373493
0.11,0.0001,0.0003,0.1,0.5,10.0,1000,0,0.0,7.362734147483806,0.0,20.02964958176169
0.11,0.0001,0.0003,0.1,0.5,100.0,1000,0,0.0,0.0,0.0,0.0
0.11,0.0001,0.0003,0.1,0.5,1000.0,1000,0,0.0,10.062573754268403,0.0,0.0
0.11,0.0001,0.0003,0.1,1.0,10.0,1000,0,0.0,10.750014766510194,0.0,2.495894068434364
0.11,0.0001,0.0003,0.1,1.0,100.0,1000,0,0.0,0.0,0.0,0.0
0.11,0.0001,0.0003,0.1,1.0,1000.0,1000,0,0.0,0.7157253280767354,0.0,0.0
0.11,0.0001,0.0003,0.1,1.5,10.0,1000,0,0.0,9.048478325715047,0.0,6.453927224597774
0.11,0.0001,0.0003,0.1,1.5,100.0,1000,0,0.0,0.0,0.0,0.0
0.11,0.0001,0.0003,0.1,1.5,1000.0,1000,0,0.0,82.02884612413956,0.0,0.0
0.11,0.0001,0.0003,0.1,2.0,10.0,1000,0,0.0,0.0,0.0,0.0
0.11,0.0001,0.0003,0.1,2.0,100.0,1000,0,0.0,0.0,0.0,0.0
0.11,0.0001,0.0003,0.1,2.0,1000.0,1000,0,0.0,0.0,0.0,0.0
0.11,0.0001,0.0003,1.0,0.1,10.0,1000,0,0.0,2.8903995634157393,0.0,62.04837541409896
0.11,0.0001,0.0003,1.0,0.1,100.0,1000,0,0.0,6.608431252970446,0.0,220.51520523575877
0.11,0.0001,0.0003,1.0,0.1,1000.0,1000,0,0.0,17.674218619806865,0.0,715.0804467839283
0.11,0.0001,0.0003,1.0,0.5,10.0,1000,0,0.0,3.1084962799932745,0.0,90.77260835185402
0.11,0.0001,0.0003,1.0,0.5,100.0,1000,0,0.0,93.96624123386212,0.0,0.0
0.11,0.0001,0.0003,1.0,0.5,1000.0,1000,0,0.0,67.254040892272,0.0,1.4922921507947384
0.11,0.0001,0.0003,1.0,1.0,10.0,1000,0,0.0,1.9995327385033015,0.0,3.128401618313421
0.11,0.0001,0.0003,1.0,1.0,100.0,1000,0,0.0,87.14558676575626,0.0,0.0
0.11,0.0001,0.0003,1.0,1.0,1000.0,1000,0,0.0,197.36608114384157,0.0,0.0
0.11,0.0001,0.0003,1.0,1.5,10.0,1000,0,0.0,2.8319640080836805,0.0,2.973702212200166
0.11,0.0001,0.0003,1.0,1.5,100.0,1000,0,0.0,0.0,0.0,0.0
0.11,0.0001,0.0003,1.0,1.5,1000.0,1000,0,0.0,0.44496532864041627,0.0,0.0
0.11,0.0001,0.0003,1.0,2.0,10.0,1000,0,0.0,0.0,0.0,0.0
0.11,0.0001,0.0003,1.0,2.0,100.0,1000,0,0.0,165.65747636833163,0.0,662.6745563425295
0.11,0.0001,0.0003,1.0,2.0,1000.0,1000,0,0.0,0.0,0.0,0.0
0.11,0.0001,0.0001,1e-05,0.1,10.0,1000,0,0.0,0.0,0.0,0.0
0.11,0.0001,0.0001,1e-05,0.1,100.0,1000,0,0.0,0.0,0.0,0.0
0.11,0.0001,0.0001,1e-05,0.1,1000.0,1000,0,0.0,0.0,0.0,0.0
0.11,0.0001,0.0001,1e-05,0.5,10.0,1000,0,0.0,0.0,0.0,0.0
0.11,0.0001,0.0001,1e-05,0.5,100.0,1000,0,0.0,0.0,0.0,0.0
0.11,0.0001,0.0001,1e-05,0.5,1000.0,1000,0,0.0,0.0,0.0,0.0
0.11,0.0001,0.0001,1e-05,1.0,10.0,1000,0,0.0,0.0,0.0,0.0
0.11,0.0001,0.0001,1e-05,1.0,100.0,1000,0,0.0,0.0,0.0,0.0
0.11,0.0001,0.0001,1e-05,1.0,1000.0,1000,0,0.0,0.0,0.0,0.0
0.11,0.0001,0.0001,1e-05,1.5,10.0,1000,0,0.0,0.0,0.0,0.0
0.11,0.0001,0.0001,1e-05,1.5,100.0,1000,0,0.0,0.0,0.0,0.0
0.11,0.0001,0.0001,1e-05,1.5,1000.0,1000,0,0.0,0.0,0.0,0.0
0.11,0.0001,0.0001,1e-05,2.0,10.0,1000,0,0.0,0.0,0.0,0.0
0.11,0.0001,0.0001,1e-05,2.0,100.0,1000,0,0.0,0.0,0.0,0.0
0.11,0.0001,0.0001,1e-05,2.0,1000.0,1000,0,0.0,0.0,0.0,0.0
0.11,0.0001,0.0001,0.001,0.1,10.0,1000,0,0.0,0.0,0.0,0.0
0.11,0.0001,0.0001,0.001,0.1,100.0,1000,0,0.0,0.0,0.0,0.0
0.11,0.0001,0.0001,0.001,0.1,1000.0,1000,0,0.0,0.0,0.0,0.0
0.11,0.0001,0.0001,0.001,0.5,10.0,1000,0,0.0,0.0,0.0,0.0
0.11,0.0001,0.0001,0.001,0.5,100.0,1000,0,0.0,0.0,0.0,0.0
0.11,0.0001,0.0001,0.001,0.5,1000.0,1000,0,0.0,0.0,0.0,0.0
0.11,0.0001,0.0001,0.001,1.0,10.0,1000,0,0.0,0.0,0.0,0.0
0.11,0.0001,0.0001,0.001,1.0,100.0,1000,0,0.0,0.0,0.0,0.0
0.11,0.0001,0.0001,0.001,1.0,1000.0,1000,0,0.0,0.0,0.0,0.0
0.11,0.0001,0.0001,0.001,1.5,10.0,1000,0,0.0,0.0,0.0,0.0
0.11,0.0001,0.0001,0.001,1.5,100.0,1000,0,0.0,0.0,0.0,0.0
0.11,0.0001,0.0001,0.001,1.5,1000.0,1000,0,0.0,0.0,0.0,0.0
0.11,0.0001,0.0001,0.001,2.0,10.0,1000,0,0.0,0.0,0.0,0.0
0.11,0.0001,0.0001,0.001,2.0,100.0,1000,0,0.0,0.0,0.0,0.0
0.11,0.0001,0.0001,0.001,2.0,1000.0,1000,0,0.0,0.0,0.0,0.0
0.11,0.0001,0.0001,0.1,0.1,10.0,1000,0,0.0,0.0,0.0,0.0
0.11,0.0001,0.0001,0.1,0.1,100.0,1000,0,0.0,0.0,0.0,0.0
0.11,0.0001,0.0001,0.1,0.1,1000.0,1000,0,0.0,0.0,0.0,0.0
0.11,0.0001,0.0001,0.1,0.5,10.0,1000,0,0.0,0.0,0.0,0.0
0.11,0.0001,0.0001,0.1,0.5,100.0,1000,0,0.0,0.0,0.0,0.0
0.11,0.0001,0.0001,0.1,0.5,1000.0,1000,0,0.0,0.0,0.0,0.0
0.11,0.0001,0.0001,0.1,1.0,10.0,1000,0,0.0,0.0,0.0,0.0
0.11,0.0001,0.0001,0.1,1.0,100.0,1000,0,0.0,0.0,0.0,0.0
0.11,0.0001,0.0001,0.1,1.0,1000.0,1000,0,0.0,0.0,0.0,0.0
0.11,0.0001,0.0001,0.1,1.5,10.0,1000,0,0.0,0.0,0.0,0.0
0.11,0.0001,0.0001,0.1,1.5,100.0,1000,0,0.0,0.0,0.0,0.0
0.11,0.0001,0.0001,0.1,1.5,1000.0,1000,0,0.0,0.0,0.0,0.0
0.11,0.0001,0.0001,0.1,2.0,10.0,1000,0,0.0,0.0,0.0,0.0
0.11,0.0001,0.0001,0.1,2.0,100.0,1000,0,0.0,0.0,0.0,0.0
0.11,0.0001,0.0001,0.1,2.0,1000.0,1000,0,0.0,0.0,0.0,0.0
0.11,0.0001,0.0001,1.0,0.1,10.0,1000,0,0.0,11.414556239413907,0.0,68.83877140857072
0.11,0.0001,0.0001,1.0,0.1,100.0,1000,0,0.0,24.981680984929227,0.0,1236.7648334311273
0.11,0.0001,0.0001,1.0,0.1,1000.0,1000,0,0.0,43.58893152244976,0.0,2361.2665813692884
0.11,0.0001,0.0001,1.0,0.5,10.0,1000,0,0.0,9.949059210153244,0.0,2.8057158665985975
0.11,0.0001,0.0001,1.0,0.5,100.0,1000,0,0.0,71.30838694756372,0.0,0.0
0.11,0.0001,0.0001,1.0,0.5,1000.0,1000,0,0.0,105.4298022019015,0.0,41.02060764688389
0.11,0.0001,0.0001,1.0,1.0,10.0,1000,0,0.0,4.9660202903911586,0.0,0.0
0.11,0.0001,0.0001,1.0,1.0,100.0,1000,0,0.0,0.0,0.0,0.0
0.11,0.0001,0.0001,1.0,1.0,1000.0,1000,0,0.0,0.0,0.0,0.0
0.11,0.0001,0.0001,1.0,1.5,10.0,1000,0,0.0,0.0,0.0,0.0
0.11,0.0001,0.0001,1.0,1.5,100.0,1000,0,0.0,0.0,0.0,0.0
0.11,0.0001,0.0001,1.0,1.5,1000.0,1000,0,0.0,0.0,0.0,0.0
0.11,0.0001,0.0001,1.0,2.0,10.0,1000,0,0.0,145.3927791042523,0.0,0.0
0.11,0.0001,0.0001,1.0,2.0,100.0,1000,0,0.0,0.0,0.0,0.0
0.11,0.0001,0.0001,1.0,2.0,1000.0,1000,0,0.0,0.0,0.0,0.0
0.11,0.0001,0.003,1e-05,0.1,10.0,1000,0,0.0,0.5284832459334126,0.0,2.3815642277687132
0.11,0.0001,0.003,1e-05,0.1,100.0,1000,0,0.0,0.023817880921550325,0.0,0.0066900609096398715
0.11,0.0001,0.003,1e-05,0.1,1000.0,1000,0,0.0,0.0003079035133461158,0.0,1.0586445018076094e-07
0.11,0.0001,0.003,1e-05,0.5,10.0,1000,0,0.0,0.5948357281756744,0.0,8.58329310797044
0.11,0.0001,0.003,1e-05,0.5,100.0,1000,0,0.0,0.02058347035286745,0.0,0.00045093675660222925
0.11,0.0001,0.003,1e-05,0.5,1000.0,1000,0,0.0,0.0016904534589201122,0.0,0.0019506863849530977
0.11,0.0001,0.003,1e-05,1.0,10.0,1000,0,0.0,0.5275852406025195,0.0,1.257778918948122
0.11,0.0001,0.003,1e-05,1.0,100.0,1000,0,0.0,0.04634435564054643,0.0,0.665968909639602
0.11,0.0001,0.003,1e-05,1.0,1000.0,1000,0,0.0,0.00030867432035998766,0.0,9.350900605607296e-08
0.11,0.0001,0.003,1e-05,1.5,10.0,1000,0,0.0,0.5546144876221566,0.0,1.1049915146055547
0.11,0.0001,0.003,1e-05,1.5,100.0,1000,0,0.0,0.021250540742498904,0.0,0.00043934033707046283
0.11,0.0001,0.003,1e-05,1.5,1000.0,1000,0,0.0,0.00030298149712685375,0.0,9.639312489928889e-08
0.11,0.0001,0.003,1e-05,2.0,10.0,1000,0,0.0,0.5025108391199566,0.0,1.5039396356179566
0.11,0.0001,0.003,1e-05,2.0,100.0,1000,0,0.0,0.02068324453249984,0.0,0.00040874774035106197
0.11,0.0001,0.003,1e-05,2.0,1000.0,1000,0,0.0,0.0003206773303103796,0.0,9.728285643467628e-08
0.11,0.0001,0.003,0.001,0.1,10.0,1000,0,0.0,0.543074217421413,0.0,3.51221642869078
0.11,0.0001,0.003,0.001,0.1,100.0,1000,0,0.0,0.02141390149842968,0.0,0.000448412712570272
0.11,0.0001,0.003,0.001,0.1,1000.0,1000,0,0.0,0.00031465963241054994,0.0,9.099239466409494e-08
0.11,0.0001,0.003,0.001,0.5,10.0,1000,0,0.0,0.5639863332005782,0.0,6.037344262740861
0.11,0.0001,0.003,0.001,0.5,100.0,1000,0,0.0,0.023202615510076068,0.0,0.008539774097609665
0.11,0.0001,0.003,0.001,0.5,1000.0,1000,0,0.0,0.07247052778408465,0.0,5.19243468559677
0.11,0.0001,0.003,0.001,1.0,10.0,1000,0,0.0,0.5678646218162696,0.0,11.514392532322606
0.11,0.0001,0.003,0.001,1.0,100.0,1000,0,0.0,0.021592696535034442,0.0,0.002065513228528197
0.11,0.0001,0.003,0.001,1.0,1000.0,1000,0,0.0,0.00031141105653229766,0.0,9.666868104126014e-08
0.11,0.0001,0.003,0.001,1.5,10.0,1000,0,0.0,0.49836051335356224,0.0,0.24128857759008865
0.11,0.0001,0.003,0.001,1.5,100.0,1000,0,0.0,0.05903873356766874,0.0,1.5022221660951989
0.11,0.0001,0.003,0.001,1.5,1000.0,1000,0,0.0,0.0003208473247857941,0.0,9.523814064900132e-08
0.11,0.0001,0.003,0.001,2.0,10.0,1000,0,0.0,0.5400390232341926,0.0,2.369353482042761
0.11,0.0001,0.003,0.001,2.0,100.0,1000,0,0.0,0.021684283691613276,0.0,0.0005015751695717611
0.11,0.0001,0.003,0.001,2.0,1000.0,1000,0,0.0,0.0003217081971876139,0.0,1.0956006498400026e-07
0.11,0.0001,0.003,0.1,0.1,10.0,1000,0,0.0,0.3192922576996809,0.0,0.10535933924581836
0.11,0.0001,0.003,0.1,0.1,100.0,1000,0,0.0,0.01795647821293171,0.0,0.000309638912936744
0.11,0.0001,0.003,0.1,0.1,1000.0,1000,0,0.0,0.0003048072905908313,0.0,9.80570887611794e-08
0.11,0.0001,0.003,0.1,0.5,10.0,1000,0,0.0,0.3368779393003879,0.0,0.5574063938274817
0.11,0.0001,0.003,0.1,0.5,100.0,1000,0,0.0,0.020997638407623035,0.0,0.013142386904531532
0.11,0.0001,0.003,0.1,0.5,1000.0,1000,0,0.0,0.0005960485635065784,0.0,7.808184441179804e-05
0.11,0.0001,0.003,0.1,1.0,10.0,1000,0,0.0,0.3260479498599623,0.0,0.179597370287775
0.11,0.0001,0.003,0.1,1.0,100.0,1000,0,0.0,0.10305035565663234,0.0,4.167363702708309
0.11,0.0001,0.003,0.1,1.0,1000.0,1000,0,0.0,0.00030743871372478223,0.0,9.630565670137915e-08
0.11,0.0001,0.003,0.1,1.5,10.0,1000,0,0.0,0.4808492207471901,0.0,10.503856921079473
0.11,0.0001,0.003,0.1,1.5,100.0,1000,0,0.0,0.03390914570617206,0.0,0.2760600373320796
0.11,0.0001,0.003,0.1,1.5,1000.0,1000,0,0.0,0.0002989202486837827,0.0,8.466366013479207e-08
0.11,0.0001,0.003,0.1,2.0,10.0,1000,0,0.0,0.32186780349632205,0.0,0.11153805238795646
0.11,0.0001,0.003,0.1,2.0,100.0,1000,0,0.0,0.06189800876742218,0.0,1.8613964449295952
0.11,0.0001,0.003,0.1,2.0,1000.0,1000,0,0.0,0.00028800266371273043,0.0,7.551492407469208e-08
0.11,0.0001,0.003,1.0,0.1,10.0,1000,0,0.0,0.08282188031089258,0.0,0.006355170317643076
0.11,0.0001,0.003,1.0,0.1,100.0,1000,0,0.0,0.016838286792433977,0.0,0.05575068363330409
0.11,0.0001,0.003,1.0,0.1,1000.0,1000,0,0.0,0.000232160791942455,0.0,5.1406111380991134e-08
0.11,0.0001,0.003,1.0,0.5,10.0,1000,0,0.0,0.16147474315875326,0.0,5.734752587816866
0.11,0.0001,0.003,1.0,0.5,100.0,1000,0,0.0,0.04244036390152093,0.0,0.5504662492477274
0.11,0.0001,0.003,1.0,0.5,1000.0,1000,0,0.0,0.0002455765796955615,0.0,6.265980438748656e-08
0.11,0.0001,0.003,1.0,1.0,10.0,1000,0,0.0,0.08122434233263619,0.0,0.006819762465011717
0.11,0.0001,0.003,1.0,1.0,100.0,1000,0,0.0,0.006844834913407308,0.0,5.184523336124043e-05
0.11,0.0001,0.003,1.0,1.0,1000.0,1000,0,0.0,0.00022931675775179788,0.0,5.4003615819445896e-08
0.11,0.0001,0.003,1.0,1.5,10.0,1000,0,0.0,0.1444061833933473,0.0,1.4492878013012251
0.11,0.0001,0.003,1.0,1.5,100.0,1000,0,0.0,0.0067333171386214944,0.0,4.722904172646128e-05
0.11,0.0001,0.003,1.0,1.5,1000.0,1000,0,0.0,0.00024195714897846823,0.0,6.077351752627351e-08
0.11,0.0001,0.003,1.0,2.0,10.0,1000,0,0.0,0.10953373399039136,0.0,0.3388754922952085
0.11,0.0001,0.003,1.0,2.0,100.0,1000,0,0.0,0.010760028399549692,0.0,0.01201489611060729
0.11,0.0001,0.003,1.0,2.0,1000.0,1000,0,0.0,0.0008336189752960145,0.0,0.0003480884917756332
0.11,0.0001,0.001,1e-05,0.1,10.0,1000,0,0.0,0.5247293194795769,0.0,0.2941935267033108
0.11,0.0001,0.001,1e-05,0.1,100.0,1000,0,0.0,0.05576943077859627,0.0,0.38780597912185616
0.11,0.0001,0.001,1e-05,0.1,1000.0,1000,0,0.0,0.002182442329957379,0.0,0.001753974789970873
0.11,0.0001,0.001,1e-05,0.5,10.0,1000,0,0.0,0.5001321270210448,0.0,0.25833965278855486
0.11,0.0001,0.001,1e-05,0.5,100.0,1000,0,0.0,0.049146778895730596,0.0,0.1485608994300173
0.11,0.0001,0.001,1e-05,0.5,1000.0,1000,0,0.0,0.008975344784852663,0.0,0.0604620276125405
0.11,0.0001,0.001,1e-05,1.0,10.0,1000,0,0.0,0.6086810972490972,0.0,2.164133017940279
0.11,0.0001,0.001,1e-05,1.0,100.0,1000,0,0.0,0.034152214661142086,0.0,0.0012049628789127832
0.11,0.0001,0.001,1e-05,1.0,1000.0,1000,0,0.0,0.000903694513435763,0.0,8.682563624783855e-07
0.11,0.0001,0.001,1e-05,1.5,10.0,1000,0,0.0,0.5383481744958487,0.0,0.31603499370934335
0.11,0.0001,0.001,1e-05,1.5,100.0,1000,0,0.0,0.04169569260068131,0.0,0.06208477056578825
0.11,0.0001,0.001,1e-05,1.5,1000.0,1000,0,0.0,0.0008316736702971396,0.0,7.077327629218964e-07
0.11,0.0001,0.001,1e-05,2.0,10.0,1000,0,0.0,0.7457301048031881,0.0,16.123745597946087
0.11,0.0001,0.001,1e-05,2.0,100.0,1000,0,0.0,0.14631634127672738,0.0,8.870381121479216
0.11,0.0001,0.001,1e-05,2.0,1000.0,1000,0,0.0,0.0009015322579713094,0.0,8.907464242240502e-07
0.11,0.0001,0.001,0.001,0.1,10.0,1000,0,0.0,0.5353037834949397,0.0,0.982034765542831
0.11,0.0001,0.001,0.001,0.1,100.0,1000,0,0.0,0.0504199156011238,0.0,0.16896212455130669
0.11,0.0001,0.001,0.001,0.1,1000.0,1000,0,0.0,0.0008921296443772999,0.0,7.814469052922801e-07
0.11,0.0001,0.001,0.001,0.5,10.0,1000,0,0.0,0.5829061524437347,0.0,2.622542327895645
0.11,0.0001,0.001,0.001,0.5,100.0,1000,0,0.0,0.044920346742952214,0.0,0.08358495288153092
0.11,0.0001,0.001,0.001,0.5,1000.0,1000,0,0.0,0.003505545843539026,0.0,0.00708324691127567
0.11,0.0001,0.001,0.001,1.0,10.0,1000,0,0.0,0.5210578867134761,0.0,0.2868376229866474
0.11,0.0001,0.001,0.001,1.0,100.0,1000,0,0.0,0.03424698397426667,0.0,0.0011903625036044805
0.11,0.0001,0.001,0.001,1.0,1000.0,1000,0,0.0,0.0008684869574697007,0.0,7.836196417184456e-07
0.11,0.0001,0.001,0.001,1.5,10.0,1000,0,0.0,0.5302806808119387,0.0,0.2735628575850416
0.11,0.0001,0.001,0.001,1.5,100.0,1000,0,0.0,0.03524300900972165,0.0,0.0012056049708424775
0.11,0.0001,0.001,0.001,1.5,1000.0,1000,0,0.0,0.0008775516422459211,0.0,8.548963040980935e-07
0.11,0.0001,0.001,0.001,2.0,10.0,1000,0,0.0,0.5139664099971091,0.0,0.2456608300832544
0.11,0.0001,0.001,0.001,2.0,100.0,1000,0,0.0,0.03572697272436797,0.0,0.0013050454081702377
0.11,0.0001,0.001,0.001,2.0,1000.0,1000,0,0.0,0.0008275290817865638,0.0,6.893498694089608e-07
0.11,0.0001,0.001,0.1,0.1,10.0,1000,0,0.0,0.3902994217072371,0.0,2.4802697733475245
0.11,0.0001,0.001,0.1,0.1,100.0,1000,0,0.0,0.03239123998496017,0.0,0.02072288097819692
0.11,0.0001,0.001,0.1,0.1,1000.0,1000,0,0.0,0.0019202054958204848,0.0,0.0012827788524801586
0.11,0.0001,0.001,0.1,0.5,10.0,1000,0,0.0,0.378157054288795,0.0,0.9080245196512349
0.11,0.0001,0.001,0.1,0.5,100.0,1000,0,0.0,0.0759210538408275,0.0,1.2081833306086487
0.11,0.0001,0.001,0.1,0.5,1000.0,1000,0,0.0,0.00567324228910994,0.0,0.02374330806755746
0.11,0.0001,0.001,0.1,1.0,10.0,1000,0,0.0,0.4044585802559431,0.0,2.411062069679313
0.11,0.0001,0.001,0.1,1.0,100.0,1000,0,0.0,0.02705357391336557,0.0,0.001812120664332893
0.11,0.0001,0.001,0.1,1.0,1000.0,1000,0,0.0,0.00633625284114851,0.0,0.030502528044121933
0.11,0.0001,0.001,0.1,1.5,10.0,1000,0,0.0,0.33478402167105387,0.0,0.11098990009683894
0.11,0.0001,0.001,0.1,1.5,100.0,1000,0,0.0,0.02744949544771407,0.0,0.0007582603870457222
0.11,0.0001,0.001,0.1,1.5,1000.0,1000,0,0.0,0.0007502095569336653,0.0,5.660029228154437e-07
0.11,0.0001,0.001,0.1,2.0,10.0,1000,0,0.0,0.5426854952208154,0.0,12.3784017553738
0.11,0.0001,0.001,0.1,2.0,100.0,1000,0,0.0,0.028372106121132633,0.0,0.009054146530439865
0.11,0.0001,0.001,0.1,2.0,1000.0,1000,0,0.0,0.0007396466292436136,0.0,5.681216576301653e-07
0.11,0.0001,0.001,1.0,0.1,10.0,1000,0,0.0,0.14475103492596522,0.0,2.25336574824891
0.11,0.0001,0.001,1.0,0.1,100.0,1000,0,0.0,0.023110036931153693,0.0,0.14004876993636023
0.11,0.0001,0.001,1.0,0.1,1000.0,1000,0,0.0,0.0004694837487626363,0.0,2.3180171233648e-07
0.11,0.0001,0.001,1.0,0.5,10.0,1000,0,0.0,0.11559235747816847,0.0,0.2736733953443067
0.11,0.0001,0.001,1.0,0.5,100.0,1000,0,0.0,0.03992806919586815,0.0,0.9233306136593377
0.11,0.0001,0.001,1.0,0.5,1000.0,1000,0,0.0,0.0004581658256385631,0.0,2.35336586801579e-07
0.11,0.0001,0.001,1.0,1.0,10.0,1000,0,0.0,0.0870957822499085,0.0,0.00837800093295942
0.11,0.0001,0.001,1.0,1.0,100.0,1000,0,0.0,0.12976380236325258,0.0,13.144649521826915
0.11,0.0001,0.001,1.0,1.0,1000.0,1000,0,0.0,0.0004703826531003707,0.0,2.1159595357593746e-07
0.11,0.0001,0.001,1.0,1.5,10.0,1000,0,0.0,0.19595952531393226,0.0,5.361420848681545
0.11,0.0001,0.001,1.0,1.5,100.0,1000,0,0.0,0.039295419575143646,0.0,0.8260080893150231
0.11,0.0001,0.001,1.0,1.5,1000.0,1000,0,0.0,0.00047000280613409954,0.0,1.9861301978785634e-07
0.11,0.0001,0.001,1.0,2.0,10.0,1000,0,0.0,0.22066492764758402,0.0,6.356925991563886
0.11,0.0001,0.001,1.0,2.0,100.0,1000,0,0.0,0.007807315896622918,0.0,6.79113443379579e-05
0.11,0.0001,0.001,1.0,2.0,1000.0,1000,0,0.0,0.00047597703505466635,0.0,2.0648295865451085e-07
0.11,0.001,0.0003,1e-05,0.1,10.0,1000,0,0.0,0.0,0.0,0.0
0.11,0.001,0.0003,1e-05,0.1,100.0,1000,0,0.0,13.786733195284764,0.0,158.49783013248629
0.11,0.001,0.0003,1e-05,0.1,1000.0,1000,0,0.0,6.598652072909947,0.0,55.0161935864507
0.11,0.001,0.0003,1e-05,0.5,10.0,1000,0,0.0,0.0,0.0,0.0
0.11,0.001,0.0003,1e-05,0.5,100.0,1000,0,0.0,9.772503099967883,0.0,23.46231075773377
0.11,0.001,0.0003,1e-05,0.5,1000.0,1000,0,0.0,6.656990457175509,0.0,74.8703888036936
0.11,0.001,0.0003,1e-05,1.0,10.0,1000,0,0.0,0.0,0.0,0.0
0.11,0.001,0.0003,1e-05,1.0,100.0,1000,0,0.0,16.615060754312246,0.0,244.3706410302847
0.11,0.001,0.0003,1e-05,1.0,1000.0,1000,0,0.0,6.251775956995788,0.0,51.902463295200924
0.11,0.001,0.0003,1e-05,1.5,10.0,1000,0,0.0,0.0,0.0,0.0
0.11,0.001,0.0003,1e-05,1.5,100.0,1000,0,0.0,14.612310086407476,0.0,283.099900512959
0.11,0.001,0.0003,1e-05,1.5,1000.0,1000,0,0.0,6.131367914307475,0.0,36.62487525694837
0.11,0.001,0.0003,1e-05,2.0,10.0,1000,0,0.0,0.0,0.0,0.0
0.11,0.001,0.0003,1e-05,2.0,100.0,1000,0,0.0,15.417713188902974,0.0,254.70170837055235
0.11,0.001,0.0003,1e-05,2.0,1000.0,1000,0,0.0,6.249242729135592,0.0,47.76859624145569
0.11,0.001,0.0003,0.001,0.1,10.0,1000,0,0.0,0.0,0.0,0.0
0.11,0.001,0.0003,0.001,0.1,100.0,1000,0,0.0,12.403935680050292,0.0,139.10792325261605
0.11,0.001,0.0003,0.001,0.1,1000.0,1000,0,0.0,6.5396296471013775,0.0,61.30443708259185
0.11,0.001,0.0003,0.001,0.5,10.0,1000,0,0.0,0.0,0.0,0.0
0.11,0.001,0.0003,0.001,0.5,100.0,1000,0,0.0,14.426725441351186,0.0,121.02963130902413
0.11,0.001,0.0003,0.001,0.5,1000.0,1000,0,0.0,6.308967680543899,0.0,50.70469897573694
0.11,0.001,0.0003,0.001,1.0,10.0,1000,0,0.0,46.11470512322208,0.0,0.0
0.11,0.001,0.0003,0.001,1.0,100.0,1000,0,0.0,13.819150156725328,0.0,66.52519224722475
0.11,0.001,0.0003,0.001,1.0,1000.0,1000,0,0.0,6.264641793333063,0.0,46.5534994636047
0.11,0.001,0.0003,0.001,1.5,10.0,1000,0,0.0,29.17507786646187,0.0,0.0
0.11,0.001,0.0003,0.001,1.5,100.0,1000,0,0.0,11.272254263044458,0.0,18.679600303365724
0.11,0.001,0.0003,0.001,1.5,1000.0,1000,0,0.0,6.950133480171015,0.0,52.69711581166457
0.11,0.001,0.0003,0.001,2.0,10.0,1000,0,0.0,0.0,0.0,0.0
0.11,0.001,0.0003,0.001,2.0,100.0,1000,0,0.0,9.710491612809554,0.0,46.913524123431884
0.11,0.001,0.0003,0.001,2.0,1000.0,1000,0,0.0,6.189054896355755,0.0,50.240501984763306
0.11,0.001,0.0003,0.1,0.1,10.0,1000,0,0.0,20.13874928265484,0.0,569.0794775632195
0.11,0.001,0.0003,0.1,0.1,100.0,1000,0,0.0,24.9456358148654,0.0,1028.768837113608
0.11,0.001,0.0003,0.1,0.1,1000.0,1000,0,0.0,11.374552355464798,0.0,293.94511065751783
0.11,0.001,0.0003,0.1,0.5,10.0,1000,0,0.0,15.397164950963779,0.0,158.64384248068382
0.11,0.001,0.0003,0.1,0.5,100.0,1000,0,0.0,39.79295851481704,0.0,2442.845299968218
0.11,0.001,0.0003,0.1,0.5,1000.0,1000,0,0.0,7.363081120385618,0.0,166.69254620609908
0.11,0.001,0.0003,0.1,1.0,10.0,1000,0,0.0,39.35815179937552,0.0,609.6490468135713
0.11,0.001,0.0003,0.1,1.0,100.0,1000,0,0.0,24.333951973850148,0.0,979.0826261620053
0.11,0.001,0.0003,0.1,1.0,1000.0,1000,0,0.0,5.25495837299111,0.0,67.49775872012849
0.11,0.001,0.0003,0.1,1.5,10.0,1000,0,0.0,54.26443866465918,0.0,6392.544023917906
0.11,0.001,0.0003,0.1,1.5,100.0,1000,0,0.0,58.27379387206901,0.0,4961.163467713091
0.11,0.001,0.0003,0.1,1.5,1000.0,1000,0,0.0,5.30167665070349,0.0,34.19838366933586
0.11,0.001,0.0003,0.1,2.0,10.0,1000,0,0.0,26.92478834876791,0.0,0.0
0.11,0.001,0.0003,0.1,2.0,100.0,1000,0,0.0,12.72626178237725,0.0,69.17080899689813
0.11,0.001,0.0003,0.1,2.0,1000.0,1000,0,0.0,5.35788076000694,0.0,61.089363473825316
0.11,0.001,0.0003,1.0,0.1,10.0,1000,0,0.0,11.288319782170776,0.0,590.3425659564704
0.11,0.001,0.0003,1.0,0.1,100.0,1000,0,0.0,23.350984120398913,0.0,990.055997109673
0.11,0.001,0.0003,1.0,0.1,1000.0,1000,0,0.0,16.72796575120797,0.0,690.6184195436405
0.11,0.001,0.0003,1.0,0.5,10.0,1000,0,0.0,9.992435838957059,0.0,430.79105273527256
0.11,0.001,0.0003,1.0,0.5,100.0,1000,0,0.0,67.47962268358295,0.0,1425.5234339898384
0.11,0.001,0.0003,1.0,0.5,1000.0,1000,0,0.0,35.14839169556852,0.0,2106.445322591157
0.11,0.001,0.0003,1.0,1.0,10.0,1000,0,0.0,33.672886392259876,0.0,1442.1601653636453
0.11,0.001,0.0003,1.0,1.0,100.0,1000,0,0.0,101.43515149128218,0.0,2156.0479509151914
0.11,0.001,0.0003,1.0,1.0,1000.0,1000,0,0.0,29.36867427047539,0.0,3552.9872671032317
0.11,0.001,0.0003,1.0,1.5,10.0,1000,0,0.0,38.3941750777368,0.0,2996.8787961367952
0.11,0.001,0.0003,1.0,1.5,100.0,1000,0,0.0,112.98376419099664,0.0,2051.4299924985744
0.11,0.001,0.0003,1.0,1.5,1000.0,1000,0,0.0,19.065720795273066,0.0,2266.17533486358
0.11,0.001,0.0003,1.0,2.0,10.0,1000,0,0.0,18.205391732291183,0.0,0.0
0.11,0.001,0.0003,1.0,2.0,100.0,1000,0,0.0,120.17384890776538,0.0,2029.744078841896
0.11,0.001,0.0003,1.0,2.0,1000.0,1000,0,0.0,27.885317283845207,0.0,3136.096403225319
0.11,0.001,0.0001,1e-05,0.1,10.0,1000,0,0.0,0.0,0.0,0.0
0.11,0.001,0.0001,1e-05,0.1,100.0,1000,0,0.0,0.0,0.0,0.0
0.11,0.001,0.0001,1e-05,0.1,1000.0,1000,0,0.0,10.602006588194575,0.0,26.773650581267308
0.11,0.001,0.0001,1e-05,0.5,10.0,1000,0,0.0,0.0,0.0,0.0
0.11,0.001,0.0001,1e-05,0.5,100.0,1000,0,0.0,0.0,0.0,0.0
0.11,0.001,0.0001,1e-05,0.5,1000.0,1000,0,0.0,9.26869671798923,0.0,13.892690918477882
0.11,0.001,0.0001,1e-05,1.0,10.0,1000,0,0.0,0.0,0.0,0.0
0.11,0.001,0.0001,1e-05,1.0,100.0,1000,0,0.0,0.0,0.0,0.0
0.11,0.001,0.0001,1e-05,1.0,1000.0,1000,0,0.0,10.545025395358657,0.0,30.427925685826857
0.11,0.001,0.0001,1e-05,1.5,10.0,1000,0,0.0,0.0,0.0,0.0
0.11,0.001,0.0001,1e-05,1.5,100.0,1000,0,0.0,0.0,0.0,0.0
0.11,0.001,0.0001,1e-05,1.5,1000.0,1000,0,0.0,11.975392963704268,0.0,26.885263653994894
0.11,0.001,0.0001,1e-05,2.0,10.0,1000,0,0.0,0.0,0.0,0.0
0.11,0.001,0.0001,1e-05,2.0,100.0,1000,0,0.0,0.0,0.0,0.0
0.11,0.001,0.0001,1e-05,2.0,1000.0,1000,0,0.0,10.121967413230504,0.0,12.400041937666007
0.11,0.001,0.0001,0.001,0.1,10.0,1000,0,0.0,0.0,0.0,0.0
0.11,0.001,0.0001,0.001,0.1,100.0,1000,0,0.0,0.0,0.0,0.0
0.11,0.001,0.0001,0.001,0.1,1000.0,1000,0,0.0,9.358437427367951,0.0,40.76508660403539
0.11,0.001,0.0001,0.001,0.5,10.0,1000,0,0.0,0.0,0.0,0.0
0.11,0.001,0.0001,0.001,0.5,100.0,1000,0,0.0,0.0,0.0,0.0
0.11,0.001,0.0001,0.001,0.5,1000.0,1000,0,0.0,9.83982436364991,0.0,33.59408223413521
0.11,0.001,0.0001,0.001,1.0,10.0,1000,0,0.0,0.0,0.0,0.0
0.11,0.001,0.0001,0.001,1.0,100.0,1000,0,0.0,0.0,0.0,0.0
0.11,0.001,0.0001,0.001,1.0,1000.0,1000,0,0.0,8.91106957095392,0.0,11.165968337433036
0.11,0.001,0.0001,0.001,1.5,10.0,1000,0,0.0,0.0,0.0,0.0
0.11,0.001,0.0001,0.001,1.5,100.0,1000,0,0.0,0.0,0.0,0.0
0.11,0.001,0.0001,0.001,1.5,1000.0,1000,0,0.0,8.65977072673221,0.0,8.03950206070981
0.11,0.001,0.0001,0.001,2.0,10.0,1000,0,0.0,0.0,0.0,0.0
0.11,0.001,0.0001,0.001,2.0,100.0,1000,0,0.0,0.0,0.0,0.0
0.11,0.001,0.0001,0.001,2.0,1000.0,1000,0,0.0,10.233187057345898,0.0,21.28983068071453
0.11,0.001,0.0001,0.1,0.1,10.0,1000,0,0.0,16.63222238838536,0.0,0.0
0.11,0.001,0.0001,0.1,0.1,100.0,1000,0,0.0,0.0,0.0,0.0
0.11,0.001,0.0001,0.1,0.1,1000.0,1000,0,0.0,14.672936957931535,0.0,164.71575501760725
0.11,0.001,0.0001,0.1,0.5,10.0,1000,0,0.0,34.83082659272922,0.0,0.0
0.11,0.001,0.0001,0.1,0.5,100.0,1000,0,0.0,0.0,0.0,0.0
0.11,0.001,0.0001,0.1,0.5,1000.0,1000,0,0.0,0.0,0.0,0.0
0.11,0.001,0.0001,0.1,1.0,10.0,1000,0,0.0,0.0,0.0,0.0
0.11,0.001,0.0001,0.1,1.0,100.0,1000,0,0.0,0.0,0.0,0.0
0.11,0.001,0.0001,0.1,1.0,1000.0,1000,0,0.0,0.0,0.0,0.0
0.11,0.001,0.0001,0.1,1.5,10.0,1000,0,0.0,0.0,0.0,0.0
0.11,0.001,0.0001,0.1,1.5,100.0,1000,0,0.0,0.0,0.0,0.0
0.11,0.001,0.0001,0.1,1.5,1000.0,1000,0,0.0,2.3904719003160513,0.0,0.0
0.11,0.001,0.0001,0.1,2.0,10.0,1000,0,0.0,0.0,0.0,0.0
0.11,0.001,0.0001,0.1,2.0,100.0,1000,0,0.0,0.0,0.0,0.0
0.11,0.001,0.0001,0.1,2.0,1000.0,1000,0,0.0,7.141796367799085,0.0,2.1974038467865538
0.11,0.001,0.0001,1.0,0.1,10.0,1000,0,0.0,8.885234705120494,0.0,77.68297001166164
0.11,0.001,0.0001,1.0,0.1,100.0,1000,0,0.0,36.954994552056824,0.0,1084.6904876084404
0.11,0.001,0.0001,1.0,0.1,1000.0,1000,0,0.0,37.2580730078618,0.0,1705.1108923539452
0.11,0.001,0.0001,1.0,0.5,10.0,1000,0,0.0,27.34568495621449,0.0,2167.606481893619
0.11,0.001,0.0001,1.0,0.5,100.0,1000,0,0.0,0.0,0.0,0.0
0.11,0.001,0.0001,1.0,0.5,1000.0,1000,0,0.0,106.20620589149043,0.0,403.0696885504286
0.11,0.001,0.0001,1.0,1.0,10.0,1000,0,0.0,26.070086556682142,0.0,1597.7391355336608
0.11,0.001,0.0001,1.0,1.0,100.0,1000,0,0.0,0.0,0.0,0.0
0.11,0.001,0.0001,1.0,1.0,1000.0,1000,0,0.0,117.27479778438449,0.0,0.0
0.11,0.001,0.0001,1.0,1.5,10.0,1000,0,0.0,74.83400678783467,0.0,742.0980753826509
0.11,0.001,0.0001,1.0,1.5,100.0,1000,0,0.0,135.1769389648461,0.0,0.0
0.11,0.001,0.0001,1.0,1.5,1000.0,1000,0,0.0,183.83208731455875,0.0,0.0
0.11,0.001,0.0001,1.0,2.0,10.0,1000,0,0.0,0.0,0.0,0.0
0.11,0.001,0.0001,1.0,2.0,100.0,999,1,0.9107142857142857,111.66427912647204,0.0,0.0
0.11,0.001,0.0001,1.0,2.0,1000.0,1000,0,0.0,0.0,0.0,0.0
0.11,0.001,0.003,1e-05,0.1,10.0,1000,0,0.0,0.9410225791769653,0.0,23.18150472616855
0.11,0.001,0.003,1e-05,0.1,100.0,1000,0,0.0,0.029821809844816135,0.0,0.030871174537451994
0.11,0.001,0.003,1e-05,0.1,1000.0,1000,0,0.0,0.0003424464324575516,0.0,1.166760672828263e-07
0.11,0.001,0.003,1e-05,0.5,10.0,1000,0,0.0,0.6234980326745747,0.0,4.507327758719699
0.11,0.001,0.003,1e-05,0.5,100.0,1000,0,0.0,0.12177879330987401,0.0,2.4911527694906024
0.11,0.001,0.003,1e-05,0.5,1000.0,1000,0,0.0,0.000712697458953478,0.0,0.0001521048770488869
0.11,0.001,0.003,1e-05,1.0,10.0,1000,0,0.0,0.934072024477587,0.0,25.695851642371732
0.11,0.001,0.003,1e-05,1.0,100.0,1000,0,0.0,0.16529328074106847,0.0,4.763207548638058
0.11,0.001,0.003,1e-05,1.0,1000.0,1000,0,0.0,0.0003071258988678941,0.0,9.337863828960313e-08
0.11,0.001,0.003,1e-05,1.5,10.0,1000,0,0.0,0.6674614091305708,0.0,6.156756499881649
0.11,0.001,0.003,1e-05,1.5,100.0,1000,0,0.0,0.02106936665219986,0.0,0.000473466235075387
0.11,0.001,0.003,1e-05,1.5,1000.0,1000,0,0.0,0.0014667143109591526,0.0,0.001354033151286755
0.11,0.001,0.003,1e-05,2.0,10.0,1000,0,0.0,0.7503890989993149,0.0,10.102628772142566
0.11,0.001,0.003,1e-05,2.0,100.0,1000,0,0.0,0.11302924057231348,0.0,4.125614558080055
0.11,0.001,0.003,1e-05,2.0,1000.0,1000,0,0.0,0.0003129377919269571,0.0,9.865304554108995e-08
0.11,0.001,0.003,0.001,0.1,10.0,1000,0,0.0,0.7138747946402387,0.0,8.936078784612787
0.11,0.001,0.003,0.001,0.1,100.0,1000,0,0.0,0.0275259730672199,0.0,0.017928963423731993
0.11,0.001,0.003,0.001,0.1,1000.0,1000,0,0.0,0.000321143664971793,0.0,1.0798409168746418e-07
0.11,0.001,0.003,0.001,0.5,10.0,1000,0,0.0,0.7503425259073743,0.0,15.646352568070316
0.11,0.001,0.003,0.001,0.5,100.0,1000,0,0.0,0.14411925387774324,0.0,5.107086312241587
0.11,0.001,0.003,0.001,0.5,1000.0,1000,0,0.0,0.0008184133750400757,0.0,0.0002547005304403435
0.11,0.001,0.003,0.001,1.0,10.0,1000,0,0.0,0.8048422332910421,0.0,12.674297556664111
0.11,0.001,0.003,0.001,1.0,100.0,1000,0,0.0,0.09296246889032331,0.0,2.4773759502307957
0.11,0.001,0.003,0.001,1.0,1000.0,1000,0,0.0,0.004167917920612582,0.0,0.006113011667183307
0.11,0.001,0.003,0.001,1.5,10.0,1000,0,0.0,0.6606371841427406,0.0,8.121873435652097
0.11,0.001,0.003,0.001,1.5,100.0,1000,0,0.0,0.10119800499902197,0.0,3.1326373669910628
0.11,0.001,0.003,0.001,1.5,1000.0,1000,0,0.0,0.000305927364194332,0.0,9.242668595574161e-08
0.11,0.001,0.003,0.001,2.0,10.0,1000,0,0.0,0.6076380283989593,0.0,5.446160812838656
0.11,0.001,0.003,0.001,2.0,100.0,1000,0,0.0,0.05559180536775724,0.0,0.6510982688752747
0.11,0.001,0.003,0.001,2.0,1000.0,1000,0,0.0,0.00032194361389973345,0.0,1.1739710709613491e-07
0.11,0.001,0.003,0.1,0.1,10.0,1000,0,0.0,0.7070566095419288,0.0,19.517231618614407
0.11,0.001,0.003,0.1,0.1,100.0,1000,0,0.0,0.1261126128211643,0.0,9.882347174788615
0.11,0.001,0.003,0.1,0.1,1000.0,1000,0,0.0,0.00030906541332679176,0.0,1.0487282690613672e-07
0.11,0.001,0.003,0.1,0.5,10.0,1000,0,0.0,0.6677747044090447,0.0,13.270923691238696
0.11,0.001,0.003,0.1,0.5,100.0,1000,0,0.0,0.0382843218683525,0.0,0.2158150546628121
0.11,0.001,0.003,0.1,0.5,1000.0,1000,0,0.0,0.0033973284131942894,0.0,0.009562501936699904
0.11,0.001,0.003,0.1,1.0,10.0,1000,0,0.0,0.4750078502538691,0.0,13.059579208943758
0.11,0.001,0.003,0.1,1.0,100.0,1000,0,0.0,0.09710111329417244,0.0,1.3766508543407372
0.11,0.001,0.003,0.1,1.0,1000.0,1000,0,0.0,0.012352959728527506,0.0,0.10494295480136635
0.11,0.001,0.003,0.1,1.5,10.0,1000,0,0.0,0.7646016028151645,0.0,20.309965646107887
0.11,0.001,0.003,0.1,1.5,100.0,1000,0,0.0,0.15537368319217648,0.0,11.721315051932404
0.11,0.001,0.003,0.1,1.5,1000.0,1000,0,0.0,0.000303467857470419,0.0,8.97283677340256e-08
0.11,0.001,0.003,0.1,2.0,10.0,1000,0,0.0,0.975654759141885,0.0,37.88121759892524
0.11,0.001,0.003,0.1,2.0,100.0,1000,0,0.0,0.017429907684059037,0.0,0.0002931613000186908
0.11,0.001,0.003,0.1,2.0,1000.0,1000,0,0.0,0.00031513933964635334,0.0,9.981028663313946e-08
0.11,0.001,0.003,1.0,0.1,10.0,1000,0,0.0,0.3607528400972431,0.0,6.872317571854736
0.11,0.001,0.003,1.0,0.1,100.0,1000,0,0.0,0.15110777623409372,0.0,4.167068846651843
0.11,0.001,0.003,1.0,0.1,1000.0,1000,0,0.0,0.0002477322445595949,0.0,6.34455159649665e-08
0.11,0.001,0.003,1.0,0.5,10.0,1000,0,0.0,0.49822456125126746,0.0,11.787021286242615
0.11,0.001,0.003,1.0,0.5,100.0,1000,0,0.0,0.08564738255484522,0.0,2.7005162573065515
0.11,0.001,0.003,1.0,0.5,1000.0,1000,0,0.0,0.003906243606734423,0.0,0.013451145632892634
0.11,0.001,0.003,1.0,1.0,10.0,1000,0,0.0,0.23171162675866633,0.0,2.408489313773945
0.11,0.001,0.003,1.0,1.0,100.0,1000,0,0.0,0.059057470683500216,0.0,1.3058297836409103
0.11,0.001,0.003,1.0,1.0,1000.0,1000,0,0.0,0.00024039288403008142,0.0,5.529561068721862e-08
0.11,0.001,0.003,1.0,1.5,10.0,1000,0,0.0,0.35237586234574303,0.0,8.90115910731433
0.11,0.001,0.003,1.0,1.5,100.0,1000,0,0.0,0.19673577062352546,0.0,4.15679355028307
0.11,0.001,0.003,1.0,1.5,1000.0,1000,0,0.0,0.0002434018563549455,0.0,6.109788612180346e-08
0.11,0.001,0.003,1.0,2.0,10.0,1000,0,0.0,0.558606268877236,0.0,26.16124353620231
0.11,0.001,0.003,1.0,2.0,100.0,1000,0,0.0,0.25898672083047575,0.0,25.539377746019003
0.11,0.001,0.003,1.0,2.0,1000.0,1000,0,0.0,0.0002368906722193775,0.0,5.5890847038658076e-08
0.11,0.001,0.001,1e-05,0.1,10.0,1000,0,0.0,0.8946233415375552,0.0,19.07541241384994
0.11,0.001,0.001,1e-05,0.1,100.0,1000,0,0.0,0.14225615619168677,0.0,2.7546863101388963
0.11,0.001,0.001,1e-05,0.1,1000.0,1000,0,0.0,0.0010541801744497904,0.0,5.291598328633872e-05
0.11,0.001,0.001,1e-05,0.5,10.0,1000,0,0.0,0.9459135415585754,0.0,13.773729368723089
0.11,0.001,0.001,1e-05,0.5,100.0,1000,0,0.0,0.06726525364819996,0.0,0.36398374042759424
0.11,0.001,0.001,1e-05,0.5,1000.0,1000,0,0.0,0.005551978843931259,0.0,0.021941243780419492
0.11,0.001,0.001,1e-05,1.0,10.0,1000,0,0.0,0.9705327999428999,0.0,16.299071158173984
0.11,0.001,0.001,1e-05,1.0,100.0,1000,0,0.0,0.22579591996793505,0.0,8.924583805545964
0.11,0.001,0.001,1e-05,1.0,1000.0,1000,0,0.0,0.0012271621044493161,0.0,0.00013610689389459944
0.11,0.001,0.001,1e-05,1.5,10.0,1000,0,0.0,0.8530963535623258,0.0,30.969771029432128
0.11,0.001,0.001,1e-05,1.5,100.0,1000,0,0.0,0.100033609696365,0.0,1.2497863849148794
0.11,0.001,0.001,1e-05,1.5,1000.0,1000,0,0.0,0.0009175656295191141,0.0,8.813210548531311e-07
0.11,0.001,0.001,1e-05,2.0,10.0,1000,0,0.0,0.9109768032357464,0.0,22.700378292293838
0.11,0.001,0.001,1e-05,2.0,100.0,1000,0,0.0,0.08615172699144398,0.0,0.9268768671324324
0.11,0.001,0.001,1e-05,2.0,1000.0,1000,0,0.0,0.0008051440082887208,0.0,6.653976180844763e-07
0.11,0.001,0.001,0.001,0.1,10.0,1000,0,0.0,0.8866573596906833,0.0,12.721531493939791
0.11,0.001,0.001,0.001,0.1,100.0,1000,0,0.0,0.07360872958792535,0.0,0.40079233131177544
0.11,0.001,0.001,0.001,0.1,1000.0,1000,0,0.0,0.0008699668956553275,0.0,7.581651370070423e-07
0.11,0.001,0.001,0.001,0.5,10.0,1000,0,0.0,0.7818443357317681,0.0,13.719787298291607
0.11,0.001,0.001,0.001,0.5,100.0,1000,0,0.0,0.15109021689906263,0.0,5.579745461283545
0.11,0.001,0.001,0.001,0.5,1000.0,1000,0,0.0,0.042590398607723276,0.0,1.7081763908477412
0.11,0.001,0.001,0.001,1.0,10.0,1000,0,0.0,1.0071783369235403,0.0,18.227065470546275
0.11,0.001,0.001,0.001,1.0,100.0,1000,0,0.0,0.10694124277378735,0.0,1.3509184952659634
0.11,0.001,0.001,0.001,1.0,1000.0,1000,0,0.0,0.0008592390540542392,0.0,7.452605345234357e-07
0.11,0.001,0.001,0.001,1.5,10.0,1000,0,0.0,0.6092545108374328,0.0,3.584117644748448
0.11,0.001,0.001,0.001,1.5,100.0,1000,0,0.0,0.30588784873452846,0.0,21.48904752984011
0.11,0.001,0.001,0.001,1.5,1000.0,1000,0,0.0,0.0008268053770098809,0.0,6.111428755989313e-07
0.11,0.001,0.001,0.001,2.0,10.0,1000,0,0.0,0.7228156535148104,0.0,11.807156147504204
0.11,0.001,0.001,0.001,2.0,100.0,1000,0,0.0,0.07792643858121963,0.0,0.8384701237712567
0.11,0.001,0.001,0.001,2.0,1000.0,1000,0,0.0,0.0008285305246845991,0.0,5.834933926204751e-07
0.11,0.001,0.001,0.1,0.1,10.0,1000,0,0.0,0.619374414064816,0.0,13.501499051005327
0.11,0.001,0.001,0.1,0.1,100.0,1000,0,0.0,0.10402322452204125,0.0,2.4792155296874583
0.11,0.001,0.001,0.1,0.1,1000.0,1000,0,0.0,0.010154581417807734,0.0,0.08849896686618462
0.11,0.001,0.001,0.1,0.5,10.0,1000,0,0.0,0.7164015709098414,0.0,17.919339371548574
0.11,0.001,0.001,0.1,0.5,100.0,1000,0,0.0,0.06012899089568406,0.0,0.2931830285226394
0.11,0.001,0.001,0.1,0.5,1000.0,1000,0,0.0,0.0008637910428514753,0.0,2.4252060774188955e-06
0.11,0.001,0.001,0.1,1.0,10.0,1000,0,0.0,0.7358598380039149,0.0,31.156141339395308
0.11,0.001,0.001,0.1,1.0,100.0,1000,0,0.0,0.07744011179312438,0.0,1.1494250054513917
0.11,0.001,0.001,0.1,1.0,1000.0,1000,0,0.0,0.002283824146217466,0.0,0.0021661936091972767
0.11,0.001,0.001,0.1,1.5,10.0,1000,0,0.0,0.7492677518057281,0.0,15.29662385710514
0.11,0.001,0.001,0.1,1.5,100.0,1000,0,0.0,0.1506487949830476,0.0,4.551926961786007
0.11,0.001,0.001,0.1,1.5,1000.0,1000,0,0.0,0.000777993826924922,0.0,5.900856369085977e-07
0.11,0.001,0.001,0.1,2.0,10.0,1000,0,0.0,0.7506584773318319,0.0,10.428057255956396
0.11,0.001,0.001,0.1,2.0,100.0,1000,0,0.0,0.12181917304662813,0.0,5.156435887797998
0.11,0.001,0.001,0.1,2.0,1000.0,1000,0,0.0,0.0007652161344584656,0.0,6.085717053084204e-07
0.11,0.001,0.001,1.0,0.1,10.0,1000,0,0.0,0.8494215753772254,0.0,40.57212478015314
0.11,0.001,0.001,1.0,0.1,100.0,1000,0,0.0,0.0753819903291669,0.0,1.5203957435743711
0.11,0.001,0.001,1.0,0.1,1000.0,1000,0,0.0,0.006077202104114774,0.0,0.031479848973589124
0.11,0.001,0.001,1.0,0.5,10.0,1000,0,0.0,0.47029378361767377,0.0,12.381244936794344
0.11,0.001,0.001,1.0,0.5,100.0,1000,0,0.0,0.07255713223739196,0.0,0.7571205816901297
0.11,0.001,0.001,1.0,0.5,1000.0,1000,0,0.0,0.0004573732282050673,0.0,2.051675692770253e-07
0.11,0.001,0.001,1.0,1.0,10.0,1000,0,0.0,0.9391658872221538,0.0,33.18875106152104
0.11,0.001,0.001,1.0,1.0,100.0,1000,0,0.0,0.09511883021571578,0.0,3.078637246129884
0.11,0.001,0.001,1.0,1.0,1000.0,1000,0,0.0,0.0004691097358067707,0.0,1.9985208892895748e-07
0.11,0.001,0.001,1.0,1.5,10.0,1000,0,0.0,0.8190567302290285,0.0,36.677685076123204
0.11,0.001,0.001,1.0,1.5,100.0,1000,0,0.0,0.1403894329832634,0.0,2.7413718994182554
0.11,0.001,0.001,1.0,1.5,1000.0,1000,0,0.0,0.0004497762753900986,0.0,1.9416238498269986e-07
0.11,0.001,0.001,1.0,2.0,10.0,1000,0,0.0,0.94246039330913,0.0,57.50581217422399
0.11,0.001,0.001,1.0,2.0,100.0,1000,0,0.0,0.1328033500423625,0.0,4.006937487040382
0.11,0.001,0.001,1.0,2.0,1000.0,1000,0,0.0,0.005634284688721525,0.0,0.010489338654899065
0.11,0.1,0.0003,1e-05,0.1,10.0,1000,0,0.0,7.863202424325922,0.0,106.02244207685972
0.11,0.1,0.0003,1e-05,0.1,100.0,1000,0,0.0,0.3254339598738864,0.0,0.03996209272262992
0.11,0.1,0.0003,1e-05,0.1,1000.0,1000,0,0.0,0.031144121648415977,0.0,0.00030935729018204914
0.11,0.1,0.0003,1e-05,0.5,10.0,1000,0,0.0,7.550433634929407,0.0,103.97740600858849
0.11,0.1,0.0003,1e-05,0.5,100.0,1000,0,0.0,0.32390897515507266,0.0,0.04044267435616325
0.11,0.1,0.0003,1e-05,0.5,1000.0,1000,0,0.0,0.029956989533498717,0.0,0.0002859287600261386
0.11,0.1,0.0003,1e-05,1.0,10.0,1000,0,0.0,7.707542195051575,0.0,129.21573865626053
0.11,0.1,0.0003,1e-05,1.0,100.0,1000,0,0.0,0.31887702566530995,0.0,0.041767721644349075
0.11,0.1,0.0003,1e-05,1.0,1000.0,1000,0,0.0,0.03065662963927258,0.0,0.0003296113424316558
0.11,0.1,0.0003,1e-05,1.5,10.0,1000,0,0.0,8.66453586603108,0.0,136.79911819914807
0.11,0.1,0.0003,1e-05,1.5,100.0,1000,0,0.0,0.32690626007933066,0.0,0.04257482675924797
0.11,0.1,0.0003,1e-05,1.5,1000.0,1000,0,0.0,0.030171309253610973,0.0,0.000323739873902098
0.11,0.1,0.0003,1e-05,2.0,10.0,1000,0,0.0,7.64568374763588,0.0,104.23211814355804
0.11,0.1,0.0003,1e-05,2.0,100.0,1000,0,0.0,0.3396708948600287,0.0,0.04278713292513499
0.11,0.1,0.0003,1e-05,2.0,1000.0,1000,0,0.0,0.031057449898904476,0.0,0.00032617935585968765
0.11,0.1,0.0003,0.001,0.1,10.0,1000,0,0.0,7.772521404555859,0.0,103.15711617232641
0.11,0.1,0.0003,0.001,0.1,100.0,1000,0,0.0,0.32202126499382006,0.0,0.03732290350107452
0.11,0.1,0.0003,0.001,0.1,1000.0,1000,0,0.0,0.030308364186670437,0.0,0.00029538508452794834
0.11,0.1,0.0003,0.001,0.5,10.0,1000,0,0.0,8.018272865707406,0.0,110.855424779845
0.11,0.1,0.0003,0.001,0.5,100.0,1000,0,0.0,0.32179808568868884,0.0,0.03661177481378024
0.11,0.1,0.0003,0.001,0.5,1000.0,1000,0,0.0,0.030728708896233452,0.0,0.00035336896047005495
0.11,0.1,0.0003,0.001,1.0,10.0,1000,0,0.0,8.007329013714996,0.0,131.50254477386443
0.11,0.1,0.0003,0.001,1.0,100.0,1000,0,0.0,0.3337471003703437,0.0,0.0426968310544605
0.11,0.1,0.0003,0.001,1.0,1000.0,1000,0,0.0,0.03163494072840951,0.0,0.0004010929923449136
0.11,0.1,0.0003,0.001,1.5,10.0,1000,0,0.0,7.8659970644378525,0.0,129.7435571777107
0.11,0.1,0.0003,0.001,1.5,100.0,1000,0,0.0,0.32217288069453115,0.0,0.039485099764877046
0.11,0.1,0.0003,0.001,1.5,1000.0,1000,0,0.0,0.029795153253957162,0.0,0.00028348971448008555
0.11,0.1,0.0003,0.001,2.0,10.0,1000,0,0.0,7.65616193142698,0.0,92.28076202960374
0.11,0.1,0.0003,0.001,2.0,100.0,1000,0,0.0,0.3145698703657665,0.0,0.03533203652748002
0.11,0.1,0.0003,0.001,2.0,1000.0,1000,0,0.0,0.030098428698275365,0.0,0.0003128548574958184
0.11,0.1,0.0003,0.1,0.1,10.0,1000,0,0.0,7.532629556631391,0.0,101.88959392445855
0.11,0.1,0.0003,0.1,0.1,100.0,1000,0,0.0,0.32565018681656055,0.0,0.04180804328157331
0.11,0.1,0.0003,0.1,0.1,1000.0,1000,0,0.0,0.03105289744174675,0.0,0.0003285944733548345
0.11,0.1,0.0003,0.1,0.5,10.0,1000,0,0.0,7.9642343591015035,0.0,98.52995201043083
0.11,0.1,0.0003,0.1,0.5,100.0,1000,0,0.0,0.32335127771380473,0.0,0.03775857706705801
0.11,0.1,0.0003,0.1,0.5,1000.0,1000,0,0.0,0.030396288491968345,0.0,0.0002951192897349748
0.11,0.1,0.0003,0.1,1.0,10.0,1000,0,0.0,8.739329823511003,0.0,133.38785218411508
0.11,0.1,0.0003,0.1,1.0,100.0,1000,0,0.0,0.3216332042692866,0.0,0.04209567787288546
0.11,0.1,0.0003,0.1,1.0,1000.0,1000,0,0.0,0.030271598100562347,0.0,0.00034443774205638916
0.11,0.1,0.0003,0.1,1.5,10.0,1000,0,0.0,8.293280582313052,0.0,98.94875935850223
0.11,0.1,0.0003,0.1,1.5,100.0,1000,0,0.0,0.3261834562728524,0.0,0.04336450314646598
0.11,0.1,0.0003,0.1,1.5,1000.0,1000,0,0.0,0.03162973458692037,0.0,0.00033706735315213316
0.11,0.1,0.0003,0.1,2.0,10.0,1000,0,0.0,9.341292719179279,0.0,150.84860374987827
0.11,0.1,0.0003,0.1,2.0,100.0,1000,0,0.0,0.3239863061286601,0.0,0.037362438587199745
0.11,0.1,0.0003,0.1,2.0,1000.0,1000,0,0.0,0.031304503177267545,0.0,0.0003173157303068681
0.11,0.1,0.0003,1.0,0.1,10.0,1000,0,0.0,5.473572610481295,0.0,54.205579582196044
0.11,0.1,0.0003,1.0,0.1,100.0,1000,0,0.0,0.3388846424449595,0.0,0.05198119974610591
0.11,0.1,0.0003,1.0,0.1,1000.0,1000,0,0.0,0.03090875515942691,0.0,0.00035162311416539206
0.11,0.1,0.0003,1.0,0.5,10.0,1000,0,0.0,9.127484546111024,0.0,116.14592693693497
0.11,0.1,0.0003,1.0,0.5,100.0,1000,0,0.0,0.39579179346656745,0.0,0.08310716447860493
0.11,0.1,0.0003,1.0,0.5,1000.0,1000,0,0.0,0.03205864210022028,0.0,0.00039874734628319474
0.11,0.1,0.0003,1.0,1.0,10.0,1000,0,0.0,13.181026952948166,0.0,205.22012186908975
0.11,0.1,0.0003,1.0,1.0,100.0,1000,0,0.0,0.42367061501923065,0.0,0.09598184222947564
0.11,0.1,0.0003,1.0,1.0,1000.0,1000,0,0.0,0.03071179463599606,0.0,0.00031007402619523947
0.11,0.1,0.0003,1.0,1.5,10.0,1000,0,0.0,17.266853374406708,0.0,326.79749620051723
0.11,0.1,0.0003,1.0,1.5,100.0,1000,0,0.0,0.4248149603183952,0.0,0.10014484427346781
0.11,0.1,0.0003,1.0,1.5,1000.0,1000,0,0.0,0.031585909565989355,0.0,0.00038163978413885804
0.11,0.1,0.0003,1.0,2.0,10.0,1000,0,0.0,19.707212916030695,0.0,380.8741181144071
0.11,0.1,0.0003,1.0,2.0,100.0,1000,0,0.0,0.3965414729011194,0.0,0.0790034737731248
0.11,0.1,0.0003,1.0,2.0,1000.0,1000,0,0.0,0.03212559544079969,0.0,0.00038245043348130483
0.11,0.1,0.0001,1e-05,0.1,10.0,1000,0,0.0,54.75081683601112,0.0,1944.8219180993347
0.11,0.1,0.0001,1e-05,0.1,100.0,1000,0,0.0,1.1047804029031485,0.0,0.17261076363464156
0.11,0.1,0.0001,1e-05,0.1,1000.0,1000,0,0.0,0.09384165025145975,0.0,0.0010153745821767145
0.11,0.1,0.0001,1e-05,0.5,10.0,1000,0,0.0,56.16262182301289,0.0,3193.6849044225096
0.11,0.1,0.0001,1e-05,0.5,100.0,1000,0,0.0,1.10622024844859,0.0,0.18276500042678678
0.11,0.1,0.0001,1e-05,0.5,1000.0,1000,0,0.0,0.09225192929484129,0.0,0.0010512656711810205
0.11,0.1,0.0001,1e-05,1.0,10.0,1000,0,0.0,56.49856615748524,0.0,2583.1391210685138
0.11,0.1,0.0001,1e-05,1.0,100.0,1000,0,0.0,1.0808925780022718,0.0,0.17420128732465773
0.11,0.1,0.0001,1e-05,1.0,1000.0,1000,0,0.0,0.0912412114385013,0.0,0.0009258871678917422
0.11,0.1,0.0001,1e-05,1.5,10.0,1000,0,0.0,56.62510835095093,0.0,2047.6664895003942
0.11,0.1,0.0001,1e-05,1.5,100.0,1000,0,0.0,1.087257284572544,0.0,0.194025238928237
0.11,0.1,0.0001,1e-05,1.5,1000.0,1000,0,0.0,0.09228377450245173,0.0,0.001058129746860084
0.11,0.1,0.0001,1e-05,2.0,10.0,1000,0,0.0,51.47456793138666,0.0,1545.1794912126813
0.11,0.1,0.0001,1e-05,2.0,100.0,1000,0,0.0,1.0751894868473078,0.0,0.16464543385955074
0.11,0.1,0.0001,1e-05,2.0,1000.0,1000,0,0.0,0.09216452351360188,0.0,0.0009930483259888894
0.11,0.1,0.0001,0.001,0.1,10.0,1000,0,0.0,54.03425093959989,0.0,2151.5351095078863
0.11,0.1,0.0001,0.001,0.1,100.0,1000,0,0.0,1.0998552020397283,0.0,0.18104760746796023
0.11,0.1,0.0001,0.001,0.1,1000.0,1000,0,0.0,0.09305589829141542,0.0,0.0010399532976287222
0.11,0.1,0.0001,0.001,0.5,10.0,1000,0,0.0,51.32035285613184,0.0,2170.747124053491
0.11,0.1,0.0001,0.001,0.5,100.0,1000,0,0.0,1.0813739292311575,0.0,0.17436944198203555
0.11,0.1,0.0001,0.001,0.5,1000.0,1000,0,0.0,0.09126139224107548,0.0,0.0009607213144202288
0.11,0.1,0.0001,0.001,1.0,10.0,1000,0,0.0,56.871981106715076,0.0,2804.646147664499
0.11,0.1,0.0001,0.001,1.0,100.0,1000,0,0.0,1.098987433426322,0.0,0.19323686122291173
0.11,0.1,0.0001,0.001,1.0,1000.0,1000,0,0.0,0.09314210165201317,0.0,0.0010269546572814494
0.11,0.1,0.0001,0.001,1.5,10.0,1000,0,0.0,56.112137919205324,0.0,2036.977609178254
0.11,0.1,0.0001,0.001,1.5,100.0,1000,0,0.0,1.1273419175840727,0.0,0.20809385609782108
0.11,0.1,0.0001,0.001,1.5,1000.0,1000,0,0.0,0.09303146806289428,0.0,0.0009779535645568882
0.11,0.1,0.0001,0.001,2.0,10.0,1000,0,0.0,56.25699748837187,0.0,3155.985551004684
0.11,0.1,0.0001,0.001,2.0,100.0,1000,0,0.0,1.110955753215804,0.0,0.20321176890194392
0.11,0.1,0.0001,0.001,2.0,1000.0,1000,0,0.0,0.09317350012207386,0.0,0.0009489955907987691
0.11,0.1,0.0001,0.1,0.1,10.0,1000,0,0.0,49.56183436004458,0.0,1524.4284003030352
0.11,0.1,0.0001,0.1,0.1,100.0,1000,0,0.0,1.0965708677613257,0.0,0.20854098963961837
0.11,0.1,0.0001,0.1,0.1,1000.0,1000,0,0.0,0.0937182696281596,0.0,0.0010751316696482975
0.11,0.1,0.0001,0.1,0.5,10.0,1000,0,0.0,51.8803177841724,0.0,1800.2164099548456
0.11,0.1,0.0001,0.1,0.5,100.0,1000,0,0.0,1.148245019425142,0.0,0.25851514702169376
0.11,0.1,0.0001,0.1,0.5,1000.0,1000,0,0.0,0.09467804792998935,0.0,0.0010440078381415115
0.11,0.1,0.0001,0.1,1.0,10.0,1000,0,0.0,57.81408031355145,0.0,2416.01668530161
0.11,0.1,0.0001,0.1,1.0,100.0,1000,0,0.0,1.1729943318421048,0.0,0.26099840714153094
0.11,0.1,0.0001,0.1,1.0,1000.0,1000,0,0.0,0.09248835365614759,0.0,0.0010528394201807017
0.11,0.1,0.0001,0.1,1.5,10.0,1000,0,0.0,51.97419315601643,0.0,2458.273116002729
0.11,0.1,0.0001,0.1,1.5,100.0,1000,0,0.0,1.1838579963572853,0.0,0.26305204778236524
0.11,0.1,0.0001,0.1,1.5,1000.0,1000,0,0.0,0.09148856064264413,0.0,0.00088304022287738
0.11,0.1,0.0001,0.1,2.0,10.0,1000,0,0.0,57.55558602636297,0.0,2381.5678788253085
0.11,0.1,0.0001,0.1,2.0,100.0,1000,0,0.0,1.2078685467418424,0.0,0.27548702881564147
0.11,0.1,0.0001,0.1,2.0,1000.0,1000,0,0.0,0.09364158003962453,0.0,0.0011518310043855888
0.11,0.1,0.0001,1.0,0.1,10.0,1000,0,0.0,30.11635629256254,0.0,1018.9389223512301
0.11,0.1,0.0001,1.0,0.1,100.0,1000,0,0.0,1.2652650811867807,0.0,0.4931248369590477
0.11,0.1,0.0001,1.0,0.1,1000.0,1000,0,0.0,0.09498858352358899,0.0,0.0010815405739769677
0.11,0.1,0.0001,1.0,0.5,10.0,1000,0,0.0,34.14390964135191,0.0,1509.9443054955484
0.11,0.1,0.0001,1.0,0.5,100.0,1000,0,0.0,2.024622491397242,0.0,2.07386985024383
0.11,0.1,0.0001,1.0,0.5,1000.0,1000,0,0.0,0.09491468139554798,0.0,0.0010723104822474641
0.11,0.1,0.0001,1.0,1.0,10.0,1000,0,0.0,38.496000924195506,0.0,1613.8890685732679
0.11,0.1,0.0001,1.0,1.0,100.0,1000,0,0.0,3.068049283466477,0.0,62.15448453412253
0.11,0.1,0.0001,1.0,1.0,1000.0,1000,0,0.0,0.0969654862262947,0.0,0.0012644035978701296
0.11,0.1,0.0001,1.0,1.5,10.0,1000,0,0.0,53.45164572255669,0.0,3116.4050455363945
0.11,0.1,0.0001,1.0,1.5,100.0,1000,0,0.0,3.4409222835264424,0.0,60.5110681932612
0.11,0.1,0.0001,1.0,1.5,1000.0,1000,0,0.0,0.09887924995658982,0.0,0.0011739503996912096
0.11,0.1,0.0001,1.0,2.0,10.0,1000,0,0.0,54.02707594678753,0.0,2835.398221294168
0.11,0.1,0.0001,1.0,2.0,100.0,1000,0,0.0,3.3071289895084375,0.0,19.432539689517583
0.11,0.1,0.0001,1.0,2.0,1000.0,1000,0,0.0,0.09809419041902757,0.0,0.0012608728409235388
0.11,0.1,0.003,1e-05,0.1,10.0,1000,0,0.0,0.43737658056222883,0.0,0.3551993395838125
0.11,0.1,0.003,1e-05,0.1,100.0,1000,0,0.0,0.018727057959584122,0.0,0.00037609993595091016
0.11,0.1,0.003,1e-05,0.1,1000.0,1000,0,0.0,0.0003110965401094885,0.0,1.4609422118434395e-07
0.11,0.1,0.003,1e-05,0.5,10.0,1000,0,0.0,0.4013267133244724,0.0,0.3116523825833846
0.11,0.1,0.003,1e-05,0.5,100.0,1000,0,0.0,0.018246929032781672,0.0,0.000627702232383879
0.11,0.1,0.003,1e-05,0.5,1000.0,1000,0,0.0,0.00029835147349015835,0.0,9.100100580296553e-08
0.11,0.1,0.003,1e-05,1.0,10.0,1000,0,0.0,0.4241561456726803,0.0,0.3602723059730052
0.11,0.1,0.003,1e-05,1.0,100.0,1000,0,0.0,0.01922933812085317,0.0,0.0006334746334403213
0.11,0.1,0.003,1e-05,1.0,1000.0,1000,0,0.0,0.00029779784564956923,0.0,9.442299360172801e-08
0.11,0.1,0.003,1e-05,1.5,10.0,1000,0,0.0,0.36995962168576096,0.0,0.2222122530052983
0.11,0.1,0.003,1e-05,1.5,100.0,1000,0,0.0,0.018256805865607226,0.0,0.0005316429455258358
0.11,0.1,0.003,1e-05,1.5,1000.0,1000,0,0.0,0.00030172484486788275,0.0,9.609823198809167e-08
0.11,0.1,0.003,1e-05,2.0,10.0,1000,0,0.0,0.41065333998348547,0.0,0.3172972485238012
0.11,0.1,0.003,1e-05,2.0,100.0,1000,0,0.0,0.01739156797886992,0.0,0.00031822686227596944
0.11,0.1,0.003,1e-05,2.0,1000.0,1000,0,0.0,0.0003002357610124233,0.0,9.083476841872144e-08
0.11,0.1,0.003,0.001,0.1,10.0,1000,0,0.0,0.40695879178717503,0.0,0.2957613293161234
0.11,0.1,0.003,0.001,0.1,100.0,1000,0,0.0,0.018025972881877905,0.0,0.00036067626112051707
0.11,0.1,0.003,0.001,0.1,1000.0,1000,0,0.0,0.00030054175736902544,0.0,1.0290741857854069e-07
0.11,0.1,0.003,0.001,0.5,10.0,1000,0,0.0,0.40911501704668135,0.0,0.2688159398354499
0.11,0.1,0.003,0.001,0.5,100.0,1000,0,0.0,0.0188711635691338,0.0,0.0006213181630415701
0.11,0.1,0.003,0.001,0.5,1000.0,1000,0,0.0,0.00032443894922793565,0.0,1.0084165371293396e-07
0.11,0.1,0.003,0.001,1.0,10.0,1000,0,0.0,0.4203436335033662,0.0,0.26240672439775325
0.11,0.1,0.003,0.001,1.0,100.0,1000,0,0.0,0.020048434360131387,0.0,0.0005902480529180906
0.11,0.1,0.003,0.001,1.0,1000.0,1000,0,0.0,0.0003135028732300786,0.0,9.749970329005308e-08
0.11,0.1,0.003,0.001,1.5,10.0,1000,0,0.0,0.3887349118865169,0.0,0.20218583370522275
0.11,0.1,0.003,0.001,1.5,100.0,1000,0,0.0,0.01853966079787181,0.0,0.0011791160218024518
0.11,0.1,0.003,0.001,1.5,1000.0,1000,0,0.0,0.00030923635148184174,0.0,1.008413619000901e-07
0.11,0.1,0.003,0.001,2.0,10.0,1000,0,0.0,0.4304231381129934,0.0,0.447113828626452
0.11,0.1,0.003,0.001,2.0,100.0,1000,0,0.0,0.018850746802370557,0.0,0.0006518024453801563
0.11,0.1,0.003,0.001,2.0,1000.0,1000,0,0.0,0.00029682562269209425,0.0,1.1266096860385467e-07
0.11,0.1,0.003,0.1,0.1,10.0,1000,0,0.0,0.31871439450986905,0.0,0.23626098406193227
0.11,0.1,0.003,0.1,0.1,100.0,1000,0,0.0,0.014971721641929864,0.0,0.0003865460506638845
0.11,0.1,0.003,0.1,0.1,1000.0,1000,0,0.0,0.0002872842072509737,0.0,8.392551866641866e-08
0.11,0.1,0.003,0.1,0.5,10.0,1000,0,0.0,0.35238009329299963,0.0,0.43218115548195046
0.11,0.1,0.003,0.1,0.5,100.0,1000,0,0.0,0.015434554702069683,0.0,0.0003049974253276624
0.11,0.1,0.003,0.1,0.5,1000.0,1000,0,0.0,0.0003076269494279257,0.0,9.871049200541025e-08
0.11,0.1,0.003,0.1,1.0,10.0,1000,0,0.0,0.33709496279456197,0.0,0.3785566405557347
0.11,0.1,0.003,0.1,1.0,100.0,1000,0,0.0,0.015758784946490197,0.0,0.0004719412157761662
0.11,0.1,0.003,0.1,1.0,1000.0,1000,0,0.0,0.0002757503324492298,0.0,7.366451083807452e-08
0.11,0.1,0.003,0.1,1.5,10.0,1000,0,0.0,0.3390251664921763,0.0,0.19045681608863668
0.11,0.1,0.003,0.1,1.5,100.0,1000,0,0.0,0.015124655420780396,0.0,0.0003500490010124446
0.11,0.1,0.003,0.1,1.5,1000.0,1000,0,0.0,0.00029928191641605717,0.0,9.039208034575344e-08
0.11,0.1,0.003,0.1,2.0,10.0,1000,0,0.0,0.34251198797491544,0.0,0.4339633133190182
0.11,0.1,0.003,0.1,2.0,100.0,1000,0,0.0,0.016604479930406264,0.0,0.00043892115895946673
0.11,0.1,0.003,0.1,2.0,1000.0,1000,0,0.0,0.00031305892752596154,0.0,1.9509031701499295e-07
0.11,0.1,0.003,1.0,0.1,10.0,1000,0,0.0,0.1772502283773667,0.0,0.17989972585070926
0.11,0.1,0.003,1.0,0.1,100.0,1000,0,0.0,0.0070710519142096594,0.0,0.00021445093256231476
0.11,0.1,0.003,1.0,0.1,1000.0,1000,0,0.0,0.0002668080366342384,0.0,3.679922864966726e-07
0.11,0.1,0.003,1.0,0.5,10.0,1000,0,0.0,0.15641343295850454,0.0,0.16151721166015198
0.11,0.1,0.003,1.0,0.5,100.0,1000,0,0.0,0.008493117640854803,0.0,0.0009983252128777124
0.11,0.1,0.003,1.0,0.5,1000.0,1000,0,0.0,0.00023485328152530964,0.0,7.935180530724167e-08
0.11,0.1,0.003,1.0,1.0,10.0,1000,0,0.0,0.19228530855945647,0.0,0.21002922260746515
0.11,0.1,0.003,1.0,1.0,100.0,1000,0,0.0,0.008331741742959257,0.0,0.0007403662191281042
0.11,0.1,0.003,1.0,1.0,1000.0,1000,0,0.0,0.0002501362694254808,0.0,1.2476319849829717e-07
0.11,0.1,0.003,1.0,1.5,10.0,1000,0,0.0,0.16769154679654114,0.0,0.1363386551908324
0.11,0.1,0.003,1.0,1.5,100.0,1000,0,0.0,0.007399046365706275,0.0,0.00027662075778388153
0.11,0.1,0.003,1.0,1.5,1000.0,1000,0,0.0,0.00026658166285733115,0.0,9.829788413470025e-07
0.11,0.1,0.003,1.0,2.0,10.0,1000,0,0.0,0.18233057687285248,0.0,0.24353159759226428
0.11,0.1,0.003,1.0,2.0,100.0,1000,0,0.0,0.007129924138881933,0.0,0.00017001003715915957
0.11,0.1,0.003,1.0,2.0,1000.0,1000,0,0.0,0.00024879594747197415,0.0,7.9994203868255e-08
0.11,0.1,0.001,1e-05,0.1,10.0,1000,0,0.0,0.4200734075522912,0.0,0.28966184368166
0.11,0.1,0.001,1e-05,0.1,100.0,1000,0,0.0,0.027122061483375128,0.0,0.0008356032124529861
0.11,0.1,0.001,1e-05,0.1,1000.0,1000,0,0.0,0.0008177642333933825,0.0,6.38896542812902e-07
0.11,0.1,0.001,1e-05,0.5,10.0,1000,0,0.0,0.41625454327075145,0.0,0.23742927772222805
0.11,0.1,0.001,1e-05,0.5,100.0,1000,0,0.0,0.02928625984627685,0.0,0.0009545872339097812
0.11,0.1,0.001,1e-05,0.5,1000.0,1000,0,0.0,0.000748938891504937,0.0,5.771443406902032e-07
0.11,0.1,0.001,1e-05,1.0,10.0,1000,0,0.0,0.4286650553373604,0.0,0.3026466936464093
0.11,0.1,0.001,1e-05,1.0,100.0,1000,0,0.0,0.029407336586573067,0.0,0.0010193612279289636
0.11,0.1,0.001,1e-05,1.0,1000.0,1000,0,0.0,0.0007528940880624713,0.0,5.486606319217548e-07
0.11,0.1,0.001,1e-05,1.5,10.0,1000,0,0.0,0.4174117035954422,0.0,0.25935727956824484
0.11,0.1,0.001,1e-05,1.5,100.0,1000,0,0.0,0.027501851155481448,0.0,0.0010591483280988174
0.11,0.1,0.001,1e-05,1.5,1000.0,1000,0,0.0,0.0008239160862604034,0.0,6.76344676729533e-07
0.11,0.1,0.001,1e-05,2.0,10.0,1000,0,0.0,0.43101112281357723,0.0,0.29935782011489714
0.11,0.1,0.001,1e-05,2.0,100.0,1000,0,0.0,0.02721061255129036,0.0,0.000948572898164864
0.11,0.1,0.001,1e-05,2.0,1000.0,1000,0,0.0,0.000890978318624858,0.0,2.0464914904724005e-06
0.11,0.1,0.001,0.001,0.1,10.0,1000,0,0.0,0.39947292165736403,0.0,0.21128701158835841
0.11,0.1,0.001,0.001,0.1,100.0,1000,0,0.0,0.028026208166628923,0.0,0.0007675497526554868
0.11,0.1,0.001,0.001,0.1,1000.0,1000,0,0.0,0.0008275567778175456,0.0,6.826726154922292e-07
0.11,0.1,0.001,0.001,0.5,10.0,1000,0,0.0,0.4178581289366057,0.0,0.2194416571148255
0.11,0.1,0.001,0.001,0.5,100.0,1000,0,0.0,0.02768363010873163,0.0,0.000702887696775166
0.11,0.1,0.001,0.001,0.5,1000.0,1000,0,0.0,0.0008330783302768415,0.0,6.530727093092052e-07
0.11,0.1,0.001,0.001,1.0,10.0,1000,0,0.0,0.42174067194616677,0.0,0.2986069574542879
0.11,0.1,0.001,0.001,1.0,100.0,1000,0,0.0,0.02821642399991007,0.0,0.0010248534920292702
0.11,0.1,0.001,0.001,1.0,1000.0,1000,0,0.0,0.0007985410849759724,0.0,6.863997604153588e-07
0.11,0.1,0.001,0.001,1.5,10.0,1000,0,0.0,0.4325188358021259,0.0,0.35851771086720874
0.11,0.1,0.001,0.001,1.5,100.0,1000,0,0.0,0.027867504358640115,0.0,0.0008031488928853036
0.11,0.1,0.001,0.001,1.5,1000.0,1000,0,0.0,0.0007730825979037084,0.0,1.0585169375601768e-06
0.11,0.1,0.001,0.001,2.0,10.0,1000,0,0.0,0.4141273303446642,0.0,0.2234055097211186
0.11,0.1,0.001,0.001,2.0,100.0,1000,0,0.0,0.027923935421331387,0.0,0.0008556460227436745
0.11,0.1,0.001,0.001,2.0,1000.0,1000,0,0.0,0.0007867314156856272,0.0,7.082044600300636e-07
0.11,0.1,0.001,0.1,0.1,10.0,1000,0,0.0,0.35058525402916313,0.0,0.2532986403873823
0.11,0.1,0.001,0.1,0.1,100.0,1000,0,0.0,0.02046725559063509,0.0,0.0004797843992198202
0.11,0.1,0.001,0.1,0.1,1000.0,1000,0,0.0,0.0006991055828136835,0.0,4.826732027940941e-07
0.11,0.1,0.001,0.1,0.5,10.0,1000,0,0.0,0.3282564554707311,0.0,0.244076902251095
0.11,0.1,0.001,0.1,0.5,100.0,1000,0,0.0,0.02271135890513087,0.0,0.0008968893450476191
0.11,0.1,0.001,0.1,0.5,1000.0,1000,0,0.0,0.0007469635967905303,0.0,6.150994831534445e-07
0.11,0.1,0.001,0.1,1.0,10.0,1000,0,0.0,0.34219985421988736,0.0,0.22635000813582035
0.11,0.1,0.001,0.1,1.0,100.0,1000,0,0.0,0.021730322127496236,0.0,0.0005289287700571816
0.11,0.1,0.001,0.1,1.0,1000.0,1000,0,0.0,0.0007223237660318884,0.0,5.54052435870995e-07
0.11,0.1,0.001,0.1,1.5,10.0,1000,0,0.0,0.3477270151748584,0.0,0.30346416685022976
0.11,0.1,0.001,0.1,1.5,100.0,1000,0,0.0,0.0220492645356817,0.0,0.0005335535115536129
0.11,0.1,0.001,0.1,1.5,1000.0,1000,0,0.0,0.0007093032261926311,0.0,5.196381257771969e-07
0.11,0.1,0.001,0.1,2.0,10.0,1000,0,0.0,0.35714300302126073,0.0,0.28549142660923654
0.11,0.1,0.001,0.1,2.0,100.0,1000,0,0.0,0.020101930406569605,0.0,0.0004469341898821472
0.11,0.1,0.001,0.1,2.0,1000.0,1000,0,0.0,0.0007477886054878399,0.0,5.641530577946466e-07
0.11,0.1,0.001,1.0,0.1,10.0,1000,0,0.0,0.16615808598848888,0.0,0.243070026672099
0.11,0.1,0.001,1.0,0.1,100.0,1000,0,0.0,0.00770479854797842,0.0,0.00015615559335526718
0.11,0.1,0.001,1.0,0.1,1000.0,1000,0,0.0,0.0004196264283122823,0.0,2.256720136646404e-07
0.11,0.1,0.001,1.0,0.5,10.0,1000,0,0.0,0.17105572049242815,0.0,0.17495967663445203
0.11,0.1,0.001,1.0,0.5,100.0,1000,0,0.0,0.00863612521553879,0.0,0.00022073971075921094
0.11,0.1,0.001,1.0,0.5,1000.0,1000,0,0.0,0.000489941715558439,0.0,7.140133559061729e-07
0.11,0.1,0.001,1.0,1.0,10.0,1000,0,0.0,0.16861958628351084,0.0,0.20602998703304207
0.11,0.1,0.001,1.0,1.0,100.0,1000,0,0.0,0.008129529370389467,0.0,0.0001119669460818779
0.11,0.1,0.001,1.0,1.0,1000.0,1000,0,0.0,0.00043280782664843276,0.0,1.9646458903456744e-07
0.11,0.1,0.001,1.0,1.5,10.0,1000,0,0.0,0.1722203288224238,0.0,0.16762246139044026
0.11,0.1,0.001,1.0,1.5,100.0,1000,0,0.0,0.007259085143762249,0.0,5.994818148597629e-05
0.11,0.1,0.001,1.0,1.5,1000.0,1000,0,0.0,0.00045196632940795424,0.0,2.7522004948545636e-07
0.11,0.1,0.001,1.0,2.0,10.0,1000,0,0.0,0.1549065459851001,0.0,0.12256103567966639
0.11,0.1,0.001,1.0,2.0,100.0,1000,0,0.0,0.00856357737272224,0.0,0.0001975753322082546
0.11,0.1,0.001,1.0,2.0,1000.0,1000,0,0.0,0.00047291027369388694,0.0,3.929504854263182e-07
0.12,0.0,0.0003,1e-05,0.1,10.0,1000,0,0.0,0.0,0.0,0.0
0.12,0.0,0.0003,1e-05,0.1,100.0,1000,0,0.0,0.0,0.0,0.0
0.12,0.0,0.0003,1e-05,0.1,1000.0,1000,0,0.0,0.0,0.0,0.0
0.12,0.0,0.0003,1e-05,0.5,10.0,1000,0,0.0,0.0,0.0,0.0
0.12,0.0,0.0003,1e-05,0.5,100.0,1000,0,0.0,0.0,0.0,0.0
0.12,0.0,0.0003,1e-05,0.5,1000.0,1000,0,0.0,0.0,0.0,0.0
0.12,0.0,0.0003,1e-05,1.0,10.0,1000,0,0.0,0.0,0.0,0.0
0.12,0.0,0.0003,1e-05,1.0,100.0,1000,0,0.0,0.0,0.0,0.0
0.12,0.0,0.0003,1e-05,1.0,1000.0,1000,0,0.0,0.0,0.0,0.0
0.12,0.0,0.0003,1e-05,1.5,10.0,1000,0,0.0,0.0,0.0,0.0
0.12,0.0,0.0003,1e-05,1.5,100.0,1000,0,0.0,0.0,0.0,0.0
0.12,0.0,0.0003,1e-05,1.5,1000.0,1000,0,0.0,0.0,0.0,0.0
0.12,0.0,0.0003,1e-05,2.0,10.0,1000,0,0.0,0.0,0.0,0.0
0.12,0.0,0.0003,1e-05,2.0,100.0,1000,0,0.0,0.0,0.0,0.0
0.12,0.0,0.0003,1e-05,2.0,1000.0,1000,0,0.0,0.0,0.0,0.0
0.12,0.0,0.0003,0.001,0.1,10.0,1000,0,0.0,0.0,0.0,0.0
0.12,0.0,0.0003,0.001,0.1,100.0,1000,0,0.0,0.0,0.0,0.0
0.12,0.0,0.0003,0.001,0.1,1000.0,1000,0,0.0,0.0,0.0,0.0
0.12,0.0,0.0003,0.001,0.5,10.0,1000,0,0.0,0.0,0.0,0.0
0.12,0.0,0.0003,0.001,0.5,100.0,1000,0,0.0,0.0,0.0,0.0
0.12,0.0,0.0003,0.001,0.5,1000.0,1000,0,0.0,0.0,0.0,0.0
0.12,0.0,0.0003,0.001,1.0,10.0,1000,0,0.0,0.0,0.0,0.0
0.12,0.0,0.0003,0.001,1.0,100.0,1000,0,0.0,0.0,0.0,0.0
0.12,0.0,0.0003,0.001,1.0,1000.0,1000,0,0.0,0.0,0.0,0.0
0.12,0.0,0.0003,0.001,1.5,10.0,1000,0,0.0,0.0,0.0,0.0
0.12,0.0,0.0003,0.001,1.5,100.0,1000,0,0.0,0.0,0.0,0.0
0.12,0.0,0.0003,0.001,1.5,1000.0,1000,0,0.0,0.0,0.0,0.0
0.12,0.0,0.0003,0.001,2.0,10.0,1000,0,0.0,0.0,0.0,0.0
0.12,0.0,0.0003,0.001,2.0,100.0,1000,0,0.0,0.0,0.0,0.0
0.12,0.0,0.0003,0.001,2.0,1000.0,1000,0,0.0,0.0,0.0,0.0
0.12,0.0,0.0003,0.1,0.1,10.0,1000,0,0.0,16.164769924287082,0.0,14.33191902494706
0.12,0.0,0.0003,0.1,0.1,100.0,1000,0,0.0,6.734391255724934,0.0,0.0
0.12,0.0,0.0003,0.1,0.1,1000.0,1000,0,0.0,0.0,0.0,0.0
0.12,0.0,0.0003,0.1,0.5,10.0,1000,0,0.0,0.0,0.0,0.0
0.12,0.0,0.0003,0.1,0.5,100.0,1000,0,0.0,0.0,0.0,0.0
0.12,0.0,0.0003,0.1,0.5,1000.0,1000,0,0.0,0.0,0.0,0.0
0.12,0.0,0.0003,0.1,1.0,10.0,1000,0,0.0,0.0,0.0,0.0
0.12,0.0,0.0003,0.1,1.0,100.0,1000,0,0.0,0.0,0.0,0.0
0.12,0.0,0.0003,0.1,1.0,1000.0,1000,0,0.0,0.0,0.0,0.0
0.12,0.0,0.0003,0.1,1.5,10.0,1000,0,0.0,0.0,0.0,0.0
0.12,0.0,0.0003,0.1,1.5,100.0,1000,0,0.0,0.0,0.0,0.0
0.12,0.0,0.0003,0.1,1.5,1000.0,1000,0,0.0,0.0,0.0,0.0
0.12,0.0,0.0003,0.1,2.0,10.0,1000,0,0.0,0.0,0.0,0.0
0.12,0.0,0.0003,0.1,2.0,100.0,1000,0,0.0,0.0,0.0,0.0
0.12,0.0,0.0003,0.1,2.0,1000.0,1000,0,0.0,0.0,0.0,0.0
0.12,0.0,0.0003,1.0,0.1,10.0,1000,0,0.0,4.065270051882229,0.0,9.415239596304488
0.12,0.0,0.0003,1.0,0.1,100.0,1000,0,0.0,3.245363001427375,0.0,3.145248614348185
0.12,0.0,0.0003,1.0,0.1,1000.0,1000,0,0.0,1.6136091144216984,0.0,0.13925308732047903
0.12,0.0,0.0003,1.0,0.5,10.0,1000,0,0.0,2.1825926211316276,0.0,1.2902651856322414
0.12,0.0,0.0003,1.0,0.5,100.0,1000,0,0.0,0.0,0.0,0.0
0.12,0.0,0.0003,1.0,0.5,1000.0,1000,0,0.0,0.0,0.0,0.0
0.12,0.0,0.0003,1.0,1.0,10.0,1000,0,0.0,5.988998693507699,0.0,12.2649224657797
0.12,0.0,0.0003,1.0,1.0,100.0,1000,0,0.0,0.0,0.0,0.0
0.12,0.0,0.0003,1.0,1.0,1000.0,1000,0,0.0,0.0,0.0,0.0
0.12,0.0,0.0003,1.0,1.5,10.0,1000,0,0.0,0.0,0.0,0.0
0.12,0.0,0.0003,1.0,1.5,100.0,1000,0,0.0,0.0,0.0,0.0
0.12,0.0,0.0003,1.0,1.5,1000.0,1000,0,0.0,0.0,0.0,0.0
0.12,0.0,0.0003,1.0,2.0,10.0,1000,0,0.0,0.0,0.0,0.0
0.12,0.0,0.0003,1.0,2.0,100.0,1000,0,0.0,0.0,0.0,0.0
0.12,0.0,0.0003,1.0,2.0,1000.0,1000,0,0.0,0.0,0.0,0.0
0.12,0.0,0.0001,1e-05,0.1,10.0,1000,0,0.0,0.0,0.0,0.0
0.12,0.0,0.0001,1e-05,0.1,100.0,1000,0,0.0,0.0,0.0,0.0
0.12,0.0,0.0001,1e-05,0.1,1000.0,1000,0,0.0,0.0,0.0,0.0
0.12,0.0,0.0001,1e-05,0.5,10.0,1000,0,0.0,0.0,0.0,0.0
0.12,0.0,0.0001,1e-05,0.5,100.0,1000,0,0.0,0.0,0.0,0.0
0.12,0.0,0.0001,1e-05,0.5,1000.0,1000,0,0.0,0.0,0.0,0.0
0.12,0.0,0.0001,1e-05,1.0,10.0,1000,0,0.0,0.0,0.0,0.0
0.12,0.0,0.0001,1e-05,1.0,100.0,1000,0,0.0,0.0,0.0,0.0
0.12,0.0,0.0001,1e-05,1.0,1000.0,1000,0,0.0,0.0,0.0,0.0
0.12,0.0,0.0001,1e-05,1.5,10.0,1000,0,0.0,0.0,0.0,0.0
0.12,0.0,0.0001,1e-05,1.5,100.0,1000,0,0.0,0.0,0.0,0.0
0.12,0.0,0.0001,1e-05,1.5,1000.0,1000,0,0.0,0.0,0.0,0.0
0.12,0.0,0.0001,1e-05,2.0,10.0,1000,0,0.0,0.0,0.0,0.0
0.12,0.0,0.0001,1e-05,2.0,100.0,1000,0,0.0,0.0,0.0,0.0
0.12,0.0,0.0001,1e-05,2.0,1000.0,1000,0,0.0,0.0,0.0,0.0
0.12,0.0,0.0001,0.001,0.1,10.0,1000,0,0.0,0.0,0.0,0.0
0.12,0.0,0.0001,0.001,0.1,100.0,1000,0,0.0,0.0,0.0,0.0
0.12,0.0,0.0001,0.001,0.1,1000.0,1000,0,0.0,0.0,0.0,0.0
0.12,0.0,0.0001,0.001,0.5,10.0,1000,0,0.0,0.0,0.0,0.0
0.12,0.0,0.0001,0.001,0.5,100.0,1000,0,0.0,0.0,0.0,0.0
0.12,0.0,0.0001,0.001,0.5,1000.0,1000,0,0.0,0.0,0.0,0.0
0.12,0.0,0.0001,0.001,1.0,10.0,1000,0,0.0,0.0,0.0,0.0
0.12,0.0,0.0001,0.001,1.0,100.0,1000,0,0.0,0.0,0.0,0.0
0.12,0.0,0.0001,0.001,1.0,1000.0,1000,0,0.0,0.0,0.0,0.0
0.12,0.0,0.0001,0.001,1.5,10.0,1000,0,0.0,0.0,0.0,0.0
0.12,0.0,0.0001,0.001,1.5,100.0,1000,0,0.0,0.0,0.0,0.0
0.12,0.0,0.0001,0.001,1.5,1000.0,1000,0,0.0,0.0,0.0,0.0
0.12,0.0,0.0001,0.001,2.0,10.0,1000,0,0.0,0.0,0.0,0.0
0.12,0.0,0.0001,0.001,2.0,100.0,1000,0,0.0,0.0,0.0,0.0
0.12,0.0,0.0001,0.001,2.0,1000.0,1000,0,0.0,0.0,0.0,0.0
0.12,0.0,0.0001,0.1,0.1,10.0,1000,0,0.0,0.0,0.0,0.0
0.12,0.0,0.0001,0.1,0.1,100.0,1000,0,0.0,0.0,0.0,0.0
0.12,0.0,0.0001,0.1,0.1,1000.0,1000,0,0.0,0.0,0.0,0.0
0.12,0.0,0.0001,0.1,0.5,10.0,1000,0,0.0,0.0,0.0,0.0
0.12,0.0,0.0001,0.1,0.5,100.0,1000,0,0.0,0.0,0.0,0.0
0.12,0.0,0.0001,0.1,0.5,1000.0,1000,0,0.0,0.0,0.0,0.0
0.12,0.0,0.0001,0.1,1.0,10.0,1000,0,0.0,0.0,0.0,0.0
0.12,0.0,0.0001,0.1,1.0,100.0,1000,0,0.0,0.0,0.0,0.0
0.12,0.0,0.0001,0.1,1.0,1000.0,1000,0,0.0,0.0,0.0,0.0
0.12,0.0,0.0001,0.1,1.5,10.0,1000,0,0.0,0.0,0.0,0.0
0.12,0.0,0.0001,0.1,1.5,100.0,1000,0,0.0,0.0,0.0,0.0
0.12,0.0,0.0001,0.1,1.5,1000.0,1000,0,0.0,0.0,0.0,0.0
0.12,0.0,0.0001,0.1,2.0,10.0,1000,0,0.0,0.0,0.0,0.0
0.12,0.0,0.0001,0.1,2.0,100.0,1000,0,0.0,0.0,0.0,0.0
0.12,0.0,0.0001,0.1,2.0,1000.0,1000,0,0.0,0.0,0.0,0.0
0.12,0.0,0.0001,1.0,0.1,10.0,1000,0,0.0,0.0,0.0,0.0
0.12,0.0,0.0001,1.0,0.1,100.0,1000,0,0.0,0.0,0.0,0.0
0.12,0.0,0.0001,1.0,0.1,1000.0,1000,0,0.0,0.0,0.0,0.0
0.12,0.0,0.0001,1.0,0.5,10.0,1000,0,0.0,0.0,0.0,0.0
0.12,0.0,0.0001,1.0,0.5,100.0,1000,0,0.0,0.0,0.0,0.0
0.12,0.0,0.0001,1.0,0.5,1000.0,1000,0,0.0,0.0,0.0,0.0
0.12,0.0,0.0001,1.0,1.0,10.0,1000,0,0.0,0.0,0.0,0.0
0.12,0.0,0.0001,1.0,1.0,100.0,1000,0,0.0,0.0,0.0,0.0
0.12,0.0,0.0001,1.0,1.0,1000.0,1000,0,0.0,0.0,0.0,0.0
0.12,0.0,0.0001,1.0,1.5,10.0,1000,0,0.0,0.0,0.0,0.0
0.12,0.0,0.0001,1.0,1.5,100.0,1000,0,0.0,0.0,0.0,0.0
0.12,0.0,0.0001,1.0,1.5,1000.0,1000,0,0.0,0.0,0.0,0.0
0.12,0.0,0.0001,1.0,2.0,10.0,1000,0,0.0,0.0,0.0,0.0
0.12,0.0,0.0001,1.0,2.0,100.0,1000,0,0.0,0.0,0.0,0.0
0.12,0.0,0.0001,1.0,2.0,1000.0,1000,0,0.0,0.0,0.0,0.0
0.12,0.0,0.003,1e-05,0.1,10.0,1000,0,0.0,0.4592616331531482,0.0,0.22243847804048442
0.12,0.0,0.003,1e-05,0.1,100.0,1000,0,0.0,0.021116038942113512,0.0,0.0004124884739852625
0.12,0.0,0.003,1e-05,0.1,1000.0,1000,0,0.0,0.00033028056322855604,0.0,1.0959844226261242e-07
0.12,0.0,0.003,1e-05,0.5,10.0,1000,0,0.0,0.4503459894435765,0.0,0.2231837926029384
0.12,0.0,0.003,1e-05,0.5,100.0,1000,0,0.0,0.019549335249705868,0.0,0.0003554733948589241
0.12,0.0,0.003,1e-05,0.5,1000.0,1000,0,0.0,0.00030825715530143804,0.0,8.669917210517189e-08
0.12,0.0,0.003,1e-05,1.0,10.0,1000,0,0.0,0.46006233031732685,0.0,0.23030597421767
0.12,0.0,0.003,1e-05,1.0,100.0,1000,0,0.0,0.021317238615301798,0.0,0.0004399957614434808
0.12,0.0,0.003,1e-05,1.0,1000.0,1000,0,0.0,0.0003245697271020019,0.0,1.040082093092722e-07
0.12,0.0,0.003,1e-05,1.5,10.0,1000,0,0.0,0.47764341452238657,0.0,0.24020788521971598
0.12,0.0,0.003,1e-05,1.5,100.0,1000,0,0.0,0.022104179351434643,0.0,0.00045740913578459574
0.12,0.0,0.003,1e-05,1.5,1000.0,1000,0,0.0,0.00030867688568708446,0.0,8.627466789245225e-08
0.12,0.0,0.003,1e-05,2.0,10.0,1000,0,0.0,0.47544380678519593,0.0,0.2220344867002918
0.12,0.0,0.003,1e-05,2.0,100.0,1000,0,0.0,0.021404627859929783,0.0,0.00043423472714124834
0.12,0.0,0.003,1e-05,2.0,1000.0,1000,0,0.0,0.00030854227818501807,0.0,8.772588948474307e-08
0.12,0.0,0.003,0.001,0.1,10.0,1000,0,0.0,0.4736190013067906,0.0,0.20894230869957603
0.12,0.0,0.003,0.001,0.1,100.0,1000,0,0.0,0.021694834227792746,0.0,0.0004850873391988088
0.12,0.0,0.003,0.001,0.1,1000.0,1000,0,0.0,0.0003218513882852461,0.0,1.1136936642148966e-07
0.12,0.0,0.003,0.001,0.5,10.0,1000,0,0.0,0.4998744237953447,0.0,0.24390149528241536
0.12,0.0,0.003,0.001,0.5,100.0,1000,0,0.0,0.020702342898309592,0.0,0.0004249685944761609
0.12,0.0,0.003,0.001,0.5,1000.0,1000,0,0.0,0.0003136643791276462,0.0,1.0339384908501621e-07
0.12,0.0,0.003,0.001,1.0,10.0,1000,0,0.0,0.45276960715941245,0.0,0.19681556386242738
0.12,0.0,0.003,0.001,1.0,100.0,1000,0,0.0,0.02114109583758416,0.0,0.0005100629771574446
0.12,0.0,0.003,0.001,1.0,1000.0,1000,0,0.0,0.0003373672146816117,0.0,1.120262161289261e-07
0.12,0.0,0.003,0.001,1.5,10.0,1000,0,0.0,0.5026561674327858,0.0,0.261001138189133
0.12,0.0,0.003,0.001,1.5,100.0,1000,0,0.0,0.020828011803563824,0.0,0.0004185208530727763
0.12,0.0,0.003,0.001,1.5,1000.0,1000,0,0.0,0.0003391416945607184,0.0,1.2229320362934221e-07
0.12,0.0,0.003,0.001,2.0,10.0,1000,0,0.0,0.49588254840736495,0.0,0.2370199033816759
0.12,0.0,0.003,0.001,2.0,100.0,1000,0,0.0,0.020158138773480397,0.0,0.00041499978892516916
0.12,0.0,0.003,0.001,2.0,1000.0,1000,0,0.0,0.0002945697582590192,0.0,9.453570094297817e-08
0.12,0.0,0.003,0.1,0.1,10.0,1000,0,0.0,0.3163498221330326,0.0,0.09534545285995251
0.12,0.0,0.003,0.1,0.1,100.0,1000,0,0.0,0.018253766247585314,0.0,0.0003272694479252905
0.12,0.0,0.003,0.1,0.1,1000.0,1000,0,0.0,0.0003035205807155826,0.0,8.47353065477261e-08
0.12,0.0,0.003,0.1,0.5,10.0,1000,0,0.0,0.3553001485110544,0.0,0.12307019008860448
0.12,0.0,0.003,0.1,0.5,100.0,1000,0,0.0,0.016896065251250446,0.0,0.00029766535104995106
0.12,0.0,0.003,0.1,0.5,1000.0,1000,0,0.0,0.00031738262071706407,0.0,9.776644579012377e-08
0.12,0.0,0.003,0.1,1.0,10.0,1000,0,0.0,0.3137596578728923,0.0,0.0892642514364581
0.12,0.0,0.003,0.1,1.0,100.0,1000,0,0.0,0.01812263761613607,0.0,0.0003521683118388914
0.12,0.0,0.003,0.1,1.0,1000.0,1000,0,0.0,0.0003020074283530494,0.0,8.54696667467615e-08
0.12,0.0,0.003,0.1,1.5,10.0,1000,0,0.0,0.31852595107112064,0.0,0.10928277336253563
0.12,0.0,0.003,0.1,1.5,100.0,1000,0,0.0,0.017634247544093783,0.0,0.00029936412265806804
0.12,0.0,0.003,0.1,1.5,1000.0,1000,0,0.0,0.0003000682145920431,0.0,8.815765068614936e-08
0.12,0.0,0.003,0.1,2.0,10.0,1000,0,0.0,0.3149053195364065,0.0,0.1123203201030254
0.12,0.0,0.003,0.1,2.0,100.0,1000,0,0.0,0.017537251681907718,0.0,0.00030333734055775033
0.12,0.0,0.003,0.1,2.0,1000.0,1000,0,0.0,0.0003130543895202642,0.0,1.0432643217750013e-07
0.12,0.0,0.003,1.0,0.1,10.0,1000,0,0.0,0.08036751790906185,0.0,0.006827838418493192
0.12,0.0,0.003,1.0,0.1,100.0,1000,0,0.0,0.0068004294246010654,0.0,4.3952651526243765e-05
0.12,0.0,0.003,1.0,0.1,1000.0,1000,0,0.0,0.00023171975962823412,0.0,5.786447740393364e-08
0.12,0.0,0.003,1.0,0.5,10.0,1000,0,0.0,0.08254298494174375,0.0,0.006949258239721987
0.12,0.0,0.003,1.0,0.5,100.0,1000,0,0.0,0.006880771087511464,0.0,4.785175045268385e-05
0.12,0.0,0.003,1.0,0.5,1000.0,1000,0,0.0,0.0002465634947802074,0.0,6.476109300082408e-08
0.12,0.0,0.003,1.0,1.0,10.0,1000,0,0.0,0.08044800883413399,0.0,0.0060784134598126285
0.12,0.0,0.003,1.0,1.0,100.0,1000,0,0.0,0.006757348884486708,0.0,4.4629438455895874e-05
0.12,0.0,0.003,1.0,1.0,1000.0,1000,0,0.0,0.00024994948206848524,0.0,5.905136360625444e-08
0.12,0.0,0.003,1.0,1.5,10.0,1000,0,0.0,0.07856233582964982,0.0,0.00648523054900481
0.12,0.0,0.003,1.0,1.5,100.0,1000,0,0.0,0.006600898469222171,0.0,4.197861855784023e-05
0.12,0.0,0.003,1.0,1.5,1000.0,1000,0,0.0,0.00024358183294933351,0.0,5.219558683502106e-08
0.12,0.0,0.003,1.0,2.0,10.0,1000,0,0.0,0.08322884125921086,0.0,0.007021286072465732
0.12,0.0,0.003,1.0,2.0,100.0,1000,0,0.0,0.006701875634061229,0.0,4.7552083506398046e-05
0.12,0.0,0.003,1.0,2.0,1000.0,1000,0,0.0,0.00023668221764910194,0.0,5.5517670779368364e-08
0.12,0.0,0.001,1e-05,0.1,10.0,1000,0,0.0,0.0,0.0,0.0
0.12,0.0,0.001,1e-05,0.1,100.0,1000,0,0.0,0.0,0.0,0.0
0.12,0.0,0.001,1e-05,0.1,1000.0,1000,0,0.0,0.0,0.0,0.0
0.12,0.0,0.001,1e-05,0.5,10.0,1000,0,0.0,0.0,0.0,0.0
0.12,0.0,0.001,1e-05,0.5,100.0,1000,0,0.0,0.0,0.0,0.0
0.12,0.0,0.001,1e-05,0.5,1000.0,1000,0,0.0,0.0,0.0,0.0
0.12,0.0,0.001,1e-05,1.0,10.0,1000,0,0.0,0.0,0.0,0.0
0.12,0.0,0.001,1e-05,1.0,100.0,1000,0,0.0,0.0,0.0,0.0
0.12,0.0,0.001,1e-05,1.0,1000.0,1000,0,0.0,0.0,0.0,0.0
0.12,0.0,0.001,1e-05,1.5,10.0,1000,0,0.0,0.0,0.0,0.0
0.12,0.0,0.001,1e-05,1.5,100.0,1000,0,0.0,0.0,0.0,0.0
0.12,0.0,0.001,1e-05,1.5,1000.0,1000,0,0.0,0.0,0.0,0.0
0.12,0.0,0.001,1e-05,2.0,10.0,1000,0,0.0,0.0,0.0,0.0
0.12,0.0,0.001,1e-05,2.0,100.0,1000,0,0.0,0.0,0.0,0.0
0.12,0.0,0.001,1e-05,2.0,1000.0,1000,0,0.0,0.0,0.0,0.0
0.12,0.0,0.001,0.001,0.1,10.0,1000,0,0.0,7.92105877981741,0.0,88.66828722388657
0.12,0.0,0.001,0.001,0.1,100.0,1000,0,0.0,13.170817290371957,0.0,85.82234763810034
0.12,0.0,0.001,0.001,0.1,1000.0,1000,0,0.0,0.0,0.0,0.0
0.12,0.0,0.001,0.001,0.5,10.0,1000,0,0.0,4.461438992607204,0.0,28.79862921685402
0.12,0.0,0.001,0.001,0.5,100.0,1000,0,0.0,0.0,0.0,0.0
0.12,0.0,0.001,0.001,0.5,1000.0,1000,0,0.0,0.0,0.0,0.0
0.12,0.0,0.001,0.001,1.0,10.0,1000,0,0.0,0.0,0.0,0.0
0.12,0.0,0.001,0.001,1.0,100.0,1000,0,0.0,0.0,0.0,0.0
0.12,0.0,0.001,0.001,1.0,1000.0,1000,0,0.0,0.0,0.0,0.0
0.12,0.0,0.001,0.001,1.5,10.0,1000,0,0.0,0.0,0.0,0.0
0.12,0.0,0.001,0.001,1.5,100.0,1000,0,0.0,0.0,0.0,0.0
0.12,0.0,0.001,0.001,1.5,1000.0,1000,0,0.0,0.0,0.0,0.0
0.12,0.0,0.001,0.001,2.0,10.0,1000,0,0.0,2.382037172450867,0.0,0.0
0.12,0.0,0.001,0.001,2.0,100.0,1000,0,0.0,0.0,0.0,0.0
0.12,0.0,0.001,0.001,2.0,1000.0,1000,0,0.0,0.0,0.0,0.0
0.12,0.0,0.001,0.1,0.1,10.0,1000,0,0.0,3.4888307060352313,0.0,12.665539100613184
0.12,0.0,0.001,0.1,0.1,100.0,1000,0,0.0,3.1273438933565805,0.0,8.347887173188266
0.12,0.0,0.001,0.1,0.1,1000.0,1000,0,0.0,2.564546381889473,0.0,8.755543784010607
0.12,0.0,0.001,0.1,0.5,10.0,1000,0,0.0,4.1806643418482405,0.0,19.586223838376842
0.12,0.0,0.001,0.1,0.5,100.0,1000,0,0.0,4.780264936598192,0.0,18.754671522746023
0.12,0.0,0.001,0.1,0.5,1000.0,1000,0,0.0,4.979784547424021,0.0,13.451839271953704
0.12,0.0,0.001,0.1,1.0,10.0,1000,0,0.0,4.879917261611837,0.0,15.998808004801651
0.12,0.0,0.001,0.1,1.0,100.0,1000,0,0.0,13.025568930702462,0.0,54.47629328794238
0.12,0.0,0.001,0.1,1.0,1000.0,1000,0,0.0,6.363093131255541,0.0,0.0
0.12,0.0,0.001,0.1,1.5,10.0,1000,0,0.0,6.417948975601971,0.0,38.06995099879877
0.12,0.0,0.001,0.1,1.5,100.0,1000,0,0.0,6.838148841592016,0.0,0.0
0.12,0.0,0.001,0.1,1.5,1000.0,1000,0,0.0,0.0,0.0,0.0
0.12,0.0,0.001,0.1,2.0,10.0,1000,0,0.0,10.06806904947531,0.0,65.87864031878142
0.12,0.0,0.001,0.1,2.0,100.0,1000,0,0.0,0.0,0.0,0.0
0.12,0.0,0.001,0.1,2.0,1000.0,1000,0,0.0,0.0,0.0,0.0
0.12,0.0,0.001,1.0,0.1,10.0,1000,0,0.0,0.5713215545651354,0.0,0.3560242482117032
0.12,0.0,0.001,1.0,0.1,100.0,1000,0,0.0,0.5223456824364814,0.0,0.28669552396544945
0.12,0.0,0.001,1.0,0.1,1000.0,1000,0,0.0,0.4778882181609848,0.0,0.2350738673489295
0.12,0.0,0.001,1.0,0.5,10.0,1000,0,0.0,0.6703067201004795,0.0,0.5312987725406956
0.12,0.0,0.001,1.0,0.5,100.0,1000,0,0.0,0.7057248911668688,0.0,0.4342249709588537
0.12,0.0,0.001,1.0,0.5,1000.0,1000,0,0.0,0.7064306685823816,0.0,0.4788026075970107
0.12,0.0,0.001,1.0,1.0,10.0,1000,0,0.0,0.993948179647716,0.0,1.058191099031183
0.12,0.0,0.001,1.0,1.0,100.0,1000,0,0.0,0.7993775426549663,0.0,0.47594616835411296
0.12,0.0,0.001,1.0,1.0,1000.0,1000,0,0.0,0.0,0.0,0.0
0.12,0.0,0.001,1.0,1.5,10.0,1000,0,0.0,0.6538450540741461,0.0,0.35972273879394173
0.12,0.0,0.001,1.0,1.5,100.0,1000,0,0.0,0.0,0.0,0.0
0.12,0.0,0.001,1.0,1.5,1000.0,1000,0,0.0,0.0,0.0,0.0
0.12,0.0,0.001,1.0,2.0,10.0,1000,0,0.0,0.9546889659418691,0.0,0.33428819306244584
0.12,0.0,0.001,1.0,2.0,100.0,1000,0,0.0,0.0,0.0,0.0
0.12,0.0,0.001,1.0,2.0,1000.0,1000,0,0.0,0.0,0.0,0.0
0.12,1e-05,0.0003,1e-05,0.1,10.0,1000,0,0.0,0.0,0.0,0.0
0.12,1e-05,0.0003,1e-05,0.1,100.0,1000,0,0.0,0.0,0.0,0.0
0.12,1e-05,0.0003,1e-05,0.1,1000.0,1000,0,0.0,0.0,0.0,0.0
0.12,1e-05,0.0003,1e-05,0.5,10.0,1000,0,0.0,0.0,0.0,0.0
0.12,1e-05,0.0003,1e-05,0.5,100.0,1000,0,0.0,0.0,0.0,0.0
0.12,1e-05,0.0003,1e-05,0.5,1000.0,1000,0,0.0,0.0,0.0,0.0
0.12,1e-05,0.0003,1e-05,1.0,10.0,1000,0,0.0,0.0,0.0,0.0
0.12,1e-05,0.0003,1e-05,1.0,100.0,1000,0,0.0,0.0,0.0,0.0
0.12,1e-05,0.0003,1e-05,1.0,1000.0,1000,0,0.0,0.0,0.0,0.0
0.12,1e-05,0.0003,1e-05,1.5,10.0,1000,0,0.0,0.0,0.0,0.0
0.12,1e-05,0.0003,1e-05,1.5,100.0,1000,0,0.0,0.0,0.0,0.0
0.12,1e-05,0.0003,1e-05,1.5,1000.0,1000,0,0.0,0.0,0.0,0.0
0.12,1e-05,0.0003,1e-05,2.0,10.0,1000,0,0.0,0.0,0.0,0.0
0.12,1e-05,0.0003,1e-05,2.0,100.0,1000,0,0.0,0.0,0.0,0.0
0.12,1e-05,0.0003,1e-05,2.0,1000.0,1000,0,0.0,0.0,0.0,0.0
0.12,1e-05,0.0003,0.001,0.1,10.0,1000,0,0.0,0.0,0.0,0.0
0.12,1e-05,0.0003,0.001,0.1,100.0,1000,0,0.0,0.0,0.0,0.0
0.12,1e-05,0.0003,0.001,0.1,1000.0,1000,0,0.0,0.0,0.0,0.0
0.12,1e-05,0.0003,0.001,0.5,10.0,1000,0,0.0,0.0,0.0,0.0
0.12,1e-05,0.0003,0.001,0.5,100.0,1000,0,0.0,0.0,0.0,0.0
0.12,1e-05,0.0003,0.001,0.5,1000.0,1000,0,0.0,0.0,0.0,0.0
0.12,1e-05,0.0003,0.001,1.0,10.0,1000,0,0.0,0.0,0.0,0.0
0.12,1e-05,0.0003,0.001,1.0,100.0,1000,0,0.0,0.0,0.0,0.0
0.12,1e-05,0.0003,0.001,1.0,1000.0,1000,0,0.0,0.0,0.0,0.0
0.12,1e-05,0.0003,0.001,1.5,10.0,1000,0,0.0,0.0,0.0,0.0
0.12,1e-05,0.0003,0.001,1.5,100.0,1000,0,0.0,0.0,0.0,0.0
0.12,1e-05,0.0003,0.001,1.5,1000.0,1000,0,0.0,0.0,0.0,0.0
0.12,1e-05,0.0003,0.001,2.0,10.0,1000,0,0.0,0.0,0.0,0.0
0.12,1e-05,0.0003,0.001,2.0,100.0,1000,0,0.0,0.0,0.0,0.0
0.12,1e-05,0.0003,0.001,2.0,1000.0,1000,0,0.0,0.0,0.0,0.0
0.12,1e-05,0.0003,0.1,0.1,10.0,1000,0,0.0,0.0,0.0,0.0
0.12,1e-05,0.0003,0.1,0.1,100.0,1000,0,0.0,0.0,0.0,0.0
0.12,1e-05,0.0003,0.1,0.1,1000.0,1000,0,0.0,0.0,0.0,0.0
0.12,1e-05,0.0003,0.1,0.5,10.0,1000,0,0.0,14.035670979837414,0.0,0.0
0.12,1e-05,0.0003,0.1,0.5,100.0,1000,0,0.0,0.0,0.0,0.0
0.12,1e-05,0.0003,0.1,0.5,1000.0,1000,0,0.0,0.0,0.0,0.0
0.12,1e-05,0.0003,0.1,1.0,10.0,1000,0,0.0,0.0,0.0,0.0
0.12,1e-05,0.0003,0.1,1.0,100.0,1000,0,0.0,0.0,0.0,0.0
0.12,1e-05,0.0003,0.1,1.0,1000.0,1000,0,0.0,0.0,0.0,0.0
0.12,1e-05,0.0003,0.1,1.5,10.0,1000,0,0.0,0.0,0.0,0.0
0.12,1e-05,0.0003,0.1,1.5,100.0,1000,0,0.0,0.0,0.0,0.0
0.12,1e-05,0.0003,0.1,1.5,1000.0,1000,0,0.0,0.0,0.0,0.0
0.12,1e-05,0.0003,0.1,2.0,10.0,1000,0,0.0,0.0,0.0,0.0
0.12,1e-05,0.0003,0.1,2.0,100.0,1000,0,0.0,0.0,0.0,0.0
0.12,1e-05,0.0003,0.1,2.0,1000.0,1000,0,0.0,0.0,0.0,0.0
0.12,1e-05,0.0003,1.0,0.1,10.0,1000,0,0.0,3.728777427832078,0.0,7.694102639440721
0.12,1e-05,0.0003,1.0,0.1,100.0,1000,0,0.0,2.458653868130743,0.0,1.7282810237343273
0.12,1e-05,0.0003,1.0,0.1,1000.0,1000,0,0.0,6.005943186411206,0.0,33.50578180830838
0.12,1e-05,0.0003,1.0,0.5,10.0,1000,0,0.0,2.559804063198683,0.0,2.695133931193083
0.12,1e-05,0.0003,1.0,0.5,100.0,1000,0,0.0,0.0,0.0,0.0
0.12,1e-05,0.0003,1.0,0.5,1000.0,1000,0,0.0,0.0,0.0,0.0
0.12,1e-05,0.0003,1.0,1.0,10.0,1000,0,0.0,2.6506285103548954,0.0,0.7705273531304739
0.12,1e-05,0.0003,1.0,1.0,100.0,1000,0,0.0,0.0,0.0,0.0
0.12,1e-05,0.0003,1.0,1.0,1000.0,1000,0,0.0,0.0,0.0,0.0
0.12,1e-05,0.0003,1.0,1.5,10.0,1000,0,0.0,106.4001578429324,0.0,0.0
0.12,1e-05,0.0003,1.0,1.5,100.0,1000,0,0.0,0.0,0.0,0.0
0.12,1e-05,0.0003,1.0,1.5,1000.0,1000,0,0.0,0.0,0.0,0.0
0.12,1e-05,0.0003,1.0,2.0,10.0,1000,0,0.0,0.0,0.0,0.0
0.12,1e-05,0.0003,1.0,2.0,100.0,1000,0,0.0,0.0,0.0,0.0
0.12,1e-05,0.0003,1.0,2.0,1000.0,1000,0,0.0,0.0,0.0,0.0
0.12,1e-05,0.0001,1e-05,0.1,10.0,1000,0,0.0,0.0,0.0,0.0
0.12,1e-05,0.0001,1e-05,0.1,100.0,1000,0,0.0,0.0,0.0,0.0
0.12,1e-05,0.0001,1e-05,0.1,1000.0,1000,0,0.0,0.0,0.0,0.0
0.12,1e-05,0.0001,1e-05,0.5,10.0,1000,0,0.0,0.0,0.0,0.0
0.12,1e-05,0.0001,1e-05,0.5,100.0,1000,0,0.0,0.0,0.0,0.0
0.12,1e-05,0.0001,1e-05,0.5,1000.0,1000,0,0.0,0.0,0.0,0.0
0.12,1e-05,0.0001,1e-05,1.0,10.0,1000,0,0.0,0.0,0.0,0.0
0.12,1e-05,0.0001,1e-05,1.0,100.0,1000,0,0.0,0.0,0.0,0.0
0.12,1e-05,0.0001,1e-05,1.0,1000.0,1000,0,0.0,0.0,0.0,0.0
0.12,1e-05,0.0001,1e-05,1.5,10.0,1000,0,0.0,0.0,0.0,0.0
0.12,1e-05,0.0001,1e-05,1.5,100.0,1000,0,0.0,0.0,0.0,0.0
0.12,1e-05,0.0001,1e-05,1.5,1000.0,1000,0,0.0,0.0,0.0,0.0
0.12,1e-05,0.0001,1e-05,2.0,10.0,1000,0,0.0,0.0,0.0,0.0
0.12,1e-05,0.0001,1e-05,2.0,100.0,1000,0,0.0,0.0,0.0,0.0
0.12,1e-05,0.0001,1e-05,2.0,1000.0,1000,0,0.0,0.0,0.0,0.0
0.12,1e-05,0.0001,0.001,0.1,10.0,1000,0,0.0,0.0,0.0,0.0
0.12,1e-05,0.0001,0.001,0.1,100.0,1000,0,0.0,0.0,0.0,0.0
0.12,1e-05,0.0001,0.001,0.1,1000.0,1000,0,0.0,0.0,0.0,0.0
0.12,1e-05,0.0001,0.001,0.5,10.0,1000,0,0.0,0.0,0.0,0.0
0.12,1e-05,0.0001,0.001,0.5,100.0,1000,0,0.0,0.0,0.0,0.0
0.12,1e-05,0.0001,0.001,0.5,1000.0,1000,0,0.0,0.0,0.0,0.0
0.12,1e-05,0.0001,0.001,1.0,10.0,1000,0,0.0,0.0,0.0,0.0
0.12,1e-05,0.0001,0.001,1.0,100.0,1000,0,0.0,0.0,0.0,0.0
0.12,1e-05,0.0001,0.001,1.0,1000.0,1000,0,0.0,0.0,0.0,0.0
0.12,1e-05,0.0001,0.001,1.5,10.0,1000,0,0.0,0.0,0.0,0.0
0.12,1e-05,0.0001,0.001,1.5,100.0,1000,0,0.0,0.0,0.0,0.0
0.12,1e-05,0.0001,0.001,1.5,1000.0,1000,0,0.0,0.0,0.0,0.0
0.12,1e-05,0.0001,0.001,2.0,10.0,1000,0,0.0,0.0,0.0,0.0
0.12,1e-05,0.0001,0.001,2.0,100.0,1000,0,0.0,0.0,0.0,0.0
0.12,1e-05,0.0001,0.001,2.0,1000.0,1000,0,0.0,0.0,0.0,0.0
0.12,1e-05,0.0001,0.1,0.1,10.0,1000,0,0.0,0.0,0.0,0.0
0.12,1e-05,0.0001,0.1,0.1,100.0,1000,0,0.0,0.0,0.0,0.0
0.12,1e-05,0.0001,0.1,0.1,1000.0,1000,0,0.0,0.0,0.0,0.0
0.12,1e-05,0.0001,0.1,0.5,10.0,1000,0,0.0,0.0,0.0,0.0
0.12,1e-05,0.0001,0.1,0.5,100.0,1000,0,0.0,0.0,0.0,0.0
0.12,1e-05,0.0001,0.1,0.5,1000.0,1000,0,0.0,0.0,0.0,0.0
0.12,1e-05,0.0001,0.1,1.0,10.0,1000,0,0.0,0.0,0.0,0.0
0.12,1e-05,0.0001,0.1,1.0,100.0,1000,0,0.0,0.0,0.0,0.0
0.12,1e-05,0.0001,0.1,1.0,1000.0,1000,0,0.0,0.0,0.0,0.0
0.12,1e-05,0.0001,0.1,1.5,10.0,1000,0,0.0,0.0,0.0,0.0
0.12,1e-05,0.0001,0.1,1.5,100.0,1000,0,0.0,0.0,0.0,0.0
0.12,1e-05,0.0001,0.1,1.5,1000.0,1000,0,0.0,0.0,0.0,0.0
0.12,1e-05,0.0001,0.1,2.0,10.0,1000,0,0.0,0.0,0.0,0.0
0.12,1e-05,0.0001,0.1,2.0,100.0,1000,0,0.0,0.0,0.0,0.0
0.12,1e-05,0.0001,0.1,2.0,1000.0,1000,0,0.0,0.0,0.0,0.0
0.12,1e-05,0.0001,1.0,0.1,10.0,1000,0,0.0,0.0,0.0,0.0
0.12,1e-05,0.0001,1.0,0.1,100.0,1000,0,0.0,0.0,0.0,0.0
0.12,1e-05,0.0001,1.0,0.1,1000.0,1000,0,0.0,0.0,0.0,0.0
0.12,1e-05,0.0001,1.0,0.5,10.0,1000,0,0.0,21.064933170440693,0.0,42.81614548147699
0.12,1e-05,0.0001,1.0,0.5,100.0,1000,0,0.0,0.0,0.0,0.0
0.12,1e-05,0.0001,1.0,0.5,1000.0,1000,0,0.0,0.0,0.0,0.0
0.12,1e-05,0.0001,1.0,1.0,10.0,1000,0,0.0,0.0,0.0,0.0
0.12,1e-05,0.0001,1.0,1.0,100.0,1000,0,0.0,0.0,0.0,0.0
0.12,1e-05,0.0001,1.0,1.0,1000.0,1000,0,0.0,0.0,0.0,0.0
0.12,1e-05,0.0001,1.0,1.5,10.0,1000,0,0.0,0.0,0.0,0.0
0.12,1e-05,0.0001,1.0,1.5,100.0,1000,0,0.0,0.0,0.0,0.0
0.12,1e-05,0.0001,1.0,1.5,1000.0,1000,0,0.0,0.0,0.0,0.0
0.12,1e-05,0.0001,1.0,2.0,10.0,1000,0,0.0,0.0,0.0,0.0
0.12,1e-05,0.0001,1.0,2.0,100.0,1000,0,0.0,0.0,0.0,0.0
0.12,1e-05,0.0001,1.0,2.0,1000.0,1000,0,0.0,0.0,0.0,0.0
0.12,1e-05,0.003,1e-05,0.1,10.0,1000,0,0.0,0.5491207108530184,0.0,3.9440020882539213
0.12,1e-05,0.003,1e-05,0.1,100.0,1000,0,0.0,0.021786807845752078,0.0,0.0004419850151320393
0.12,1e-05,0.003,1e-05,0.1,1000.0,1000,0,0.0,0.0003184196313581296,0.0,1.034717414973491e-07
0.12,1e-05,0.003,1e-05,0.5,10.0,1000,0,0.0,0.4807695099539166,0.0,0.2155122857980689
0.12,1e-05,0.003,1e-05,0.5,100.0,1000,0,0.0,0.02117614153945214,0.0,0.0005248468473222801
0.12,1e-05,0.003,1e-05,0.5,1000.0,1000,0,0.0,0.00031672045001895997,0.0,9.761286464920898e-08
0.12,1e-05,0.003,1e-05,1.0,10.0,1000,0,0.0,0.472237499682302,0.0,0.23554580406608627
0.12,1e-05,0.003,1e-05,1.0,100.0,1000,0,0.0,0.019762589573024496,0.0,0.00040730383748240826
0.12,1e-05,0.003,1e-05,1.0,1000.0,1000,0,0.0,0.00031563095452699576,0.0,1.0533812308755132e-07
0.12,1e-05,0.003,1e-05,1.5,10.0,1000,0,0.0,0.47542658757439626,0.0,0.22955174371587983
0.12,1e-05,0.003,1e-05,1.5,100.0,1000,0,0.0,0.021122517379919707,0.0,0.00048110995918641174
0.12,1e-05,0.003,1e-05,1.5,1000.0,1000,0,0.0,0.004042477988760313,0.0,0.01386637562276858
0.12,1e-05,0.003,1e-05,2.0,10.0,1000,0,0.0,0.4585768983505011,0.0,0.18941174774462238
0.12,1e-05,0.003,1e-05,2.0,100.0,1000,0,0.0,0.01998029626286267,0.0,0.0003753507260136538
0.12,1e-05,0.003,1e-05,2.0,1000.0,1000,0,0.0,0.0003199615659551269,0.0,9.509007118803065e-08
0.12,1e-05,0.003,0.001,0.1,10.0,1000,0,0.0,0.46859074299551995,0.0,0.20270452408165873
0.12,1e-05,0.003,0.001,0.1,100.0,1000,0,0.0,0.020419237638994725,0.0,0.00042134678416936666
0.12,1e-05,0.003,0.001,0.1,1000.0,1000,0,0.0,0.00033079400789347323,0.0,1.1109029318277044e-07
0.12,1e-05,0.003,0.001,0.5,10.0,1000,0,0.0,0.4356794640242551,0.0,0.19365986779757324
0.12,1e-05,0.003,0.001,0.5,100.0,1000,0,0.0,0.021719372321193274,0.0,0.0004012290617697483
0.12,1e-05,0.003,0.001,0.5,1000.0,1000,0,0.0,0.00031200338070874696,0.0,1.0591191961250834e-07
0.12,1e-05,0.003,0.001,1.0,10.0,1000,0,0.0,0.47194768101170154,0.0,0.22174590343035758
0.12,1e-05,0.003,0.001,1.0,100.0,1000,0,0.0,0.021490609418306078,0.0,0.00043967416212455573
0.12,1e-05,0.003,0.001,1.0,1000.0,1000,0,0.0,0.0003115908118238831,0.0,9.349841521090262e-08
0.12,1e-05,0.003,0.001,1.5,10.0,1000,0,0.0,0.45627936508124806,0.0,0.22983363902354545
0.12,1e-05,0.003,0.001,1.5,100.0,1000,0,0.0,0.02270987649090739,0.0,0.00048401075223242413
0.12,1e-05,0.003,0.001,1.5,1000.0,1000,0,0.0,0.00031856443719565985,0.0,1.103880262322767e-07
0.12,1e-05,0.003,0.001,2.0,10.0,1000,0,0.0,0.4696758304852376,0.0,0.2215089814791311
0.12,1e-05,0.003,0.001,2.0,100.0,1000,0,0.0,0.01919261522215018,0.0,0.0003804255697131687
0.12,1e-05,0.003,0.001,2.0,1000.0,1000,0,0.0,0.00030701375394995414,0.0,8.83228251624387e-08
0.12,1e-05,0.003,0.1,0.1,10.0,1000,0,0.0,0.3164562868648827,0.0,0.10209865525852528
0.12,1e-05,0.003,0.1,0.1,100.0,1000,0,0.0,0.01698871604069448,0.0,0.00028824277681223083
0.12,1e-05,0.003,0.1,0.1,1000.0,1000,0,0.0,0.000301796075065458,0.0,9.333402775748124e-08
0.12,1e-05,0.003,0.1,0.5,10.0,1000,0,0.0,0.34300304179476104,0.0,0.1273015821563611
0.12,1e-05,0.003,0.1,0.5,100.0,1000,0,0.0,0.017597313718276025,0.0,0.0003111187947864703
0.12,1e-05,0.003,0.1,0.5,1000.0,1000,0,0.0,0.0003164894656684878,0.0,1.0529923711013076e-07
0.12,1e-05,0.003,0.1,1.0,10.0,1000,0,0.0,0.31618347354064136,0.0,0.09591643571806673
0.12,1e-05,0.003,0.1,1.0,100.0,1000,0,0.0,0.017000233617279946,0.0,0.00028343417599143524
0.12,1e-05,0.003,0.1,1.0,1000.0,1000,0,0.0,0.0002844623350909857,0.0,7.197989910323319e-08
0.12,1e-05,0.003,0.1,1.5,10.0,1000,0,0.0,0.35170196763869976,0.0,0.2583423296436728
0.12,1e-05,0.003,0.1,1.5,100.0,1000,0,0.0,0.016994662414486068,0.0,0.000261702443333599
0.12,1e-05,0.003,0.1,1.5,1000.0,1000,0,0.0,0.000306414820249486,0.0,9.045203301399674e-08
0.12,1e-05,0.003,0.1,2.0,10.0,1000,0,0.0,0.32106335399940383,0.0,0.10546954581327408
0.12,1e-05,0.003,0.1,2.0,100.0,1000,0,0.0,0.016983180787238927,0.0,0.0002916076020502578
0.12,1e-05,0.003,0.1,2.0,1000.0,1000,0,0.0,0.0003096132237140451,0.0,9.158087982767569e-08
0.12,1e-05,0.003,1.0,0.1,10.0,1000,0,0.0,0.08053602901815479,0.0,0.006835367919336542
0.12,1e-05,0.003,1.0,0.1,100.0,1000,0,0.0,0.006793801889904706,0.0,4.35746173932827e-05
0.12,1e-05,0.003,1.0,0.1,1000.0,1000,0,0.0,0.000230702700136793,0.0,5.6009330760715626e-08
0.12,1e-05,0.003,1.0,0.5,10.0,1000,0,0.0,0.07740463743152491,0.0,0.006450967693424226
0.12,1e-05,0.003,1.0,0.5,100.0,1000,0,0.0,0.00686053106835068,0.0,5.265744671291822e-05
0.12,1e-05,0.003,1.0,0.5,1000.0,1000,0,0.0,0.00024105807189792205,0.0,5.704912811708843e-08
0.12,1e-05,0.003,1.0,1.0,10.0,1000,0,0.0,0.07565046852830197,0.0,0.005276143830140595
0.12,1e-05,0.003,1.0,1.0,100.0,1000,0,0.0,0.006777676036209976,0.0,4.7618940766556735e-05
0.12,1e-05,0.003,1.0,1.0,1000.0,1000,0,0.0,0.00023812739696214342,0.0,5.4200989594924585e-08
0.12,1e-05,0.003,1.0,1.5,10.0,1000,0,0.0,0.08242848042997085,0.0,0.006797920231789944
0.12,1e-05,0.003,1.0,1.5,100.0,1000,0,0.0,0.0069126525766807605,0.0,4.738202956250311e-05
0.12,1e-05,0.003,1.0,1.5,1000.0,1000,0,0.0,0.00023398929111968596,0.0,5.742515695516656e-08
0.12,1e-05,0.003,1.0,2.0,10.0,1000,0,0.0,0.08511605647612085,0.0,0.0071674774215793316
0.12,1e-05,0.003,1.0,2.0,100.0,1000,0,0.0,0.006792283319187427,0.0,4.742967166822729e-05
0.12,1e-05,0.003,1.0,2.0,1000.0,1000,0,0.0,0.00024318200452933637,0.0,5.700697572138241e-08
0.12,1e-05,0.001,1e-05,0.1,10.0,1000,0,0.0,0.0,0.0,0.0
0.12,1e-05,0.001,1e-05,0.1,100.0,1000,0,0.0,1.5621267136769972,0.0,1.5241052177177328
0.12,1e-05,0.001,1e-05,0.1,1000.0,1000,0,0.0,1.271750326997808,0.0,1.9429294744748742
0.12,1e-05,0.001,1e-05,0.5,10.0,1000,0,0.0,4.316313967266822,0.0,0.0
0.12,1e-05,0.001,1e-05,0.5,100.0,1000,0,0.0,3.5877476406736046,0.0,8.412267364424007
0.12,1e-05,0.001,1e-05,0.5,1000.0,1000,0,0.0,1.3777358445540975,0.0,1.324539466705235
0.12,1e-05,0.001,1e-05,1.0,10.0,1000,0,0.0,1.5731865357902395,0.0,0.0
0.12,1e-05,0.001,1e-05,1.0,100.0,1000,0,0.0,4.22003234482296,0.0,3.694995326831141
0.12,1e-05,0.001,1e-05,1.0,1000.0,1000,0,0.0,1.587853891049779,0.0,3.4283321764338734
0.12,1e-05,0.001,1e-05,1.5,10.0,1000,0,0.0,9.03469544242104,0.0,32.881761420216854
0.12,1e-05,0.001,1e-05,1.5,100.0,1000,0,0.0,2.3025733197883547,0.0,0.5497899931342515
0.12,1e-05,0.001,1e-05,1.5,1000.0,1000,0,0.0,1.5368836346214607,0.0,4.230521333043453
0.12,1e-05,0.001,1e-05,2.0,10.0,1000,0,0.0,0.0,0.0,0.0
0.12,1e-05,0.001,1e-05,2.0,100.0,1000,0,0.0,1.258499507712964,0.0,0.0
0.12,1e-05,0.001,1e-05,2.0,1000.0,1000,0,0.0,1.0567811812087664,0.0,1.8198777221422031
0.12,1e-05,0.001,0.001,0.1,10.0,1000,0,0.0,10.714678241184009,0.0,170.22711423165921
0.12,1e-05,0.001,0.001,0.1,100.0,1000,0,0.0,6.722562486661609,0.0,57.53127533832502
0.12,1e-05,0.001,0.001,0.1,1000.0,1000,0,0.0,2.323055247144603,0.0,25.044300459199235
0.12,1e-05,0.001,0.001,0.5,10.0,1000,0,0.0,6.635919779119604,0.0,16.6834043446402
0.12,1e-05,0.001,0.001,0.5,100.0,1000,0,0.0,8.50792424865089,0.0,149.02736275979677
0.12,1e-05,0.001,0.001,0.5,1000.0,1000,0,0.0,0.7710876043221804,0.0,0.7280693480493597
0.12,1e-05,0.001,0.001,1.0,10.0,1000,0,0.0,15.150787262778508,0.0,164.09086087328865
0.12,1e-05,0.001,0.001,1.0,100.0,1000,0,0.0,2.0785892545700015,0.0,2.0101972836072166
0.12,1e-05,0.001,0.001,1.0,1000.0,1000,0,0.0,2.455529638209015,0.0,33.038990194465335
0.12,1e-05,0.001,0.001,1.5,10.0,1000,0,0.0,0.0,0.0,0.0
0.12,1e-05,0.001,0.001,1.5,100.0,1000,0,0.0,6.60060549672002,0.0,22.60963283335736
0.12,1e-05,0.001,0.001,1.5,1000.0,1000,0,0.0,1.3339808364938355,0.0,0.8091888464142198
0.12,1e-05,0.001,0.001,2.0,10.0,1000,0,0.0,0.0,0.0,0.0
0.12,1e-05,0.001,0.001,2.0,100.0,1000,0,0.0,3.438070777289602,0.0,4.468294111933637
0.12,1e-05,0.001,0.001,2.0,1000.0,1000,0,0.0,12.484603868969252,0.0,790.3864418844257
0.12,1e-05,0.001,0.1,0.1,10.0,1000,0,0.0,3.342637682364197,0.0,11.339667977291894
0.12,1e-05,0.001,0.1,0.1,100.0,1000,0,0.0,3.5200699990466457,0.0,33.626703704874224
0.12,1e-05,0.001,0.1,0.1,1000.0,1000,0,0.0,8.211596753427907,0.0,535.9731161176131
0.12,1e-05,0.001,0.1,0.5,10.0,1000,0,0.0,5.434568633937342,0.0,27.861800726799952
0.12,1e-05,0.001,0.1,0.5,100.0,1000,0,0.0,4.577628942602559,0.0,20.00318691063032
0.12,1e-05,0.001,0.1,0.5,1000.0,1000,0,0.0,2.6131447554860716,0.0,27.304251803266073
0.12,1e-05,0.001,0.1,1.0,10.0,1000,0,0.0,5.397201578248153,0.0,38.82811325522533
0.12,1e-05,0.001,0.1,1.0,100.0,1000,0,0.0,19.958286962863724,0.0,631.0451259693599
0.12,1e-05,0.001,0.1,1.0,1000.0,1000,0,0.0,1.1834101645334854,0.0,0.3616350894242357
0.12,1e-05,0.001,0.1,1.5,10.0,1000,0,0.0,6.471923142157022,0.0,37.07942692959086
0.12,1e-05,0.001,0.1,1.5,100.0,1000,0,0.0,10.143350030001548,0.0,168.28779818886846
0.12,1e-05,0.001,0.1,1.5,1000.0,1000,0,0.0,1.0147324627323853,0.0,0.5492111732633052
0.12,1e-05,0.001,0.1,2.0,10.0,1000,0,0.0,6.912673168440541,0.0,51.43205426325503
0.12,1e-05,0.001,0.1,2.0,100.0,1000,0,0.0,2.056986398492183,0.0,0.31012775558501915
0.12,1e-05,0.001,0.1,2.0,1000.0,1000,0,0.0,3.078066962531095,0.0,16.626640727249246
0.12,1e-05,0.001,1.0,0.1,10.0,1000,0,0.0,0.6625962969038395,0.0,1.1054241173206183
0.12,1e-05,0.001,1.0,0.1,100.0,1000,0,0.0,0.7896886622776044,0.0,21.445526040139075
0.12,1e-05,0.001,1.0,0.1,1000.0,1000,0,0.0,0.9088708195926569,0.0,10.107537016514629
0.12,1e-05,0.001,1.0,0.5,10.0,1000,0,0.0,0.6941505858406324,0.0,0.5176575906766366
0.12,1e-05,0.001,1.0,0.5,100.0,1000,0,0.0,0.8563760907210978,0.0,0.7513277265479746
0.12,1e-05,0.001,1.0,0.5,1000.0,1000,0,0.0,7.979218410884913,0.0,461.4118063066956
0.12,1e-05,0.001,1.0,1.0,10.0,1000,0,0.0,0.8223795704125205,0.0,1.0829213415780607
0.12,1e-05,0.001,1.0,1.0,100.0,1000,0,0.0,0.5438847209474321,0.0,0.3295491282964554
0.12,1e-05,0.001,1.0,1.0,1000.0,1000,0,0.0,3.8430365102227526,0.0,51.41143080119823
0.12,1e-05,0.001,1.0,1.5,10.0,1000,0,0.0,0.961931161783907,0.0,1.0168990608851842
0.12,1e-05,0.001,1.0,1.5,100.0,1000,0,0.0,21.162849648295392,0.0,726.2997314552828
0.12,1e-05,0.001,1.0,1.5,1000.0,1000,0,0.0,48.19974079960048,0.0,2774.9611827705166
0.12,1e-05,0.001,1.0,2.0,10.0,1000,0,0.0,5.294595043103472,0.0,246.27117864271727
0.12,1e-05,0.001,1.0,2.0,100.0,1000,0,0.0,100.43125305163524,0.0,6796.418191417109
0.12,1e-05,0.001,1.0,2.0,1000.0,1000,0,0.0,32.1891585759357,0.0,5039.973816716255
0.12,0.0001,0.0003,1e-05,0.1,10.0,1000,0,0.0,0.0,0.0,0.0
0.12,0.0001,0.0003,1e-05,0.1,100.0,1000,0,0.0,0.0,0.0,0.0
0.12,0.0001,0.0003,1e-05,0.1,1000.0,1000,0,0.0,0.0,0.0,0.0
0.12,0.0001,0.0003,1e-05,0.5,10.0,1000,0,0.0,0.0,0.0,0.0
0.12,0.0001,0.0003,1e-05,0.5,100.0,1000,0,0.0,0.0,0.0,0.0
0.12,0.0001,0.0003,1e-05,0.5,1000.0,1000,0,0.0,0.0,0.0,0.0
0.12,0.0001,0.0003,1e-05,1.0,10.0,1000,0,0.0,0.0,0.0,0.0
0.12,0.0001,0.0003,1e-05,1.0,100.0,1000,0,0.0,0.0,0.0,0.0
0.12,0.0001,0.0003,1e-05,1.0,1000.0,1000,0,0.0,0.0,0.0,0.0
0.12,0.0001,0.0003,1e-05,1.5,10.0,1000,0,0.0,0.0,0.0,0.0
0.12,0.0001,0.0003,1e-05,1.5,100.0,1000,0,0.0,0.0,0.0,0.0
0.12,0.0001,0.0003,1e-05,1.5,1000.0,1000,0,0.0,0.0,0.0,0.0
0.12,0.0001,0.0003,1e-05,2.0,10.0,1000,0,0.0,0.0,0.0,0.0
0.12,0.0001,0.0003,1e-05,2.0,100.0,1000,0,0.0,0.0,0.0,0.0
0.12,0.0001,0.0003,1e-05,2.0,1000.0,1000,0,0.0,0.0,0.0,0.0
0.12,0.0001,0.0003,0.001,0.1,10.0,1000,0,0.0,0.0,0.0,0.0
0.12,0.0001,0.0003,0.001,0.1,100.0,1000,0,0.0,0.0,0.0,0.0
0.12,0.0001,0.0003,0.001,0.1,1000.0,1000,0,0.0,0.0,0.0,0.0
0.12,0.0001,0.0003,0.001,0.5,10.0,1000,0,0.0,0.0,0.0,0.0
0.12,0.0001,0.0003,0.001,0.5,100.0,1000,0,0.0,0.0,0.0,0.0
0.12,0.0001,0.0003,0.001,0.5,1000.0,1000,0,0.0,0.0,0.0,0.0
0.12,0.0001,0.0003,0.001,1.0,10.0,1000,0,0.0,0.0,0.0,0.0
0.12,0.0001,0.0003,0.001,1.0,100.0,1000,0,0.0,0.0,0.0,0.0
0.12,0.0001,0.0003,0.001,1.0,1000.0,1000,0,0.0,0.0,0.0,0.0
0.12,0.0001,0.0003,0.001,1.5,10.0,1000,0,0.0,0.0,0.0,0.0
0.12,0.0001,0.0003,0.001,1.5,100.0,1000,0,0.0,0.0,0.0,0.0
0.12,0.0001,0.0003,0.001,1.5,1000.0,1000,0,0.0,0.0,0.0,0.0
0.12,0.0001,0.0003,0.001,2.0,10.0,1000,0,0.0,0.0,0.0,0.0
0.12,0.0001,0.0003,0.001,2.0,100.0,1000,0,0.0,0.0,0.0,0.0
0.12,0.0001,0.0003,0.001,2.0,1000.0,1000,0,0.0,0.0,0.0,0.0
0.12,0.0001,0.0003,0.1,0.1,10.0,1000,0,0.0,21.25650670460042,0.0,0.0
0.12,0.0001,0.0003,0.1,0.1,100.0,1000,0,0.0,32.608546185152896,0.0,408.68220647757323
0.12,0.0001,0.0003,0.1,0.1,1000.0,1000,0,0.0,36.95782197968801,0.0,0.0
0.12,0.0001,0.0003,0.1,0.5,10.0,1000,0,0.0,0.0,0.0,0.0
0.12,0.0001,0.0003,0.1,0.5,100.0,1000,0,0.0,0.0,0.0,0.0
0.12,0.0001,0.0003,0.1,0.5,1000.0,1000,0,0.0,0.0,0.0,0.0
0.12,0.0001,0.0003,0.1,1.0,10.0,1000,0,0.0,0.0,0.0,0.0
0.12,0.0001,0.0003,0.1,1.0,100.0,1000,0,0.0,0.0,0.0,0.0
0.12,0.0001,0.0003,0.1,1.0,1000.0,1000,0,0.0,0.0,0.0,0.0
0.12,0.0001,0.0003,0.1,1.5,10.0,1000,0,0.0,0.0,0.0,0.0
0.12,0.0001,0.0003,0.1,1.5,100.0,1000,0,0.0,0.0,0.0,0.0
0.12,0.0001,0.0003,0.1,1.5,1000.0,1000,0,0.0,0.0,0.0,0.0
0.12,0.0001,0.0003,0.1,2.0,10.0,1000,0,0.0,0.0,0.0,0.0
0.12,0.0001,0.0003,0.1,2.0,100.0,1000,0,0.0,0.0,0.0,0.0
0.12,0.0001,0.0003,0.1,2.0,1000.0,1000,0,0.0,0.0,0.0,0.0
0.12,0.0001,0.0003,1.0,0.1,10.0,1000,0,0.0,6.028242261119896,0.0,238.07047083545285
0.12,0.0001,0.0003,1.0,0.1,100.0,1000,0,0.0,14.560083120719154,0.0,774.9985999149199
0.12,0.0001,0.0003,1.0,0.1,1000.0,1000,0,0.0,25.071263984292724,0.0,637.2654663979846
0.12,0.0001,0.0003,1.0,0.5,10.0,1000,0,0.0,5.037111778985605,0.0,14.081947818975424
0.12,0.0001,0.0003,1.0,0.5,100.0,1000,0,0.0,0.0,0.0,0.0
0.12,0.0001,0.0003,1.0,0.5,1000.0,1000,0,0.0,81.35901853540373,0.0,5.10242395028427
0.12,0.0001,0.0003,1.0,1.0,10.0,1000,0,0.0,4.316903529697349,0.0,5.871856918984283
0.12,0.0001,0.0003,1.0,1.0,100.0,1000,0,0.0,0.0,0.0,0.0
0.12,0.0001,0.0003,1.0,1.0,1000.0,1000,0,0.0,0.0,0.0,0.0
0.12,0.0001,0.0003,1.0,1.5,10.0,1000,0,0.0,48.18986516751144,0.0,0.0
0.12,0.0001,0.0003,1.0,1.5,100.0,1000,0,0.0,0.0,0.0,0.0
0.12,0.0001,0.0003,1.0,1.5,1000.0,1000,0,0.0,0.0,0.0,0.0
0.12,0.0001,0.0003,1.0,2.0,10.0,1000,0,0.0,0.0,0.0,0.0
0.12,0.0001,0.0003,1.0,2.0,100.0,1000,0,0.0,0.0,0.0,0.0
0.12,0.0001,0.0003,1.0,2.0,1000.0,1000,0,0.0,137.5085562531058,0.0,0.0
0.12,0.0001,0.0001,1e-05,0.1,10.0,1000,0,0.0,0.0,0.0,0.0
0.12,0.0001,0.0001,1e-05,0.1,100.0,1000,0,0.0,0.0,0.0,0.0
0.12,0.0001,0.0001,1e-05,0.1,1000.0,1000,0,0.0,0.0,0.0,0.0
0.12,0.0001,0.0001,1e-05,0.5,10.0,1000,0,0.0,0.0,0.0,0.0
0.12,0.0001,0.0001,1e-05,0.5,100.0,1000,0,0.0,0.0,0.0,0.0
0.12,0.0001,0.0001,1e-05,0.5,1000.0,1000,0,0.0,0.0,0.0,0.0
0.12,0.0001,0.0001,1e-05,1.0,10.0,1000,0,0.0,0.0,0.0,0.0
0.12,0.0001,0.0001,1e-05,1.0,100.0,1000,0,0.0,0.0,0.0,0.0
0.12,0.0001,0.0001,1e-05,1.0,1000.0,1000,0,0.0,0.0,0.0,0.0
0.12,0.0001,0.0001,1e-05,1.5,10.0,1000,0,0.0,0.0,0.0,0.0
0.12,0.0001,0.0001,1e-05,1.5,100.0,1000,0,0.0,0.0,0.0,0.0
0.12,0.0001,0.0001,1e-05,1.5,1000.0,1000,0,0.0,0.0,0.0,0.0
0.12,0.0001,0.0001,1e-05,2.0,10.0,1000,0,0.0,0.0,0.0,0.0
0.12,0.0001,0.0001,1e-05,2.0,100.0,1000,0,0.0,0.0,0.0,0.0
0.12,0.0001,0.0001,1e-05,2.0,1000.0,1000,0,0.0,0.0,0.0,0.0
0.12,0.0001,0.0001,0.001,0.1,10.0,1000,0,0.0,0.0,0.0,0.0
0.12,0.0001,0.0001,0.001,0.1,100.0,1000,0,0.0,0.0,0.0,0.0
0.12,0.0001,0.0001,0.001,0.1,1000.0,1000,0,0.0,0.0,0.0,0.0
0.12,0.0001,0.0001,0.001,0.5,10.0,1000,0,0.0,0.0,0.0,0.0
0.12,0.0001,0.0001,0.001,0.5,100.0,1000,0,0.0,0.0,0.0,0.0
0.12,0.0001,0.0001,0.001,0.5,1000.0,1000,0,0.0,0.0,0.0,0.0
0.12,0.0001,0.0001,0.001,1.0,10.0,1000,0,0.0,0.0,0.0,0.0
0.12,0.0001,0.0001,0.001,1.0,100.0,1000,0,0.0,0.0,0.0,0.0
0.12,0.0001,0.0001,0.001,1.0,1000.0,1000,0,0.0,0.0,0.0,0.0
0.12,0.0001,0.0001,0.001,1.5,10.0,1000,0,0.0,0.0,0.0,0.0
0.12,0.0001,0.0001,0.001,1.5,100.0,1000,0,0.0,0.0,0.0,0.0
0.12,0.0001,0.0001,0.001,1.5,1000.0,1000,0,0.0,0.0,0.0,0.0
0.12,0.0001,0.0001,0.001,2.0,10.0,1000,0,0.0,0.0,0.0,0.0
0.12,0.0001,0.0001,0.001,2.0,100.0,1000,0,0.0,0.0,0.0,0.0
0.12,0.0001,0.0001,0.001,2.0,1000.0,1000,0,0.0,0.0,0.0,0.0
0.12,0.0001,0.0001,0.1,0.1,10.0,1000,0,0.0,0.0,0.0,0.0
0.12,0.0001,0.0001,0.1,0.1,100.0,1000,0,0.0,0.0,0.0,0.0
0.12,0.0001,0.0001,0.1,0.1,1000.0,1000,0,0.0,0.0,0.0,0.0
0.12,0.0001,0.0001,0.1,0.5,10.0,1000,0,0.0,0.0,0.0,0.0
0.12,0.0001,0.0001,0.1,0.5,100.0,1000,0,0.0,0.0,0.0,0.0
0.12,0.0001,0.0001,0.1,0.5,1000.0,1000,0,0.0,0.0,0.0,0.0
0.12,0.0001,0.0001,0.1,1.0,10.0,1000,0,0.0,0.0,0.0,0.0
0.12,0.0001,0.0001,0.1,1.0,100.0,1000,0,0.0,0.0,0.0,0.0
0.12,0.0001,0.0001,0.1,1.0,1000.0,1000,0,0.0,0.0,0.0,0.0
0.12,0.0001,0.0001,0.1,1.5,10.0,1000,0,0.0,0.0,0.0,0.0
0.12,0.0001,0.0001,0.1,1.5,100.0,1000,0,0.0,0.0,0.0,0.0
0.12,0.0001,0.0001,0.1,1.5,1000.0,1000,0,0.0,0.0,0.0,0.0
0.12,0.0001,0.0001,0.1,2.0,10.0,1000,0,0.0,0.0,0.0,0.0
0.12,0.0001,0.0001,0.1,2.0,100.0,1000,0,0.0,0.0,0.0,0.0
0.12,0.0001,0.0001,0.1,2.0,1000.0,1000,0,0.0,0.0,0.0,0.0
0.12,0.0001,0.0001,1.0,0.1,10.0,1000,0,0.0,0.0,0.0,0.0
0.12,0.0001,0.0001,1.0,0.1,100.0,1000,0,0.0,0.0,0.0,0.0
0.12,0.0001,0.0001,1.0,0.1,1000.0,1000,0,0.0,0.0,0.0,0.0
0.12,0.0001,0.0001,1.0,0.5,10.0,1000,0,0.0,0.0,0.0,0.0
0.12,0.0001,0.0001,1.0,0.5,100.0,1000,0,0.0,0.0,0.0,0.0
0.12,0.0001,0.0001,1.0,0.5,1000.0,1000,0,0.0,0.0,0.0,0.0
0.12,0.0001,0.0001,1.0,1.0,10.0,1000,0,0.0,0.0,0.0,0.0
0.12,0.0001,0.0001,1.0,1.0,100.0,1000,0,0.0,0.0,0.0,0.0
0.12,0.0001,0.0001,1.0,1.0,1000.0,1000,0,0.0,232.18601576074155,0.0,0.0
0.12,0.0001,0.0001,1.0,1.5,10.0,1000,0,0.0,0.0,0.0,0.0
0.12,0.0001,0.0001,1.0,1.5,100.0,1000,0,0.0,0.0,0.0,0.0
0.12,0.0001,0.0001,1.0,1.5,1000.0,1000,0,0.0,0.0,0.0,0.0
0.12,0.0001,0.0001,1.0,2.0,10.0,1000,0,0.0,0.0,0.0,0.0
0.12,0.0001,0.0001,1.0,2.0,100.0,1000,0,0.0,0.0,0.0,0.0
0.12,0.0001,0.0001,1.0,2.0,1000.0,1000,0,0.0,0.0,0.0,0.0
0.12,0.0001,0.003,1e-05,0.1,10.0,1000,0,0.0,0.5005322325986469,0.0,1.2089373558028875
0.12,0.0001,0.003,1e-05,0.1,100.0,1000,0,0.0,0.02143824334810814,0.0,0.00045112221846302494
0.12,0.0001,0.003,1e-05,0.1,1000.0,1000,0,0.0,0.0003135819329069363,0.0,9.437162922710678e-08
0.12,0.0001,0.003,1e-05,0.5,10.0,1000,0,0.0,0.5382899074462147,0.0,1.7036025466544842
0.12,0.0001,0.003,1e-05,0.5,100.0,1000,0,0.0,0.051813773274866574,0.0,0.9145293590349078
0.12,0.0001,0.003,1e-05,0.5,1000.0,1000,0,0.0,0.00030919926678065076,0.0,8.905520698167068e-08
0.12,0.0001,0.003,1e-05,1.0,10.0,1000,0,0.0,0.4685208746106541,0.0,0.24611870622875306
0.12,0.0001,0.003,1e-05,1.0,100.0,1000,0,0.0,0.020908959265546232,0.0,0.00047110871956665336
0.12,0.0001,0.003,1e-05,1.0,1000.0,1000,0,0.0,0.0010350961590894618,0.0,0.0005202057442494515
0.12,0.0001,0.003,1e-05,1.5,10.0,1000,0,0.0,0.48890537180963134,0.0,0.22041178708219752
0.12,0.0001,0.003,1e-05,1.5,100.0,1000,0,0.0,0.021262936909425635,0.0,0.0004898924728435767
0.12,0.0001,0.003,1e-05,1.5,1000.0,1000,0,0.0,0.003245087175028749,0.0,0.008509229890385108
0.12,0.0001,0.003,1e-05,2.0,10.0,1000,0,0.0,0.53008673510817,0.0,1.4703867127244654
0.12,0.0001,0.003,1e-05,2.0,100.0,1000,0,0.0,0.03331390231631167,0.0,0.15532209448546652
0.12,0.0001,0.003,1e-05,2.0,1000.0,1000,0,0.0,0.0003351047152103182,0.0,1.0174084669317726e-07
0.12,0.0001,0.003,0.001,0.1,10.0,1000,0,0.0,0.4868498404203943,0.0,0.37113736751872983
0.12,0.0001,0.003,0.001,0.1,100.0,1000,0,0.0,0.021129697140712316,0.0,0.00047453791308856626
0.12,0.0001,0.003,0.001,0.1,1000.0,1000,0,0.0,0.0003091222737922001,0.0,1.0638127225729207e-07
0.12,0.0001,0.003,0.001,0.5,10.0,1000,0,0.0,0.49956793256006693,0.0,1.4616529296176708
0.12,0.0001,0.003,0.001,0.5,100.0,1000,0,0.0,0.02137081143896785,0.0,0.00045107951587261487
0.12,0.0001,0.003,0.001,0.5,1000.0,1000,0,0.0,0.000326448137917988,0.0,1.037753305441452e-07
0.12,0.0001,0.003,0.001,1.0,10.0,1000,0,0.0,0.5664598114025353,0.0,10.162763658490341
0.12,0.0001,0.003,0.001,1.0,100.0,1000,0,0.0,0.020863878672650382,0.0,0.00047050034958123185
0.12,0.0001,0.003,0.001,1.0,1000.0,1000,0,0.0,0.00031007857148725973,0.0,9.452821741974022e-08
0.12,0.0001,0.003,0.001,1.5,10.0,1000,0,0.0,0.5778490460376015,0.0,4.119114334341873
0.12,0.0001,0.003,0.001,1.5,100.0,1000,0,0.0,0.039463500878237114,0.0,0.22468758785326376
0.12,0.0001,0.003,0.001,1.5,1000.0,1000,0,0.0,0.0003120842971852326,0.0,9.273176544796045e-08
0.12,0.0001,0.003,0.001,2.0,10.0,1000,0,0.0,0.46569781818681116,0.0,0.21527800727815236
0.12,0.0001,0.003,0.001,2.0,100.0,1000,0,0.0,0.022165635236381195,0.0,0.0007917325739304474
0.12,0.0001,0.003,0.001,2.0,1000.0,1000,0,0.0,0.0012615432914741128,0.0,0.0008865254829465533
0.12,0.0001,0.003,0.1,0.1,10.0,1000,0,0.0,0.3688605051999984,0.0,1.8109366748032725
0.12,0.0001,0.003,0.1,0.1,100.0,1000,0,0.0,0.016810667277123544,0.0,0.00025836672318511926
0.12,0.0001,0.003,0.1,0.1,1000.0,1000,0,0.0,0.00030819468901912943,0.0,9.509555890599214e-08
0.12,0.0001,0.003,0.1,0.5,10.0,1000,0,0.0,0.32944224485226886,0.0,0.14978155996667417
0.12,0.0001,0.003,0.1,0.5,100.0,1000,0,0.0,0.04354428910206368,0.0,0.6864450478837444
0.12,0.0001,0.003,0.1,0.5,1000.0,1000,0,0.0,0.0002975668946451454,0.0,8.383029983942409e-08
0.12,0.0001,0.003,0.1,1.0,10.0,1000,0,0.0,0.3248445646240948,0.0,0.19318893189138944
0.12,0.0001,0.003,0.1,1.0,100.0,1000,0,0.0,0.029137418536435197,0.0,0.15740445619200746
0.12,0.0001,0.003,0.1,1.0,1000.0,1000,0,0.0,0.0003028115712576925,0.0,1.0084854522280352e-07
0.12,0.0001,0.003,0.1,1.5,10.0,1000,0,0.0,0.43924279910448377,0.0,12.437639317644349
0.12,0.0001,0.003,0.1,1.5,100.0,1000,0,0.0,0.01763495983006109,0.0,0.00032514821489620867
0.12,0.0001,0.003,0.1,1.5,1000.0,1000,0,0.0,0.0003340768269389884,0.0,4.668481290581477e-07
0.12,0.0001,0.003,0.1,2.0,10.0,1000,0,0.0,0.4198085793838768,0.0,3.269060120161635
0.12,0.0001,0.003,0.1,2.0,100.0,1000,0,0.0,0.017315011952997606,0.0,0.00027319378525597404
0.12,0.0001,0.003,0.1,2.0,1000.0,1000,0,0.0,0.017520726738379865,0.0,0.2962255483511133
0.12,0.0001,0.003,1.0,0.1,10.0,1000,0,0.0,0.10883718069829991,0.0,0.206860991156011
0.12,0.0001,0.003,1.0,0.1,100.0,1000,0,0.0,0.009243891608163501,0.0,0.0065609056193475426
0.12,0.0001,0.003,1.0,0.1,1000.0,1000,0,0.0,0.0002474888629634939,0.0,6.260552412650021e-08
0.12,0.0001,0.003,1.0,0.5,10.0,1000,0,0.0,0.17740394657027914,0.0,2.0486447188802894
0.12,0.0001,0.003,1.0,0.5,100.0,1000,0,0.0,0.0067256073356245,0.0,4.6739599628354376e-05
0.12,0.0001,0.003,1.0,0.5,1000.0,1000,0,0.0,0.0002495393699896388,0.0,7.031349749676061e-08
0.12,0.0001,0.003,1.0,1.0,10.0,1000,0,0.0,0.08548152129844462,0.0,0.034039622866345966
0.12,0.0001,0.003,1.0,1.0,100.0,1000,0,0.0,0.07782735791771968,0.0,5.04174769091576
0.12,0.0001,0.003,1.0,1.0,1000.0,1000,0,0.0,0.00024285517430432357,0.0,5.532140580312469e-08
0.12,0.0001,0.003,1.0,1.5,10.0,1000,0,0.0,0.23329425108043803,0.0,9.996499596629643
0.12,0.0001,0.003,1.0,1.5,100.0,1000,0,0.0,0.006816800321420611,0.0,4.6664046147187335e-05
0.12,0.0001,0.003,1.0,1.5,1000.0,1000,0,0.0,0.00024387574267397771,0.0,5.72240232146413e-08
0.12,0.0001,0.003,1.0,2.0,10.0,1000,0,0.0,0.13613237446486195,0.0,2.028064777673609
0.12,0.0001,0.003,1.0,2.0,100.0,1000,0,0.0,0.006542076647302799,0.0,4.040178415919565e-05
0.12,0.0001,0.003,1.0,2.0,1000.0,1000,0,0.0,0.0002319661417654562,0.0,6.247209272443505e-08
0.12,0.0001,0.001,1e-05,0.1,10.0,1000,0,0.0,6.495018480363069,0.0,31.55483647515009
0.12,0.0001,0.001,1e-05,0.1,100.0,1000,0,0.0,5.1041999855247,0.0,33.89058945539346
0.12,0.0001,0.001,1e-05,0.1,1000.0,1000,0,0.0,1.9624732936072895,0.0,9.675211954427063
0.12,0.0001,0.001,1e-05,0.5,10.0,1000,0,0.0,4.500292241917838,0.0,38.94643861499924
0.12,0.0001,0.001,1e-05,0.5,100.0,1000,0,0.0,4.194498935145628,0.0,22.338017999294326
0.12,0.0001,0.001,1e-05,0.5,1000.0,1000,0,0.0,1.8902978437082676,0.0,13.052847286533373
0.12,0.0001,0.001,1e-05,1.0,10.0,1000,0,0.0,9.032684501060002,0.0,60.82682561925906
0.12,0.0001,0.001,1e-05,1.0,100.0,1000,0,0.0,3.542594735411428,0.0,11.657564239572041
0.12,0.0001,0.001,1e-05,1.0,1000.0,1000,0,0.0,1.9210439294177368,0.0,11.336960967033558
0.12,0.0001,0.001,1e-05,1.5,10.0,1000,0,0.0,3.2575613715166054,0.0,7.262827435965312
0.12,0.0001,0.001,1e-05,1.5,100.0,1000,0,0.0,5.142191628042309,0.0,78.43435393405967
0.12,0.0001,0.001,1e-05,1.5,1000.0,1000,0,0.0,1.7434806957872466,0.0,11.36771921097255
0.12,0.0001,0.001,1e-05,2.0,10.0,1000,0,0.0,9.826343468113043,0.0,82.10540008389862
0.12,0.0001,0.001,1e-05,2.0,100.0,1000,0,0.0,4.997811135559571,0.0,22.428163979016926
0.12,0.0001,0.001,1e-05,2.0,1000.0,1000,0,0.0,3.0904029514668983,0.0,31.911370689381975
0.12,0.0001,0.001,0.001,0.1,10.0,1000,0,0.0,7.288874995756209,0.0,35.367334137049646
0.12,0.0001,0.001,0.001,0.1,100.0,1000,0,0.0,5.999598808619095,0.0,37.00875400756462
0.12,0.0001,0.001,0.001,0.1,1000.0,1000,0,0.0,2.782232107112356,0.0,108.59750621864103
0.12,0.0001,0.001,0.001,0.5,10.0,1000,0,0.0,8.19726039823771,0.0,80.80681110800631
0.12,0.0001,0.001,0.001,0.5,100.0,1000,0,0.0,5.866194480986008,0.0,42.03298911097368
0.12,0.0001,0.001,0.001,0.5,1000.0,1000,0,0.0,2.963374494620668,0.0,30.579648259592236
0.12,0.0001,0.001,0.001,1.0,10.0,1000,0,0.0,3.9495453608311357,0.0,11.502081481790107
0.12,0.0001,0.001,0.001,1.0,100.0,1000,0,0.0,4.893749539695587,0.0,35.81782313983477
0.12,0.0001,0.001,0.001,1.0,1000.0,1000,0,0.0,2.663742478236542,0.0,22.15580928840996
0.12,0.0001,0.001,0.001,1.5,10.0,1000,0,0.0,9.420140653520845,0.0,55.74638852841668
0.12,0.0001,0.001,0.001,1.5,100.0,1000,0,0.0,5.8571939810872315,0.0,30.57387682567718
0.12,0.0001,0.001,0.001,1.5,1000.0,1000,0,0.0,3.212253277802286,0.0,37.0761551818582
0.12,0.0001,0.001,0.001,2.0,10.0,1000,0,0.0,8.129468978041585,0.0,106.75840702753929
0.12,0.0001,0.001,0.001,2.0,100.0,1000,0,0.0,4.616893062283658,0.0,36.177407260854054
0.12,0.0001,0.001,0.001,2.0,1000.0,1000,0,0.0,2.750372359359663,0.0,32.24468747518776
0.12,0.0001,0.001,0.1,0.1,10.0,1000,0,0.0,4.184277416998033,0.0,84.28002443734151
0.12,0.0001,0.001,0.1,0.1,100.0,1000,0,0.0,7.302122724743053,0.0,301.2570165923459
0.12,0.0001,0.001,0.1,0.1,1000.0,1000,0,0.0,7.283541379255685,0.0,289.6851957690035
0.12,0.0001,0.001,0.1,0.5,10.0,1000,0,0.0,4.879415522424465,0.0,27.442060169314974
0.12,0.0001,0.001,0.1,0.5,100.0,1000,0,0.0,11.825587598832671,0.0,488.42894946036057
0.12,0.0001,0.001,0.1,0.5,1000.0,1000,0,0.0,8.123803047937121,0.0,376.92756256066144
0.12,0.0001,0.001,0.1,1.0,10.0,1000,0,0.0,6.222618123631129,0.0,72.4560486290902
0.12,0.0001,0.001,0.1,1.0,100.0,1000,0,0.0,7.245504212752064,0.0,194.63290526851645
0.12,0.0001,0.001,0.1,1.0,1000.0,1000,0,0.0,4.013820896608038,0.0,184.26799670129387
0.12,0.0001,0.001,0.1,1.5,10.0,1000,0,0.0,5.717077056828505,0.0,25.554386362377453
0.12,0.0001,0.001,0.1,1.5,100.0,1000,0,0.0,11.051252784964628,0.0,343.31402853563264
0.12,0.0001,0.001,0.1,1.5,1000.0,1000,0,0.0,2.7321337676410433,0.0,37.26947372954517
0.12,0.0001,0.001,0.1,2.0,10.0,1000,0,0.0,11.573050008077022,0.0,378.00932587681126
0.12,0.0001,0.001,0.1,2.0,100.0,1000,0,0.0,4.583807133889178,0.0,54.11207320978616
0.12,0.0001,0.001,0.1,2.0,1000.0,1000,0,0.0,3.898141102324712,0.0,272.0628210627984
0.12,0.0001,0.001,1.0,0.1,10.0,1000,0,0.0,1.574878929587869,0.0,74.3237562987925
0.12,0.0001,0.001,1.0,0.1,100.0,1000,0,0.0,2.791280677152843,0.0,105.82599601377994
0.12,0.0001,0.001,1.0,0.1,1000.0,1000,0,0.0,5.956925056932187,0.0,300.08145441001227
0.12,0.0001,0.001,1.0,0.5,10.0,1000,0,0.0,1.5027745381170432,0.0,43.0096266591282
0.12,0.0001,0.001,1.0,0.5,100.0,1000,0,0.0,6.055077918152345,0.0,184.14425234899286
0.12,0.0001,0.001,1.0,0.5,1000.0,1000,0,0.0,12.225394198721867,0.0,865.1287691380929
0.12,0.0001,0.001,1.0,1.0,10.0,1000,0,0.0,2.5254635862854413,0.0,54.21859275494655
0.12,0.0001,0.001,1.0,1.0,100.0,1000,0,0.0,24.05661997724651,0.0,1186.0915318953173
0.12,0.0001,0.001,1.0,1.0,1000.0,1000,0,0.0,5.259161564604027,0.0,190.31830398315535
0.12,0.0001,0.001,1.0,1.5,10.0,1000,0,0.0,1.891283887147847,0.0,28.360341224775482
0.12,0.0001,0.001,1.0,1.5,100.0,1000,0,0.0,30.929680660513228,0.0,2125.481659670406
0.12,0.0001,0.001,1.0,1.5,1000.0,1000,0,0.0,5.705749986430116,0.0,437.5952218973095
0.12,0.0001,0.001,1.0,2.0,10.0,1000,0,0.0,3.159828477198638,0.0,28.18922481267425
0.12,0.0001,0.001,1.0,2.0,100.0,1000,0,0.0,3.373001697840246,0.0,64.46798687381319
0.12,0.0001,0.001,1.0,2.0,1000.0,1000,0,0.0,2.603774223650357,0.0,102.2838552892012
0.12,0.001,0.0003,1e-05,0.1,10.0,1000,0,0.0,0.0,0.0,0.0
0.12,0.001,0.0003,1e-05,0.1,100.0,1000,0,0.0,0.0,0.0,0.0
0.12,0.001,0.0003,1e-05,0.1,1000.0,1000,0,0.0,6.702992369679827,0.0,19.6305856519846
0.12,0.001,0.0003,1e-05,0.5,10.0,1000,0,0.0,0.0,0.0,0.0
0.12,0.001,0.0003,1e-05,0.5,100.0,1000,0,0.0,0.0,0.0,0.0
0.12,0.001,0.0003,1e-05,0.5,1000.0,1000,0,0.0,5.6111045791732845,0.0,10.694595835294098
0.12,0.001,0.0003,1e-05,1.0,10.0,1000,0,0.0,0.0,0.0,0.0
0.12,0.001,0.0003,1e-05,1.0,100.0,1000,0,0.0,0.0,0.0,0.0
0.12,0.001,0.0003,1e-05,1.0,1000.0,1000,0,0.0,6.755643664532135,0.0,18.97986540145273
0.12,0.001,0.0003,1e-05,1.5,10.0,1000,0,0.0,0.0,0.0,0.0
0.12,0.001,0.0003,1e-05,1.5,100.0,1000,0,0.0,0.0,0.0,0.0
0.12,0.001,0.0003,1e-05,1.5,1000.0,1000,0,0.0,8.233030561639671,0.0,25.756584375923673
0.12,0.001,0.0003,1e-05,2.0,10.0,1000,0,0.0,0.0,0.0,0.0
0.12,0.001,0.0003,1e-05,2.0,100.0,1000,0,0.0,0.0,0.0,0.0
0.12,0.001,0.0003,1e-05,2.0,1000.0,1000,0,0.0,6.820869396930663,0.0,10.82429924783738
0.12,0.001,0.0003,0.001,0.1,10.0,1000,0,0.0,0.0,0.0,0.0
0.12,0.001,0.0003,0.001,0.1,100.0,1000,0,0.0,0.0,0.0,0.0
0.12,0.001,0.0003,0.001,0.1,1000.0,1000,0,0.0,5.831585969662929,0.0,9.812917430596038
0.12,0.001,0.0003,0.001,0.5,10.0,1000,0,0.0,0.0,0.0,0.0
0.12,0.001,0.0003,0.001,0.5,100.0,1000,0,0.0,0.0,0.0,0.0
0.12,0.001,0.0003,0.001,0.5,1000.0,1000,0,0.0,9.163435783042221,0.0,33.54461881270661
0.12,0.001,0.0003,0.001,1.0,10.0,1000,0,0.0,0.0,0.0,0.0
0.12,0.001,0.0003,0.001,1.0,100.0,1000,0,0.0,0.0,0.0,0.0
0.12,0.001,0.0003,0.001,1.0,1000.0,1000,0,0.0,7.081068382158833,0.0,11.567097166096156
0.12,0.001,0.0003,0.001,1.5,10.0,1000,0,0.0,0.0,0.0,0.0
0.12,0.001,0.0003,0.001,1.5,100.0,1000,0,0.0,0.0,0.0,0.0
0.12,0.001,0.0003,0.001,1.5,1000.0,1000,0,0.0,8.381099962716458,0.0,36.29173606656292
0.12,0.001,0.0003,0.001,2.0,10.0,1000,0,0.0,0.0,0.0,0.0
0.12,0.001,0.0003,0.001,2.0,100.0,1000,0,0.0,0.0,0.0,0.0
0.12,0.001,0.0003,0.001,2.0,1000.0,1000,0,0.0,6.5212286128683665,0.0,13.210147718657037
0.12,0.001,0.0003,0.1,0.1,10.0,1000,0,0.0,24.67345581083265,0.0,110.33727802366872
0.12,0.001,0.0003,0.1,0.1,100.0,1000,0,0.0,17.088647064230123,0.0,126.78895382286633
0.12,0.001,0.0003,0.1,0.1,1000.0,1000,0,0.0,15.645237534841419,0.0,349.56878649333663
0.12,0.001,0.0003,0.1,0.5,10.0,1000,0,0.0,7.250373493108132,0.0,0.0
0.12,0.001,0.0003,0.1,0.5,100.0,1000,0,0.0,0.0,0.0,0.0
0.12,0.001,0.0003,0.1,0.5,1000.0,1000,0,0.0,11.958104249749027,0.0,446.6551983034342
0.12,0.001,0.0003,0.1,1.0,10.0,1000,0,0.0,0.0,0.0,0.0
0.12,0.001,0.0003,0.1,1.0,100.0,1000,0,0.0,0.0,0.0,0.0
0.12,0.001,0.0003,0.1,1.0,1000.0,1000,0,0.0,4.4999149211359715,0.0,4.428947456934558
0.12,0.001,0.0003,0.1,1.5,10.0,1000,0,0.0,0.0,0.0,0.0
0.12,0.001,0.0003,0.1,1.5,100.0,1000,0,0.0,0.0,0.0,0.0
0.12,0.001,0.0003,0.1,1.5,1000.0,1000,0,0.0,4.452118187287092,0.0,5.3005351472839335
0.12,0.001,0.0003,0.1,2.0,10.0,1000,0,0.0,0.0,0.0,0.0
0.12,0.001,0.0003,0.1,2.0,100.0,1000,0,0.0,0.0,0.0,0.0
0.12,0.001,0.0003,0.1,2.0,1000.0,1000,0,0.0,4.035388026529798,0.0,7.739622052347502
0.12,0.001,0.0003,1.0,0.1,10.0,1000,0,0.0,8.471115177342218,0.0,223.12058818487097
0.12,0.001,0.0003,1.0,0.1,100.0,1000,0,0.0,32.20928201230666,0.0,1378.4759860101997
0.12,0.001,0.0003,1.0,0.1,1000.0,1000,0,0.0,32.687227401627645,0.0,1554.2027385535337
0.12,0.001,0.0003,1.0,0.5,10.0,1000,0,0.0,21.780578408298748,0.0,1053.8006566763013
0.12,0.001,0.0003,1.0,0.5,100.0,1000,0,0.0,114.48481694346755,0.0,1275.6439572625025
0.12,0.001,0.0003,1.0,0.5,1000.0,1000,0,0.0,127.8826705048682,0.0,2010.4630081535138
0.12,0.001,0.0003,1.0,1.0,10.0,1000,0,0.0,20.256029662790798,0.0,252.2481593079818
0.12,0.001,0.0003,1.0,1.0,100.0,1000,0,0.0,166.553201223902,0.0,2118.022914332651
0.12,0.001,0.0003,1.0,1.0,1000.0,1000,0,0.0,124.74869003961518,0.0,1815.502485007117
0.12,0.001,0.0003,1.0,1.5,10.0,1000,0,0.0,90.85164269081554,0.0,0.0
0.12,0.001,0.0003,1.0,1.5,100.0,1000,0,0.0,95.29511194507704,0.0,865.8131312849953
0.12,0.001,0.0003,1.0,1.5,1000.0,1000,0,0.0,0.0,0.0,0.0
0.12,0.001,0.0003,1.0,2.0,10.0,1000,0,0.0,71.64209675018213,0.0,62.11436205878327
0.12,0.001,0.0003,1.0,2.0,100.0,1000,0,0.0,151.26012898398145,0.0,768.2730313548469
0.12,0.001,0.0003,1.0,2.0,1000.0,1000,0,0.0,107.64530933099155,0.0,480.4411551788457
0.12,0.001,0.0001,1e-05,0.1,10.0,1000,0,0.0,0.0,0.0,0.0
0.12,0.001,0.0001,1e-05,0.1,100.0,1000,0,0.0,0.0,0.0,0.0
0.12,0.001,0.0001,1e-05,0.1,1000.0,1000,0,0.0,0.0,0.0,0.0
0.12,0.001,0.0001,1e-05,0.5,10.0,1000,0,0.0,0.0,0.0,0.0
0.12,0.001,0.0001,1e-05,0.5,100.0,1000,0,0.0,0.0,0.0,0.0
0.12,0.001,0.0001,1e-05,0.5,1000.0,1000,0,0.0,0.0,0.0,0.0
0.12,0.001,0.0001,1e-05,1.0,10.0,1000,0,0.0,0.0,0.0,0.0
0.12,0.001,0.0001,1e-05,1.0,100.0,1000,0,0.0,0.0,0.0,0.0
0.12,0.001,0.0001,1e-05,1.0,1000.0,1000,0,0.0,0.0,0.0,0.0
0.12,0.001,0.0001,1e-05,1.5,10.0,1000,0,0.0,0.0,0.0,0.0
0.12,0.001,0.0001,1e-05,1.5,100.0,1000,0,0.0,0.0,0.0,0.0
0.12,0.001,0.0001,1e-05,1.5,1000.0,1000,0,0.0,0.0,0.0,0.0
0.12,0.001,0.0001,1e-05,2.0,10.0,1000,0,0.0,0.0,0.0,0.0
0.12,0.001,0.0001,1e-05,2.0,100.0,1000,0,0.0,0.0,0.0,0.0
0.12,0.001,0.0001,1e-05,2.0,1000.0,1000,0,0.0,0.0,0.0,0.0
0.12,0.001,0.0001,0.001,0.1,10.0,1000,0,0.0,0.0,0.0,0.0
0.12,0.001,0.0001,0.001,0.1,100.0,1000,0,0.0,0.0,0.0,0.0
0.12,0.001,0.0001,0.001,0.1,1000.0,1000,0,0.0,0.0,0.0,0.0
0.12,0.001,0.0001,0.001,0.5,10.0,1000,0,0.0,0.0,0.0,0.0
0.12,0.001,0.0001,0.001,0.5,100.0,1000,0,0.0,0.0,0.0,0.0
0.12,0.001,0.0001,0.001,0.5,1000.0,1000,0,0.0,0.0,0.0,0.0
0.12,0.001,0.0001,0.001,1.0,10.0,1000,0,0.0,0.0,0.0,0.0
0.12,0.001,0.0001,0.001,1.0,100.0,1000,0,0.0,0.0,0.0,0.0
0.12,0.001,0.0001,0.001,1.0,1000.0,1000,0,0.0,0.0,0.0,0.0
0.12,0.001,0.0001,0.001,1.5,10.0,1000,0,0.0,0.0,0.0,0.0
0.12,0.001,0.0001,0.001,1.5,100.0,1000,0,0.0,0.0,0.0,0.0
0.12,0.001,0.0001,0.001,1.5,1000.0,1000,0,0.0,0.0,0.0,0.0
0.12,0.001,0.0001,0.001,2.0,10.0,1000,0,0.0,0.0,0.0,0.0
0.12,0.001,0.0001,0.001,2.0,100.0,1000,0,0.0,0.0,0.0,0.0
0.12,0.001,0.0001,0.001,2.0,1000.0,1000,0,0.0,0.0,0.0,0.0
0.12,0.001,0.0001,0.1,0.1,10.0,1000,0,0.0,0.0,0.0,0.0
0.12,0.001,0.0001,0.1,0.1,100.0,1000,0,0.0,0.0,0.0,0.0
0.12,0.001,0.0001,0.1,0.1,1000.0,1000,0,0.0,0.0,0.0,0.0
0.12,0.001,0.0001,0.1,0.5,10.0,1000,0,0.0,0.0,0.0,0.0
0.12,0.001,0.0001,0.1,0.5,100.0,1000,0,0.0,0.0,0.0,0.0
0.12,0.001,0.0001,0.1,0.5,1000.0,1000,0,0.0,0.0,0.0,0.0
0.12,0.001,0.0001,0.1,1.0,10.0,1000,0,0.0,0.0,0.0,0.0
0.12,0.001,0.0001,0.1,1.0,100.0,1000,0,0.0,0.0,0.0,0.0
0.12,0.001,0.0001,0.1,1.0,1000.0,1000,0,0.0,0.0,0.0,0.0
0.12,0.001,0.0001,0.1,1.5,10.0,1000,0,0.0,0.0,0.0,0.0
0.12,0.001,0.0001,0.1,1.5,100.0,1000,0,0.0,0.0,0.0,0.0
0.12,0.001,0.0001,0.1,1.5,1000.0,1000,0,0.0,0.0,0.0,0.0
0.12,0.001,0.0001,0.1,2.0,10.0,1000,0,0.0,0.0,0.0,0.0
0.12,0.001,0.0001,0.1,2.0,100.0,1000,0,0.0,0.0,0.0,0.0
0.12,0.001,0.0001,0.1,2.0,1000.0,1000,0,0.0,0.0,0.0,0.0
0.12,0.001,0.0001,1.0,0.1,10.0,1000,0,0.0,35.51803643420673,0.0,0.27006057650737986
0.12,0.001,0.0001,1.0,0.1,100.0,1000,0,0.0,0.0,0.0,0.0
0.12,0.001,0.0001,1.0,0.1,1000.0,1000,0,0.0,48.06930133605849,0.0,525.5228938704715
0.12,0.001,0.0001,1.0,0.5,10.0,1000,0,0.0,31.123988036790564,0.0,18.5823675254988
0.12,0.001,0.0001,1.0,0.5,100.0,1000,0,0.0,0.0,0.0,0.0
0.12,0.001,0.0001,1.0,0.5,1000.0,1000,0,0.0,0.0,0.0,0.0
0.12,0.001,0.0001,1.0,1.0,10.0,1000,0,0.0,0.0,0.0,0.0
0.12,0.001,0.0001,1.0,1.0,100.0,1000,0,0.0,0.0,0.0,0.0
0.12,0.001,0.0001,1.0,1.0,1000.0,999,1,0.865546218487395,197.20343903267764,0.0,4371.811127923155
0.12,0.001,0.0001,1.0,1.5,10.0,1000,0,0.0,0.0,0.0,0.0
0.12,0.001,0.0001,1.0,1.5,100.0,1000,0,0.0,0.0,0.0,0.0
0.12,0.001,0.0001,1.0,1.5,1000.0,1000,0,0.0,0.0,0.0,0.0
0.12,0.001,0.0001,1.0,2.0,10.0,998,2,0.8880460848712335,114.64262831437415,0.00012621378057690335,2970.047396176333
0.12,0.001,0.0001,1.0,2.0,100.0,1000,0,0.0,0.0,0.0,0.0
0.12,0.001,0.0001,1.0,2.0,1000.0,1000,0,0.0,0.0,0.0,0.0
0.12,0.001,0.003,1e-05,0.1,10.0,1000,0,0.0,0.677074519753168,0.0,7.467558827060229
0.12,0.001,0.003,1e-05,0.1,100.0,1000,0,0.0,0.04362966994821375,0.0,0.265906423988795
0.12,0.001,0.003,1e-05,0.1,1000.0,1000,0,0.0,0.0003072440823968083,0.0,9.923732570391431e-08
0.12,0.001,0.003,1e-05,0.5,10.0,1000,0,0.0,0.7729546604217468,0.0,11.867964809067754
0.12,0.001,0.003,1e-05,0.5,100.0,1000,0,0.0,0.144879195305447,0.0,6.42561010799624
0.12,0.001,0.003,1e-05,0.5,1000.0,1000,0,0.0,0.0003101093990584872,0.0,9.495517001149029e-08
0.12,0.001,0.003,1e-05,1.0,10.0,1000,0,0.0,0.8108354057271197,0.0,18.722634117796048
0.12,0.001,0.003,1e-05,1.0,100.0,1000,0,0.0,0.16735765930028523,0.0,5.8331871847022265
0.12,0.001,0.003,1e-05,1.0,1000.0,1000,0,0.0,0.0003300416390636867,0.0,9.667349105870397e-08
0.12,0.001,0.003,1e-05,1.5,10.0,1000,0,0.0,0.605823768961614,0.0,5.39016285558578
0.12,0.001,0.003,1e-05,1.5,100.0,1000,0,0.0,0.14207371493421928,0.0,4.394830425592874
0.12,0.001,0.003,1e-05,1.5,1000.0,1000,0,0.0,0.0003213953716834117,0.0,1.0032432050678376e-07
0.12,0.001,0.003,1e-05,2.0,10.0,1000,0,0.0,0.7541965681752514,0.0,13.332228826683481
0.12,0.001,0.003,1e-05,2.0,100.0,1000,0,0.0,0.07921137804573922,0.0,0.679528901558977
0.12,0.001,0.003,1e-05,2.0,1000.0,1000,0,0.0,0.001673627984780205,0.0,0.0018223567015479116
0.12,0.001,0.003,0.001,0.1,10.0,1000,0,0.0,0.8445990553530426,0.0,22.731551348312117
0.12,0.001,0.003,0.001,0.1,100.0,1000,0,0.0,0.13174807954252288,0.0,8.057052604841592
0.12,0.001,0.003,0.001,0.1,1000.0,1000,0,0.0,0.0003273003581295118,0.0,1.0232759903266445e-07
0.12,0.001,0.003,0.001,0.5,10.0,1000,0,0.0,0.7911138261069365,0.0,22.438680884345604
0.12,0.001,0.003,0.001,0.5,100.0,1000,0,0.0,0.12085185655009716,0.0,4.151725351897406
0.12,0.001,0.003,0.001,0.5,1000.0,1000,0,0.0,0.002421795238152668,0.0,0.004353809530637419
0.12,0.001,0.003,0.001,1.0,10.0,1000,0,0.0,0.5291824314653326,0.0,1.4268365750599452
0.12,0.001,0.003,0.001,1.0,100.0,1000,0,0.0,0.05236431276502558,0.0,0.3044753082186309
0.12,0.001,0.003,0.001,1.0,1000.0,1000,0,0.0,0.0005270023120954374,0.0,4.7555784883773495e-05
0.12,0.001,0.003,0.001,1.5,10.0,1000,0,0.0,0.7419692643929844,0.0,13.799895901941863
0.12,0.001,0.003,0.001,1.5,100.0,1000,0,0.0,0.11948915821544066,0.0,2.526272544366791
0.12,0.001,0.003,0.001,1.5,1000.0,1000,0,0.0,0.0004207299579461707,0.0,1.2009763013515127e-05
0.12,0.001,0.003,0.001,2.0,10.0,1000,0,0.0,0.7541229105385204,0.0,21.32258632249732
0.12,0.001,0.003,0.001,2.0,100.0,1000,0,0.0,0.08830060074867005,0.0,3.078186344708866
0.12,0.001,0.003,0.001,2.0,1000.0,1000,0,0.0,0.0007053321769551216,0.0,0.00016738880662116123
0.12,0.001,0.003,0.1,0.1,10.0,1000,0,0.0,0.5962913448333572,0.0,14.161171415425262
0.12,0.001,0.003,0.1,0.1,100.0,1000,0,0.0,0.08990467966324393,0.0,0.9272637623823768
0.12,0.001,0.003,0.1,0.1,1000.0,1000,0,0.0,0.004379729702233395,0.0,0.016601653184140513
0.12,0.001,0.003,0.1,0.5,10.0,1000,0,0.0,0.4322361253978515,0.0,2.617645140672287
0.12,0.001,0.003,0.1,0.5,100.0,1000,0,0.0,0.03350257707943017,0.0,0.07661796508876353
0.12,0.001,0.003,0.1,0.5,1000.0,1000,0,0.0,0.009211261182392098,0.0,0.04367300272571933
0.12,0.001,0.003,0.1,1.0,10.0,1000,0,0.0,0.8614684618198024,0.0,39.485276304412594
0.12,0.001,0.003,0.1,1.0,100.0,1000,0,0.0,0.08728340896601021,0.0,1.1757888729242933
0.12,0.001,0.003,0.1,1.0,1000.0,1000,0,0.0,0.00029870217105120844,0.0,9.192962168677309e-08
0.12,0.001,0.003,0.1,1.5,10.0,1000,0,0.0,0.6780124276804413,0.0,14.534998177516975
0.12,0.001,0.003,0.1,1.5,100.0,1000,0,0.0,0.1329792954142911,0.0,3.4299121038832188
0.12,0.001,0.003,0.1,1.5,1000.0,1000,0,0.0,0.0005509382278784998,0.0,6.037791218195204e-05
0.12,0.001,0.003,0.1,2.0,10.0,1000,0,0.0,0.5881386358433952,0.0,13.041706403719731
0.12,0.001,0.003,0.1,2.0,100.0,1000,0,0.0,0.09184894196023709,0.0,1.748142305254162
0.12,0.001,0.003,0.1,2.0,1000.0,1000,0,0.0,0.0021369375551171695,0.0,0.0032802328224133238
0.12,0.001,0.003,1.0,0.1,10.0,1000,0,0.0,0.5051963992251891,0.0,11.546834881737611
0.12,0.001,0.003,1.0,0.1,100.0,1000,0,0.0,0.027720059572725157,0.0,0.3109245218896786
0.12,0.001,0.003,1.0,0.1,1000.0,1000,0,0.0,0.00023361292463529908,0.0,5.328432977104638e-08
0.12,0.001,0.003,1.0,0.5,10.0,1000,0,0.0,0.6210924182652383,0.0,18.417827020719567
0.12,0.001,0.003,1.0,0.5,100.0,1000,0,0.0,0.14768502569936878,0.0,6.968700692063778
0.12,0.001,0.003,1.0,0.5,1000.0,1000,0,0.0,0.008963953541940866,0.0,0.07605083807750194
0.12,0.001,0.003,1.0,1.0,10.0,1000,0,0.0,1.1111324420621331,0.0,76.14976752876015
0.12,0.001,0.003,1.0,1.0,100.0,1000,0,0.0,0.08711867879386302,0.0,2.9136791955879286
0.12,0.001,0.003,1.0,1.0,1000.0,1000,0,0.0,0.0012181562813810653,0.0,0.0009559517101089831
0.12,0.001,0.003,1.0,1.5,10.0,1000,0,0.0,0.4528935846112625,0.0,24.54981354603795
0.12,0.001,0.003,1.0,1.5,100.0,1000,0,0.0,0.09854525653466972,0.0,6.758754914373637
0.12,0.001,0.003,1.0,1.5,1000.0,1000,0,0.0,0.010121086884118122,0.0,0.09741771129271515
0.12,0.001,0.003,1.0,2.0,10.0,1000,0,0.0,0.43217319545009075,0.0,11.84204258439764
0.12,0.001,0.003,1.0,2.0,100.0,1000,0,0.0,0.05967204249997794,0.0,0.6072730740226988
0.12,0.001,0.003,1.0,2.0,1000.0,1000,0,0.0,0.0002378068995674208,0.0,6.076265460086207e-08
0.12,0.001,0.001,1e-05,0.1,10.0,1000,0,0.0,10.661164171957031,0.0,249.80340399795844
0.12,0.001,0.001,1e-05,0.1,100.0,1000,0,0.0,8.253456703385849,0.0,149.85366398597532
0.12,0.001,0.001,1e-05,0.1,1000.0,1000,0,0.0,3.6483942058117838,0.0,104.55634029544264
0.12,0.001,0.001,1e-05,0.5,10.0,1000,0,0.0,14.690848778149453,0.0,564.2104758833359
0.12,0.001,0.001,1e-05,0.5,100.0,1000,0,0.0,8.09775817704452,0.0,314.65191801069403
0.12,0.001,0.001,1e-05,0.5,1000.0,1000,0,0.0,3.9595233750680725,0.0,74.1528798503369
0.12,0.001,0.001,1e-05,1.0,10.0,1000,0,0.0,13.71464325989757,0.0,377.55869640473645
0.12,0.001,0.001,1e-05,1.0,100.0,1000,0,0.0,8.016076665319051,0.0,119.8667193395487
0.12,0.001,0.001,1e-05,1.0,1000.0,1000,0,0.0,3.791793105073728,0.0,73.32750309102317
0.12,0.001,0.001,1e-05,1.5,10.0,1000,0,0.0,7.88056306026621,0.0,56.8036350288517
0.12,0.001,0.001,1e-05,1.5,100.0,1000,0,0.0,8.352443150013508,0.0,173.7265255841985
0.12,0.001,0.001,1e-05,1.5,1000.0,1000,0,0.0,3.5800740594947027,0.0,95.12713706603456
0.12,0.001,0.001,1e-05,2.0,10.0,1000,0,0.0,10.02135612225117,0.0,172.88575153091048
0.12,0.001,0.001,1e-05,2.0,100.0,1000,0,0.0,9.479239742297995,0.0,237.3329925775612
0.12,0.001,0.001,1e-05,2.0,1000.0,1000,0,0.0,4.329939193999229,0.0,101.09518030919035
0.12,0.001,0.001,0.001,0.1,10.0,1000,0,0.0,11.580470580324883,0.0,270.357593753679
0.12,0.001,0.001,0.001,0.1,100.0,1000,0,0.0,8.890758586794,0.0,183.8566945059086
0.12,0.001,0.001,0.001,0.1,1000.0,1000,0,0.0,4.450085833228294,0.0,125.08385476715273
0.12,0.001,0.001,0.001,0.5,10.0,1000,0,0.0,10.863750229817889,0.0,195.72810169442783
0.12,0.001,0.001,0.001,0.5,100.0,1000,0,0.0,7.490890559411687,0.0,154.369514422752
0.12,0.001,0.001,0.001,0.5,1000.0,1000,0,0.0,3.6720991286462166,0.0,64.30655337154329
0.12,0.001,0.001,0.001,1.0,10.0,1000,0,0.0,13.114646385954734,0.0,561.8374860621815
0.12,0.001,0.001,0.001,1.0,100.0,1000,0,0.0,8.365304883559467,0.0,211.21873579533425
0.12,0.001,0.001,0.001,1.0,1000.0,1000,0,0.0,3.567661589076561,0.0,77.09137910875421
0.12,0.001,0.001,0.001,1.5,10.0,1000,0,0.0,13.651175692643957,0.0,378.8209150087151
0.12,0.001,0.001,0.001,1.5,100.0,1000,0,0.0,7.774613824331506,0.0,132.09747545162568
0.12,0.001,0.001,0.001,1.5,1000.0,1000,0,0.0,3.4839891236238847,0.0,59.44537833756935
0.12,0.001,0.001,0.001,2.0,10.0,1000,0,0.0,15.92148123866267,0.0,468.6041882316995
0.12,0.001,0.001,0.001,2.0,100.0,1000,0,0.0,9.201471405802316,0.0,279.5595246823016
0.12,0.001,0.001,0.001,2.0,1000.0,1000,0,0.0,3.545406612707957,0.0,72.70685250411132
0.12,0.001,0.001,0.1,0.1,10.0,1000,0,0.0,8.726209189650232,0.0,318.05528369993556
0.12,0.001,0.001,0.1,0.1,100.0,1000,0,0.0,11.65407133693146,0.0,385.5654142820612
0.12,0.001,0.001,0.1,0.1,1000.0,1000,0,0.0,5.364262947534158,0.0,193.85362889505683
0.12,0.001,0.001,0.1,0.5,10.0,1000,0,0.0,11.852732363615088,0.0,517.4884647553246
0.12,0.001,0.001,0.1,0.5,100.0,1000,0,0.0,12.569956787639335,0.0,522.4903208236266
0.12,0.001,0.001,0.1,0.5,1000.0,1000,0,0.0,6.03825674827861,0.0,270.0116799484456
0.12,0.001,0.001,0.1,1.0,10.0,1000,0,0.0,13.757623642746653,0.0,639.7457928611195
0.12,0.001,0.001,0.1,1.0,100.0,1000,0,0.0,10.276886019347485,0.0,448.9935920496145
0.12,0.001,0.001,0.1,1.0,1000.0,1000,0,0.0,5.30130683872748,0.0,240.92729389270474
0.12,0.001,0.001,0.1,1.5,10.0,1000,0,0.0,12.726894426986016,0.0,448.7382863807381
0.12,0.001,0.001,0.1,1.5,100.0,1000,0,0.0,8.46086433852517,0.0,240.12053039344593
0.12,0.001,0.001,0.1,1.5,1000.0,1000,0,0.0,3.691667043790044,0.0,100.13432604468
0.12,0.001,0.001,0.1,2.0,10.0,1000,0,0.0,11.929389184090462,0.0,273.6723224402681
0.12,0.001,0.001,0.1,2.0,100.0,1000,0,0.0,11.840882692088154,0.0,651.583010823152
0.12,0.001,0.001,0.1,2.0,1000.0,1000,0,0.0,3.4918929100971705,0.0,138.69926966692563
0.12,0.001,0.001,1.0,0.1,10.0,1000,0,0.0,5.131499908235949,0.0,289.52643201447836
0.12,0.001,0.001,1.0,0.1,100.0,1000,0,0.0,10.817562674343945,0.0,536.8207992923716
0.12,0.001,0.001,1.0,0.1,1000.0,1000,0,0.0,5.707072265667476,0.0,147.66550392598282
0.12,0.001,0.001,1.0,0.5,10.0,1000,0,0.0,8.601026551914542,0.0,577.6902767388107
0.12,0.001,0.001,1.0,0.5,100.0,1000,0,0.0,19.492030951639062,0.0,805.0309984278894
0.12,0.001,0.001,1.0,0.5,1000.0,1000,0,0.0,7.759350816383537,0.0,309.77321592619865
0.12,0.001,0.001,1.0,1.0,10.0,1000,0,0.0,10.514604942375087,0.0,501.56209856681545
0.12,0.001,0.001,1.0,1.0,100.0,1000,0,0.0,22.400178443097744,0.0,1038.8960668716945
0.12,0.001,0.001,1.0,1.0,1000.0,1000,0,0.0,8.181712709800932,0.0,494.6605250969046
0.12,0.001,0.001,1.0,1.5,10.0,1000,0,0.0,16.13150704934679,0.0,903.5964147174627
0.12,0.001,0.001,1.0,1.5,100.0,1000,0,0.0,20.31196062546353,0.0,1175.8716974071394
0.12,0.001,0.001,1.0,1.5,1000.0,1000,0,0.0,5.191624673380974,0.0,271.2228999482047
0.12,0.001,0.001,1.0,2.0,10.0,1000,0,0.0,17.66689145057574,0.0,713.9811857483182
0.12,0.001,0.001,1.0,2.0,100.0,1000,0,0.0,16.15883022648036,0.0,951.5466857179592
0.12,0.001,0.001,1.0,2.0,1000.0,1000,0,0.0,3.190403809938731,0.0,192.73239907432963
0.12,0.1,0.0003,1e-05,0.1,10.0,1000,0,0.0,31.312211594397947,0.0,1076.5218818520618
0.12,0.1,0.0003,1e-05,0.1,100.0,999,1,0.1875,0.6791796993587939,0.0,0.09115989760738857
0.12,0.1,0.0003,1e-05,0.1,1000.0,1000,0,0.0,0.060643468030822656,0.0,0.0006916170295701271
0.12,0.1,0.0003,1e-05,0.5,10.0,1000,0,0.0,30.995857067849123,0.0,1021.4466380427768
0.12,0.1,0.0003,1e-05,0.5,100.0,1000,0,0.0,0.7015121439898119,0.0,0.09978007526347804
0.12,0.1,0.0003,1e-05,0.5,1000.0,1000,0,0.0,0.062056881302809834,0.0,0.0007450131831569248
0.12,0.1,0.0003,1e-05,1.0,10.0,1000,0,0.0,30.86610608947737,0.0,1050.1611616550736
0.12,0.1,0.0003,1e-05,1.0,100.0,1000,0,0.0,0.7011732942713539,0.0,0.10882360874643038
0.12,0.1,0.0003,1e-05,1.0,1000.0,1000,0,0.0,0.060950181794256104,0.0,0.0007270488970051452
0.12,0.1,0.0003,1e-05,1.5,10.0,1000,0,0.0,29.572839365478202,0.0,1090.2107326200194
0.12,0.1,0.0003,1e-05,1.5,100.0,1000,0,0.0,0.7010144771181024,0.0,0.10305871104406111
0.12,0.1,0.0003,1e-05,1.5,1000.0,1000,0,0.0,0.061116795325509114,0.0,0.0006263477405755599
0.12,0.1,0.0003,1e-05,2.0,10.0,1000,0,0.0,31.58280763813563,0.0,1110.1023357355205
0.12,0.1,0.0003,1e-05,2.0,100.0,1000,0,0.0,0.6887424915319497,0.0,0.09410245391131243
0.12,0.1,0.0003,1e-05,2.0,1000.0,1000,0,0.0,0.062310322388454874,0.0,0.0007580705958435896
0.12,0.1,0.0003,0.001,0.1,10.0,1000,0,0.0,28.261817966556087,0.0,841.7249129582724
0.12,0.1,0.0003,0.001,0.1,100.0,1000,0,0.0,0.6867146751669063,0.0,0.10172920256481484
0.12,0.1,0.0003,0.001,0.1,1000.0,1000,0,0.0,0.060519553872574225,0.0,0.0006352412492310933
0.12,0.1,0.0003,0.001,0.5,10.0,1000,0,0.0,28.880928673701785,0.0,971.7956879565334
0.12,0.1,0.0003,0.001,0.5,100.0,1000,0,0.0,0.6851899774011613,0.0,0.09542692136710165
0.12,0.1,0.0003,0.001,0.5,1000.0,1000,0,0.0,0.06164401098138541,0.0,0.0007157373697135024
0.12,0.1,0.0003,0.001,1.0,10.0,1000,0,0.0,31.735218111527807,0.0,1515.248846753922
0.12,0.1,0.0003,0.001,1.0,100.0,1000,0,0.0,0.709521071998191,0.0,0.09862330236873106
0.12,0.1,0.0003,0.001,1.0,1000.0,1000,0,0.0,0.06260945307973982,0.0,0.0007163345294325199
0.12,0.1,0.0003,0.001,1.5,10.0,1000,0,0.0,31.610595704121252,0.0,1214.1798670009334
0.12,0.1,0.0003,0.001,1.5,100.0,1000,0,0.0,0.6874368638007821,0.0,0.10024476779463287
0.12,0.1,0.0003,0.001,1.5,1000.0,1000,0,0.0,0.06159893966090655,0.0,0.000727330722224241
0.12,0.1,0.0003,0.001,2.0,10.0,1000,0,0.0,33.43358398816748,0.0,1281.2557863039476
0.12,0.1,0.0003,0.001,2.0,100.0,1000,0,0.0,0.7024674451671347,0.0,0.0999131732064722
0.12,0.1,0.0003,0.001,2.0,1000.0,1000,0,0.0,0.06152553634366759,0.0,0.0007052643050969273
0.12,0.1,0.0003,0.1,0.1,10.0,1000,0,0.0,27.870955933070622,0.0,1058.0681591998868
0.12,0.1,0.0003,0.1,0.1,100.0,1000,0,0.0,0.724988698755598,0.0,0.13260782645205435
0.12,0.1,0.0003,0.1,0.1,1000.0,1000,0,0.0,0.062135642058517,0.0,0.0007712222878103972
0.12,0.1,0.0003,0.1,0.5,10.0,1000,0,0.0,27.513432250572297,0.0,821.9611905338619
0.12,0.1,0.0003,0.1,0.5,100.0,1000,0,0.0,0.7225849276347042,0.0,0.11582322137884532
0.12,0.1,0.0003,0.1,0.5,1000.0,999,1,0.5,0.062311594491970934,0.0,0.000718037954277608
0.12,0.1,0.0003,0.1,1.0,10.0,1000,0,0.0,31.907592391190875,0.0,1220.9281848115186
0.12,0.1,0.0003,0.1,1.0,100.0,1000,0,0.0,0.7281771297189812,0.0,0.10752419324504489
0.12,0.1,0.0003,0.1,1.0,1000.0,1000,0,0.0,0.06276754068929626,0.0,0.0007218421659106424
0.12,0.1,0.0003,0.1,1.5,10.0,1000,0,0.0,30.7757179032888,0.0,1043.9896730043029
0.12,0.1,0.0003,0.1,1.5,100.0,1000,0,0.0,0.7205975616827748,0.0,0.12241969138314915
0.12,0.1,0.0003,0.1,1.5,1000.0,1000,0,0.0,0.0618115727669765,0.0,0.000686766547358846
0.12,0.1,0.0003,0.1,2.0,10.0,1000,0,0.0,30.570165937905866,0.0,951.514781793264
0.12,0.1,0.0003,0.1,2.0,100.0,1000,0,0.0,0.7215349033208095,0.0,0.12780047495661834
0.12,0.1,0.0003,0.1,2.0,1000.0,1000,0,0.0,0.0621932772074627,0.0,0.0006633495935265496
0.12,0.1,0.0003,1.0,0.1,10.0,1000,0,0.0,15.13513383154,0.0,353.4127795314261
0.12,0.1,0.0003,1.0,0.1,100.0,1000,0,0.0,0.7697227463528001,0.0,0.21238725257268687
0.12,0.1,0.0003,1.0,0.1,1000.0,1000,0,0.0,0.0627368130429873,0.0,0.0007420913894604553
0.12,0.1,0.0003,1.0,0.5,10.0,1000,0,0.0,21.560903194928155,0.0,577.3496195214394
0.12,0.1,0.0003,1.0,0.5,100.0,1000,0,0.0,0.990682140488892,0.0,0.4501440171504678
0.12,0.1,0.0003,1.0,0.5,1000.0,1000,0,0.0,0.06465740230786232,0.0,0.000806642790139376
0.12,0.1,0.0003,1.0,1.0,10.0,1000,0,0.0,30.612356783100118,0.0,864.8613706253458
0.12,0.1,0.0003,1.0,1.0,100.0,1000,0,0.0,1.1898333903576048,0.0,0.8101278374587267
0.12,0.1,0.0003,1.0,1.0,1000.0,1000,0,0.0,0.06509036092162299,0.0,0.0007880872724711138
0.12,0.1,0.0003,1.0,1.5,10.0,1000,0,0.0,35.8912002025661,0.0,1305.9615943153372
0.12,0.1,0.0003,1.0,1.5,100.0,1000,0,0.0,1.1635433788150695,0.0,0.7548512159147418
0.12,0.1,0.0003,1.0,1.5,1000.0,1000,0,0.0,0.06475419238925673,0.0,0.0007822790321671502
0.12,0.1,0.0003,1.0,2.0,10.0,1000,0,0.0,38.811958190907745,0.0,1294.0038679599277
0.12,0.1,0.0003,1.0,2.0,100.0,1000,0,0.0,1.1993711021025364,0.0,0.783890110383537
0.12,0.1,0.0003,1.0,2.0,1000.0,1000,0,0.0,0.06333799116299908,0.0,0.000714195594627119
0.12,0.1,0.0001,1e-05,0.1,10.0,1000,0,0.0,131.68811478739727,0.0,1045.3198104676208
0.12,0.1,0.0001,1e-05,0.1,100.0,1000,0,0.0,3.2910863309699114,0.0,1.8844703030702699
0.12,0.1,0.0001,1e-05,0.1,1000.0,1000,0,0.0,0.2003068402831371,0.0,0.0025042501977846836
0.12,0.1,0.0001,1e-05,0.5,10.0,1000,0,0.0,141.35529727807972,0.0,2837.6073264510114
0.12,0.1,0.0001,1e-05,0.5,100.0,1000,0,0.0,3.2731070551230887,0.0,1.9843431608052247
0.12,0.1,0.0001,1e-05,0.5,1000.0,999,1,0.0,0.20144588507779576,0.0,0.0025216699206915437
0.12,0.1,0.0001,1e-05,1.0,10.0,1000,0,0.0,110.93055540767662,0.0,1148.9399026695696
0.12,0.1,0.0001,1e-05,1.0,100.0,1000,0,0.0,3.1905261472305755,0.0,1.7829345600661815
0.12,0.1,0.0001,1e-05,1.0,1000.0,999,1,0.375,0.20031510427587523,0.0,0.002294755215136594
0.12,0.1,0.0001,1e-05,1.5,10.0,1000,0,0.0,120.61501434226541,0.0,983.6049076931961
0.12,0.1,0.0001,1e-05,1.5,100.0,1000,0,0.0,3.262276563050748,0.0,1.976644429129424
0.12,0.1,0.0001,1e-05,1.5,1000.0,1000,0,0.0,0.19935369500682157,0.0,0.002354334336926355
0.12,0.1,0.0001,1e-05,2.0,10.0,1000,0,0.0,152.6684516428906,0.0,3336.0467517824877
0.12,0.1,0.0001,1e-05,2.0,100.0,1000,0,0.0,3.2210935379356043,0.0,1.9390259802809047
0.12,0.1,0.0001,1e-05,2.0,1000.0,1000,0,0.0,0.20181031693676507,0.0,0.002287559233948077
0.12,0.1,0.0001,0.001,0.1,10.0,1000,0,0.0,184.2567945698446,0.0,8590.037311721098
0.12,0.1,0.0001,0.001,0.1,100.0,1000,0,0.0,3.251353848178447,0.0,3.7539217347204104
0.12,0.1,0.0001,0.001,0.1,1000.0,1000,0,0.0,0.20139510985834463,0.0,0.0021873462387648228
0.12,0.1,0.0001,0.001,0.5,10.0,1000,0,0.0,156.9574412485101,0.0,5892.143415243014
0.12,0.1,0.0001,0.001,0.5,100.0,999,1,0.42857142857142855,3.2630628732228244,0.0,3.7581864575389257
0.12,0.1,0.0001,0.001,0.5,1000.0,1000,0,0.0,0.2012641787990197,0.0,0.0024577241742588934
0.12,0.1,0.0001,0.001,1.0,10.0,1000,0,0.0,153.99872345441105,0.0,15033.253032262646
0.12,0.1,0.0001,0.001,1.0,100.0,1000,0,0.0,3.2459339269270537,0.0,1.7567586546502607
0.12,0.1,0.0001,0.001,1.0,1000.0,1000,0,0.0,0.20112539534284457,0.0,0.0022370519144740437
0.12,0.1,0.0001,0.001,1.5,10.0,1000,0,0.0,186.13399406504618,0.0,5642.5125978213655
0.12,0.1,0.0001,0.001,1.5,100.0,1000,0,0.0,3.318321371073023,0.0,2.575048925650112
0.12,0.1,0.0001,0.001,1.5,1000.0,1000,0,0.0,0.19807578621015348,0.0,0.00228294683837316
0.12,0.1,0.0001,0.001,2.0,10.0,1000,0,0.0,171.6257563406767,0.0,5598.717643268209
0.12,0.1,0.0001,0.001,2.0,100.0,1000,0,0.0,3.1915010550634304,0.0,1.6684307972925272
0.12,0.1,0.0001,0.001,2.0,1000.0,1000,0,0.0,0.20070653184554973,0.0,0.0024871750337283273
0.12,0.1,0.0001,0.1,0.1,10.0,1000,0,0.0,108.570395945601,0.0,3739.2532979446105
0.12,0.1,0.0001,0.1,0.1,100.0,1000,0,0.0,3.3707949714863075,0.0,2.9567061047656664
0.12,0.1,0.0001,0.1,0.1,1000.0,1000,0,0.0,0.19923435352345933,0.0,0.0023529311280911782
0.12,0.1,0.0001,0.1,0.5,10.0,1000,0,0.0,188.3842431642952,0.0,1227.1663038914085
0.12,0.1,0.0001,0.1,0.5,100.0,1000,0,0.0,3.653582822162795,0.0,3.4865439942548586
0.12,0.1,0.0001,0.1,0.5,1000.0,1000,0,0.0,0.20180133159961008,0.0,0.0025263553335259747
0.12,0.1,0.0001,0.1,1.0,10.0,1000,0,0.0,246.8722162085639,0.0,49757.96589858674
0.12,0.1,0.0001,0.1,1.0,100.0,1000,0,0.0,4.0132654927929,0.0,5.011302095852808
0.12,0.1,0.0001,0.1,1.0,1000.0,1000,0,0.0,0.20549579857533287,0.0,0.0024836640948610513
0.12,0.1,0.0001,0.1,1.5,10.0,1000,0,0.0,108.754585476769,0.0,2581.5482417754565
0.12,0.1,0.0001,0.1,1.5,100.0,1000,0,0.0,4.147678928433664,0.0,6.255454099480034
0.12,0.1,0.0001,0.1,1.5,1000.0,1000,0,0.0,0.20414512121997508,0.0,0.0026152122103770066
0.12,0.1,0.0001,0.1,2.0,10.0,1000,0,0.0,134.74035510307007,0.0,949.1221698575943
0.12,0.1,0.0001,0.1,2.0,100.0,1000,0,0.0,4.188130448517604,0.0,6.30028042289499
0.12,0.1,0.0001,0.1,2.0,1000.0,1000,0,0.0,0.20330385814501034,0.0,0.0025194811118474333
0.12,0.1,0.0001,1.0,0.1,10.0,1000,0,0.0,87.59382810984958,0.0,3596.323269437408
0.12,0.1,0.0001,1.0,0.1,100.0,1000,0,0.0,4.233794111637314,0.0,19.572858614489828
0.12,0.1,0.0001,1.0,0.1,1000.0,1000,0,0.0,0.21088053630324485,0.0,0.0030909736806158596
0.12,0.1,0.0001,1.0,0.5,10.0,1000,0,0.0,79.93891672282962,0.0,5997.8486319481235
0.12,0.1,0.0001,1.0,0.5,100.0,1000,0,0.0,19.247899687317886,0.0,670.4819424317631
0.12,0.1,0.0001,1.0,0.5,1000.0,1000,0,0.0,0.22200910946342564,0.0,0.0036238044612358364
0.12,0.1,0.0001,1.0,1.0,10.0,1000,0,0.0,55.575931392226195,0.0,1244.0969921317549
0.12,0.1,0.0001,1.0,1.0,100.0,1000,0,0.0,55.3990250549571,0.0,3611.797799179211
0.12,0.1,0.0001,1.0,1.0,1000.0,1000,0,0.0,0.22573538244775967,0.0,0.0036785156874436357
0.12,0.1,0.0001,1.0,1.5,10.0,999,1,0.8299319727891157,68.44633749487582,0.0,2552.8792908457763
0.12,0.1,0.0001,1.0,1.5,100.0,995,5,0.7852215845826992,116.16401972382714,0.0010122145042635198,6972.260861572551
0.12,0.1,0.0001,1.0,1.5,1000.0,998,2,0.793010752688172,0.22643416538829425,7.226268932824591e-06,0.003907822739086496
0.12,0.1,0.0001,1.0,2.0,10.0,991,9,0.8257773490474075,66.9100821857749,0.0008961314501542912,2075.7792771967815
0.12,0.1,0.0001,1.0,2.0,100.0,979,21,0.7612506644740192,135.76282256221646,0.051071730579174336,4932.335740746967
0.12,0.1,0.0001,1.0,2.0,1000.0,983,17,0.8393403336523881,0.22429483547276924,0.001621544744630593,0.0034613423996876875
0.12,0.1,0.003,1e-05,0.1,10.0,1000,0,0.0,0.4144660930415464,0.0,0.2719189136503751
0.12,0.1,0.003,1e-05,0.1,100.0,1000,0,0.0,0.019669609956511125,0.0,0.0011149274171336856
0.12,0.1,0.003,1e-05,0.1,1000.0,1000,0,0.0,0.00031521414190298586,0.0,3.088248170167564e-07
0.12,0.1,0.003,1e-05,0.5,10.0,1000,0,0.0,0.4424336768480356,0.0,0.43227397183528526
0.12,0.1,0.003,1e-05,0.5,100.0,1000,0,0.0,0.018115575486242513,0.0,0.0005448372484541821
0.12,0.1,0.003,1e-05,0.5,1000.0,1000,0,0.0,0.00030509602209222256,0.0,8.448330562254935e-08
0.12,0.1,0.003,1e-05,1.0,10.0,1000,0,0.0,0.42575900102439834,0.0,0.3892682268727722
0.12,0.1,0.003,1e-05,1.0,100.0,1000,0,0.0,0.01813368129018698,0.0,0.0004962012482115744
0.12,0.1,0.003,1e-05,1.0,1000.0,1000,0,0.0,0.00031869674918557776,0.0,1.9503100983851008e-07
0.12,0.1,0.003,1e-05,1.5,10.0,1000,0,0.0,0.40566486923524075,0.0,0.3465590120866882
0.12,0.1,0.003,1e-05,1.5,100.0,1000,0,0.0,0.019586857506256192,0.0,0.000641822487216095
0.12,0.1,0.003,1e-05,1.5,1000.0,1000,0,0.0,0.0003104980519226999,0.0,9.399252796925288e-08
0.12,0.1,0.003,1e-05,2.0,10.0,1000,0,0.0,0.42584228000851776,0.0,0.45965708532034527
0.12,0.1,0.003,1e-05,2.0,100.0,1000,0,0.0,0.01810197122018897,0.0,0.0004123279845502017
0.12,0.1,0.003,1e-05,2.0,1000.0,1000,0,0.0,0.0003422632606104302,0.0,8.234659347503e-07
0.12,0.1,0.003,0.001,0.1,10.0,1000,0,0.0,0.4211483382402441,0.0,0.35680473967974635
0.12,0.1,0.003,0.001,0.1,100.0,1000,0,0.0,0.019289480268500105,0.0,0.0006018126195456333
0.12,0.1,0.003,0.001,0.1,1000.0,1000,0,0.0,0.00035828277678790664,0.0,1.4878175679354592e-06
0.12,0.1,0.003,0.001,0.5,10.0,1000,0,0.0,0.4074754349457521,0.0,0.40100141962101166
0.12,0.1,0.003,0.001,0.5,100.0,1000,0,0.0,0.018828017631596104,0.0,0.00042813869123035616
0.12,0.1,0.003,0.001,0.5,1000.0,1000,0,0.0,0.0002964369026911128,0.0,8.537903112875289e-08
0.12,0.1,0.003,0.001,1.0,10.0,1000,0,0.0,0.4107561389312848,0.0,0.4079961848322536
0.12,0.1,0.003,0.001,1.0,100.0,1000,0,0.0,0.018205169364432786,0.0,0.00031063091043595004
0.12,0.1,0.003,0.001,1.0,1000.0,1000,0,0.0,0.0003075969449037481,0.0,9.554431644933956e-08
0.12,0.1,0.003,0.001,1.5,10.0,1000,0,0.0,0.41904840349352,0.0,0.38864419113819804
0.12,0.1,0.003,0.001,1.5,100.0,1000,0,0.0,0.019581455433115742,0.0,0.0005654781086895299
0.12,0.1,0.003,0.001,1.5,1000.0,1000,0,0.0,0.00031497337833088953,0.0,1.0402989122540079e-07
0.12,0.1,0.003,0.001,2.0,10.0,1000,0,0.0,0.4021382176096281,0.0,0.27328900280073626
0.12,0.1,0.003,0.001,2.0,100.0,1000,0,0.0,0.01900974949957703,0.0,0.0007836940805320655
0.12,0.1,0.003,0.001,2.0,1000.0,1000,0,0.0,0.00030242618318837425,0.0,1.7381652288301807e-07
0.12,0.1,0.003,0.1,0.1,10.0,1000,0,0.0,0.36250537266954824,0.0,0.3525101438287994
0.12,0.1,0.003,0.1,0.1,100.0,1000,0,0.0,0.014409953848843205,0.0,0.0002398571319848757
0.12,0.1,0.003,0.1,0.1,1000.0,1000,0,0.0,0.0002912858730393989,0.0,8.664557999811882e-08
0.12,0.1,0.003,0.1,0.5,10.0,1000,0,0.0,0.33998830955968695,0.0,0.2822426645446765
0.12,0.1,0.003,0.1,0.5,100.0,1000,0,0.0,0.015964949708655432,0.0,0.00036209478650160677
0.12,0.1,0.003,0.1,0.5,1000.0,1000,0,0.0,0.0003045610300387378,0.0,1.6666318960700206e-07
0.12,0.1,0.003,0.1,1.0,10.0,1000,0,0.0,0.33148246802544884,0.0,0.23175408758553584
0.12,0.1,0.003,0.1,1.0,100.0,1000,0,0.0,0.016105778277063117,0.0,0.00034305910965915876
0.12,0.1,0.003,0.1,1.0,1000.0,1000,0,0.0,0.0002786166898062489,0.0,8.178790422090136e-08
0.12,0.1,0.003,0.1,1.5,10.0,1000,0,0.0,0.30811835969394835,0.0,0.16139015684448266
0.12,0.1,0.003,0.1,1.5,100.0,1000,0,0.0,0.015370511690541612,0.0,0.00034667233357979596
0.12,0.1,0.003,0.1,1.5,1000.0,1000,0,0.0,0.00030051947617032616,0.0,8.177687517749283e-08
0.12,0.1,0.003,0.1,2.0,10.0,1000,0,0.0,0.3316007128322534,0.0,0.2483392844080608
0.12,0.1,0.003,0.1,2.0,100.0,1000,0,0.0,0.016140512966912653,0.0,0.0005412810550599727
0.12,0.1,0.003,0.1,2.0,1000.0,1000,0,0.0,0.0003016844881838192,0.0,2.1359109990140374e-07
0.12,0.1,0.003,1.0,0.1,10.0,1000,0,0.0,0.19850675829520037,0.0,0.24478002247451672
0.12,0.1,0.003,1.0,0.1,100.0,1000,0,0.0,0.007663819574703068,0.0,0.00021990074566849045
0.12,0.1,0.003,1.0,0.1,1000.0,1000,0,0.0,0.00024632813801754724,0.0,1.5513668743147027e-07
0.12,0.1,0.003,1.0,0.5,10.0,1000,0,0.0,0.16687720148111893,0.0,0.20995004081903865
0.12,0.1,0.003,1.0,0.5,100.0,1000,0,0.0,0.0070285939573969565,0.0,0.0001229821642376561
0.12,0.1,0.003,1.0,0.5,1000.0,1000,0,0.0,0.0002497788034781861,0.0,1.1261536907516231e-07
0.12,0.1,0.003,1.0,1.0,10.0,1000,0,0.0,0.1689157966729582,0.0,0.2493960456593504
0.12,0.1,0.003,1.0,1.0,100.0,1000,0,0.0,0.007700100482054914,0.0,0.00020146186740933108
0.12,0.1,0.003,1.0,1.0,1000.0,1000,0,0.0,0.0002446519392343532,0.0,3.846910710236099e-07
0.12,0.1,0.003,1.0,1.5,10.0,1000,0,0.0,0.18328390209019654,0.0,0.196877318974384
0.12,0.1,0.003,1.0,1.5,100.0,1000,0,0.0,0.006681373297118648,0.0,0.00012558580381756755
0.12,0.1,0.003,1.0,1.5,1000.0,1000,0,0.0,0.00023671640680834215,0.0,5.456753087029517e-08
0.12,0.1,0.003,1.0,2.0,10.0,1000,0,0.0,0.15806814653407605,0.0,0.16231738585515967
0.12,0.1,0.003,1.0,2.0,100.0,1000,0,0.0,0.007098331319493816,0.0,0.00013556601269858304
0.12,0.1,0.003,1.0,2.0,1000.0,1000,0,0.0,0.00025597477258372737,0.0,1.5285869606385711e-07
0.12,0.1,0.001,1e-05,0.1,10.0,1000,0,0.0,1.4043528194937678,0.0,3.432717010320671
0.12,0.1,0.001,1e-05,0.1,100.0,1000,0,0.0,0.11103452085989336,0.0,0.012859664644652814
0.12,0.1,0.001,1e-05,0.1,1000.0,1000,0,0.0,0.010045169599643165,0.0,9.116804136123358e-05
0.12,0.1,0.001,1e-05,0.5,10.0,1000,0,0.0,1.6665973922960038,0.0,6.216871223122482
0.12,0.1,0.001,1e-05,0.5,100.0,1000,0,0.0,0.10730109874874927,0.0,0.012620624488810475
0.12,0.1,0.001,1e-05,0.5,1000.0,1000,0,0.0,0.010299882115172902,0.0,0.00012269085466448302
0.12,0.1,0.001,1e-05,1.0,10.0,1000,0,0.0,1.5430375415114774,0.0,5.761283409667962
0.12,0.1,0.001,1e-05,1.0,100.0,1000,0,0.0,0.11134908407544483,0.0,0.015586271572211076
0.12,0.1,0.001,1e-05,1.0,1000.0,1000,0,0.0,0.010370151130586756,0.0,0.00011023726645094614
0.12,0.1,0.001,1e-05,1.5,10.0,1000,0,0.0,1.47132407295978,0.0,6.162896310533565
0.12,0.1,0.001,1e-05,1.5,100.0,1000,0,0.0,0.09972914611327277,0.0,0.010443137125700974
0.12,0.1,0.001,1e-05,1.5,1000.0,1000,0,0.0,0.010117428609273933,0.0,0.00010395449888781599
0.12,0.1,0.001,1e-05,2.0,10.0,1000,0,0.0,1.5877566388622149,0.0,5.981448884063639
0.12,0.1,0.001,1e-05,2.0,100.0,1000,0,0.0,0.10380405853279379,0.0,0.012091423035567312
0.12,0.1,0.001,1e-05,2.0,1000.0,1000,0,0.0,0.010336726492842424,0.0,0.00011870977389920045
0.12,0.1,0.001,0.001,0.1,10.0,1000,0,0.0,1.4235634627976737,0.0,3.273875554278056
0.12,0.1,0.001,0.001,0.1,100.0,1000,0,0.0,0.10747865982178531,0.0,0.014035072431275374
0.12,0.1,0.001,0.001,0.1,1000.0,1000,0,0.0,0.010175076006231548,0.0,0.00010544398431413335
0.12,0.1,0.001,0.001,0.5,10.0,1000,0,0.0,1.5215448286523952,0.0,4.992065864057149
0.12,0.1,0.001,0.001,0.5,100.0,1000,0,0.0,0.1069567038877007,0.0,0.012755599571568684
0.12,0.1,0.001,0.001,0.5,1000.0,1000,0,0.0,0.010122780490036162,0.0,0.0001044669461855378
0.12,0.1,0.001,0.001,1.0,10.0,1000,0,0.0,1.4475621027420074,0.0,3.920821943376707
0.12,0.1,0.001,0.001,1.0,100.0,1000,0,0.0,0.10180550784491624,0.0,0.011331390921722495
0.12,0.1,0.001,0.001,1.0,1000.0,1000,0,0.0,0.010260540790898038,0.0,9.867171464046763e-05
0.12,0.1,0.001,0.001,1.5,10.0,1000,0,0.0,1.6683764585492729,0.0,7.600334611477317
0.12,0.1,0.001,0.001,1.5,100.0,1000,0,0.0,0.10418659502902114,0.0,0.012274936813298798
0.12,0.1,0.001,0.001,1.5,1000.0,1000,0,0.0,0.01006654025569717,0.0,0.00011176688287824984
0.12,0.1,0.001,0.001,2.0,10.0,1000,0,0.0,1.3749445306279653,0.0,3.3723156422966323
0.12,0.1,0.001,0.001,2.0,100.0,1000,0,0.0,0.11122107074423668,0.0,0.013554522286693167
0.12,0.1,0.001,0.001,2.0,1000.0,1000,0,0.0,0.010030497663499527,0.0,0.00010529427672349863
0.12,0.1,0.001,0.1,0.1,10.0,1000,0,0.0,1.5058145582693887,0.0,4.6756566975678
0.12,0.1,0.001,0.1,0.1,100.0,1000,0,0.0,0.10836781682533939,0.0,0.0102466248942671
0.12,0.1,0.001,0.1,0.1,1000.0,1000,0,0.0,0.010898591750229617,0.0,0.00011860954822671954
0.12,0.1,0.001,0.1,0.5,10.0,1000,0,0.0,1.585058233411971,0.0,7.306454552228558
0.12,0.1,0.001,0.1,0.5,100.0,1000,0,0.0,0.10421643022946102,0.0,0.010590540695226493
0.12,0.1,0.001,0.1,0.5,1000.0,1000,0,0.0,0.009890712380841772,0.0,9.579546925216199e-05
0.12,0.1,0.001,0.1,1.0,10.0,1000,0,0.0,1.620465579294718,0.0,4.363474613920448
0.12,0.1,0.001,0.1,1.0,100.0,1000,0,0.0,0.10666451171308265,0.0,0.011756055002389111
0.12,0.1,0.001,0.1,1.0,1000.0,1000,0,0.0,0.010786083099667457,0.0,0.00011729203754888665
0.12,0.1,0.001,0.1,1.5,10.0,1000,0,0.0,1.7894000745165988,0.0,6.759422148070853
0.12,0.1,0.001,0.1,1.5,100.0,1000,0,0.0,0.10291122745866366,0.0,0.011261964698449093
0.12,0.1,0.001,0.1,1.5,1000.0,1000,0,0.0,0.009939894974124291,0.0,0.00010726710062930491
0.12,0.1,0.001,0.1,2.0,10.0,1000,0,0.0,1.7215889877058939,0.0,4.955587568564564
0.12,0.1,0.001,0.1,2.0,100.0,1000,0,0.0,0.10959319571386028,0.0,0.014045477677074081
0.12,0.1,0.001,0.1,2.0,1000.0,1000,0,0.0,0.009773531157038478,0.0,0.00010819455153660519
0.12,0.1,0.001,1.0,0.1,10.0,1000,0,0.0,1.4821246031957918,0.0,5.886594674486739
0.12,0.1,0.001,1.0,0.1,100.0,1000,0,0.0,0.10697980564390176,0.0,0.013528284762880616
0.12,0.1,0.001,1.0,0.1,1000.0,1000,0,0.0,0.009671279484309438,0.0,0.0001011341960459644
0.12,0.1,0.001,1.0,0.5,10.0,1000,0,0.0,2.060665493736791,0.0,8.718455124258147
0.12,0.1,0.001,1.0,0.5,100.0,1000,0,0.0,0.10406730132909857,0.0,0.013410921913886596
0.12,0.1,0.001,1.0,0.5,1000.0,1000,0,0.0,0.01004544344373282,0.0,0.00010340585526153881
0.12,0.1,0.001,1.0,1.0,10.0,1000,0,0.0,2.675125351858276,0.0,14.263851336678405
0.12,0.1,0.001,1.0,1.0,100.0,1000,0,0.0,0.11524566115758364,0.0,0.01585179077520975
0.12,0.1,0.001,1.0,1.0,1000.0,1000,0,0.0,0.010495348801222493,0.0,0.0001188149109561723
0.12,0.1,0.001,1.0,1.5,10.0,1000,0,0.0,3.0447764351474023,0.0,20.658253032098937
0.12,0.1,0.001,1.0,1.5,100.0,1000,0,0.0,0.11704949468570265,0.0,0.017958876560566495
0.12,0.1,0.001,1.0,1.5,1000.0,1000,0,0.0,0.010098383411768684,0.0,9.868424429983436e-05
0.12,0.1,0.001,1.0,2.0,10.0,1000,0,0.0,2.947558626000315,0.0,27.59213285533327
0.12,0.1,0.001,1.0,2.0,100.0,1000,0,0.0,0.12301515712008748,0.0,0.02044892915563119
0.12,0.1,0.001,1.0,2.0,1000.0,1000,0,0.0,0.00989262398639952,0.0,0.00011266611109509808
0.15,0.0,0.0003,1e-05,0.1,10.0,1000,0,0.0,0.0,0.0,0.0
0.15,0.0,0.0003,1e-05,0.1,100.0,1000,0,0.0,0.0,0.0,0.0
0.15,0.0,0.0003,1e-05,0.1,1000.0,1000,0,0.0,0.0,0.0,0.0
0.15,0.0,0.0003,1e-05,0.5,10.0,1000,0,0.0,0.0,0.0,0.0
0.15,0.0,0.0003,1e-05,0.5,100.0,1000,0,0.0,0.0,0.0,0.0
0.15,0.0,0.0003,1e-05,0.5,1000.0,1000,0,0.0,0.0,0.0,0.0
0.15,0.0,0.0003,1e-05,1.0,10.0,1000,0,0.0,0.0,0.0,0.0
0.15,0.0,0.0003,1e-05,1.0,100.0,1000,0,0.0,0.0,0.0,0.0
0.15,0.0,0.0003,1e-05,1.0,1000.0,1000,0,0.0,0.0,0.0,0.0
0.15,0.0,0.0003,1e-05,1.5,10.0,1000,0,0.0,0.0,0.0,0.0
0.15,0.0,0.0003,1e-05,1.5,100.0,1000,0,0.0,0.0,0.0,0.0
0.15,0.0,0.0003,1e-05,1.5,1000.0,1000,0,0.0,0.0,0.0,0.0
0.15,0.0,0.0003,1e-05,2.0,10.0,1000,0,0.0,0.0,0.0,0.0
0.15,0.0,0.0003,1e-05,2.0,100.0,1000,0,0.0,0.0,0.0,0.0
0.15,0.0,0.0003,1e-05,2.0,1000.0,1000,0,0.0,0.0,0.0,0.0
0.15,0.0,0.0003,0.001,0.1,10.0,1000,0,0.0,0.0,0.0,0.0
0.15,0.0,0.0003,0.001,0.1,100.0,1000,0,0.0,0.0,0.0,0.0
0.15,0.0,0.0003,0.001,0.1,1000.0,1000,0,0.0,0.0,0.0,0.0
0.15,0.0,0.0003,0.001,0.5,10.0,1000,0,0.0,0.0,0.0,0.0
0.15,0.0,0.0003,0.001,0.5,100.0,1000,0,0.0,0.0,0.0,0.0
0.15,0.0,0.0003,0.001,0.5,1000.0,1000,0,0.0,0.0,0.0,0.0
0.15,0.0,0.0003,0.001,1.0,10.0,1000,0,0.0,0.0,0.0,0.0
0.15,0.0,0.0003,0.001,1.0,100.0,1000,0,0.0,0.0,0.0,0.0
0.15,0.0,0.0003,0.001,1.0,1000.0,1000,0,0.0,0.0,0.0,0.0
0.15,0.0,0.0003,0.001,1.5,10.0,1000,0,0.0,0.0,0.0,0.0
0.15,0.0,0.0003,0.001,1.5,100.0,1000,0,0.0,0.0,0.0,0.0
0.15,0.0,0.0003,0.001,1.5,1000.0,1000,0,0.0,0.0,0.0,0.0
0.15,0.0,0.0003,0.001,2.0,10.0,1000,0,0.0,0.0,0.0,0.0
0.15,0.0,0.0003,0.001,2.0,100.0,1000,0,0.0,0.0,0.0,0.0
0.15,0.0,0.0003,0.001,2.0,1000.0,1000,0,0.0,0.0,0.0,0.0
0.15,0.0,0.0003,0.1,0.1,10.0,1000,0,0.0,0.0,0.0,0.0
0.15,0.0,0.0003,0.1,0.1,100.0,1000,0,0.0,0.0,0.0,0.0
0.15,0.0,0.0003,0.1,0.1,1000.0,1000,0,0.0,0.0,0.0,0.0
0.15,0.0,0.0003,0.1,0.5,10.0,1000,0,0.0,0.0,0.0,0.0
0.15,0.0,0.0003,0.1,0.5,100.0,1000,0,0.0,0.0,0.0,0.0
0.15,0.0,0.0003,0.1,0.5,1000.0,1000,0,0.0,0.0,0.0,0.0
0.15,0.0,0.0003,0.1,1.0,10.0,1000,0,0.0,0.0,0.0,0.0
0.15,0.0,0.0003,0.1,1.0,100.0,1000,0,0.0,0.0,0.0,0.0
0.15,0.0,0.0003,0.1,1.0,1000.0,1000,0,0.0,0.0,0.0,0.0
0.15,0.0,0.0003,0.1,1.5,10.0,1000,0,0.0,0.0,0.0,0.0
0.15,0.0,0.0003,0.1,1.5,100.0,1000,0,0.0,0.0,0.0,0.0
0.15,0.0,0.0003,0.1,1.5,1000.0,1000,0,0.0,0.0,0.0,0.0
0.15,0.0,0.0003,0.1,2.0,10.0,1000,0,0.0,0.0,0.0,0.0
0.15,0.0,0.0003,0.1,2.0,100.0,1000,0,0.0,0.0,0.0,0.0
0.15,0.0,0.0003,0.1,2.0,1000.0,1000,0,0.0,0.0,0.0,0.0
0.15,0.0,0.0003,1.0,0.1,10.0,1000,0,0.0,28.53831782159667,0.0,0.056774512044768084
0.15,0.0,0.0003,1.0,0.1,100.0,1000,0,0.0,6.958225928288005,0.0,0.0
0.15,0.0,0.0003,1.0,0.1,1000.0,1000,0,0.0,0.0,0.0,0.0
0.15,0.0,0.0003,1.0,0.5,10.0,1000,0,0.0,6.643616380909826,0.0,0.0
0.15,0.0,0.0003,1.0,0.5,100.0,1000,0,0.0,0.0,0.0,0.0
0.15,0.0,0.0003,1.0,0.5,1000.0,1000,0,0.0,0.0,0.0,0.0
0.15,0.0,0.0003,1.0,1.0,10.0,1000,0,0.0,0.0,0.0,0.0
0.15,0.0,0.0003,1.0,1.0,100.0,1000,0,0.0,0.0,0.0,0.0
0.15,0.0,0.0003,1.0,1.0,1000.0,1000,0,0.0,0.0,0.0,0.0
0.15,0.0,0.0003,1.0,1.5,10.0,1000,0,0.0,0.0,0.0,0.0
0.15,0.0,0.0003,1.0,1.5,100.0,1000,0,0.0,0.0,0.0,0.0
0.15,0.0,0.0003,1.0,1.5,1000.0,1000,0,0.0,0.0,0.0,0.0
0.15,0.0,0.0003,1.0,2.0,10.0,1000,0,0.0,0.0,0.0,0.0
0.15,0.0,0.0003,1.0,2.0,100.0,1000,0,0.0,0.0,0.0,0.0
0.15,0.0,0.0003,1.0,2.0,1000.0,1000,0,0.0,0.0,0.0,0.0
0.15,0.0,0.0001,1e-05,0.1,10.0,1000,0,0.0,0.0,0.0,0.0
0.15,0.0,0.0001,1e-05,0.1,100.0,1000,0,0.0,0.0,0.0,0.0
0.15,0.0,0.0001,1e-05,0.1,1000.0,1000,0,0.0,0.0,0.0,0.0
0.15,0.0,0.0001,1e-05,0.5,10.0,1000,0,0.0,0.0,0.0,0.0
0.15,0.0,0.0001,1e-05,0.5,100.0,1000,0,0.0,0.0,0.0,0.0
0.15,0.0,0.0001,1e-05,0.5,1000.0,1000,0,0.0,0.0,0.0,0.0
0.15,0.0,0.0001,1e-05,1.0,10.0,1000,0,0.0,0.0,0.0,0.0
0.15,0.0,0.0001,1e-05,1.0,100.0,1000,0,0.0,0.0,0.0,0.0
0.15,0.0,0.0001,1e-05,1.0,1000.0,1000,0,0.0,0.0,0.0,0.0
0.15,0.0,0.0001,1e-05,1.5,10.0,1000,0,0.0,0.0,0.0,0.0
0.15,0.0,0.0001,1e-05,1.5,100.0,1000,0,0.0,0.0,0.0,0.0
0.15,0.0,0.0001,1e-05,1.5,1000.0,1000,0,0.0,0.0,0.0,0.0
0.15,0.0,0.0001,1e-05,2.0,10.0,1000,0,0.0,0.0,0.0,0.0
0.15,0.0,0.0001,1e-05,2.0,100.0,1000,0,0.0,0.0,0.0,0.0
0.15,0.0,0.0001,1e-05,2.0,1000.0,1000,0,0.0,0.0,0.0,0.0
0.15,0.0,0.0001,0.001,0.1,10.0,1000,0,0.0,0.0,0.0,0.0
0.15,0.0,0.0001,0.001,0.1,100.0,1000,0,0.0,0.0,0.0,0.0
0.15,0.0,0.0001,0.001,0.1,1000.0,1000,0,0.0,0.0,0.0,0.0
0.15,0.0,0.0001,0.001,0.5,10.0,1000,0,0.0,0.0,0.0,0.0
0.15,0.0,0.0001,0.001,0.5,100.0,1000,0,0.0,0.0,0.0,0.0
0.15,0.0,0.0001,0.001,0.5,1000.0,1000,0,0.0,0.0,0.0,0.0
0.15,0.0,0.0001,0.001,1.0,10.0,1000,0,0.0,0.0,0.0,0.0
0.15,0.0,0.0001,0.001,1.0,100.0,1000,0,0.0,0.0,0.0,0.0
0.15,0.0,0.0001,0.001,1.0,1000.0,1000,0,0.0,0.0,0.0,0.0
0.15,0.0,0.0001,0.001,1.5,10.0,1000,0,0.0,0.0,0.0,0.0
0.15,0.0,0.0001,0.001,1.5,100.0,1000,0,0.0,0.0,0.0,0.0
0.15,0.0,0.0001,0.001,1.5,1000.0,1000,0,0.0,0.0,0.0,0.0
0.15,0.0,0.0001,0.001,2.0,10.0,1000,0,0.0,0.0,0.0,0.0
0.15,0.0,0.0001,0.001,2.0,100.0,1000,0,0.0,0.0,0.0,0.0
0.15,0.0,0.0001,0.001,2.0,1000.0,1000,0,0.0,0.0,0.0,0.0
0.15,0.0,0.0001,0.1,0.1,10.0,1000,0,0.0,0.0,0.0,0.0
0.15,0.0,0.0001,0.1,0.1,100.0,1000,0,0.0,0.0,0.0,0.0
0.15,0.0,0.0001,0.1,0.1,1000.0,1000,0,0.0,0.0,0.0,0.0
0.15,0.0,0.0001,0.1,0.5,10.0,1000,0,0.0,0.0,0.0,0.0
0.15,0.0,0.0001,0.1,0.5,100.0,1000,0,0.0,0.0,0.0,0.0
0.15,0.0,0.0001,0.1,0.5,1000.0,1000,0,0.0,0.0,0.0,0.0
0.15,0.0,0.0001,0.1,1.0,10.0,1000,0,0.0,0.0,0.0,0.0
0.15,0.0,0.0001,0.1,1.0,100.0,1000,0,0.0,0.0,0.0,0.0
0.15,0.0,0.0001,0.1,1.0,1000.0,1000,0,0.0,0.0,0.0,0.0
0.15,0.0,0.0001,0.1,1.5,10.0,1000,0,0.0,0.0,0.0,0.0
0.15,0.0,0.0001,0.1,1.5,100.0,1000,0,0.0,0.0,0.0,0.0
0.15,0.0,0.0001,0.1,1.5,1000.0,1000,0,0.0,0.0,0.0,0.0
0.15,0.0,0.0001,0.1,2.0,10.0,1000,0,0.0,0.0,0.0,0.0
0.15,0.0,0.0001,0.1,2.0,100.0,1000,0,0.0,0.0,0.0,0.0
0.15,0.0,0.0001,0.1,2.0,1000.0,1000,0,0.0,0.0,0.0,0.0
0.15,0.0,0.0001,1.0,0.1,10.0,1000,0,0.0,0.0,0.0,0.0
0.15,0.0,0.0001,1.0,0.1,100.0,1000,0,0.0,0.0,0.0,0.0
0.15,0.0,0.0001,1.0,0.1,1000.0,1000,0,0.0,0.0,0.0,0.0
0.15,0.0,0.0001,1.0,0.5,10.0,1000,0,0.0,0.0,0.0,0.0
0.15,0.0,0.0001,1.0,0.5,100.0,1000,0,0.0,0.0,0.0,0.0
0.15,0.0,0.0001,1.0,0.5,1000.0,1000,0,0.0,0.0,0.0,0.0
0.15,0.0,0.0001,1.0,1.0,10.0,1000,0,0.0,0.0,0.0,0.0
0.15,0.0,0.0001,1.0,1.0,100.0,1000,0,0.0,0.0,0.0,0.0
0.15,0.0,0.0001,1.0,1.0,1000.0,1000,0,0.0,0.0,0.0,0.0
0.15,0.0,0.0001,1.0,1.5,10.0,1000,0,0.0,0.0,0.0,0.0
0.15,0.0,0.0001,1.0,1.5,100.0,1000,0,0.0,0.0,0.0,0.0
0.15,0.0,0.0001,1.0,1.5,1000.0,1000,0,0.0,0.0,0.0,0.0
0.15,0.0,0.0001,1.0,2.0,10.0,1000,0,0.0,0.0,0.0,0.0
0.15,0.0,0.0001,1.0,2.0,100.0,1000,0,0.0,0.0,0.0,0.0
0.15,0.0,0.0001,1.0,2.0,1000.0,1000,0,0.0,0.0,0.0,0.0
0.15,0.0,0.003,1e-05,0.1,10.0,1000,0,0.0,0.0,0.0,0.0
0.15,0.0,0.003,1e-05,0.1,100.0,1000,0,0.0,0.0,0.0,0.0
0.15,0.0,0.003,1e-05,0.1,1000.0,1000,0,0.0,0.0,0.0,0.0
0.15,0.0,0.003,1e-05,0.5,10.0,1000,0,0.0,0.0,0.0,0.0
0.15,0.0,0.003,1e-05,0.5,100.0,1000,0,0.0,0.0,0.0,0.0
0.15,0.0,0.003,1e-05,0.5,1000.0,1000,0,0.0,0.0,0.0,0.0
0.15,0.0,0.003,1e-05,1.0,10.0,1000,0,0.0,55.821386712010224,0.0,0.0
0.15,0.0,0.003,1e-05,1.0,100.0,1000,0,0.0,0.0,0.0,0.0
0.15,0.0,0.003,1e-05,1.0,1000.0,1000,0,0.0,0.0,0.0,0.0
0.15,0.0,0.003,1e-05,1.5,10.0,1000,0,0.0,0.0,0.0,0.0
0.15,0.0,0.003,1e-05,1.5,100.0,1000,0,0.0,0.0,0.0,0.0
0.15,0.0,0.003,1e-05,1.5,1000.0,1000,0,0.0,0.0,0.0,0.0
0.15,0.0,0.003,1e-05,2.0,10.0,1000,0,0.0,0.0,0.0,0.0
0.15,0.0,0.003,1e-05,2.0,100.0,1000,0,0.0,0.0,0.0,0.0
0.15,0.0,0.003,1e-05,2.0,1000.0,1000,0,0.0,0.0,0.0,0.0
0.15,0.0,0.003,0.001,0.1,10.0,1000,0,0.0,10.53853658802252,0.0,51.50697266930268
0.15,0.0,0.003,0.001,0.1,100.0,1000,0,0.0,4.292921887870927,0.0,3.2407400056145383
0.15,0.0,0.003,0.001,0.1,1000.0,1000,0,0.0,2.691360242036382,0.0,6.16804164123645
0.15,0.0,0.003,0.001,0.5,10.0,1000,0,0.0,3.8729274726515834,0.0,10.994116329463576
0.15,0.0,0.003,0.001,0.5,100.0,1000,0,0.0,0.0,0.0,0.0
0.15,0.0,0.003,0.001,0.5,1000.0,1000,0,0.0,4.363021349472679,0.0,0.0
0.15,0.0,0.003,0.001,1.0,10.0,1000,0,0.0,0.0,0.0,0.0
0.15,0.0,0.003,0.001,1.0,100.0,1000,0,0.0,3.0604981583003807,0.0,0.0
0.15,0.0,0.003,0.001,1.0,1000.0,1000,0,0.0,0.0,0.0,0.0
0.15,0.0,0.003,0.001,1.5,10.0,1000,0,0.0,0.0,0.0,0.0
0.15,0.0,0.003,0.001,1.5,100.0,1000,0,0.0,0.0,0.0,0.0
0.15,0.0,0.003,0.001,1.5,1000.0,1000,0,0.0,0.0,0.0,0.0
0.15,0.0,0.003,0.001,2.0,10.0,1000,0,0.0,0.0,0.0,0.0
0.15,0.0,0.003,0.001,2.0,100.0,1000,0,0.0,0.0,0.0,0.0
0.15,0.0,0.003,0.001,2.0,1000.0,1000,0,0.0,0.0,0.0,0.0
0.15,0.0,0.003,0.1,0.1,10.0,1000,0,0.0,3.218508488678088,0.0,12.407343096641247
0.15,0.0,0.003,0.1,0.1,100.0,1000,0,0.0,2.7405855916857207,0.0,10.412227061419708
0.15,0.0,0.003,0.1,0.1,1000.0,1000,0,0.0,1.5772757480806805,0.0,3.0191587244416502
0.15,0.0,0.003,0.1,0.5,10.0,1000,0,0.0,3.9620754449178586,0.0,18.14157625862084
0.15,0.0,0.003,0.1,0.5,100.0,1000,0,0.0,3.339877098896651,0.0,9.357024590782546
0.15,0.0,0.003,0.1,0.5,1000.0,1000,0,0.0,3.0462227137113382,0.0,8.715454873981459
0.15,0.0,0.003,0.1,1.0,10.0,1000,0,0.0,5.213721851788215,0.0,23.45700683620931
0.15,0.0,0.003,0.1,1.0,100.0,1000,0,0.0,3.9302163427662533,0.0,7.763300440539761
0.15,0.0,0.003,0.1,1.0,1000.0,1000,0,0.0,0.0,0.0,0.0
0.15,0.0,0.003,0.1,1.5,10.0,1000,0,0.0,5.012259049540918,0.0,19.6806573016013
0.15,0.0,0.003,0.1,1.5,100.0,1000,0,0.0,5.713268957772868,0.0,0.0
0.15,0.0,0.003,0.1,1.5,1000.0,1000,0,0.0,0.0,0.0,0.0
0.15,0.0,0.003,0.1,2.0,10.0,1000,0,0.0,5.867983564119609,0.0,25.132564933901826
0.15,0.0,0.003,0.1,2.0,100.0,1000,0,0.0,0.0,0.0,0.0
0.15,0.0,0.003,0.1,2.0,1000.0,1000,0,0.0,0.0,0.0,0.0
0.15,0.0,0.003,1.0,0.1,10.0,1000,0,0.0,0.5236089190823794,0.0,0.23168776162394167
0.15,0.0,0.003,1.0,0.1,100.0,1000,0,0.0,0.4835627131295279,0.0,0.23387322078505032
0.15,0.0,0.003,1.0,0.1,1000.0,1000,0,0.0,0.3295565670172598,0.0,0.10539322218629585
0.15,0.0,0.003,1.0,0.5,10.0,1000,0,0.0,0.8368588857236307,0.0,0.6998138734327034
0.15,0.0,0.003,1.0,0.5,100.0,1000,0,0.0,0.6492782516303421,0.0,0.4048746493632751
0.15,0.0,0.003,1.0,0.5,1000.0,1000,0,0.0,0.4871695362601713,0.0,0.2331085249264007
0.15,0.0,0.003,1.0,1.0,10.0,1000,0,0.0,0.9615787857186294,0.0,1.2168554366749516
0.15,0.0,0.003,1.0,1.0,100.0,1000,0,0.0,0.500823760413797,0.0,0.16285974635390582
0.15,0.0,0.003,1.0,1.0,1000.0,1000,0,0.0,1.261287279114187,0.0,0.761196467991673
0.15,0.0,0.003,1.0,1.5,10.0,1000,0,0.0,0.766958173826489,0.0,0.7305288416934913
0.15,0.0,0.003,1.0,1.5,100.0,1000,0,0.0,0.3226007554201715,0.0,0.0
0.15,0.0,0.003,1.0,1.5,1000.0,1000,0,0.0,0.0,0.0,0.0
0.15,0.0,0.003,1.0,2.0,10.0,1000,0,0.0,1.1449592351359632,0.0,1.10956743700225
0.15,0.0,0.003,1.0,2.0,100.0,1000,0,0.0,0.0,0.0,0.0
0.15,0.0,0.003,1.0,2.0,1000.0,1000,0,0.0,0.0,0.0,0.0
0.15,0.0,0.001,1e-05,0.1,10.0,1000,0,0.0,0.0,0.0,0.0
0.15,0.0,0.001,1e-05,0.1,100.0,1000,0,0.0,0.0,0.0,0.0
0.15,0.0,0.001,1e-05,0.1,1000.0,1000,0,0.0,0.0,0.0,0.0
0.15,0.0,0.001,1e-05,0.5,10.0,1000,0,0.0,0.0,0.0,0.0
0.15,0.0,0.001,1e-05,0.5,100.0,1000,0,0.0,0.0,0.0,0.0
0.15,0.0,0.001,1e-05,0.5,1000.0,1000,0,0.0,0.0,0.0,0.0
0.15,0.0,0.001,1e-05,1.0,10.0,1000,0,0.0,0.0,0.0,0.0
0.15,0.0,0.001,1e-05,1.0,100.0,1000,0,0.0,0.0,0.0,0.0
0.15,0.0,0.001,1e-05,1.0,1000.0,1000,0,0.0,0.0,0.0,0.0
0.15,0.0,0.001,1e-05,1.5,10.0,1000,0,0.0,0.0,0.0,0.0
0.15,0.0,0.001,1e-05,1.5,100.0,1000,0,0.0,0.0,0.0,0.0
0.15,0.0,0.001,1e-05,1.5,1000.0,1000,0,0.0,0.0,0.0,0.0
0.15,0.0,0.001,1e-05,2.0,10.0,1000,0,0.0,0.0,0.0,0.0
0.15,0.0,0.001,1e-05,2.0,100.0,1000,0,0.0,0.0,0.0,0.0
0.15,0.0,0.001,1e-05,2.0,1000.0,1000,0,0.0,0.0,0.0,0.0
0.15,0.0,0.001,0.001,0.1,10.0,1000,0,0.0,0.0,0.0,0.0
0.15,0.0,0.001,0.001,0.1,100.0,1000,0,0.0,0.0,0.0,0.0
0.15,0.0,0.001,0.001,0.1,1000.0,1000,0,0.0,0.0,0.0,0.0
0.15,0.0,0.001,0.001,0.5,10.0,1000,0,0.0,0.0,0.0,0.0
0.15,0.0,0.001,0.001,0.5,100.0,1000,0,0.0,0.0,0.0,0.0
0.15,0.0,0.001,0.001,0.5,1000.0,1000,0,0.0,0.0,0.0,0.0
0.15,0.0,0.001,0.001,1.0,10.0,1000,0,0.0,0.0,0.0,0.0
0.15,0.0,0.001,0.001,1.0,100.0,1000,0,0.0,0.0,0.0,0.0
0.15,0.0,0.001,0.001,1.0,1000.0,1000,0,0.0,0.0,0.0,0.0
0.15,0.0,0.001,0.001,1.5,10.0,1000,0,0.0,0.0,0.0,0.0
0.15,0.0,0.001,0.001,1.5,100.0,1000,0,0.0,0.0,0.0,0.0
0.15,0.0,0.001,0.001,1.5,1000.0,1000,0,0.0,0.0,0.0,0.0
0.15,0.0,0.001,0.001,2.0,10.0,1000,0,0.0,0.0,0.0,0.0
0.15,0.0,0.001,0.001,2.0,100.0,1000,0,0.0,0.0,0.0,0.0
0.15,0.0,0.001,0.001,2.0,1000.0,1000,0,0.0,0.0,0.0,0.0
0.15,0.0,0.001,0.1,0.1,10.0,1000,0,0.0,8.891659650460563,0.0,15.202518222658322
0.15,0.0,0.001,0.1,0.1,100.0,1000,0,0.0,11.12095060296229,0.0,67.59978917655764
0.15,0.0,0.001,0.1,0.1,1000.0,1000,0,0.0,0.0,0.0,0.0
0.15,0.0,0.001,0.1,0.5,10.0,1000,0,0.0,18.665697769402588,0.0,76.20118070903523
0.15,0.0,0.001,0.1,0.5,100.0,1000,0,0.0,0.0,0.0,0.0
0.15,0.0,0.001,0.1,0.5,1000.0,1000,0,0.0,0.0,0.0,0.0
0.15,0.0,0.001,0.1,1.0,10.0,1000,0,0.0,0.0,0.0,0.0
0.15,0.0,0.001,0.1,1.0,100.0,1000,0,0.0,0.0,0.0,0.0
0.15,0.0,0.001,0.1,1.0,1000.0,1000,0,0.0,0.0,0.0,0.0
0.15,0.0,0.001,0.1,1.5,10.0,1000,0,0.0,0.0,0.0,0.0
0.15,0.0,0.001,0.1,1.5,100.0,1000,0,0.0,0.0,0.0,0.0
0.15,0.0,0.001,0.1,1.5,1000.0,1000,0,0.0,0.0,0.0,0.0
0.15,0.0,0.001,0.1,2.0,10.0,1000,0,0.0,0.0,0.0,0.0
0.15,0.0,0.001,0.1,2.0,100.0,1000,0,0.0,0.0,0.0,0.0
0.15,0.0,0.001,0.1,2.0,1000.0,1000,0,0.0,0.0,0.0,0.0
0.15,0.0,0.001,1.0,0.1,10.0,1000,0,0.0,2.5234333774386553,0.0,3.455222186438875
0.15,0.0,0.001,1.0,0.1,100.0,1000,0,0.0,1.719716194368746,0.0,0.6078103933079985
0.15,0.0,0.001,1.0,0.1,1000.0,1000,0,0.0,2.3346529035060875,0.0,3.4715604659471184
0.15,0.0,0.001,1.0,0.5,10.0,1000,0,0.0,2.390086930481574,0.0,2.8502786785308736
0.15,0.0,0.001,1.0,0.5,100.0,1000,0,0.0,0.0,0.0,0.0
0.15,0.0,0.001,1.0,0.5,1000.0,1000,0,0.0,0.0,0.0,0.0
0.15,0.0,0.001,1.0,1.0,10.0,1000,0,0.0,2.326361662906907,0.0,3.4817288655347682
0.15,0.0,0.001,1.0,1.0,100.0,1000,0,0.0,0.0,0.0,0.0
0.15,0.0,0.001,1.0,1.0,1000.0,1000,0,0.0,0.0,0.0,0.0
0.15,0.0,0.001,1.0,1.5,10.0,1000,0,0.0,0.0,0.0,0.0
0.15,0.0,0.001,1.0,1.5,100.0,1000,0,0.0,0.0,0.0,0.0
0.15,0.0,0.001,1.0,1.5,1000.0,1000,0,0.0,0.0,0.0,0.0
0.15,0.0,0.001,1.0,2.0,10.0,1000,0,0.0,0.0,0.0,0.0
0.15,0.0,0.001,1.0,2.0,100.0,1000,0,0.0,0.0,0.0,0.0
0.15,0.0,0.001,1.0,2.0,1000.0,1000,0,0.0,0.0,0.0,0.0
0.15,1e-05,0.0003,1e-05,0.1,10.0,1000,0,0.0,0.0,0.0,0.0
0.15,1e-05,0.0003,1e-05,0.1,100.0,1000,0,0.0,0.0,0.0,0.0
0.15,1e-05,0.0003,1e-05,0.1,1000.0,1000,0,0.0,0.0,0.0,0.0
0.15,1e-05,0.0003,1e-05,0.5,10.0,1000,0,0.0,0.0,0.0,0.0
0.15,1e-05,0.0003,1e-05,0.5,100.0,1000,0,0.0,0.0,0.0,0.0
0.15,1e-05,0.0003,1e-05,0.5,1000.0,1000,0,0.0,0.0,0.0,0.0
0.15,1e-05,0.0003,1e-05,1.0,10.0,1000,0,0.0,0.0,0.0,0.0
0.15,1e-05,0.0003,1e-05,1.0,100.0,1000,0,0.0,0.0,0.0,0.0
0.15,1e-05,0.0003,1e-05,1.0,1000.0,1000,0,0.0,0.0,0.0,0.0
0.15,1e-05,0.0003,1e-05,1.5,10.0,1000,0,0.0,0.0,0.0,0.0
0.15,1e-05,0.0003,1e-05,1.5,100.0,1000,0,0.0,0.0,0.0,0.0
0.15,1e-05,0.0003,1e-05,1.5,1000.0,1000,0,0.0,0.0,0.0,0.0
0.15,1e-05,0.0003,1e-05,2.0,10.0,1000,0,0.0,0.0,0.0,0.0
0.15,1e-05,0.0003,1e-05,2.0,100.0,1000,0,0.0,0.0,0.0,0.0
0.15,1e-05,0.0003,1e-05,2.0,1000.0,1000,0,0.0,0.0,0.0,0.0
0.15,1e-05,0.0003,0.001,0.1,10.0,1000,0,0.0,0.0,0.0,0.0
0.15,1e-05,0.0003,0.001,0.1,100.0,1000,0,0.0,0.0,0.0,0.0
0.15,1e-05,0.0003,0.001,0.1,1000.0,1000,0,0.0,0.0,0.0,0.0
0.15,1e-05,0.0003,0.001,0.5,10.0,1000,0,0.0,0.0,0.0,0.0
0.15,1e-05,0.0003,0.001,0.5,100.0,1000,0,0.0,0.0,0.0,0.0
0.15,1e-05,0.0003,0.001,0.5,1000.0,1000,0,0.0,0.0,0.0,0.0
0.15,1e-05,0.0003,0.001,1.0,10.0,1000,0,0.0,0.0,0.0,0.0
0.15,1e-05,0.0003,0.001,1.0,100.0,1000,0,0.0,0.0,0.0,0.0
0.15,1e-05,0.0003,0.001,1.0,1000.0,1000,0,0.0,0.0,0.0,0.0
0.15,1e-05,0.0003,0.001,1.5,10.0,1000,0,0.0,0.0,0.0,0.0
0.15,1e-05,0.0003,0.001,1.5,100.0,1000,0,0.0,0.0,0.0,0.0
0.15,1e-05,0.0003,0.001,1.5,1000.0,1000,0,0.0,0.0,0.0,0.0
0.15,1e-05,0.0003,0.001,2.0,10.0,1000,0,0.0,0.0,0.0,0.0
0.15,1e-05,0.0003,0.001,2.0,100.0,1000,0,0.0,0.0,0.0,0.0
0.15,1e-05,0.0003,0.001,2.0,1000.0,1000,0,0.0,0.0,0.0,0.0
0.15,1e-05,0.0003,0.1,0.1,10.0,1000,0,0.0,0.0,0.0,0.0
0.15,1e-05,0.0003,0.1,0.1,100.0,1000,0,0.0,0.0,0.0,0.0
0.15,1e-05,0.0003,0.1,0.1,1000.0,1000,0,0.0,0.0,0.0,0.0
0.15,1e-05,0.0003,0.1,0.5,10.0,1000,0,0.0,0.0,0.0,0.0
0.15,1e-05,0.0003,0.1,0.5,100.0,1000,0,0.0,0.0,0.0,0.0
0.15,1e-05,0.0003,0.1,0.5,1000.0,1000,0,0.0,0.0,0.0,0.0
0.15,1e-05,0.0003,0.1,1.0,10.0,1000,0,0.0,0.0,0.0,0.0
0.15,1e-05,0.0003,0.1,1.0,100.0,1000,0,0.0,0.0,0.0,0.0
0.15,1e-05,0.0003,0.1,1.0,1000.0,1000,0,0.0,0.0,0.0,0.0
0.15,1e-05,0.0003,0.1,1.5,10.0,1000,0,0.0,0.0,0.0,0.0
0.15,1e-05,0.0003,0.1,1.5,100.0,1000,0,0.0,0.0,0.0,0.0
0.15,1e-05,0.0003,0.1,1.5,1000.0,1000,0,0.0,0.0,0.0,0.0
0.15,1e-05,0.0003,0.1,2.0,10.0,1000,0,0.0,0.0,0.0,0.0
0.15,1e-05,0.0003,0.1,2.0,100.0,1000,0,0.0,0.0,0.0,0.0
0.15,1e-05,0.0003,0.1,2.0,1000.0,1000,0,0.0,0.0,0.0,0.0
0.15,1e-05,0.0003,1.0,0.1,10.0,1000,0,0.0,14.057542706332068,0.0,15.924241183727048
0.15,1e-05,0.0003,1.0,0.1,100.0,1000,0,0.0,0.0,0.0,0.0
0.15,1e-05,0.0003,1.0,0.1,1000.0,1000,0,0.0,0.0,0.0,0.0
0.15,1e-05,0.0003,1.0,0.5,10.0,1000,0,0.0,16.32223794338052,0.0,0.0
0.15,1e-05,0.0003,1.0,0.5,100.0,1000,0,0.0,0.0,0.0,0.0
0.15,1e-05,0.0003,1.0,0.5,1000.0,1000,0,0.0,0.0,0.0,0.0
0.15,1e-05,0.0003,1.0,1.0,10.0,1000,0,0.0,0.0,0.0,0.0
0.15,1e-05,0.0003,1.0,1.0,100.0,1000,0,0.0,0.0,0.0,0.0
0.15,1e-05,0.0003,1.0,1.0,1000.0,1000,0,0.0,0.0,0.0,0.0
0.15,1e-05,0.0003,1.0,1.5,10.0,1000,0,0.0,0.0,0.0,0.0
0.15,1e-05,0.0003,1.0,1.5,100.0,1000,0,0.0,0.0,0.0,0.0
0.15,1e-05,0.0003,1.0,1.5,1000.0,1000,0,0.0,0.0,0.0,0.0
0.15,1e-05,0.0003,1.0,2.0,10.0,1000,0,0.0,0.0,0.0,0.0
0.15,1e-05,0.0003,1.0,2.0,100.0,1000,0,0.0,0.0,0.0,0.0
0.15,1e-05,0.0003,1.0,2.0,1000.0,1000,0,0.0,0.0,0.0,0.0
0.15,1e-05,0.0001,1e-05,0.1,10.0,1000,0,0.0,0.0,0.0,0.0
0.15,1e-05,0.0001,1e-05,0.1,100.0,1000,0,0.0,0.0,0.0,0.0
0.15,1e-05,0.0001,1e-05,0.1,1000.0,1000,0,0.0,0.0,0.0,0.0
0.15,1e-05,0.0001,1e-05,0.5,10.0,1000,0,0.0,0.0,0.0,0.0
0.15,1e-05,0.0001,1e-05,0.5,100.0,1000,0,0.0,0.0,0.0,0.0
0.15,1e-05,0.0001,1e-05,0.5,1000.0,1000,0,0.0,0.0,0.0,0.0
0.15,1e-05,0.0001,1e-05,1.0,10.0,1000,0,0.0,0.0,0.0,0.0
0.15,1e-05,0.0001,1e-05,1.0,100.0,1000,0,0.0,0.0,0.0,0.0
0.15,1e-05,0.0001,1e-05,1.0,1000.0,1000,0,0.0,0.0,0.0,0.0
0.15,1e-05,0.0001,1e-05,1.5,10.0,1000,0,0.0,0.0,0.0,0.0
0.15,1e-05,0.0001,1e-05,1.5,100.0,1000,0,0.0,0.0,0.0,0.0
0.15,1e-05,0.0001,1e-05,1.5,1000.0,1000,0,0.0,0.0,0.0,0.0
0.15,1e-05,0.0001,1e-05,2.0,10.0,1000,0,0.0,0.0,0.0,0.0
0.15,1e-05,0.0001,1e-05,2.0,100.0,1000,0,0.0,0.0,0.0,0.0
0.15,1e-05,0.0001,1e-05,2.0,1000.0,1000,0,0.0,0.0,0.0,0.0
0.15,1e-05,0.0001,0.001,0.1,10.0,1000,0,0.0,0.0,0.0,0.0
0.15,1e-05,0.0001,0.001,0.1,100.0,1000,0,0.0,0.0,0.0,0.0
0.15,1e-05,0.0001,0.001,0.1,1000.0,1000,0,0.0,0.0,0.0,0.0
0.15,1e-05,0.0001,0.001,0.5,10.0,1000,0,0.0,0.0,0.0,0.0
0.15,1e-05,0.0001,0.001,0.5,100.0,1000,0,0.0,0.0,0.0,0.0
0.15,1e-05,0.0001,0.001,0.5,1000.0,1000,0,0.0,0.0,0.0,0.0
0.15,1e-05,0.0001,0.001,1.0,10.0,1000,0,0.0,0.0,0.0,0.0
0.15,1e-05,0.0001,0.001,1.0,100.0,1000,0,0.0,0.0,0.0,0.0
0.15,1e-05,0.0001,0.001,1.0,1000.0,1000,0,0.0,0.0,0.0,0.0
0.15,1e-05,0.0001,0.001,1.5,10.0,1000,0,0.0,0.0,0.0,0.0
0.15,1e-05,0.0001,0.001,1.5,100.0,1000,0,0.0,0.0,0.0,0.0
0.15,1e-05,0.0001,0.001,1.5,1000.0,1000,0,0.0,0.0,0.0,0.0
0.15,1e-05,0.0001,0.001,2.0,10.0,1000,0,0.0,0.0,0.0,0.0
0.15,1e-05,0.0001,0.001,2.0,100.0,1000,0,0.0,0.0,0.0,0.0
0.15,1e-05,0.0001,0.001,2.0,1000.0,1000,0,0.0,0.0,0.0,0.0
0.15,1e-05,0.0001,0.1,0.1,10.0,1000,0,0.0,0.0,0.0,0.0
0.15,1e-05,0.0001,0.1,0.1,100.0,1000,0,0.0,0.0,0.0,0.0
0.15,1e-05,0.0001,0.1,0.1,1000.0,1000,0,0.0,0.0,0.0,0.0
0.15,1e-05,0.0001,0.1,0.5,10.0,1000,0,0.0,0.0,0.0,0.0
0.15,1e-05,0.0001,0.1,0.5,100.0,1000,0,0.0,0.0,0.0,0.0
0.15,1e-05,0.0001,0.1,0.5,1000.0,1000,0,0.0,0.0,0.0,0.0
0.15,1e-05,0.0001,0.1,1.0,10.0,1000,0,0.0,0.0,0.0,0.0
0.15,1e-05,0.0001,0.1,1.0,100.0,1000,0,0.0,0.0,0.0,0.0
0.15,1e-05,0.0001,0.1,1.0,1000.0,1000,0,0.0,0.0,0.0,0.0
0.15,1e-05,0.0001,0.1,1.5,10.0,1000,0,0.0,0.0,0.0,0.0
0.15,1e-05,0.0001,0.1,1.5,100.0,1000,0,0.0,0.0,0.0,0.0
0.15,1e-05,0.0001,0.1,1.5,1000.0,1000,0,0.0,0.0,0.0,0.0
0.15,1e-05,0.0001,0.1,2.0,10.0,1000,0,0.0,0.0,0.0,0.0
0.15,1e-05,0.0001,0.1,2.0,100.0,1000,0,0.0,0.0,0.0,0.0
0.15,1e-05,0.0001,0.1,2.0,1000.0,1000,0,0.0,0.0,0.0,0.0
0.15,1e-05,0.0001,1.0,0.1,10.0,1000,0,0.0,0.0,0.0,0.0
0.15,1e-05,0.0001,1.0,0.1,100.0,1000,0,0.0,0.0,0.0,0.0
0.15,1e-05,0.0001,1.0,0.1,1000.0,1000,0,0.0,0.0,0.0,0.0
0.15,1e-05,0.0001,1.0,0.5,10.0,1000,0,0.0,0.0,0.0,0.0
0.15,1e-05,0.0001,1.0,0.5,100.0,1000,0,0.0,0.0,0.0,0.0
0.15,1e-05,0.0001,1.0,0.5,1000.0,1000,0,0.0,0.0,0.0,0.0
0.15,1e-05,0.0001,1.0,1.0,10.0,1000,0,0.0,0.0,0.0,0.0
0.15,1e-05,0.0001,1.0,1.0,100.0,1000,0,0.0,0.0,0.0,0.0
0.15,1e-05,0.0001,1.0,1.0,1000.0,1000,0,0.0,0.0,0.0,0.0
0.15,1e-05,0.0001,1.0,1.5,10.0,1000,0,0.0,0.0,0.0,0.0
0.15,1e-05,0.0001,1.0,1.5,100.0,1000,0,0.0,0.0,0.0,0.0
0.15,1e-05,0.0001,1.0,1.5,1000.0,1000,0,0.0,0.0,0.0,0.0
0.15,1e-05,0.0001,1.0,2.0,10.0,1000,0,0.0,0.0,0.0,0.0
0.15,1e-05,0.0001,1.0,2.0,100.0,1000,0,0.0,0.0,0.0,0.0
0.15,1e-05,0.0001,1.0,2.0,1000.0,1000,0,0.0,0.0,0.0,0.0
0.15,1e-05,0.003,1e-05,0.1,10.0,1000,0,0.0,12.884629673362321,0.0,8.607585301809207
0.15,1e-05,0.003,1e-05,0.1,100.0,1000,0,0.0,9.62434221187296,0.0,7.769390781151154
0.15,1e-05,0.003,1e-05,0.1,1000.0,1000,0,0.0,0.15292950561479454,0.0,0.017250464184610247
0.15,1e-05,0.003,1e-05,0.5,10.0,1000,0,0.0,0.0,0.0,0.0
0.15,1e-05,0.003,1e-05,0.5,100.0,1000,0,0.0,1.3886245083960844,0.0,0.321456912294872
0.15,1e-05,0.003,1e-05,0.5,1000.0,1000,0,0.0,4.698799914791055,0.0,0.0
0.15,1e-05,0.003,1e-05,1.0,10.0,1000,0,0.0,1.459568439742892,0.0,1.6384866652803887
0.15,1e-05,0.003,1e-05,1.0,100.0,1000,0,0.0,3.9755903719365087,0.0,4.477131923916772
0.15,1e-05,0.003,1e-05,1.0,1000.0,1000,0,0.0,0.17053853331425609,0.0,0.00019683983227554273
0.15,1e-05,0.003,1e-05,1.5,10.0,1000,0,0.0,8.27740802643212,0.0,0.0
0.15,1e-05,0.003,1e-05,1.5,100.0,1000,0,0.0,2.2355425096156423,0.0,1.1628186924264983
0.15,1e-05,0.003,1e-05,1.5,1000.0,1000,0,0.0,0.10295359010745456,0.0,0.0
0.15,1e-05,0.003,1e-05,2.0,10.0,1000,0,0.0,0.7974963000374702,0.0,0.0
0.15,1e-05,0.003,1e-05,2.0,100.0,1000,0,0.0,1.1880281214662278,0.0,0.0
0.15,1e-05,0.003,1e-05,2.0,1000.0,1000,0,0.0,0.3265590190783244,0.0,0.02611003617884568
0.15,1e-05,0.003,0.001,0.1,10.0,1000,0,0.0,7.7070928676059705,0.0,61.22045587149928
0.15,1e-05,0.003,0.001,0.1,100.0,1000,0,0.0,0.60109075054516,0.0,0.01288648696141434
0.15,1e-05,0.003,0.001,0.1,1000.0,1000,0,0.0,2.0521702906398325,0.0,11.660549047910331
0.15,1e-05,0.003,0.001,0.5,10.0,1000,0,0.0,3.6196426168784446,0.0,0.0
0.15,1e-05,0.003,0.001,0.5,100.0,1000,0,0.0,3.421972373234092,0.0,0.0
0.15,1e-05,0.003,0.001,0.5,1000.0,1000,0,0.0,0.441561130357476,0.0,0.019976290496139956
0.15,1e-05,0.003,0.001,1.0,10.0,1000,0,0.0,0.0,0.0,0.0
0.15,1e-05,0.003,0.001,1.0,100.0,1000,0,0.0,4.322623162315715,0.0,27.636753539552362
0.15,1e-05,0.003,0.001,1.0,1000.0,1000,0,0.0,0.7364414405176949,0.0,0.7140514864950176
0.15,1e-05,0.003,0.001,1.5,10.0,1000,0,0.0,10.550753461242243,0.0,128.40389012630877
0.15,1e-05,0.003,0.001,1.5,100.0,1000,0,0.0,0.0,0.0,0.0
0.15,1e-05,0.003,0.001,1.5,1000.0,1000,0,0.0,0.5388422766634656,0.0,0.0
0.15,1e-05,0.003,0.001,2.0,10.0,1000,0,0.0,3.0049326169008093,0.0,0.0
0.15,1e-05,0.003,0.001,2.0,100.0,1000,0,0.0,0.0,0.0,0.0
0.15,1e-05,0.003,0.001,2.0,1000.0,1000,0,0.0,0.7396213114523925,0.0,0.38836503294734576
0.15,1e-05,0.003,0.1,0.1,10.0,1000,0,0.0,3.723448735079982,0.0,13.353905143867879
0.15,1e-05,0.003,0.1,0.1,100.0,1000,0,0.0,3.2446997493982743,0.0,81.54815835534684
0.15,1e-05,0.003,0.1,0.1,1000.0,1000,0,0.0,2.222338298798571,0.0,11.800049099539047
0.15,1e-05,0.003,0.1,0.5,10.0,1000,0,0.0,4.459220362538106,0.0,14.986516909633943
0.15,1e-05,0.003,0.1,0.5,100.0,1000,0,0.0,3.3087517319696462,0.0,16.859844007585984
0.15,1e-05,0.003,0.1,0.5,1000.0,1000,0,0.0,8.40665287956566,0.0,556.0060244133718
0.15,1e-05,0.003,0.1,1.0,10.0,1000,0,0.0,4.871933171983883,0.0,15.037373340994092
0.15,1e-05,0.003,0.1,1.0,100.0,1000,0,0.0,5.90714733316382,0.0,19.527476798281345
0.15,1e-05,0.003,0.1,1.0,1000.0,1000,0,0.0,0.03108528481084062,0.0,0.0
0.15,1e-05,0.003,0.1,1.5,10.0,1000,0,0.0,7.5583387580652515,0.0,34.503154454312046
0.15,1e-05,0.003,0.1,1.5,100.0,1000,0,0.0,4.943920703373502,0.0,39.51337178883794
0.15,1e-05,0.003,0.1,1.5,1000.0,1000,0,0.0,1.3503819410643132,0.0,2.3828256738045663
0.15,1e-05,0.003,0.1,2.0,10.0,1000,0,0.0,6.603925136734367,0.0,28.333292219960093
0.15,1e-05,0.003,0.1,2.0,100.0,1000,0,0.0,1.7273895913518078,0.0,1.5027297841705403
0.15,1e-05,0.003,0.1,2.0,1000.0,1000,0,0.0,1.4894787210902767,0.0,0.8954440103260893
0.15,1e-05,0.003,1.0,0.1,10.0,1000,0,0.0,0.5262763748483699,0.0,0.31111995834498113
0.15,1e-05,0.003,1.0,0.1,100.0,1000,0,0.0,0.5291045127855902,0.0,0.294662527151792
0.15,1e-05,0.003,1.0,0.1,1000.0,1000,0,0.0,1.326871584081919,0.0,28.18631178735636
0.15,1e-05,0.003,1.0,0.5,10.0,1000,0,0.0,0.699665797254685,0.0,0.5223843687577054
0.15,1e-05,0.003,1.0,0.5,100.0,1000,0,0.0,1.4710945169029563,0.0,41.126875323999855
0.15,1e-05,0.003,1.0,0.5,1000.0,1000,0,0.0,0.7192202620592226,0.0,0.33194142116847586
0.15,1e-05,0.003,1.0,1.0,10.0,1000,0,0.0,1.7762309925328452,0.0,53.230220469803385
0.15,1e-05,0.003,1.0,1.0,100.0,1000,0,0.0,0.9761237476213901,0.0,0.3818191915686346
0.15,1e-05,0.003,1.0,1.0,1000.0,1000,0,0.0,1.1398798173317624,0.0,0.5585322823195448
0.15,1e-05,0.003,1.0,1.5,10.0,1000,0,0.0,0.894821021382026,0.0,0.6029599481660844
0.15,1e-05,0.003,1.0,1.5,100.0,1000,0,0.0,0.4038625199943106,0.0,0.16394734135342132
0.15,1e-05,0.003,1.0,1.5,1000.0,1000,0,0.0,0.10849897089297986,0.0,0.005529056231866174
0.15,1e-05,0.003,1.0,2.0,10.0,1000,0,0.0,0.8323641545066999,0.0,0.6682940416595902
0.15,1e-05,0.003,1.0,2.0,100.0,1000,0,0.0,0.0,0.0,0.0
0.15,1e-05,0.003,1.0,2.0,1000.0,1000,0,0.0,0.24092620850501675,0.0,0.0075429953122503396
0.15,1e-05,0.001,1e-05,0.1,10.0,1000,0,0.0,0.0,0.0,0.0
0.15,1e-05,0.001,1e-05,0.1,100.0,1000,0,0.0,0.0,0.0,0.0
0.15,1e-05,0.001,1e-05,0.1,1000.0,1000,0,0.0,0.0,0.0,0.0
0.15,1e-05,0.001,1e-05,0.5,10.0,1000,0,0.0,0.0,0.0,0.0
0.15,1e-05,0.001,1e-05,0.5,100.0,1000,0,0.0,0.0,0.0,0.0
0.15,1e-05,0.001,1e-05,0.5,1000.0,1000,0,0.0,0.0,0.0,0.0
0.15,1e-05,0.001,1e-05,1.0,10.0,1000,0,0.0,0.0,0.0,0.0
0.15,1e-05,0.001,1e-05,1.0,100.0,1000,0,0.0,0.0,0.0,0.0
0.15,1e-05,0.001,1e-05,1.0,1000.0,1000,0,0.0,0.0,0.0,0.0
0.15,1e-05,0.001,1e-05,1.5,10.0,1000,0,0.0,0.0,0.0,0.0
0.15,1e-05,0.001,1e-05,1.5,100.0,1000,0,0.0,0.0,0.0,0.0
0.15,1e-05,0.001,1e-05,1.5,1000.0,1000,0,0.0,0.0,0.0,0.0
0.15,1e-05,0.001,1e-05,2.0,10.0,1000,0,0.0,0.0,0.0,0.0
0.15,1e-05,0.001,1e-05,2.0,100.0,1000,0,0.0,0.0,0.0,0.0
0.15,1e-05,0.001,1e-05,2.0,1000.0,1000,0,0.0,0.0,0.0,0.0
0.15,1e-05,0.001,0.001,0.1,10.0,1000,0,0.0,0.0,0.0,0.0
0.15,1e-05,0.001,0.001,0.1,100.0,1000,0,0.0,0.0,0.0,0.0
0.15,1e-05,0.001,0.001,0.1,1000.0,1000,0,0.0,0.0,0.0,0.0
0.15,1e-05,0.001,0.001,0.5,10.0,1000,0,0.0,0.0,0.0,0.0
0.15,1e-05,0.001,0.001,0.5,100.0,1000,0,0.0,0.0,0.0,0.0
0.15,1e-05,0.001,0.001,0.5,1000.0,1000,0,0.0,0.0,0.0,0.0
0.15,1e-05,0.001,0.001,1.0,10.0,1000,0,0.0,0.0,0.0,0.0
0.15,1e-05,0.001,0.001,1.0,100.0,1000,0,0.0,0.0,0.0,0.0
0.15,1e-05,0.001,0.001,1.0,1000.0,1000,0,0.0,0.0,0.0,0.0
0.15,1e-05,0.001,0.001,1.5,10.0,1000,0,0.0,0.0,0.0,0.0
0.15,1e-05,0.001,0.001,1.5,100.0,1000,0,0.0,0.0,0.0,0.0
0.15,1e-05,0.001,0.001,1.5,1000.0,1000,0,0.0,0.0,0.0,0.0
0.15,1e-05,0.001,0.001,2.0,10.0,1000,0,0.0,0.0,0.0,0.0
0.15,1e-05,0.001,0.001,2.0,100.0,1000,0,0.0,0.0,0.0,0.0
0.15,1e-05,0.001,0.001,2.0,1000.0,1000,0,0.0,0.0,0.0,0.0
0.15,1e-05,0.001,0.1,0.1,10.0,1000,0,0.0,9.616521833629431,0.0,21.71241765776876
0.15,1e-05,0.001,0.1,0.1,100.0,1000,0,0.0,5.844779558491105,0.0,7.284233239432926
0.15,1e-05,0.001,0.1,0.1,1000.0,1000,0,0.0,0.0,0.0,0.0
0.15,1e-05,0.001,0.1,0.5,10.0,1000,0,0.0,8.37434913381361,0.0,0.0
0.15,1e-05,0.001,0.1,0.5,100.0,1000,0,0.0,0.0,0.0,0.0
0.15,1e-05,0.001,0.1,0.5,1000.0,1000,0,0.0,0.0,0.0,0.0
0.15,1e-05,0.001,0.1,1.0,10.0,1000,0,0.0,13.879506119699695,0.0,0.0
0.15,1e-05,0.001,0.1,1.0,100.0,1000,0,0.0,0.0,0.0,0.0
0.15,1e-05,0.001,0.1,1.0,1000.0,1000,0,0.0,0.0,0.0,0.0
0.15,1e-05,0.001,0.1,1.5,10.0,1000,0,0.0,0.0,0.0,0.0
0.15,1e-05,0.001,0.1,1.5,100.0,1000,0,0.0,0.0,0.0,0.0
0.15,1e-05,0.001,0.1,1.5,1000.0,1000,0,0.0,0.0,0.0,0.0
0.15,1e-05,0.001,0.1,2.0,10.0,1000,0,0.0,0.0,0.0,0.0
0.15,1e-05,0.001,0.1,2.0,100.0,1000,0,0.0,0.0,0.0,0.0
0.15,1e-05,0.001,0.1,2.0,1000.0,1000,0,0.0,0.0,0.0,0.0
0.15,1e-05,0.001,1.0,0.1,10.0,1000,0,0.0,2.2087847487378305,0.0,2.309416641001824
0.15,1e-05,0.001,1.0,0.1,100.0,1000,0,0.0,2.1738408854965625,0.0,2.904850661755666
0.15,1e-05,0.001,1.0,0.1,1000.0,1000,0,0.0,2.271327733014887,0.0,1.744327447479497
0.15,1e-05,0.001,1.0,0.5,10.0,1000,0,0.0,2.791163571237841,0.0,1.8319303443174868
0.15,1e-05,0.001,1.0,0.5,100.0,1000,0,0.0,66.51114075570663,0.0,4379.379425715312
0.15,1e-05,0.001,1.0,0.5,1000.0,1000,0,0.0,0.0,0.0,0.0
0.15,1e-05,0.001,1.0,1.0,10.0,1000,0,0.0,1.4793864518566462,0.0,0.25050453367216924
0.15,1e-05,0.001,1.0,1.0,100.0,1000,0,0.0,0.0,0.0,0.0
0.15,1e-05,0.001,1.0,1.0,1000.0,1000,0,0.0,0.0,0.0,0.0
0.15,1e-05,0.001,1.0,1.5,10.0,1000,0,0.0,0.0,0.0,0.0
0.15,1e-05,0.001,1.0,1.5,100.0,1000,0,0.0,0.0,0.0,0.0
0.15,1e-05,0.001,1.0,1.5,1000.0,1000,0,0.0,0.0,0.0,0.0
0.15,1e-05,0.001,1.0,2.0,10.0,1000,0,0.0,0.0,0.0,0.0
0.15,1e-05,0.001,1.0,2.0,100.0,1000,0,0.0,0.0,0.0,0.0
0.15,1e-05,0.001,1.0,2.0,1000.0,1000,0,0.0,0.0,0.0,0.0
0.15,0.0001,0.0003,1e-05,0.1,10.0,1000,0,0.0,0.0,0.0,0.0
0.15,0.0001,0.0003,1e-05,0.1,100.0,1000,0,0.0,0.0,0.0,0.0
0.15,0.0001,0.0003,1e-05,0.1,1000.0,1000,0,0.0,0.0,0.0,0.0
0.15,0.0001,0.0003,1e-05,0.5,10.0,1000,0,0.0,0.0,0.0,0.0
0.15,0.0001,0.0003,1e-05,0.5,100.0,1000,0,0.0,0.0,0.0,0.0
0.15,0.0001,0.0003,1e-05,0.5,1000.0,1000,0,0.0,0.0,0.0,0.0
0.15,0.0001,0.0003,1e-05,1.0,10.0,1000,0,0.0,0.0,0.0,0.0
0.15,0.0001,0.0003,1e-05,1.0,100.0,1000,0,0.0,0.0,0.0,0.0
0.15,0.0001,0.0003,1e-05,1.0,1000.0,1000,0,0.0,0.0,0.0,0.0
0.15,0.0001,0.0003,1e-05,1.5,10.0,1000,0,0.0,0.0,0.0,0.0
0.15,0.0001,0.0003,1e-05,1.5,100.0,1000,0,0.0,0.0,0.0,0.0
0.15,0.0001,0.0003,1e-05,1.5,1000.0,1000,0,0.0,0.0,0.0,0.0
0.15,0.0001,0.0003,1e-05,2.0,10.0,1000,0,0.0,0.0,0.0,0.0
0.15,0.0001,0.0003,1e-05,2.0,100.0,1000,0,0.0,0.0,0.0,0.0
0.15,0.0001,0.0003,1e-05,2.0,1000.0,1000,0,0.0,0.0,0.0,0.0
0.15,0.0001,0.0003,0.001,0.1,10.0,1000,0,0.0,0.0,0.0,0.0
0.15,0.0001,0.0003,0.001,0.1,100.0,1000,0,0.0,0.0,0.0,0.0
0.15,0.0001,0.0003,0.001,0.1,1000.0,1000,0,0.0,0.0,0.0,0.0
0.15,0.0001,0.0003,0.001,0.5,10.0,1000,0,0.0,0.0,0.0,0.0
0.15,0.0001,0.0003,0.001,0.5,100.0,1000,0,0.0,0.0,0.0,0.0
0.15,0.0001,0.0003,0.001,0.5,1000.0,1000,0,0.0,0.0,0.0,0.0
0.15,0.0001,0.0003,0.001,1.0,10.0,1000,0,0.0,0.0,0.0,0.0
0.15,0.0001,0.0003,0.001,1.0,100.0,1000,0,0.0,0.0,0.0,0.0
0.15,0.0001,0.0003,0.001,1.0,1000.0,1000,0,0.0,0.0,0.0,0.0
0.15,0.0001,0.0003,0.001,1.5,10.0,1000,0,0.0,0.0,0.0,0.0
0.15,0.0001,0.0003,0.001,1.5,100.0,1000,0,0.0,0.0,0.0,0.0
0.15,0.0001,0.0003,0.001,1.5,1000.0,1000,0,0.0,0.0,0.0,0.0
0.15,0.0001,0.0003,0.001,2.0,10.0,1000,0,0.0,0.0,0.0,0.0
0.15,0.0001,0.0003,0.001,2.0,100.0,1000,0,0.0,0.0,0.0,0.0
0.15,0.0001,0.0003,0.001,2.0,1000.0,1000,0,0.0,0.0,0.0,0.0
0.15,0.0001,0.0003,0.1,0.1,10.0,1000,0,0.0,0.0,0.0,0.0
0.15,0.0001,0.0003,0.1,0.1,100.0,1000,0,0.0,0.0,0.0,0.0
0.15,0.0001,0.0003,0.1,0.1,1000.0,1000,0,0.0,0.0,0.0,0.0
0.15,0.0001,0.0003,0.1,0.5,10.0,1000,0,0.0,0.0,0.0,0.0
0.15,0.0001,0.0003,0.1,0.5,100.0,1000,0,0.0,0.0,0.0,0.0
0.15,0.0001,0.0003,0.1,0.5,1000.0,1000,0,0.0,0.0,0.0,0.0
0.15,0.0001,0.0003,0.1,1.0,10.0,1000,0,0.0,0.0,0.0,0.0
0.15,0.0001,0.0003,0.1,1.0,100.0,1000,0,0.0,0.0,0.0,0.0
0.15,0.0001,0.0003,0.1,1.0,1000.0,1000,0,0.0,0.0,0.0,0.0
0.15,0.0001,0.0003,0.1,1.5,10.0,1000,0,0.0,0.0,0.0,0.0
0.15,0.0001,0.0003,0.1,1.5,100.0,1000,0,0.0,0.0,0.0,0.0
0.15,0.0001,0.0003,0.1,1.5,1000.0,1000,0,0.0,0.0,0.0,0.0
0.15,0.0001,0.0003,0.1,2.0,10.0,1000,0,0.0,0.0,0.0,0.0
0.15,0.0001,0.0003,0.1,2.0,100.0,1000,0,0.0,0.0,0.0,0.0
0.15,0.0001,0.0003,0.1,2.0,1000.0,1000,0,0.0,0.0,0.0,0.0
0.15,0.0001,0.0003,1.0,0.1,10.0,1000,0,0.0,15.791832608232529,0.0,44.57703256737885
0.15,0.0001,0.0003,1.0,0.1,100.0,1000,0,0.0,9.656500880793882,0.0,0.4502400736107869
0.15,0.0001,0.0003,1.0,0.1,1000.0,1000,0,0.0,5.433724563557194,0.0,0.0
0.15,0.0001,0.0003,1.0,0.5,10.0,1000,0,0.0,12.808640368622036,0.0,0.0
0.15,0.0001,0.0003,1.0,0.5,100.0,1000,0,0.0,97.0839738377552,0.0,0.0
0.15,0.0001,0.0003,1.0,0.5,1000.0,1000,0,0.0,0.0,0.0,0.0
0.15,0.0001,0.0003,1.0,1.0,10.0,999,1,0.859504132231405,74.35750539196643,0.0,3123.9440815491193
0.15,0.0001,0.0003,1.0,1.0,100.0,1000,0,0.0,0.0,0.0,0.0
0.15,0.0001,0.0003,1.0,1.0,1000.0,1000,0,0.0,0.0,0.0,0.0
0.15,0.0001,0.0003,1.0,1.5,10.0,1000,0,0.0,0.0,0.0,0.0
0.15,0.0001,0.0003,1.0,1.5,100.0,1000,0,0.0,0.0,0.0,0.0
0.15,0.0001,0.0003,1.0,1.5,1000.0,1000,0,0.0,0.0,0.0,0.0
0.15,0.0001,0.0003,1.0,2.0,10.0,1000,0,0.0,0.0,0.0,0.0
0.15,0.0001,0.0003,1.0,2.0,100.0,1000,0,0.0,0.0,0.0,0.0
0.15,0.0001,0.0003,1.0,2.0,1000.0,1000,0,0.0,0.0,0.0,0.0
0.15,0.0001,0.0001,1e-05,0.1,10.0,1000,0,0.0,0.0,0.0,0.0
0.15,0.0001,0.0001,1e-05,0.1,100.0,1000,0,0.0,0.0,0.0,0.0
0.15,0.0001,0.0001,1e-05,0.1,1000.0,1000,0,0.0,0.0,0.0,0.0
0.15,0.0001,0.0001,1e-05,0.5,10.0,1000,0,0.0,0.0,0.0,0.0
0.15,0.0001,0.0001,1e-05,0.5,100.0,1000,0,0.0,0.0,0.0,0.0
0.15,0.0001,0.0001,1e-05,0.5,1000.0,1000,0,0.0,0.0,0.0,0.0
0.15,0.0001,0.0001,1e-05,1.0,10.0,1000,0,0.0,0.0,0.0,0.0
0.15,0.0001,0.0001,1e-05,1.0,100.0,1000,0,0.0,0.0,0.0,0.0
0.15,0.0001,0.0001,1e-05,1.0,1000.0,1000,0,0.0,0.0,0.0,0.0
0.15,0.0001,0.0001,1e-05,1.5,10.0,1000,0,0.0,0.0,0.0,0.0
0.15,0.0001,0.0001,1e-05,1.5,100.0,1000,0,0.0,0.0,0.0,0.0
0.15,0.0001,0.0001,1e-05,1.5,1000.0,1000,0,0.0,0.0,0.0,0.0
0.15,0.0001,0.0001,1e-05,2.0,10.0,1000,0,0.0,0.0,0.0,0.0
0.15,0.0001,0.0001,1e-05,2.0,100.0,1000,0,0.0,0.0,0.0,0.0
0.15,0.0001,0.0001,1e-05,2.0,1000.0,1000,0,0.0,0.0,0.0,0.0
0.15,0.0001,0.0001,0.001,0.1,10.0,1000,0,0.0,0.0,0.0,0.0
0.15,0.0001,0.0001,0.001,0.1,100.0,1000,0,0.0,0.0,0.0,0.0
0.15,0.0001,0.0001,0.001,0.1,1000.0,1000,0,0.0,0.0,0.0,0.0
0.15,0.0001,0.0001,0.001,0.5,10.0,1000,0,0.0,0.0,0.0,0.0
0.15,0.0001,0.0001,0.001,0.5,100.0,1000,0,0.0,0.0,0.0,0.0
0.15,0.0001,0.0001,0.001,0.5,1000.0,1000,0,0.0,0.0,0.0,0.0
0.15,0.0001,0.0001,0.001,1.0,10.0,1000,0,0.0,0.0,0.0,0.0
0.15,0.0001,0.0001,0.001,1.0,100.0,1000,0,0.0,0.0,0.0,0.0
0.15,0.0001,0.0001,0.001,1.0,1000.0,1000,0,0.0,0.0,0.0,0.0
0.15,0.0001,0.0001,0.001,1.5,10.0,1000,0,0.0,0.0,0.0,0.0
0.15,0.0001,0.0001,0.001,1.5,100.0,1000,0,0.0,0.0,0.0,0.0
0.15,0.0001,0.0001,0.001,1.5,1000.0,1000,0,0.0,0.0,0.0,0.0
0.15,0.0001,0.0001,0.001,2.0,10.0,1000,0,0.0,0.0,0.0,0.0
0.15,0.0001,0.0001,0.001,2.0,100.0,1000,0,0.0,0.0,0.0,0.0
0.15,0.0001,0.0001,0.001,2.0,1000.0,1000,0,0.0,0.0,0.0,0.0
0.15,0.0001,0.0001,0.1,0.1,10.0,1000,0,0.0,0.0,0.0,0.0
0.15,0.0001,0.0001,0.1,0.1,100.0,1000,0,0.0,0.0,0.0,0.0
0.15,0.0001,0.0001,0.1,0.1,1000.0,1000,0,0.0,0.0,0.0,0.0
0.15,0.0001,0.0001,0.1,0.5,10.0,1000,0,0.0,0.0,0.0,0.0
0.15,0.0001,0.0001,0.1,0.5,100.0,1000,0,0.0,0.0,0.0,0.0
0.15,0.0001,0.0001,0.1,0.5,1000.0,1000,0,0.0,0.0,0.0,0.0
0.15,0.0001,0.0001,0.1,1.0,10.0,1000,0,0.0,0.0,0.0,0.0
0.15,0.0001,0.0001,0.1,1.0,100.0,1000,0,0.0,0.0,0.0,0.0
0.15,0.0001,0.0001,0.1,1.0,1000.0,1000,0,0.0,0.0,0.0,0.0
0.15,0.0001,0.0001,0.1,1.5,10.0,1000,0,0.0,0.0,0.0,0.0
0.15,0.0001,0.0001,0.1,1.5,100.0,1000,0,0.0,0.0,0.0,0.0
0.15,0.0001,0.0001,0.1,1.5,1000.0,1000,0,0.0,0.0,0.0,0.0
0.15,0.0001,0.0001,0.1,2.0,10.0,1000,0,0.0,0.0,0.0,0.0
0.15,0.0001,0.0001,0.1,2.0,100.0,1000,0,0.0,0.0,0.0,0.0
0.15,0.0001,0.0001,0.1,2.0,1000.0,1000,0,0.0,0.0,0.0,0.0
0.15,0.0001,0.0001,1.0,0.1,10.0,1000,0,0.0,0.0,0.0,0.0
0.15,0.0001,0.0001,1.0,0.1,100.0,1000,0,0.0,0.0,0.0,0.0
0.15,0.0001,0.0001,1.0,0.1,1000.0,1000,0,0.0,0.0,0.0,0.0
0.15,0.0001,0.0001,1.0,0.5,10.0,1000,0,0.0,0.0,0.0,0.0
0.15,0.0001,0.0001,1.0,0.5,100.0,1000,0,0.0,0.0,0.0,0.0
0.15,0.0001,0.0001,1.0,0.5,1000.0,1000,0,0.0,0.0,0.0,0.0
0.15,0.0001,0.0001,1.0,1.0,10.0,999,1,0.8277634961439588,38.241835217418284,0.0,0.0
0.15,0.0001,0.0001,1.0,1.0,100.0,1000,0,0.0,0.0,0.0,0.0
0.15,0.0001,0.0001,1.0,1.0,1000.0,1000,0,0.0,0.0,0.0,0.0
0.15,0.0001,0.0001,1.0,1.5,10.0,1000,0,0.0,0.0,0.0,0.0
0.15,0.0001,0.0001,1.0,1.5,100.0,1000,0,0.0,0.0,0.0,0.0
0.15,0.0001,0.0001,1.0,1.5,1000.0,999,1,0.8650602409638555,236.32582404533878,0.0,0.0
0.15,0.0001,0.0001,1.0,2.0,10.0,1000,0,0.0,0.0,0.0,0.0
0.15,0.0001,0.0001,1.0,2.0,100.0,1000,0,0.0,0.0,0.0,0.0
0.15,0.0001,0.0001,1.0,2.0,1000.0,1000,0,0.0,0.0,0.0,0.0
0.15,0.0001,0.003,1e-05,0.1,10.0,1000,0,0.0,7.225703618189769,0.0,45.57097425788136
0.15,0.0001,0.003,1e-05,0.1,100.0,1000,0,0.0,4.3425279302246365,0.0,38.6473943309714
0.15,0.0001,0.003,1e-05,0.1,1000.0,1000,0,0.0,0.8393726363098342,0.0,2.919362378981215
0.15,0.0001,0.003,1e-05,0.5,10.0,1000,0,0.0,5.764963082145529,0.0,26.76932524775135
0.15,0.0001,0.003,1e-05,0.5,100.0,1000,0,0.0,3.9734956720501264,0.0,25.47937166116003
0.15,0.0001,0.003,1e-05,0.5,1000.0,1000,0,0.0,1.0639287223841152,0.0,4.111406582489571
0.15,0.0001,0.003,1e-05,1.0,10.0,1000,0,0.0,4.40363791373589,0.0,8.967947366600963
0.15,0.0001,0.003,1e-05,1.0,100.0,1000,0,0.0,3.887907467263265,0.0,16.247911093151227
0.15,0.0001,0.003,1e-05,1.0,1000.0,1000,0,0.0,1.1439844654541413,0.0,5.318741109001156
0.15,0.0001,0.003,1e-05,1.5,10.0,1000,0,0.0,4.959718611773202,0.0,4.88034086271942
0.15,0.0001,0.003,1e-05,1.5,100.0,1000,0,0.0,2.5740923712130317,0.0,10.509151642493476
0.15,0.0001,0.003,1e-05,1.5,1000.0,1000,0,0.0,1.0515586998608648,0.0,4.336192328793632
0.15,0.0001,0.003,1e-05,2.0,10.0,1000,0,0.0,3.3795203322886573,0.0,0.0
0.15,0.0001,0.003,1e-05,2.0,100.0,1000,0,0.0,3.8056266510456793,0.0,109.56881851365758
0.15,0.0001,0.003,1e-05,2.0,1000.0,1000,0,0.0,1.4905011392213636,0.0,12.111574582941593
0.15,0.0001,0.003,0.001,0.1,10.0,1000,0,0.0,8.148501533108679,0.0,69.74182922200532
0.15,0.0001,0.003,0.001,0.1,100.0,1000,0,0.0,4.1256024714067925,0.0,66.3369488545862
0.15,0.0001,0.003,0.001,0.1,1000.0,1000,0,0.0,0.7820003483594182,0.0,3.372250896473868
0.15,0.0001,0.003,0.001,0.5,10.0,1000,0,0.0,6.412412304130987,0.0,24.28744505887115
0.15,0.0001,0.003,0.001,0.5,100.0,1000,0,0.0,4.205469583053412,0.0,46.67951144661021
0.15,0.0001,0.003,0.001,0.5,1000.0,1000,0,0.0,0.9352052520543688,0.0,3.552177046551854
0.15,0.0001,0.003,0.001,1.0,10.0,1000,0,0.0,5.287193657096085,0.0,27.82896944774609
0.15,0.0001,0.003,0.001,1.0,100.0,1000,0,0.0,2.9089787880021163,0.0,10.639838736932136
0.15,0.0001,0.003,0.001,1.0,1000.0,1000,0,0.0,4.268540874813361,0.0,187.61552920813872
0.15,0.0001,0.003,0.001,1.5,10.0,1000,0,0.0,2.776370173367824,0.0,3.3405359078409305
0.15,0.0001,0.003,0.001,1.5,100.0,1000,0,0.0,1.9386878550231248,0.0,1.9187023572329343
0.15,0.0001,0.003,0.001,1.5,1000.0,1000,0,0.0,0.6659221817500667,0.0,1.5402803062627732
0.15,0.0001,0.003,0.001,2.0,10.0,1000,0,0.0,12.025739639170714,0.0,68.87379422315544
0.15,0.0001,0.003,0.001,2.0,100.0,1000,0,0.0,5.235472883747234,0.0,45.49979227885271
0.15,0.0001,0.003,0.001,2.0,1000.0,1000,0,0.0,1.287903523806355,0.0,3.7765822389754033
0.15,0.0001,0.003,0.1,0.1,10.0,1000,0,0.0,3.9146435933731407,0.0,36.69625395961424
0.15,0.0001,0.003,0.1,0.1,100.0,1000,0,0.0,3.953174732565655,0.0,65.74432025168039
0.15,0.0001,0.003,0.1,0.1,1000.0,1000,0,0.0,2.784854918011632,0.0,39.846262569778844
0.15,0.0001,0.003,0.1,0.5,10.0,1000,0,0.0,4.308452630542801,0.0,20.682455769345204
0.15,0.0001,0.003,0.1,0.5,100.0,1000,0,0.0,6.3640429887750045,0.0,110.08704191613283
0.15,0.0001,0.003,0.1,0.5,1000.0,1000,0,0.0,9.372252888968967,0.0,357.6025884683254
0.15,0.0001,0.003,0.1,1.0,10.0,1000,0,0.0,8.899517804498707,0.0,410.675562407002
0.15,0.0001,0.003,0.1,1.0,100.0,1000,0,0.0,11.040387958922762,0.0,464.9732884850955
0.15,0.0001,0.003,0.1,1.0,1000.0,1000,0,0.0,1.622114045972301,0.0,18.69775646335484
0.15,0.0001,0.003,0.1,1.5,10.0,1000,0,0.0,8.666847297666845,0.0,142.34377911355526
0.15,0.0001,0.003,0.1,1.5,100.0,1000,0,0.0,9.572834854250603,0.0,344.17812847485567
0.15,0.0001,0.003,0.1,1.5,1000.0,1000,0,0.0,0.9499171349750737,0.0,1.7019020915400713
0.15,0.0001,0.003,0.1,2.0,10.0,1000,0,0.0,7.342739656461304,0.0,33.668877926704056
0.15,0.0001,0.003,0.1,2.0,100.0,1000,0,0.0,1.8098829410519721,0.0,4.012357100292116
0.15,0.0001,0.003,0.1,2.0,1000.0,1000,0,0.0,1.5218368118509664,0.0,23.730092501900714
0.15,0.0001,0.003,1.0,0.1,10.0,1000,0,0.0,0.8674811272734771,0.0,11.481898807922276
0.15,0.0001,0.003,1.0,0.1,100.0,1000,0,0.0,1.6198703161720487,0.0,37.87314530449874
0.15,0.0001,0.003,1.0,0.1,1000.0,1000,0,0.0,1.9836715451848057,0.0,84.94317737968906
0.15,0.0001,0.003,1.0,0.5,10.0,1000,0,0.0,0.9526595700506875,0.0,6.222532506362401
0.15,0.0001,0.003,1.0,0.5,100.0,1000,0,0.0,2.587231455209131,0.0,55.24485857741277
0.15,0.0001,0.003,1.0,0.5,1000.0,1000,0,0.0,4.319217708600211,0.0,113.26651129511309
0.15,0.0001,0.003,1.0,1.0,10.0,1000,0,0.0,1.0203387670062867,0.0,2.5475542258951838
0.15,0.0001,0.003,1.0,1.0,100.0,1000,0,0.0,12.688361456692972,0.0,720.5941957450691
0.15,0.0001,0.003,1.0,1.0,1000.0,1000,0,0.0,5.238612037571388,0.0,228.9142590822566
0.15,0.0001,0.003,1.0,1.5,10.0,1000,0,0.0,3.0751727121575643,0.0,158.28048114881662
0.15,0.0001,0.003,1.0,1.5,100.0,1000,0,0.0,22.310120088619797,0.0,1062.7073247960552
0.15,0.0001,0.003,1.0,1.5,1000.0,1000,0,0.0,9.089339428811076,0.0,393.0759815109097
0.15,0.0001,0.003,1.0,2.0,10.0,1000,0,0.0,6.042868376804593,0.0,349.3557775413803
0.15,0.0001,0.003,1.0,2.0,100.0,1000,0,0.0,1.524959882864195,0.0,3.7389786143324315
0.15,0.0001,0.003,1.0,2.0,1000.0,1000,0,0.0,9.712417876973333,0.0,435.123136427805
0.15,0.0001,0.001,1e-05,0.1,10.0,1000,0,0.0,0.0,0.0,0.0
0.15,0.0001,0.001,1e-05,0.1,100.0,1000,0,0.0,0.0,0.0,0.0
0.15,0.0001,0.001,1e-05,0.1,1000.0,1000,0,0.0,0.0,0.0,0.0
0.15,0.0001,0.001,1e-05,0.5,10.0,1000,0,0.0,0.0,0.0,0.0
0.15,0.0001,0.001,1e-05,0.5,100.0,1000,0,0.0,0.0,0.0,0.0
0.15,0.0001,0.001,1e-05,0.5,1000.0,1000,0,0.0,0.0,0.0,0.0
0.15,0.0001,0.001,1e-05,1.0,10.0,1000,0,0.0,0.0,0.0,0.0
0.15,0.0001,0.001,1e-05,1.0,100.0,1000,0,0.0,0.0,0.0,0.0
0.15,0.0001,0.001,1e-05,1.0,1000.0,1000,0,0.0,0.0,0.0,0.0
0.15,0.0001,0.001,1e-05,1.5,10.0,1000,0,0.0,0.0,0.0,0.0
0.15,0.0001,0.001,1e-05,1.5,100.0,1000,0,0.0,0.0,0.0,0.0
0.15,0.0001,0.001,1e-05,1.5,1000.0,1000,0,0.0,0.0,0.0,0.0
0.15,0.0001,0.001,1e-05,2.0,10.0,1000,0,0.0,0.0,0.0,0.0
0.15,0.0001,0.001,1e-05,2.0,100.0,1000,0,0.0,0.0,0.0,0.0
0.15,0.0001,0.001,1e-05,2.0,1000.0,1000,0,0.0,0.0,0.0,0.0
0.15,0.0001,0.001,0.001,0.1,10.0,1000,0,0.0,0.0,0.0,0.0
0.15,0.0001,0.001,0.001,0.1,100.0,1000,0,0.0,0.0,0.0,0.0
0.15,0.0001,0.001,0.001,0.1,1000.0,1000,0,0.0,0.0,0.0,0.0
0.15,0.0001,0.001,0.001,0.5,10.0,1000,0,0.0,0.0,0.0,0.0
0.15,0.0001,0.001,0.001,0.5,100.0,1000,0,0.0,0.0,0.0,0.0
0.15,0.0001,0.001,0.001,0.5,1000.0,1000,0,0.0,0.0,0.0,0.0
0.15,0.0001,0.001,0.001,1.0,10.0,1000,0,0.0,0.0,0.0,0.0
0.15,0.0001,0.001,0.001,1.0,100.0,1000,0,0.0,0.0,0.0,0.0
0.15,0.0001,0.001,0.001,1.0,1000.0,1000,0,0.0,0.0,0.0,0.0
0.15,0.0001,0.001,0.001,1.5,10.0,1000,0,0.0,0.0,0.0,0.0
0.15,0.0001,0.001,0.001,1.5,100.0,1000,0,0.0,0.0,0.0,0.0
0.15,0.0001,0.001,0.001,1.5,1000.0,1000,0,0.0,0.0,0.0,0.0
0.15,0.0001,0.001,0.001,2.0,10.0,1000,0,0.0,0.0,0.0,0.0
0.15,0.0001,0.001,0.001,2.0,100.0,1000,0,0.0,0.0,0.0,0.0
0.15,0.0001,0.001,0.001,2.0,1000.0,1000,0,0.0,0.0,0.0,0.0
0.15,0.0001,0.001,0.1,0.1,10.0,1000,0,0.0,10.548288862830601,0.0,29.563759937620432
0.15,0.0001,0.001,0.1,0.1,100.0,1000,0,0.0,17.86720827559493,0.0,85.97245117532721
0.15,0.0001,0.001,0.1,0.1,1000.0,1000,0,0.0,15.593769160546401,0.0,175.56638645554668
0.15,0.0001,0.001,0.1,0.5,10.0,1000,0,0.0,6.187708238961498,0.0,11.341230716925555
0.15,0.0001,0.001,0.1,0.5,100.0,1000,0,0.0,0.0,0.0,0.0
0.15,0.0001,0.001,0.1,0.5,1000.0,1000,0,0.0,36.1952501026937,0.0,0.0
0.15,0.0001,0.001,0.1,1.0,10.0,1000,0,0.0,8.09302658185901,0.0,12.61665216514458
0.15,0.0001,0.001,0.1,1.0,100.0,1000,0,0.0,35.56906377827741,0.0,0.0
0.15,0.0001,0.001,0.1,1.0,1000.0,1000,0,0.0,0.0,0.0,0.0
0.15,0.0001,0.001,0.1,1.5,10.0,1000,0,0.0,21.258259504941503,0.0,0.0
0.15,0.0001,0.001,0.1,1.5,100.0,1000,0,0.0,0.0,0.0,0.0
0.15,0.0001,0.001,0.1,1.5,1000.0,1000,0,0.0,0.0,0.0,0.0
0.15,0.0001,0.001,0.1,2.0,10.0,1000,0,0.0,0.0,0.0,0.0
0.15,0.0001,0.001,0.1,2.0,100.0,1000,0,0.0,0.0,0.0,0.0
0.15,0.0001,0.001,0.1,2.0,1000.0,1000,0,0.0,0.0,0.0,0.0
0.15,0.0001,0.001,1.0,0.1,10.0,1000,0,0.0,3.564039386097669,0.0,128.21852486239348
0.15,0.0001,0.001,1.0,0.1,100.0,1000,0,0.0,9.240566035849108,0.0,423.1838804185188
0.15,0.0001,0.001,1.0,0.1,1000.0,1000,0,0.0,16.74978916984341,0.0,726.1445683721975
0.15,0.0001,0.001,1.0,0.5,10.0,1000,0,0.0,4.060613689693716,0.0,83.67533758461397
0.15,0.0001,0.001,1.0,0.5,100.0,1000,0,0.0,36.973431167772155,0.0,633.4846101647537
0.15,0.0001,0.001,1.0,0.5,1000.0,1000,0,0.0,72.53019804100657,0.0,856.3273872813426
0.15,0.0001,0.001,1.0,1.0,10.0,1000,0,0.0,36.561767419149554,0.0,0.0
0.15,0.0001,0.001,1.0,1.0,100.0,1000,0,0.0,74.00808599662727,0.0,0.0
0.15,0.0001,0.001,1.0,1.0,1000.0,1000,0,0.0,0.0,0.0,0.0
0.15,0.0001,0.001,1.0,1.5,10.0,1000,0,0.0,0.0,0.0,0.0
0.15,0.0001,0.001,1.0,1.5,100.0,1000,0,0.0,102.69270929574216,0.0,1880.3640192754485
0.15,0.0001,0.001,1.0,1.5,1000.0,1000,0,0.0,101.2062822176852,0.0,892.3934330373407
0.15,0.0001,0.001,1.0,2.0,10.0,1000,0,0.0,55.77319741187583,0.0,0.0
0.15,0.0001,0.001,1.0,2.0,100.0,1000,0,0.0,0.0,0.0,0.0
0.15,0.0001,0.001,1.0,2.0,1000.0,1000,0,0.0,0.0,0.0,0.0
0.15,0.001,0.0003,1e-05,0.1,10.0,1000,0,0.0,0.0,0.0,0.0
0.15,0.001,0.0003,1e-05,0.1,100.0,1000,0,0.0,0.0,0.0,0.0
0.15,0.001,0.0003,1e-05,0.1,1000.0,1000,0,0.0,0.0,0.0,0.0
0.15,0.001,0.0003,1e-05,0.5,10.0,1000,0,0.0,0.0,0.0,0.0
0.15,0.001,0.0003,1e-05,0.5,100.0,1000,0,0.0,0.0,0.0,0.0
0.15,0.001,0.0003,1e-05,0.5,1000.0,1000,0,0.0,0.0,0.0,0.0
0.15,0.001,0.0003,1e-05,1.0,10.0,1000,0,0.0,0.0,0.0,0.0
0.15,0.001,0.0003,1e-05,1.0,100.0,1000,0,0.0,0.0,0.0,0.0
0.15,0.001,0.0003,1e-05,1.0,1000.0,1000,0,0.0,0.0,0.0,0.0
0.15,0.001,0.0003,1e-05,1.5,10.0,1000,0,0.0,0.0,0.0,0.0
0.15,0.001,0.0003,1e-05,1.5,100.0,1000,0,0.0,0.0,0.0,0.0
0.15,0.001,0.0003,1e-05,1.5,1000.0,1000,0,0.0,0.0,0.0,0.0
0.15,0.001,0.0003,1e-05,2.0,10.0,1000,0,0.0,0.0,0.0,0.0
0.15,0.001,0.0003,1e-05,2.0,100.0,1000,0,0.0,0.0,0.0,0.0
0.15,0.001,0.0003,1e-05,2.0,1000.0,1000,0,0.0,0.0,0.0,0.0
0.15,0.001,0.0003,0.001,0.1,10.0,1000,0,0.0,0.0,0.0,0.0
0.15,0.001,0.0003,0.001,0.1,100.0,1000,0,0.0,0.0,0.0,0.0
0.15,0.001,0.0003,0.001,0.1,1000.0,1000,0,0.0,0.0,0.0,0.0
0.15,0.001,0.0003,0.001,0.5,10.0,1000,0,0.0,0.0,0.0,0.0
0.15,0.001,0.0003,0.001,0.5,100.0,1000,0,0.0,0.0,0.0,0.0
0.15,0.001,0.0003,0.001,0.5,1000.0,1000,0,0.0,0.0,0.0,0.0
0.15,0.001,0.0003,0.001,1.0,10.0,1000,0,0.0,0.0,0.0,0.0
0.15,0.001,0.0003,0.001,1.0,100.0,1000,0,0.0,0.0,0.0,0.0
0.15,0.001,0.0003,0.001,1.0,1000.0,1000,0,0.0,0.0,0.0,0.0
0.15,0.001,0.0003,0.001,1.5,10.0,1000,0,0.0,0.0,0.0,0.0
0.15,0.001,0.0003,0.001,1.5,100.0,1000,0,0.0,0.0,0.0,0.0
0.15,0.001,0.0003,0.001,1.5,1000.0,1000,0,0.0,0.0,0.0,0.0
0.15,0.001,0.0003,0.001,2.0,10.0,1000,0,0.0,0.0,0.0,0.0
0.15,0.001,0.0003,0.001,2.0,100.0,1000,0,0.0,0.0,0.0,0.0
0.15,0.001,0.0003,0.001,2.0,1000.0,1000,0,0.0,0.0,0.0,0.0
0.15,0.001,0.0003,0.1,0.1,10.0,1000,0,0.0,0.0,0.0,0.0
0.15,0.001,0.0003,0.1,0.1,100.0,1000,0,0.0,0.0,0.0,0.0
0.15,0.001,0.0003,0.1,0.1,1000.0,1000,0,0.0,0.0,0.0,0.0
0.15,0.001,0.0003,0.1,0.5,10.0,1000,0,0.0,0.0,0.0,0.0
0.15,0.001,0.0003,0.1,0.5,100.0,1000,0,0.0,0.0,0.0,0.0
0.15,0.001,0.0003,0.1,0.5,1000.0,1000,0,0.0,0.0,0.0,0.0
0.15,0.001,0.0003,0.1,1.0,10.0,1000,0,0.0,0.0,0.0,0.0
0.15,0.001,0.0003,0.1,1.0,100.0,1000,0,0.0,0.0,0.0,0.0
0.15,0.001,0.0003,0.1,1.0,1000.0,1000,0,0.0,0.0,0.0,0.0
0.15,0.001,0.0003,0.1,1.5,10.0,1000,0,0.0,0.0,0.0,0.0
0.15,0.001,0.0003,0.1,1.5,100.0,1000,0,0.0,0.0,0.0,0.0
0.15,0.001,0.0003,0.1,1.5,1000.0,1000,0,0.0,0.0,0.0,0.0
0.15,0.001,0.0003,0.1,2.0,10.0,1000,0,0.0,0.0,0.0,0.0
0.15,0.001,0.0003,0.1,2.0,100.0,1000,0,0.0,0.0,0.0,0.0
0.15,0.001,0.0003,0.1,2.0,1000.0,1000,0,0.0,0.0,0.0,0.0
0.15,0.001,0.0003,1.0,0.1,10.0,1000,0,0.0,24.44027386741995,0.0,45.820353100081086
0.15,0.001,0.0003,1.0,0.1,100.0,1000,0,0.0,42.52476081448031,0.0,230.45040412635913
0.15,0.001,0.0003,1.0,0.1,1000.0,1000,0,0.0,53.071823070858706,0.0,598.5517104200236
0.15,0.001,0.0003,1.0,0.5,10.0,1000,0,0.0,17.611752290787166,0.0,13.241919003661211
0.15,0.001,0.0003,1.0,0.5,100.0,1000,0,0.0,110.46481308114078,0.0,0.0
0.15,0.001,0.0003,1.0,0.5,1000.0,1000,0,0.0,0.0,0.0,0.0
0.15,0.001,0.0003,1.0,1.0,10.0,999,1,0.8442622950819673,49.15932403114713,0.0,0.0
0.15,0.001,0.0003,1.0,1.0,100.0,1000,0,0.0,114.53484981204558,0.0,0.0
0.15,0.001,0.0003,1.0,1.0,1000.0,1000,0,0.0,0.0,0.0,0.0
0.15,0.001,0.0003,1.0,1.5,10.0,999,1,0.8819444444444444,124.35403147534164,0.0,0.0
0.15,0.001,0.0003,1.0,1.5,100.0,999,1,0.8366013071895425,159.73399970157064,0.0,0.0
0.15,0.001,0.0003,1.0,1.5,1000.0,999,1,0.84375,144.32370999821052,0.0,691.9824056255984
0.15,0.001,0.0003,1.0,2.0,10.0,999,1,0.8521739130434782,146.56005287545165,0.0,0.0
0.15,0.001,0.0003,1.0,2.0,100.0,999,1,0.8818181818181818,122.75996729275438,0.0,0.0
0.15,0.001,0.0003,1.0,2.0,1000.0,998,2,0.8603104212860311,181.59382466603094,0.0017748191995122923,102.64638184874396
0.15,0.001,0.0001,1e-05,0.1,10.0,1000,0,0.0,0.0,0.0,0.0
0.15,0.001,0.0001,1e-05,0.1,100.0,1000,0,0.0,0.0,0.0,0.0
0.15,0.001,0.0001,1e-05,0.1,1000.0,1000,0,0.0,0.0,0.0,0.0
0.15,0.001,0.0001,1e-05,0.5,10.0,1000,0,0.0,0.0,0.0,0.0
0.15,0.001,0.0001,1e-05,0.5,100.0,1000,0,0.0,0.0,0.0,0.0
0.15,0.001,0.0001,1e-05,0.5,1000.0,1000,0,0.0,0.0,0.0,0.0
0.15,0.001,0.0001,1e-05,1.0,10.0,1000,0,0.0,0.0,0.0,0.0
0.15,0.001,0.0001,1e-05,1.0,100.0,1000,0,0.0,0.0,0.0,0.0
0.15,0.001,0.0001,1e-05,1.0,1000.0,1000,0,0.0,0.0,0.0,0.0
0.15,0.001,0.0001,1e-05,1.5,10.0,1000,0,0.0,0.0,0.0,0.0
0.15,0.001,0.0001,1e-05,1.5,100.0,1000,0,0.0,0.0,0.0,0.0
0.15,0.001,0.0001,1e-05,1.5,1000.0,1000,0,0.0,0.0,0.0,0.0
0.15,0.001,0.0001,1e-05,2.0,10.0,1000,0,0.0,0.0,0.0,0.0
0.15,0.001,0.0001,1e-05,2.0,100.0,1000,0,0.0,0.0,0.0,0.0
0.15,0.001,0.0001,1e-05,2.0,1000.0,1000,0,0.0,0.0,0.0,0.0
0.15,0.001,0.0001,0.001,0.1,10.0,1000,0,0.0,0.0,0.0,0.0
0.15,0.001,0.0001,0.001,0.1,100.0,1000,0,0.0,0.0,0.0,0.0
0.15,0.001,0.0001,0.001,0.1,1000.0,1000,0,0.0,0.0,0.0,0.0
0.15,0.001,0.0001,0.001,0.5,10.0,1000,0,0.0,0.0,0.0,0.0
0.15,0.001,0.0001,0.001,0.5,100.0,1000,0,0.0,0.0,0.0,0.0
0.15,0.001,0.0001,0.001,0.5,1000.0,1000,0,0.0,0.0,0.0,0.0
0.15,0.001,0.0001,0.001,1.0,10.0,1000,0,0.0,0.0,0.0,0.0
0.15,0.001,0.0001,0.001,1.0,100.0,1000,0,0.0,0.0,0.0,0.0
0.15,0.001,0.0001,0.001,1.0,1000.0,1000,0,0.0,0.0,0.0,0.0
0.15,0.001,0.0001,0.001,1.5,10.0,1000,0,0.0,0.0,0.0,0.0
0.15,0.001,0.0001,0.001,1.5,100.0,1000,0,0.0,0.0,0.0,0.0
0.15,0.001,0.0001,0.001,1.5,1000.0,1000,0,0.0,0.0,0.0,0.0
0.15,0.001,0.0001,0.001,2.0,10.0,1000,0,0.0,0.0,0.0,0.0
0.15,0.001,0.0001,0.001,2.0,100.0,1000,0,0.0,0.0,0.0,0.0
0.15,0.001,0.0001,0.001,2.0,1000.0,1000,0,0.0,0.0,0.0,0.0
0.15,0.001,0.0001,0.1,0.1,10.0,1000,0,0.0,0.0,0.0,0.0
0.15,0.001,0.0001,0.1,0.1,100.0,1000,0,0.0,0.0,0.0,0.0
0.15,0.001,0.0001,0.1,0.1,1000.0,1000,0,0.0,0.0,0.0,0.0
0.15,0.001,0.0001,0.1,0.5,10.0,1000,0,0.0,0.0,0.0,0.0
0.15,0.001,0.0001,0.1,0.5,100.0,1000,0,0.0,0.0,0.0,0.0
0.15,0.001,0.0001,0.1,0.5,1000.0,1000,0,0.0,0.0,0.0,0.0
0.15,0.001,0.0001,0.1,1.0,10.0,1000,0,0.0,0.0,0.0,0.0
0.15,0.001,0.0001,0.1,1.0,100.0,1000,0,0.0,0.0,0.0,0.0
0.15,0.001,0.0001,0.1,1.0,1000.0,1000,0,0.0,0.0,0.0,0.0
0.15,0.001,0.0001,0.1,1.5,10.0,1000,0,0.0,0.0,0.0,0.0
0.15,0.001,0.0001,0.1,1.5,100.0,1000,0,0.0,0.0,0.0,0.0
0.15,0.001,0.0001,0.1,1.5,1000.0,1000,0,0.0,0.0,0.0,0.0
0.15,0.001,0.0001,0.1,2.0,10.0,1000,0,0.0,0.0,0.0,0.0
0.15,0.001,0.0001,0.1,2.0,100.0,1000,0,0.0,0.0,0.0,0.0
0.15,0.001,0.0001,0.1,2.0,1000.0,1000,0,0.0,0.0,0.0,0.0
0.15,0.001,0.0001,1.0,0.1,10.0,1000,0,0.0,0.0,0.0,0.0
0.15,0.001,0.0001,1.0,0.1,100.0,1000,0,0.0,0.0,0.0,0.0
0.15,0.001,0.0001,1.0,0.1,1000.0,1000,0,0.0,0.0,0.0,0.0
0.15,0.001,0.0001,1.0,0.5,10.0,1000,0,0.0,0.0,0.0,0.0
0.15,0.001,0.0001,1.0,0.5,100.0,1000,0,0.0,0.0,0.0,0.0
0.15,0.001,0.0001,1.0,0.5,1000.0,1000,0,0.0,0.0,0.0,0.0
0.15,0.001,0.0001,1.0,1.0,10.0,1000,0,0.0,0.0,0.0,0.0
0.15,0.001,0.0001,1.0,1.0,100.0,1000,0,0.0,0.0,0.0,0.0
0.15,0.001,0.0001,1.0,1.0,1000.0,1000,0,0.0,0.0,0.0,0.0
0.15,0.001,0.0001,1.0,1.5,10.0,996,4,0.855009926588558,132.55264934795665,8.027849697954708e-05,1736.898355570035
0.15,0.001,0.0001,1.0,1.5,100.0,1000,0,0.0,0.0,0.0,0.0
0.15,0.001,0.0001,1.0,1.5,1000.0,998,2,0.832200085460955,211.47669378606756,8.288759321315809e-05,253.81552827466214
0.15,0.001,0.0001,1.0,2.0,10.0,999,1,0.8643326039387309,111.6032454839147,0.0,0.0
0.15,0.001,0.0001,1.0,2.0,100.0,999,1,0.896551724137931,185.89807121671146,0.0,0.0
0.15,0.001,0.0001,1.0,2.0,1000.0,999,1,0.8656716417910447,218.95211354185747,0.0,0.0
0.15,0.001,0.003,1e-05,0.1,10.0,1000,0,0.0,8.737649563132338,0.0,143.1059257527781
0.15,0.001,0.003,1e-05,0.1,100.0,1000,0,0.0,4.830473955609235,0.0,85.36234224346472
0.15,0.001,0.003,1e-05,0.1,1000.0,1000,0,0.0,1.9749608805759495,0.0,19.911491829078184
0.15,0.001,0.003,1e-05,0.5,10.0,1000,0,0.0,8.395026947714856,0.0,128.79023607693784
0.15,0.001,0.003,1e-05,0.5,100.0,1000,0,0.0,6.413264540752845,0.0,144.76613321300434
0.15,0.001,0.003,1e-05,0.5,1000.0,1000,0,0.0,2.38055363062618,0.0,47.05218313625297
0.15,0.001,0.003,1e-05,1.0,10.0,1000,0,0.0,12.535423408308088,0.0,299.20884151846906
0.15,0.001,0.003,1e-05,1.0,100.0,1000,0,0.0,5.459462957940655,0.0,95.54694491039949
0.15,0.001,0.003,1e-05,1.0,1000.0,1000,0,0.0,2.6698837966574347,0.0,31.689865948596182
0.15,0.001,0.003,1e-05,1.5,10.0,1000,0,0.0,10.493243468848425,0.0,256.1644165964409
0.15,0.001,0.003,1e-05,1.5,100.0,1000,0,0.0,5.168294453086396,0.0,103.22395363526732
0.15,0.001,0.003,1e-05,1.5,1000.0,1000,0,0.0,3.8079631018646043,0.0,106.4743740977975
0.15,0.001,0.003,1e-05,2.0,10.0,1000,0,0.0,7.760109917330063,0.0,84.6665168853027
0.15,0.001,0.003,1e-05,2.0,100.0,1000,0,0.0,4.527273968341364,0.0,90.06832500474977
0.15,0.001,0.003,1e-05,2.0,1000.0,1000,0,0.0,2.8696562917827753,0.0,59.37983576750525
0.15,0.001,0.003,0.001,0.1,10.0,1000,0,0.0,7.038800830951888,0.0,51.875085032057314
0.15,0.001,0.003,0.001,0.1,100.0,1000,0,0.0,3.7116961883427835,0.0,44.47531304512508
0.15,0.001,0.003,0.001,0.1,1000.0,1000,0,0.0,2.3120115713048746,0.0,44.86577526887797
0.15,0.001,0.003,0.001,0.5,10.0,1000,0,0.0,10.710142008166658,0.0,195.89335450786433
0.15,0.001,0.003,0.001,0.5,100.0,1000,0,0.0,4.598669977093844,0.0,61.83924655088718
0.15,0.001,0.003,0.001,0.5,1000.0,1000,0,0.0,2.996334101042272,0.0,56.202998174626494
0.15,0.001,0.003,0.001,1.0,10.0,1000,0,0.0,8.837239983250582,0.0,138.5294222224325
0.15,0.001,0.003,0.001,1.0,100.0,1000,0,0.0,4.688292661963999,0.0,92.55812144136969
0.15,0.001,0.003,0.001,1.0,1000.0,1000,0,0.0,3.4229468799028684,0.0,84.61349709015595
0.15,0.001,0.003,0.001,1.5,10.0,1000,0,0.0,7.132960338039799,0.0,92.73446949661925
0.15,0.001,0.003,0.001,1.5,100.0,1000,0,0.0,4.192542442446056,0.0,44.632416788126186
0.15,0.001,0.003,0.001,1.5,1000.0,1000,0,0.0,2.3903899094400947,0.0,25.72151383023399
0.15,0.001,0.003,0.001,2.0,10.0,1000,0,0.0,6.941248874082124,0.0,74.18168748032086
0.15,0.001,0.003,0.001,2.0,100.0,1000,0,0.0,4.998734597425083,0.0,95.5554292883556
0.15,0.001,0.003,0.001,2.0,1000.0,1000,0,0.0,3.200089388757573,0.0,81.21188587965004
0.15,0.001,0.003,0.1,0.1,10.0,1000,0,0.0,4.961547882991635,0.0,48.28961218900952
0.15,0.001,0.003,0.1,0.1,100.0,1000,0,0.0,7.604032333378227,0.0,208.88994470559737
0.15,0.001,0.003,0.1,0.1,1000.0,1000,0,0.0,6.58518965568026,0.0,237.2971823825109
0.15,0.001,0.003,0.1,0.5,10.0,1000,0,0.0,7.507774123567925,0.0,150.75495527554912
0.15,0.001,0.003,0.1,0.5,100.0,1000,0,0.0,8.31838116921232,0.0,282.04561655894867
0.15,0.001,0.003,0.1,0.5,1000.0,1000,0,0.0,7.817582886640361,0.0,414.1715245057223
0.15,0.001,0.003,0.1,1.0,10.0,1000,0,0.0,9.83230338669671,0.0,226.890870746012
0.15,0.001,0.003,0.1,1.0,100.0,1000,0,0.0,8.050008513919513,0.0,288.8277155442605
0.15,0.001,0.003,0.1,1.0,1000.0,1000,0,0.0,4.866124783149735,0.0,251.2955450766415
0.15,0.001,0.003,0.1,1.5,10.0,1000,0,0.0,14.566117511935776,0.0,565.5176403050004
0.15,0.001,0.003,0.1,1.5,100.0,1000,0,0.0,7.259360175212749,0.0,204.87480485276694
0.15,0.001,0.003,0.1,1.5,1000.0,1000,0,0.0,3.343446656098899,0.0,141.919370237017
0.15,0.001,0.003,0.1,2.0,10.0,1000,0,0.0,10.065228908462705,0.0,345.3008962524322
0.15,0.001,0.003,0.1,2.0,100.0,1000,0,0.0,5.738590900566882,0.0,204.99636464657414
0.15,0.001,0.003,0.1,2.0,1000.0,1000,0,0.0,3.059858042146474,0.0,97.37570799312846
0.15,0.001,0.003,1.0,0.1,10.0,1000,0,0.0,3.8898712862603086,0.0,223.1578153048992
0.15,0.001,0.003,1.0,0.1,100.0,1000,0,0.0,6.482056389600561,0.0,230.608943323638
0.15,0.001,0.003,1.0,0.1,1000.0,1000,0,0.0,6.936665703013407,0.0,281.63956530922724
0.15,0.001,0.003,1.0,0.5,10.0,1000,0,0.0,4.489421383669128,0.0,119.56039995934741
0.15,0.001,0.003,1.0,0.5,100.0,1000,0,0.0,12.03519768179363,0.0,694.7985585841196
0.15,0.001,0.003,1.0,0.5,1000.0,1000,0,0.0,8.883801620923245,0.0,352.56997493270995
0.15,0.001,0.003,1.0,1.0,10.0,1000,0,0.0,10.997192266875713,0.0,410.1299316595497
0.15,0.001,0.003,1.0,1.0,100.0,1000,0,0.0,13.344650157257442,0.0,497.8502427886394
0.15,0.001,0.003,1.0,1.0,1000.0,1000,0,0.0,5.937017396347448,0.0,280.17309199569416
0.15,0.001,0.003,1.0,1.5,10.0,1000,0,0.0,13.991553403496757,0.0,552.8793188797679
0.15,0.001,0.003,1.0,1.5,100.0,1000,0,0.0,20.56480187774541,0.0,786.0474756282425
0.15,0.001,0.003,1.0,1.5,1000.0,1000,0,0.0,4.953966994252018,0.0,232.489622545999
0.15,0.001,0.003,1.0,2.0,10.0,1000,0,0.0,17.743006996725182,0.0,944.3886530563353
0.15,0.001,0.003,1.0,2.0,100.0,1000,0,0.0,15.538458235433323,0.0,636.6659118560867
0.15,0.001,0.003,1.0,2.0,1000.0,1000,0,0.0,4.5714743361576975,0.0,252.5632627163963
0.15,0.001,0.001,1e-05,0.1,10.0,1000,0,0.0,0.0,0.0,0.0
0.15,0.001,0.001,1e-05,0.1,100.0,1000,0,0.0,7.292396839825496,0.0,0.0
0.15,0.001,0.001,1e-05,0.1,1000.0,1000,0,0.0,2.4533705185172434,0.0,1.1485607800134536
0.15,0.001,0.001,1e-05,0.5,10.0,1000,0,0.0,0.0,0.0,0.0
0.15,0.001,0.001,1e-05,0.5,100.0,1000,0,0.0,9.673035715521223,0.0,0.0
0.15,0.001,0.001,1e-05,0.5,1000.0,1000,0,0.0,3.656712589148584,0.0,3.1606656366159305
0.15,0.001,0.001,1e-05,1.0,10.0,1000,0,0.0,0.0,0.0,0.0
0.15,0.001,0.001,1e-05,1.0,100.0,1000,0,0.0,10.742623782564754,0.0,0.0
0.15,0.001,0.001,1e-05,1.0,1000.0,1000,0,0.0,2.166975181139729,0.0,2.2700822077041125
0.15,0.001,0.001,1e-05,1.5,10.0,1000,0,0.0,0.0,0.0,0.0
0.15,0.001,0.001,1e-05,1.5,100.0,1000,0,0.0,0.0,0.0,0.0
0.15,0.001,0.001,1e-05,1.5,1000.0,1000,0,0.0,3.1573161848557256,0.0,1.0619736637836945
0.15,0.001,0.001,1e-05,2.0,10.0,1000,0,0.0,0.0,0.0,0.0
0.15,0.001,0.001,1e-05,2.0,100.0,1000,0,0.0,9.42921542962971,0.0,0.0
0.15,0.001,0.001,1e-05,2.0,1000.0,1000,0,0.0,3.2527074174237587,0.0,11.31470528424949
0.15,0.001,0.001,0.001,0.1,10.0,1000,0,0.0,0.0,0.0,0.0
0.15,0.001,0.001,0.001,0.1,100.0,1000,0,0.0,1.2189853951171903,0.0,0.0
0.15,0.001,0.001,0.001,0.1,1000.0,1000,0,0.0,1.7937232552507096,0.0,0.9765248516511246
0.15,0.001,0.001,0.001,0.5,10.0,1000,0,0.0,0.0,0.0,0.0
0.15,0.001,0.001,0.001,0.5,100.0,1000,0,0.0,0.0,0.0,0.0
0.15,0.001,0.001,0.001,0.5,1000.0,1000,0,0.0,2.7497297028067287,0.0,2.0735296023775738
0.15,0.001,0.001,0.001,1.0,10.0,1000,0,0.0,0.0,0.0,0.0
0.15,0.001,0.001,0.001,1.0,100.0,1000,0,0.0,0.0,0.0,0.0
0.15,0.001,0.001,0.001,1.0,1000.0,1000,0,0.0,4.406770230639542,0.0,16.87521773482128
0.15,0.001,0.001,0.001,1.5,10.0,1000,0,0.0,0.0,0.0,0.0
0.15,0.001,0.001,0.001,1.5,100.0,1000,0,0.0,11.89681440776071,0.0,0.0
0.15,0.001,0.001,0.001,1.5,1000.0,1000,0,0.0,2.647877261748896,0.0,5.65625582567671
0.15,0.001,0.001,0.001,2.0,10.0,1000,0,0.0,0.0,0.0,0.0
0.15,0.001,0.001,0.001,2.0,100.0,1000,0,0.0,5.827082723045221,0.0,0.0
0.15,0.001,0.001,0.001,2.0,1000.0,1000,0,0.0,2.8272537747282067,0.0,1.9302961105094425
0.15,0.001,0.001,0.1,0.1,10.0,1000,0,0.0,19.928083901596214,0.0,270.613112613038
0.15,0.001,0.001,0.1,0.1,100.0,1000,0,0.0,19.953152681542292,0.0,344.0310492372208
0.15,0.001,0.001,0.1,0.1,1000.0,1000,0,0.0,19.850348680825288,0.0,286.7823319086785
0.15,0.001,0.001,0.1,0.5,10.0,1000,0,0.0,27.05982371259587,0.0,396.5933689571825
0.15,0.001,0.001,0.1,0.5,100.0,1000,0,0.0,42.718045889905625,0.0,0.0
0.15,0.001,0.001,0.1,0.5,1000.0,1000,0,0.0,13.488649629993919,0.0,395.6851689963229
0.15,0.001,0.001,0.1,1.0,10.0,1000,0,0.0,5.825465544695273,0.0,0.0017905781037635994
0.15,0.001,0.001,0.1,1.0,100.0,1000,0,0.0,0.0,0.0,0.0
0.15,0.001,0.001,0.1,1.0,1000.0,1000,0,0.0,7.617288285152085,0.0,56.85582406421359
0.15,0.001,0.001,0.1,1.5,10.0,1000,0,0.0,0.0,0.0,0.0
0.15,0.001,0.001,0.1,1.5,100.0,1000,0,0.0,0.0,0.0,0.0
0.15,0.001,0.001,0.1,1.5,1000.0,1000,0,0.0,2.3154548817803646,0.0,0.595005130836777
0.15,0.001,0.001,0.1,2.0,10.0,1000,0,0.0,0.0,0.0,0.0
0.15,0.001,0.001,0.1,2.0,100.0,1000,0,0.0,0.0,0.0,0.0
0.15,0.001,0.001,0.1,2.0,1000.0,1000,0,0.0,1.943000428505493,0.0,1.9665398777591148
0.15,0.001,0.001,1.0,0.1,10.0,1000,0,0.0,7.138872042337215,0.0,314.7014455150616
0.15,0.001,0.001,1.0,0.1,100.0,1000,0,0.0,20.312390210586653,0.0,690.2087970303442
0.15,0.001,0.001,1.0,0.1,1000.0,1000,0,0.0,20.43753703481514,0.0,661.721944754829
0.15,0.001,0.001,1.0,0.5,10.0,1000,0,0.0,18.159849913213773,0.0,953.1607016946363
0.15,0.001,0.001,1.0,0.5,100.0,1000,0,0.0,50.84192385755943,0.0,1494.550097520949
0.15,0.001,0.001,1.0,0.5,1000.0,1000,0,0.0,66.27806549134793,0.0,2679.279749467929
0.15,0.001,0.001,1.0,1.0,10.0,1000,0,0.0,22.59155455633333,0.0,342.52117046201397
0.15,0.001,0.001,1.0,1.0,100.0,1000,0,0.0,105.57470330165944,0.0,2430.7882254144793
0.15,0.001,0.001,1.0,1.0,1000.0,1000,0,0.0,86.71571263255498,0.0,5197.664928754995
0.15,0.001,0.001,1.0,1.5,10.0,1000,0,0.0,50.495086379853376,0.0,1811.7984890201164
0.15,0.001,0.001,1.0,1.5,100.0,1000,0,0.0,125.39699903748348,0.0,3085.898221698553
0.15,0.001,0.001,1.0,1.5,1000.0,1000,0,0.0,91.88004671823994,0.0,624.3273181041698
0.15,0.001,0.001,1.0,2.0,10.0,1000,0,0.0,0.0,0.0,0.0
0.15,0.001,0.001,1.0,2.0,100.0,1000,0,0.0,88.39279700424703,0.0,3.222542950684203
0.15,0.001,0.001,1.0,2.0,1000.0,999,1,0.8888888888888888,63.58281831469966,0.0,1412.9903208685773
0.15,0.1,0.0003,1e-05,0.1,10.0,999,1,0.45454545454545453,192.12446326659781,0.0,12751.471739343453
0.15,0.1,0.0003,1e-05,0.1,100.0,996,4,0.2730769230769231,2.6318671770293296,0.08525147928994083,1.2308646053495818
0.15,0.1,0.0003,1e-05,0.1,1000.0,996,4,0.2213235294117647,0.1733444030561498,0.020481725778546716,0.0022811216623031382
0.15,0.1,0.0003,1e-05,0.5,10.0,1000,0,0.0,148.31908241177507,0.0,11964.81213759993
0.15,0.1,0.0003,1e-05,0.5,100.0,994,6,0.35012820512820514,2.537402406750759,0.012102646285338595,1.088086796448761
0.15,0.1,0.0003,1e-05,0.5,1000.0,991,9,0.2515632515632516,0.1750761589895414,0.03755762924834594,0.0021457243425353585
0.15,0.1,0.0003,1e-05,1.0,10.0,998,2,0.5058823529411764,135.61846464418412,0.008858131487889272,14513.171259188824
0.15,0.1,0.0003,1e-05,1.0,100.0,997,3,0.2623655913978495,2.567946658026474,0.0077789339808070285,1.327938832432041
0.15,0.1,0.0003,1e-05,1.0,1000.0,996,4,0.3242424242424243,0.17390347067833062,0.020702479338842974,0.002350673675479496
0.15,0.1,0.0003,1e-05,1.5,10.0,997,3,0.8888888888888888,160.3973941691472,0.024691358024691367,13033.743340443234
0.15,0.1,0.0003,1e-05,1.5,100.0,995,5,0.3511473429951691,2.591413950550124,0.007499226936451259,1.2622316798972888
0.15,0.1,0.0003,1e-05,1.5,1000.0,995,5,0.5260651629072681,0.17267282544910814,0.05935917487955478,0.0022800775018108573
0.15,0.1,0.0003,1e-05,2.0,10.0,999,1,0.3333333333333333,195.00218380937517,0.0,22738.290131784153
0.15,0.1,0.0003,1e-05,2.0,100.0,991,9,0.43663123369005724,2.6219352122639275,0.055336596188395926,1.2045612992022339
0.15,0.1,0.0003,1e-05,2.0,1000.0,995,5,0.29653679653679654,0.17451531532721481,0.027060962125897193,0.002297978670775579
0.15,0.1,0.0003,0.001,0.1,10.0,996,4,0.4583333333333333,169.8210240891937,0.005208333333333335,16174.326890728915
0.15,0.1,0.0003,0.001,0.1,100.0,993,7,0.4250466853408029,2.6360600701875603,0.07600834778355789,1.4321107106310573
0.15,0.1,0.0003,0.001,0.1,1000.0,993,7,0.3080495356037152,0.17404899804333113,0.05342036874496688,0.0022202541308636594
0.15,0.1,0.0003,0.001,0.5,10.0,997,3,0.23750000000000002,175.4147552883819,0.029479166666666667,18953.42055365467
0.15,0.1,0.0003,0.001,0.5,100.0,991,9,0.42182280319535226,2.6645647956804352,0.0411216668275207,1.3381680410857573
0.15,0.1,0.0003,0.001,0.5,1000.0,993,7,0.35901360544217686,0.17604271991573278,0.042416527835624045,0.0021660066152857137
0.15,0.1,0.0003,0.001,1.0,10.0,997,3,0.5267857142857143,179.81141906055052,0.12643494897959184,18329.302664059484
0.15,0.1,0.0003,0.001,1.0,100.0,995,5,0.32999999999999996,2.571487031846069,0.013377777777777777,1.0959785234571213
0.15,0.1,0.0003,0.001,1.0,1000.0,990,10,0.2945267672286306,0.1743103575003748,0.024442281681964665,0.002207712890626006
0.15,0.1,0.0003,0.001,1.5,10.0,998,2,0.3285024154589372,160.08406899731813,0.011295479474433476,14196.064921728519
0.15,0.1,0.0003,0.001,1.5,100.0,995,5,0.32305555555555554,2.652714837968313,0.027644753086419747,1.7568274588148525
0.15,0.1,0.0003,0.001,1.5,1000.0,994,6,0.3142825011246064,0.17518687290484425,0.028242921151685974,0.0023784942824699802
0.15,0.1,0.0003,0.001,2.0,10.0,998,2,0.29166666666666663,168.31975428401552,0.0017361111111111104,17768.079651487595
0.15,0.1,0.0003,0.001,2.0,100.0,995,5,0.40383838383838383,2.584999082352729,0.010052198755229056,1.1392493019177772
0.15,0.1,0.0003,0.001,2.0,1000.0,994,6,0.4053619652629636,0.17447018833680747,0.011484763253650748,0.0024341643192635634
0.15,0.1,0.0003,0.1,0.1,10.0,997,3,0.272875816993464,151.18555284809867,0.0018635994702892046,11061.154813214347
0.15,0.1,0.0003,0.1,0.1,100.0,995,5,0.4003205128205128,2.6103064926671444,0.09214784681130836,1.5340033969291427
0.15,0.1,0.0003,0.1,0.1,1000.0,993,7,0.24453463203463205,0.1757726844046219,0.02852608295384269,0.0024193775675058343
0.15,0.1,0.0003,0.1,0.5,10.0,999,1,0.0,159.64087896505842,0.0,10350.806129151177
0.15,0.1,0.0003,0.1,0.5,100.0,998,2,0.5,2.948325848768366,0.027777777777777776,2.262241455739306
0.15,0.1,0.0003,0.1,0.5,1000.0,999,1,0.2857142857142857,0.17853156015206714,0.0,0.002371441329072713
0.15,0.1,0.0003,0.1,1.0,10.0,999,1,0.25,159.8774625849268,0.0,12950.896397645363
0.15,0.1,0.0003,0.1,1.0,100.0,997,3,0.30352104036314564,3.1345806583939555,0.009547553394288375,3.936118980636829
0.15,0.1,0.0003,0.1,1.0,1000.0,996,4,0.36964285714285716,0.17317097403566897,0.02250956632653061,0.002140329759084456
0.15,0.1,0.0003,0.1,1.5,10.0,1000,0,0.0,139.61766880448934,0.0,5956.6351516330715
0.15,0.1,0.0003,0.1,1.5,100.0,998,2,0.2638888888888889,3.2238276729173383,0.00019290123456790141,4.420581370545417
0.15,0.1,0.0003,0.1,1.5,1000.0,997,3,0.24445946961159945,0.17614587011323835,0.0005215406980909838,0.002085277022673493
0.15,0.1,0.0003,0.1,2.0,10.0,999,1,0.0,127.58557225156784,0.0,12518.357831406913
0.15,0.1,0.0003,0.1,2.0,100.0,1000,0,0.0,3.506881745969409,0.0,8.79691430924336
0.15,0.1,0.0003,0.1,2.0,1000.0,1000,0,0.0,0.1781234350355379,0.0,0.002275385421995052
0.15,0.1,0.0003,1.0,0.1,10.0,997,3,0.3007326007326007,104.35069894418204,0.039488252894846296,9301.826994896395
0.15,0.1,0.0003,1.0,0.1,100.0,998,2,0.045454545454545456,3.484987883490674,0.002066115702479339,8.846024880378733
0.15,0.1,0.0003,1.0,0.1,1000.0,996,4,0.027777777777777776,0.17703592660520437,0.0023148148148148147,0.002777510254028961
0.15,0.1,0.0003,1.0,0.5,10.0,1000,0,0.0,75.76050416757046,0.0,4558.2149305142375
0.15,0.1,0.0003,1.0,0.5,100.0,1000,0,0.0,18.915817599548337,0.0,1419.805827847216
0.15,0.1,0.0003,1.0,0.5,1000.0,1000,0,0.0,0.19129069554989644,0.0,0.002986596345489435
0.15,0.1,0.0003,1.0,1.0,10.0,1000,0,0.0,80.82109832819577,0.0,6426.228826162036
0.15,0.1,0.0003,1.0,1.0,100.0,1000,0,0.0,66.14601936966255,0.0,6055.565311839217
0.15,0.1,0.0003,1.0,1.0,1000.0,1000,0,0.0,0.1936225836021623,0.0,0.0034402109691606267
0.15,0.1,0.0003,1.0,1.5,10.0,993,7,0.7772799085505736,77.87552771159432,0.0006348857240389179,4692.924245329769
0.15,0.1,0.0003,1.0,1.5,100.0,992,8,0.6932147411857235,102.52558523611775,0.05301159566152844,7499.70683231868
0.15,0.1,0.0003,1.0,1.5,1000.0,991,9,0.533078279571968,0.19329835183402372,0.12684235066186628,0.0032555557692397993
0.15,0.1,0.0003,1.0,2.0,10.0,961,39,0.8053433710149767,75.47900701569091,0.01073122181814005,4757.815069224731
0.15,0.1,0.0003,1.0,2.0,100.0,953,47,0.805150990783559,105.88553837836716,0.00222614198330664,5560.924584282797
0.15,0.1,0.0003,1.0,2.0,1000.0,952,48,0.8106675824716117,0.19452438878259637,0.001697867643302117,0.00338607565639714
0.15,0.1,0.0001,1e-05,0.1,10.0,977,23,0.3160324434759056,0.0,0.021407906439786063,0.0
0.15,0.1,0.0001,1e-05,0.1,100.0,921,79,0.34425164713185735,77.81228649877823,0.02305656765280128,6917.320751701062
0.15,0.1,0.0001,1e-05,0.1,1000.0,895,105,0.31098718935966474,0.5722890992582687,0.015579589456389811,0.008225663161541857
0.15,0.1,0.0001,1e-05,0.5,10.0,979,21,0.37582690978567634,139.30004568356742,0.03982934831977336,0.0
0.15,0.1,0.0001,1e-05,0.5,100.0,925,75,0.336619147117472,49.196346572926295,0.026010722675146147,2293.377947014881
0.15,0.1,0.0001,1e-05,0.5,1000.0,903,97,0.36839157117578664,0.5678107682947426,0.02781952516017875,0.008699307381946622
0.15,0.1,0.0001,1e-05,1.0,10.0,980,20,0.32432997154039067,305.5170873656937,0.0267617596417018,0.0
0.15,0.1,0.0001,1e-05,1.0,100.0,921,79,0.31214785263280675,106.43700604408292,0.021967409908187584,24482.02751183812
0.15,0.1,0.0001,1e-05,1.0,1000.0,901,99,0.33180231703343427,0.5676039950354334,0.028028327590804095,0.00791283639826468
0.15,0.1,0.0001,1e-05,1.5,10.0,986,14,0.35262995345782694,0.0,0.01545752645067325,0.0
0.15,0.1,0.0001,1e-05,1.5,100.0,923,77,0.3734344959769194,52.62403506069084,0.03271036338264279,2470.0657123653045
0.15,0.1,0.0001,1e-05,1.5,1000.0,895,105,0.3375739583029922,0.5700153826725262,0.02420051066529367,0.008735660978533883
0.15,0.1,0.0001,1e-05,2.0,10.0,978,22,0.32332683281474733,0.0,0.0463170652071844,0.0
0.15,0.1,0.0001,1e-05,2.0,100.0,921,79,0.3466076922028891,61.68584366010216,0.03907875365778816,2319.727733706776
0.15,0.1,0.0001,1e-05,2.0,1000.0,874,126,0.35841565997996716,0.5673500880424509,0.027348417762192677,0.008178067645913598
0.15,0.1,0.0001,0.001,0.1,10.0,983,17,0.3832752815839764,0.0,0.033491330727337114,0.0
0.15,0.1,0.0001,0.001,0.1,100.0,928,72,0.3076456126592281,58.715111638087045,0.024924795878976964,3445.1602612141915
0.15,0.1,0.0001,0.001,0.1,1000.0,899,101,0.33772107498806037,0.5731284835075479,0.022304166822080373,0.008669868234119612
0.15,0.1,0.0001,0.001,0.5,10.0,979,21,0.3440812139400367,0.0,0.03502701298870244,0.0
0.15,0.1,0.0001,0.001,0.5,100.0,925,75,0.3664061693792147,37.76333473027079,0.030859447173195626,428.6714267802399
0.15,0.1,0.0001,0.001,0.5,1000.0,904,96,0.3375564086396392,0.5665310144895833,0.027412338843610645,0.008313116776680946
0.15,0.1,0.0001,0.001,1.0,10.0,984,16,0.3345386574404432,0.0,0.007134963818670468,0.0
0.15,0.1,0.0001,0.001,1.0,100.0,940,60,0.3639019787962496,68.54616145828473,0.02680195651380427,6692.909269866967
0.15,0.1,0.0001,0.001,1.0,1000.0,887,113,0.32978344722750663,0.566924034238166,0.022247789522600966,0.008628075797652257
0.15,0.1,0.0001,0.001,1.5,10.0,979,21,0.31524303489221805,0.0,0.023179643937354857,0.0
0.15,0.1,0.0001,0.001,1.5,100.0,932,68,0.34918902135403995,62.18885596331142,0.03158101938767724,4206.692776738159
0.15,0.1,0.0001,0.001,1.5,1000.0,892,108,0.32581130640245276,0.5687497798874399,0.026116794944842453,0.00881248070653729
0.15,0.1,0.0001,0.001,2.0,10.0,981,19,0.26223932857684096,258.1776828304254,0.03489162115157294,0.0
0.15,0.1,0.0001,0.001,2.0,100.0,906,94,0.3546544566001722,71.36419679671093,0.034146693985183545,3285.7269745446315
0.15,0.1,0.0001,0.001,2.0,1000.0,893,107,0.33520480513263456,0.5672262947704457,0.022001424764012328,0.008525289343035668
0.15,0.1,0.0001,0.1,0.1,10.0,987,13,0.36231053022550996,0.0,0.009407111871062943,0.0
0.15,0.1,0.0001,0.1,0.1,100.0,943,57,0.31142274788987,66.45665595482613,0.010738440356179964,5896.272907953994
0.15,0.1,0.0001,0.1,0.1,1000.0,920,80,0.31920253798080883,0.5704695750425645,0.028529859561859904,0.009067702820172463
0.15,0.1,0.0001,0.1,0.5,10.0,994,6,0.23776803118908385,0.0,0.02561165306324073,0.0
0.15,0.1,0.0001,0.1,0.5,100.0,964,36,0.33205400257969564,37.8993604147086,0.026596088893436898,544.3884683475037
0.15,0.1,0.0001,0.1,0.5,1000.0,953,47,0.35781199738072295,0.5834301580316437,0.025538366773328488,0.009337725356217482
0.15,0.1,0.0001,0.1,1.0,10.0,998,2,0.3431372549019608,0.0,9.611687812379895e-05,0.0
0.15,0.1,0.0001,0.1,1.0,100.0,983,17,0.25431855020711064,34.647760444895745,0.01741877487061159,275.3484545501938
0.15,0.1,0.0001,0.1,1.0,1000.0,972,28,0.2994357180395942,0.5928918134332307,0.036501463922091706,0.009817246391623157
0.15,0.1,0.0001,0.1,1.5,10.0,993,7,0.40002061430632857,0.0,0.02920268699047743,0.0
0.15,0.1,0.0001,0.1,1.5,100.0,989,11,0.3014079532106097,0.0,0.04569271613547186,0.0
0.15,0.1,0.0001,0.1,1.5,1000.0,973,27,0.31003871228042773,0.5874642667633209,0.0477288867185846,0.010129187430183649
0.15,0.1,0.0001,0.1,2.0,10.0,997,3,0.3267195767195767,0.0,0.007142157274432406,0.0
0.15,0.1,0.0001,0.1,2.0,100.0,993,7,0.37925170068027214,0.0,0.08869568235457448,0.0
0.15,0.1,0.0001,0.1,2.0,1000.0,983,17,0.23160910252695244,0.5868243625748344,0.01878018349644577,0.009570563778188443
0.15,0.1,0.0001,1.0,0.1,10.0,993,7,0.2683150183150183,0.0,0.05204467804367904,0.0
0.15,0.1,0.0001,1.0,0.1,100.0,982,18,0.243157686945485,33.240480680086954,0.04384097688678766,2114.293971996558
0.15,0.1,0.0001,1.0,0.1,1000.0,972,28,0.35512031823207296,0.6235758178439899,0.041770463410398966,0.016163768754495215
0.15,0.1,0.0001,1.0,0.5,10.0,1000,0,0.0,0.0,0.0,0.0
0.15,0.1,0.0001,1.0,0.5,100.0,1000,0,0.0,0.0,0.0,0.0
0.15,0.1,0.0001,1.0,0.5,1000.0,999,1,0.0,0.7931529450448712,0.0,0.04180452234276225
0.15,0.1,0.0001,1.0,1.0,10.0,1000,0,0.0,121.88129529044161,0.0,6876.371206845727
0.15,0.1,0.0001,1.0,1.0,100.0,1000,0,0.0,138.5192018575407,0.0,4570.68946113153
0.15,0.1,0.0001,1.0,1.0,1000.0,1000,0,0.0,0.896125343972343,0.0,0.0708939325165416
0.15,0.1,0.0001,1.0,1.5,10.0,978,22,0.8003730846261065,116.75880511850885,0.0008417104152678716,6802.448168032668
0.15,0.1,0.0001,1.0,1.5,100.0,964,36,0.8021395884859059,192.31649685622682,0.0005070861790318581,8531.31120148128
0.15,0.1,0.0001,1.0,1.5,1000.0,971,29,0.8016381865577675,0.9337721034700118,0.0006052336694993396,0.0878063475851153
0.15,0.1,0.0001,1.0,2.0,10.0,942,58,0.811378022375547,124.35625129097632,0.0006121317162124864,6822.559497563176
0.15,0.1,0.0001,1.0,2.0,100.0,937,63,0.8161660641828798,211.242867851879,0.0003997825159867971,9398.978694530884
0.15,0.1,0.0001,1.0,2.0,1000.0,932,68,0.8148886624541442,0.9262998734755945,0.0004346978581102224,0.09550541040255917
0.15,0.1,0.003,1e-05,0.1,10.0,1000,0,0.0,1.4826461511156566,0.0,6.056761482545977
0.15,0.1,0.003,1e-05,0.1,100.0,1000,0,0.0,0.11597607330830241,0.0,0.019132878160832038
0.15,0.1,0.003,1e-05,0.1,1000.0,1000,0,0.0,0.01094391304837193,0.0,0.00013919037288820076
0.15,0.1,0.003,1e-05,0.5,10.0,1000,0,0.0,1.5331679386823525,0.0,5.8282212622135114
0.15,0.1,0.003,1e-05,0.5,100.0,1000,0,0.0,0.11773379869144449,0.0,0.016192642926394236
0.15,0.1,0.003,1e-05,0.5,1000.0,1000,0,0.0,0.01106443878816906,0.0,0.00013516057910275482
0.15,0.1,0.003,1e-05,1.0,10.0,1000,0,0.0,1.8342859573040895,0.0,9.91750871530912
0.15,0.1,0.003,1e-05,1.0,100.0,1000,0,0.0,0.10624851856460998,0.0,0.01326037287670852
0.15,0.1,0.003,1e-05,1.0,1000.0,1000,0,0.0,0.010781877211178157,0.0,0.00013751593193392332
0.15,0.1,0.003,1e-05,1.5,10.0,1000,0,0.0,1.767091416624767,0.0,6.829106667712815
0.15,0.1,0.003,1e-05,1.5,100.0,1000,0,0.0,0.11019117551880347,0.0,0.014417290345585651
0.15,0.1,0.003,1e-05,1.5,1000.0,1000,0,0.0,0.010852280881869835,0.0,0.00012520320243024967
0.15,0.1,0.003,1e-05,2.0,10.0,1000,0,0.0,1.5431338070613085,0.0,4.060762120060087
0.15,0.1,0.003,1e-05,2.0,100.0,1000,0,0.0,0.11536791420813289,0.0,0.0162863175337435
0.15,0.1,0.003,1e-05,2.0,1000.0,1000,0,0.0,0.010397628461660233,0.0,0.00011259868217248026
0.15,0.1,0.003,0.001,0.1,10.0,1000,0,0.0,1.6316793778955052,0.0,8.550863700802752
0.15,0.1,0.003,0.001,0.1,100.0,1000,0,0.0,0.10770743224122245,0.0,0.013558137861278187
0.15,0.1,0.003,0.001,0.1,1000.0,1000,0,0.0,0.011115729703905085,0.0,0.00013395540107491872
0.15,0.1,0.003,0.001,0.5,10.0,1000,0,0.0,1.5549494343282495,0.0,3.8225375651198545
0.15,0.1,0.003,0.001,0.5,100.0,1000,0,0.0,0.11045393029325747,0.0,0.01300522160597819
0.15,0.1,0.003,0.001,0.5,1000.0,1000,0,0.0,0.010483215524150182,0.0,0.00014489471942812443
0.15,0.1,0.003,0.001,1.0,10.0,1000,0,0.0,1.6144103947199278,0.0,4.920393774028833
0.15,0.1,0.003,0.001,1.0,100.0,1000,0,0.0,0.11027586584602457,0.0,0.013177307760928259
0.15,0.1,0.003,0.001,1.0,1000.0,1000,0,0.0,0.010831852041152112,0.0,0.0001266107465587068
0.15,0.1,0.003,0.001,1.5,10.0,1000,0,0.0,1.6543422977209934,0.0,9.774361732190545
0.15,0.1,0.003,0.001,1.5,100.0,1000,0,0.0,0.11611940286468643,0.0,0.01720193384211043
0.15,0.1,0.003,0.001,1.5,1000.0,1000,0,0.0,0.010834942865045659,0.0,0.00012759574796166145
0.15,0.1,0.003,0.001,2.0,10.0,1000,0,0.0,1.7114987582537717,0.0,13.060655360845876
0.15,0.1,0.003,0.001,2.0,100.0,1000,0,0.0,0.10940040918940458,0.0,0.014040239313586196
0.15,0.1,0.003,0.001,2.0,1000.0,1000,0,0.0,0.010089135328530488,0.0,9.600198806241673e-05
0.15,0.1,0.003,0.1,0.1,10.0,1000,0,0.0,1.6329226912911456,0.0,5.772228344014743
0.15,0.1,0.003,0.1,0.1,100.0,1000,0,0.0,0.11195160606325856,0.0,0.01538076799991817
0.15,0.1,0.003,0.1,0.1,1000.0,1000,0,0.0,0.0108132287429293,0.0,0.00014777142216560932
0.15,0.1,0.003,0.1,0.5,10.0,1000,0,0.0,1.648994202623203,0.0,5.013485838717489
0.15,0.1,0.003,0.1,0.5,100.0,1000,0,0.0,0.10945434227530082,0.0,0.014879044064268803
0.15,0.1,0.003,0.1,0.5,1000.0,1000,0,0.0,0.010771330171255748,0.0,0.00014395667377653415
0.15,0.1,0.003,0.1,1.0,10.0,1000,0,0.0,1.6783023287927772,0.0,7.930253014401155
0.15,0.1,0.003,0.1,1.0,100.0,1000,0,0.0,0.1084552980918712,0.0,0.015865199763717024
0.15,0.1,0.003,0.1,1.0,1000.0,1000,0,0.0,0.010903411057461416,0.0,0.00012534515038794191
0.15,0.1,0.003,0.1,1.5,10.0,1000,0,0.0,1.9127471243433383,0.0,9.500269582251695
0.15,0.1,0.003,0.1,1.5,100.0,1000,0,0.0,0.11472415358781794,0.0,0.013426018234558074
0.15,0.1,0.003,0.1,1.5,1000.0,1000,0,0.0,0.010615241444980335,0.0,0.00011302053117123571
0.15,0.1,0.003,0.1,2.0,10.0,1000,0,0.0,1.7694027956868934,0.0,7.134308255322983
0.15,0.1,0.003,0.1,2.0,100.0,1000,0,0.0,0.11302192947753323,0.0,0.015285330057658563
0.15,0.1,0.003,0.1,2.0,1000.0,1000,0,0.0,0.01125312301125986,0.0,0.0001435252446505118
0.15,0.1,0.003,1.0,0.1,10.0,1000,0,0.0,1.5168299721072205,0.0,8.230978860510584
0.15,0.1,0.003,1.0,0.1,100.0,1000,0,0.0,0.11546679917619336,0.0,0.017514538572885187
0.15,0.1,0.003,1.0,0.1,1000.0,1000,0,0.0,0.010554937909498435,0.0,0.0001213343663258556
0.15,0.1,0.003,1.0,0.5,10.0,1000,0,0.0,2.311391767739741,0.0,18.913449197075398
0.15,0.1,0.003,1.0,0.5,100.0,1000,0,0.0,0.11318518633595338,0.0,0.019493899113009937
0.15,0.1,0.003,1.0,0.5,1000.0,1000,0,0.0,0.011703818948995316,0.0,0.00017683728700684958
0.15,0.1,0.003,1.0,1.0,10.0,1000,0,0.0,2.8595193085148374,0.0,20.417126001342478
0.15,0.1,0.003,1.0,1.0,100.0,1000,0,0.0,0.11239667998106873,0.0,0.017994703852529534
0.15,0.1,0.003,1.0,1.0,1000.0,1000,0,0.0,0.010369512823904565,0.0,0.00011707946611799191
0.15,0.1,0.003,1.0,1.5,10.0,1000,0,0.0,2.9081620284091976,0.0,26.007559673797978
0.15,0.1,0.003,1.0,1.5,100.0,1000,0,0.0,0.1299107306102825,0.0,0.023644132533664434
0.15,0.1,0.003,1.0,1.5,1000.0,1000,0,0.0,0.011020025127952889,0.0,0.00012845727216889805
0.15,0.1,0.003,1.0,2.0,10.0,1000,0,0.0,3.286754582703359,0.0,28.22407459153653
0.15,0.1,0.003,1.0,2.0,100.0,1000,0,0.0,0.12494061013651933,0.0,0.02252534868965668
0.15,0.1,0.003,1.0,2.0,1000.0,1000,0,0.0,0.009920736563058544,0.0,0.00014626374300070482
0.15,0.1,0.001,1e-05,0.1,10.0,1000,0,0.0,15.002489512780397,0.0,293.31912998248043
0.15,0.1,0.001,1e-05,0.1,100.0,1000,0,0.0,0.4575763261130917,0.0,0.06694344774592574
0.15,0.1,0.001,1e-05,0.1,1000.0,1000,0,0.0,0.04400161781793471,0.0,0.0005523110073539442
0.15,0.1,0.001,1e-05,0.5,10.0,1000,0,0.0,15.708444937456091,0.0,362.0506365394262
0.15,0.1,0.001,1e-05,0.5,100.0,1000,0,0.0,0.46176152135586096,0.0,0.0708256266586479
0.15,0.1,0.001,1e-05,0.5,1000.0,1000,0,0.0,0.043094475948331566,0.0,0.0004972522817441754
0.15,0.1,0.001,1e-05,1.0,10.0,1000,0,0.0,15.544353663907202,0.0,398.08039297943407
0.15,0.1,0.001,1e-05,1.0,100.0,1000,0,0.0,0.4669350263636903,0.0,0.0666240159614963
0.15,0.1,0.001,1e-05,1.0,1000.0,1000,0,0.0,0.04336105711943827,0.0,0.0005112522263504791
0.15,0.1,0.001,1e-05,1.5,10.0,1000,0,0.0,15.031051473093052,0.0,345.00275145936
0.15,0.1,0.001,1e-05,1.5,100.0,1000,0,0.0,0.4719287639061788,0.0,0.07031487145922904
0.15,0.1,0.001,1e-05,1.5,1000.0,1000,0,0.0,0.042690861856642455,0.0,0.0005041938252870904
0.15,0.1,0.001,1e-05,2.0,10.0,1000,0,0.0,16.005706697110107,0.0,387.54178598708774
0.15,0.1,0.001,1e-05,2.0,100.0,1000,0,0.0,0.47892508882538154,0.0,0.07951510947466219
0.15,0.1,0.001,1e-05,2.0,1000.0,1000,0,0.0,0.043097666694480036,0.0,0.0005560645710981758
0.15,0.1,0.001,0.001,0.1,10.0,1000,0,0.0,16.020197017389915,0.0,421.3409466469365
0.15,0.1,0.001,0.001,0.1,100.0,1000,0,0.0,0.45888644583365296,0.0,0.07109906676504195
0.15,0.1,0.001,0.001,0.1,1000.0,1000,0,0.0,0.042207236099238266,0.0,0.0004937337149684273
0.15,0.1,0.001,0.001,0.5,10.0,1000,0,0.0,14.575941313340289,0.0,328.5704154462169
0.15,0.1,0.001,0.001,0.5,100.0,1000,0,0.0,0.4559892198599973,0.0,0.06407661688300692
0.15,0.1,0.001,0.001,0.5,1000.0,1000,0,0.0,0.04087439659323371,0.0,0.0004601748845566223
0.15,0.1,0.001,0.001,1.0,10.0,1000,0,0.0,17.156780369722185,0.0,635.8832555624597
0.15,0.1,0.001,0.001,1.0,100.0,1000,0,0.0,0.45813404312644385,0.0,0.06785781111521126
0.15,0.1,0.001,0.001,1.0,1000.0,1000,0,0.0,0.042686538784527384,0.0,0.0005017216529576656
0.15,0.1,0.001,0.001,1.5,10.0,1000,0,0.0,14.451329805472435,0.0,330.61814540509243
0.15,0.1,0.001,0.001,1.5,100.0,1000,0,0.0,0.4802327436656622,0.0,0.07880389319729915
0.15,0.1,0.001,0.001,1.5,1000.0,1000,0,0.0,0.043049542499259845,0.0,0.0004609393277826974
0.15,0.1,0.001,0.001,2.0,10.0,1000,0,0.0,14.602600417366705,0.0,315.62531448156614
0.15,0.1,0.001,0.001,2.0,100.0,1000,0,0.0,0.4670074086125709,0.0,0.07681093998621855
0.15,0.1,0.001,0.001,2.0,1000.0,999,1,0.25,0.04241664778139989,0.0,0.000496509208537036
0.15,0.1,0.001,0.1,0.1,10.0,1000,0,0.0,14.220017776278267,0.0,307.4307526159803
0.15,0.1,0.001,0.1,0.1,100.0,1000,0,0.0,0.44867768141658526,0.0,0.07216484181843506
0.15,0.1,0.001,0.1,0.1,1000.0,1000,0,0.0,0.0426988602810706,0.0,0.0004924223603136056
0.15,0.1,0.001,0.1,0.5,10.0,1000,0,0.0,15.091326283418399,0.0,360.1066615029037
0.15,0.1,0.001,0.1,0.5,100.0,1000,0,0.0,0.4758298316643054,0.0,0.06992130015305721
0.15,0.1,0.001,0.1,0.5,1000.0,1000,0,0.0,0.04289665937375287,0.0,0.0004861432210031844
0.15,0.1,0.001,0.1,1.0,10.0,1000,0,0.0,17.36543305116132,0.0,544.4768693302464
0.15,0.1,0.001,0.1,1.0,100.0,1000,0,0.0,0.48253910764453795,0.0,0.07170762030526426
0.15,0.1,0.001,0.1,1.0,1000.0,1000,0,0.0,0.04098516876165493,0.0,0.000454862218969574
0.15,0.1,0.001,0.1,1.5,10.0,1000,0,0.0,15.810908261100892,0.0,355.5694798450195
0.15,0.1,0.001,0.1,1.5,100.0,1000,0,0.0,0.4771952947132503,0.0,0.07974362957674384
0.15,0.1,0.001,0.1,1.5,1000.0,1000,0,0.0,0.04295544424535511,0.0,0.0005311576284419456
0.15,0.1,0.001,0.1,2.0,10.0,1000,0,0.0,14.686897570190386,0.0,361.41983146665456
0.15,0.1,0.001,0.1,2.0,100.0,1000,0,0.0,0.4800894759034043,0.0,0.06934352810742346
0.15,0.1,0.001,0.1,2.0,1000.0,1000,0,0.0,0.04290748818713133,0.0,0.0005497697823535837
0.15,0.1,0.001,1.0,0.1,10.0,1000,0,0.0,7.922906828549365,0.0,100.22488647564802
0.15,0.1,0.001,1.0,0.1,100.0,1000,0,0.0,0.48253250731233543,0.0,0.11052626917406377
0.15,0.1,0.001,1.0,0.1,1000.0,1000,0,0.0,0.04389610545779074,0.0,0.0005433217741745948
0.15,0.1,0.001,1.0,0.5,10.0,1000,0,0.0,14.936140513217742,0.0,323.40178766617635
0.15,0.1,0.001,1.0,0.5,100.0,1000,0,0.0,0.6133594551312465,0.0,0.23608042617740035
0.15,0.1,0.001,1.0,0.5,1000.0,1000,0,0.0,0.043409348993707415,0.0,0.0005274198395559762
0.15,0.1,0.001,1.0,1.0,10.0,1000,0,0.0,19.431318428247984,0.0,439.7540112368916
0.15,0.1,0.001,1.0,1.0,100.0,1000,0,0.0,0.6404989034670944,0.0,0.2376893636385638
0.15,0.1,0.001,1.0,1.0,1000.0,1000,0,0.0,0.044891192688569066,0.0,0.0006291390706934892
0.15,0.1,0.001,1.0,1.5,10.0,1000,0,0.0,23.496967132625993,0.0,580.989608976956
0.15,0.1,0.001,1.0,1.5,100.0,1000,0,0.0,0.673581857491685,0.0,0.2895224926194642
0.15,0.1,0.001,1.0,1.5,1000.0,1000,0,0.0,0.04406219694255675,0.0,0.0006013447376169346
0.15,0.1,0.001,1.0,2.0,10.0,1000,0,0.0,27.986868349360854,0.0,706.9031357392555
0.15,0.1,0.001,1.0,2.0,100.0,1000,0,0.0,0.6464881686143444,0.0,0.22037214622605417
0.15,0.1,0.001,1.0,2.0,1000.0,1000,0,0.0,0.04386142105853602,0.0,0.0005694743225388267
0.2,0.0,0.0003,1e-05,0.1,10.0,1000,0,0.0,0.0,0.0,0.0
0.2,0.0,0.0003,1e-05,0.1,100.0,1000,0,0.0,0.0,0.0,0.0
0.2,0.0,0.0003,1e-05,0.1,1000.0,1000,0,0.0,0.0,0.0,0.0
0.2,0.0,0.0003,1e-05,0.5,10.0,1000,0,0.0,0.0,0.0,0.0
0.2,0.0,0.0003,1e-05,0.5,100.0,1000,0,0.0,0.0,0.0,0.0
0.2,0.0,0.0003,1e-05,0.5,1000.0,1000,0,0.0,0.0,0.0,0.0
0.2,0.0,0.0003,1e-05,1.0,10.0,1000,0,0.0,0.0,0.0,0.0
0.2,0.0,0.0003,1e-05,1.0,100.0,1000,0,0.0,0.0,0.0,0.0
0.2,0.0,0.0003,1e-05,1.0,1000.0,1000,0,0.0,0.0,0.0,0.0
0.2,0.0,0.0003,1e-05,1.5,10.0,1000,0,0.0,0.0,0.0,0.0
0.2,0.0,0.0003,1e-05,1.5,100.0,1000,0,0.0,0.0,0.0,0.0
0.2,0.0,0.0003,1e-05,1.5,1000.0,1000,0,0.0,0.0,0.0,0.0
0.2,0.0,0.0003,1e-05,2.0,10.0,1000,0,0.0,0.0,0.0,0.0
0.2,0.0,0.0003,1e-05,2.0,100.0,1000,0,0.0,0.0,0.0,0.0
0.2,0.0,0.0003,1e-05,2.0,1000.0,1000,0,0.0,0.0,0.0,0.0
0.2,0.0,0.0003,0.001,0.1,10.0,1000,0,0.0,0.0,0.0,0.0
0.2,0.0,0.0003,0.001,0.1,100.0,1000,0,0.0,0.0,0.0,0.0
0.2,0.0,0.0003,0.001,0.1,1000.0,1000,0,0.0,0.0,0.0,0.0
0.2,0.0,0.0003,0.001,0.5,10.0,1000,0,0.0,0.0,0.0,0.0
0.2,0.0,0.0003,0.001,0.5,100.0,1000,0,0.0,0.0,0.0,0.0
0.2,0.0,0.0003,0.001,0.5,1000.0,1000,0,0.0,0.0,0.0,0.0
0.2,0.0,0.0003,0.001,1.0,10.0,1000,0,0.0,0.0,0.0,0.0
0.2,0.0,0.0003,0.001,1.0,100.0,1000,0,0.0,0.0,0.0,0.0
0.2,0.0,0.0003,0.001,1.0,1000.0,1000,0,0.0,0.0,0.0,0.0
0.2,0.0,0.0003,0.001,1.5,10.0,1000,0,0.0,0.0,0.0,0.0
0.2,0.0,0.0003,0.001,1.5,100.0,1000,0,0.0,0.0,0.0,0.0
0.2,0.0,0.0003,0.001,1.5,1000.0,1000,0,0.0,0.0,0.0,0.0
0.2,0.0,0.0003,0.001,2.0,10.0,1000,0,0.0,0.0,0.0,0.0
0.2,0.0,0.0003,0.001,2.0,100.0,1000,0,0.0,0.0,0.0,0.0
0.2,0.0,0.0003,0.001,2.0,1000.0,1000,0,0.0,0.0,0.0,0.0
0.2,0.0,0.0003,0.1,0.1,10.0,1000,0,0.0,0.0,0.0,0.0
0.2,0.0,0.0003,0.1,0.1,100.0,1000,0,0.0,0.0,0.0,0.0
0.2,0.0,0.0003,0.1,0.1,1000.0,1000,0,0.0,0.0,0.0,0.0
0.2,0.0,0.0003,0.1,0.5,10.0,1000,0,0.0,0.0,0.0,0.0
0.2,0.0,0.0003,0.1,0.5,100.0,1000,0,0.0,0.0,0.0,0.0
0.2,0.0,0.0003,0.1,0.5,1000.0,1000,0,0.0,0.0,0.0,0.0
0.2,0.0,0.0003,0.1,1.0,10.0,1000,0,0.0,0.0,0.0,0.0
0.2,0.0,0.0003,0.1,1.0,100.0,1000,0,0.0,0.0,0.0,0.0
0.2,0.0,0.0003,0.1,1.0,1000.0,1000,0,0.0,0.0,0.0,0.0
0.2,0.0,0.0003,0.1,1.5,10.0,1000,0,0.0,0.0,0.0,0.0
0.2,0.0,0.0003,0.1,1.5,100.0,1000,0,0.0,0.0,0.0,0.0
0.2,0.0,0.0003,0.1,1.5,1000.0,1000,0,0.0,0.0,0.0,0.0
0.2,0.0,0.0003,0.1,2.0,10.0,1000,0,0.0,0.0,0.0,0.0
0.2,0.0,0.0003,0.1,2.0,100.0,1000,0,0.0,0.0,0.0,0.0
0.2,0.0,0.0003,0.1,2.0,1000.0,1000,0,0.0,0.0,0.0,0.0
0.2,0.0,0.0003,1.0,0.1,10.0,1000,0,0.0,0.0,0.0,0.0
0.2,0.0,0.0003,1.0,0.1,100.0,1000,0,0.0,0.0,0.0,0.0
0.2,0.0,0.0003,1.0,0.1,1000.0,1000,0,0.0,0.0,0.0,0.0
0.2,0.0,0.0003,1.0,0.5,10.0,1000,0,0.0,0.0,0.0,0.0
0.2,0.0,0.0003,1.0,0.5,100.0,1000,0,0.0,0.0,0.0,0.0
0.2,0.0,0.0003,1.0,0.5,1000.0,1000,0,0.0,0.0,0.0,0.0
0.2,0.0,0.0003,1.0,1.0,10.0,1000,0,0.0,0.0,0.0,0.0
0.2,0.0,0.0003,1.0,1.0,100.0,1000,0,0.0,0.0,0.0,0.0
0.2,0.0,0.0003,1.0,1.0,1000.0,1000,0,0.0,0.0,0.0,0.0
0.2,0.0,0.0003,1.0,1.5,10.0,1000,0,0.0,0.0,0.0,0.0
0.2,0.0,0.0003,1.0,1.5,100.0,1000,0,0.0,0.0,0.0,0.0
0.2,0.0,0.0003,1.0,1.5,1000.0,1000,0,0.0,0.0,0.0,0.0
0.2,0.0,0.0003,1.0,2.0,10.0,999,1,0.8566433566433567,25.338949196149425,0.0,0.0
0.2,0.0,0.0003,1.0,2.0,100.0,1000,0,0.0,0.0,0.0,0.0
0.2,0.0,0.0003,1.0,2.0,1000.0,1000,0,0.0,0.0,0.0,0.0
0.2,0.0,0.0001,1e-05,0.1,10.0,1000,0,0.0,0.0,0.0,0.0
0.2,0.0,0.0001,1e-05,0.1,100.0,1000,0,0.0,0.0,0.0,0.0
0.2,0.0,0.0001,1e-05,0.1,1000.0,1000,0,0.0,0.0,0.0,0.0
0.2,0.0,0.0001,1e-05,0.5,10.0,1000,0,0.0,0.0,0.0,0.0
0.2,0.0,0.0001,1e-05,0.5,100.0,1000,0,0.0,0.0,0.0,0.0
0.2,0.0,0.0001,1e-05,0.5,1000.0,1000,0,0.0,0.0,0.0,0.0
0.2,0.0,0.0001,1e-05,1.0,10.0,1000,0,0.0,0.0,0.0,0.0
0.2,0.0,0.0001,1e-05,1.0,100.0,1000,0,0.0,0.0,0.0,0.0
0.2,0.0,0.0001,1e-05,1.0,1000.0,1000,0,0.0,0.0,0.0,0.0
0.2,0.0,0.0001,1e-05,1.5,10.0,1000,0,0.0,0.0,0.0,0.0
0.2,0.0,0.0001,1e-05,1.5,100.0,1000,0,0.0,0.0,0.0,0.0
0.2,0.0,0.0001,1e-05,1.5,1000.0,1000,0,0.0,0.0,0.0,0.0
0.2,0.0,0.0001,1e-05,2.0,10.0,1000,0,0.0,0.0,0.0,0.0
0.2,0.0,0.0001,1e-05,2.0,100.0,1000,0,0.0,0.0,0.0,0.0
0.2,0.0,0.0001,1e-05,2.0,1000.0,1000,0,0.0,0.0,0.0,0.0
0.2,0.0,0.0001,0.001,0.1,10.0,1000,0,0.0,0.0,0.0,0.0
0.2,0.0,0.0001,0.001,0.1,100.0,1000,0,0.0,0.0,0.0,0.0
0.2,0.0,0.0001,0.001,0.1,1000.0,1000,0,0.0,0.0,0.0,0.0
0.2,0.0,0.0001,0.001,0.5,10.0,1000,0,0.0,0.0,0.0,0.0
0.2,0.0,0.0001,0.001,0.5,100.0,1000,0,0.0,0.0,0.0,0.0
0.2,0.0,0.0001,0.001,0.5,1000.0,1000,0,0.0,0.0,0.0,0.0
0.2,0.0,0.0001,0.001,1.0,10.0,1000,0,0.0,0.0,0.0,0.0
0.2,0.0,0.0001,0.001,1.0,100.0,1000,0,0.0,0.0,0.0,0.0
0.2,0.0,0.0001,0.001,1.0,1000.0,1000,0,0.0,0.0,0.0,0.0
0.2,0.0,0.0001,0.001,1.5,10.0,1000,0,0.0,0.0,0.0,0.0
0.2,0.0,0.0001,0.001,1.5,100.0,1000,0,0.0,0.0,0.0,0.0
0.2,0.0,0.0001,0.001,1.5,1000.0,1000,0,0.0,0.0,0.0,0.0
0.2,0.0,0.0001,0.001,2.0,10.0,1000,0,0.0,0.0,0.0,0.0
0.2,0.0,0.0001,0.001,2.0,100.0,1000,0,0.0,0.0,0.0,0.0
0.2,0.0,0.0001,0.001,2.0,1000.0,1000,0,0.0,0.0,0.0,0.0
0.2,0.0,0.0001,0.1,0.1,10.0,1000,0,0.0,0.0,0.0,0.0
0.2,0.0,0.0001,0.1,0.1,100.0,1000,0,0.0,0.0,0.0,0.0
0.2,0.0,0.0001,0.1,0.1,1000.0,1000,0,0.0,0.0,0.0,0.0
0.2,0.0,0.0001,0.1,0.5,10.0,1000,0,0.0,0.0,0.0,0.0
0.2,0.0,0.0001,0.1,0.5,100.0,1000,0,0.0,0.0,0.0,0.0
0.2,0.0,0.0001,0.1,0.5,1000.0,1000,0,0.0,0.0,0.0,0.0
0.2,0.0,0.0001,0.1,1.0,10.0,1000,0,0.0,0.0,0.0,0.0
0.2,0.0,0.0001,0.1,1.0,100.0,1000,0,0.0,0.0,0.0,0.0
0.2,0.0,0.0001,0.1,1.0,1000.0,1000,0,0.0,0.0,0.0,0.0
0.2,0.0,0.0001,0.1,1.5,10.0,1000,0,0.0,0.0,0.0,0.0
0.2,0.0,0.0001,0.1,1.5,100.0,1000,0,0.0,0.0,0.0,0.0
0.2,0.0,0.0001,0.1,1.5,1000.0,1000,0,0.0,0.0,0.0,0.0
0.2,0.0,0.0001,0.1,2.0,10.0,1000,0,0.0,0.0,0.0,0.0
0.2,0.0,0.0001,0.1,2.0,100.0,1000,0,0.0,0.0,0.0,0.0
0.2,0.0,0.0001,0.1,2.0,1000.0,1000,0,0.0,0.0,0.0,0.0
0.2,0.0,0.0001,1.0,0.1,10.0,1000,0,0.0,0.0,0.0,0.0
0.2,0.0,0.0001,1.0,0.1,100.0,1000,0,0.0,0.0,0.0,0.0
0.2,0.0,0.0001,1.0,0.1,1000.0,1000,0,0.0,0.0,0.0,0.0
0.2,0.0,0.0001,1.0,0.5,10.0,1000,0,0.0,0.0,0.0,0.0
0.2,0.0,0.0001,1.0,0.5,100.0,1000,0,0.0,0.0,0.0,0.0
0.2,0.0,0.0001,1.0,0.5,1000.0,1000,0,0.0,0.0,0.0,0.0
0.2,0.0,0.0001,1.0,1.0,10.0,1000,0,0.0,0.0,0.0,0.0
0.2,0.0,0.0001,1.0,1.0,100.0,1000,0,0.0,0.0,0.0,0.0
0.2,0.0,0.0001,1.0,1.0,1000.0,1000,0,0.0,0.0,0.0,0.0
0.2,0.0,0.0001,1.0,1.5,10.0,1000,0,0.0,0.0,0.0,0.0
0.2,0.0,0.0001,1.0,1.5,100.0,1000,0,0.0,0.0,0.0,0.0
0.2,0.0,0.0001,1.0,1.5,1000.0,1000,0,0.0,0.0,0.0,0.0
0.2,0.0,0.0001,1.0,2.0,10.0,1000,0,0.0,0.0,0.0,0.0
0.2,0.0,0.0001,1.0,2.0,100.0,1000,0,0.0,0.0,0.0,0.0
0.2,0.0,0.0001,1.0,2.0,1000.0,1000,0,0.0,0.0,0.0,0.0
0.2,0.0,0.003,1e-05,0.1,10.0,1000,0,0.0,0.0,0.0,0.0
0.2,0.0,0.003,1e-05,0.1,100.0,1000,0,0.0,0.0,0.0,0.0
0.2,0.0,0.003,1e-05,0.1,1000.0,1000,0,0.0,0.0,0.0,0.0
0.2,0.0,0.003,1e-05,0.5,10.0,1000,0,0.0,0.0,0.0,0.0
0.2,0.0,0.003,1e-05,0.5,100.0,1000,0,0.0,0.0,0.0,0.0
0.2,0.0,0.003,1e-05,0.5,1000.0,1000,0,0.0,0.0,0.0,0.0
0.2,0.0,0.003,1e-05,1.0,10.0,1000,0,0.0,0.0,0.0,0.0
0.2,0.0,0.003,1e-05,1.0,100.0,1000,0,0.0,0.0,0.0,0.0
0.2,0.0,0.003,1e-05,1.0,1000.0,1000,0,0.0,0.0,0.0,0.0
0.2,0.0,0.003,1e-05,1.5,10.0,1000,0,0.0,0.0,0.0,0.0
0.2,0.0,0.003,1e-05,1.5,100.0,1000,0,0.0,0.0,0.0,0.0
0.2,0.0,0.003,1e-05,1.5,1000.0,1000,0,0.0,0.0,0.0,0.0
0.2,0.0,0.003,1e-05,2.0,10.0,1000,0,0.0,0.0,0.0,0.0
0.2,0.0,0.003,1e-05,2.0,100.0,1000,0,0.0,0.0,0.0,0.0
0.2,0.0,0.003,1e-05,2.0,1000.0,1000,0,0.0,0.0,0.0,0.0
0.2,0.0,0.003,0.001,0.1,10.0,1000,0,0.0,0.0,0.0,0.0
0.2,0.0,0.003,0.001,0.1,100.0,1000,0,0.0,0.0,0.0,0.0
0.2,0.0,0.003,0.001,0.1,1000.0,1000,0,0.0,0.0,0.0,0.0
0.2,0.0,0.003,0.001,0.5,10.0,1000,0,0.0,0.0,0.0,0.0
0.2,0.0,0.003,0.001,0.5,100.0,1000,0,0.0,0.0,0.0,0.0
0.2,0.0,0.003,0.001,0.5,1000.0,1000,0,0.0,0.0,0.0,0.0
0.2,0.0,0.003,0.001,1.0,10.0,1000,0,0.0,0.0,0.0,0.0
0.2,0.0,0.003,0.001,1.0,100.0,1000,0,0.0,0.0,0.0,0.0
0.2,0.0,0.003,0.001,1.0,1000.0,1000,0,0.0,0.0,0.0,0.0
0.2,0.0,0.003,0.001,1.5,10.0,1000,0,0.0,0.0,0.0,0.0
0.2,0.0,0.003,0.001,1.5,100.0,1000,0,0.0,0.0,0.0,0.0
0.2,0.0,0.003,0.001,1.5,1000.0,1000,0,0.0,0.0,0.0,0.0
0.2,0.0,0.003,0.001,2.0,10.0,1000,0,0.0,0.0,0.0,0.0
0.2,0.0,0.003,0.001,2.0,100.0,1000,0,0.0,0.0,0.0,0.0
0.2,0.0,0.003,0.001,2.0,1000.0,1000,0,0.0,0.0,0.0,0.0
0.2,0.0,0.003,0.1,0.1,10.0,1000,0,0.0,7.704957762844174,0.0,36.08972025466673
0.2,0.0,0.003,0.1,0.1,100.0,1000,0,0.0,4.28429062029429,0.0,6.127297038517344
0.2,0.0,0.003,0.1,0.1,1000.0,1000,0,0.0,0.0,0.0,0.0
0.2,0.0,0.003,0.1,0.5,10.0,1000,0,0.0,8.145071928854279,0.0,16.602215447829316
0.2,0.0,0.003,0.1,0.5,100.0,1000,0,0.0,16.652560476593425,0.0,0.0
0.2,0.0,0.003,0.1,0.5,1000.0,1000,0,0.0,0.0,0.0,0.0
0.2,0.0,0.003,0.1,1.0,10.0,1000,0,0.0,8.603389470799506,0.0,31.14906330695679
0.2,0.0,0.003,0.1,1.0,100.0,1000,0,0.0,0.0,0.0,0.0
0.2,0.0,0.003,0.1,1.0,1000.0,1000,0,0.0,0.0,0.0,0.0
0.2,0.0,0.003,0.1,1.5,10.0,1000,0,0.0,11.679325064718732,0.0,0.4995991804210276
0.2,0.0,0.003,0.1,1.5,100.0,1000,0,0.0,0.0,0.0,0.0
0.2,0.0,0.003,0.1,1.5,1000.0,1000,0,0.0,0.0,0.0,0.0
0.2,0.0,0.003,0.1,2.0,10.0,1000,0,0.0,0.0,0.0,0.0
0.2,0.0,0.003,0.1,2.0,100.0,1000,0,0.0,0.0,0.0,0.0
0.2,0.0,0.003,0.1,2.0,1000.0,1000,0,0.0,0.0,0.0,0.0
0.2,0.0,0.003,1.0,0.1,10.0,1000,0,0.0,1.890294673937889,0.0,2.13060797371706
0.2,0.0,0.003,1.0,0.1,100.0,1000,0,0.0,1.8013756024423486,0.0,1.3967496054969333
0.2,0.0,0.003,1.0,0.1,1000.0,1000,0,0.0,1.435874490759428,0.0,1.6934641571253848
0.2,0.0,0.003,1.0,0.5,10.0,1000,0,0.0,1.97361179275072,0.0,1.4693128944255933
0.2,0.0,0.003,1.0,0.5,100.0,1000,0,0.0,2.2117719970145715,0.0,0.0
0.2,0.0,0.003,1.0,0.5,1000.0,1000,0,0.0,0.0,0.0,0.0
0.2,0.0,0.003,1.0,1.0,10.0,1000,0,0.0,1.8229741444074294,0.0,0.8947369594660066
0.2,0.0,0.003,1.0,1.0,100.0,1000,0,0.0,0.0,0.0,0.0
0.2,0.0,0.003,1.0,1.0,1000.0,1000,0,0.0,0.0,0.0,0.0
0.2,0.0,0.003,1.0,1.5,10.0,1000,0,0.0,5.4630707961546845,0.0,0.3387130320699479
0.2,0.0,0.003,1.0,1.5,100.0,1000,0,0.0,0.0,0.0,0.0
0.2,0.0,0.003,1.0,1.5,1000.0,1000,0,0.0,0.0,0.0,0.0
0.2,0.0,0.003,1.0,2.0,10.0,1000,0,0.0,0.0,0.0,0.0
0.2,0.0,0.003,1.0,2.0,100.0,1000,0,0.0,0.0,0.0,0.0
0.2,0.0,0.003,1.0,2.0,1000.0,1000,0,0.0,0.0,0.0,0.0
0.2,0.0,0.001,1e-05,0.1,10.0,1000,0,0.0,0.0,0.0,0.0
0.2,0.0,0.001,1e-05,0.1,100.0,1000,0,0.0,0.0,0.0,0.0
0.2,0.0,0.001,1e-05,0.1,1000.0,1000,0,0.0,0.0,0.0,0.0
0.2,0.0,0.001,1e-05,0.5,10.0,1000,0,0.0,0.0,0.0,0.0
0.2,0.0,0.001,1e-05,0.5,100.0,1000,0,0.0,0.0,0.0,0.0
0.2,0.0,0.001,1e-05,0.5,1000.0,1000,0,0.0,0.0,0.0,0.0
0.2,0.0,0.001,1e-05,1.0,10.0,1000,0,0.0,0.0,0.0,0.0
0.2,0.0,0.001,1e-05,1.0,100.0,1000,0,0.0,0.0,0.0,0.0
0.2,0.0,0.001,1e-05,1.0,1000.0,1000,0,0.0,0.0,0.0,0.0
0.2,0.0,0.001,1e-05,1.5,10.0,1000,0,0.0,0.0,0.0,0.0
0.2,0.0,0.001,1e-05,1.5,100.0,1000,0,0.0,0.0,0.0,0.0
0.2,0.0,0.001,1e-05,1.5,1000.0,1000,0,0.0,0.0,0.0,0.0
0.2,0.0,0.001,1e-05,2.0,10.0,1000,0,0.0,0.0,0.0,0.0
0.2,0.0,0.001,1e-05,2.0,100.0,1000,0,0.0,0.0,0.0,0.0
0.2,0.0,0.001,1e-05,2.0,1000.0,1000,0,0.0,0.0,0.0,0.0
0.2,0.0,0.001,0.001,0.1,10.0,1000,0,0.0,0.0,0.0,0.0
0.2,0.0,0.001,0.001,0.1,100.0,1000,0,0.0,0.0,0.0,0.0
0.2,0.0,0.001,0.001,0.1,1000.0,1000,0,0.0,0.0,0.0,0.0
0.2,0.0,0.001,0.001,0.5,10.0,1000,0,0.0,0.0,0.0,0.0
0.2,0.0,0.001,0.001,0.5,100.0,1000,0,0.0,0.0,0.0,0.0
0.2,0.0,0.001,0.001,0.5,1000.0,1000,0,0.0,0.0,0.0,0.0
0.2,0.0,0.001,0.001,1.0,10.0,1000,0,0.0,0.0,0.0,0.0
0.2,0.0,0.001,0.001,1.0,100.0,1000,0,0.0,0.0,0.0,0.0
0.2,0.0,0.001,0.001,1.0,1000.0,1000,0,0.0,0.0,0.0,0.0
0.2,0.0,0.001,0.001,1.5,10.0,1000,0,0.0,0.0,0.0,0.0
0.2,0.0,0.001,0.001,1.5,100.0,1000,0,0.0,0.0,0.0,0.0
0.2,0.0,0.001,0.001,1.5,1000.0,1000,0,0.0,0.0,0.0,0.0
0.2,0.0,0.001,0.001,2.0,10.0,1000,0,0.0,0.0,0.0,0.0
0.2,0.0,0.001,0.001,2.0,100.0,1000,0,0.0,0.0,0.0,0.0
0.2,0.0,0.001,0.001,2.0,1000.0,1000,0,0.0,0.0,0.0,0.0
0.2,0.0,0.001,0.1,0.1,10.0,1000,0,0.0,0.0,0.0,0.0
0.2,0.0,0.001,0.1,0.1,100.0,1000,0,0.0,0.0,0.0,0.0
0.2,0.0,0.001,0.1,0.1,1000.0,1000,0,0.0,0.0,0.0,0.0
0.2,0.0,0.001,0.1,0.5,10.0,1000,0,0.0,0.0,0.0,0.0
0.2,0.0,0.001,0.1,0.5,100.0,1000,0,0.0,0.0,0.0,0.0
0.2,0.0,0.001,0.1,0.5,1000.0,1000,0,0.0,0.0,0.0,0.0
0.2,0.0,0.001,0.1,1.0,10.0,1000,0,0.0,0.0,0.0,0.0
0.2,0.0,0.001,0.1,1.0,100.0,1000,0,0.0,0.0,0.0,0.0
0.2,0.0,0.001,0.1,1.0,1000.0,1000,0,0.0,0.0,0.0,0.0
0.2,0.0,0.001,0.1,1.5,10.0,1000,0,0.0,0.0,0.0,0.0
0.2,0.0,0.001,0.1,1.5,100.0,1000,0,0.0,0.0,0.0,0.0
0.2,0.0,0.001,0.1,1.5,1000.0,1000,0,0.0,0.0,0.0,0.0
0.2,0.0,0.001,0.1,2.0,10.0,1000,0,0.0,0.0,0.0,0.0
0.2,0.0,0.001,0.1,2.0,100.0,1000,0,0.0,0.0,0.0,0.0
0.2,0.0,0.001,0.1,2.0,1000.0,1000,0,0.0,0.0,0.0,0.0
0.2,0.0,0.001,1.0,0.1,10.0,1000,0,0.0,7.557085161791071,0.0,10.413438536772883
0.2,0.0,0.001,1.0,0.1,100.0,1000,0,0.0,2.0226707490290727,0.0,0.0
0.2,0.0,0.001,1.0,0.1,1000.0,1000,0,0.0,0.0,0.0,0.0
0.2,0.0,0.001,1.0,0.5,10.0,1000,0,0.0,4.672885535166777,0.0,0.0
0.2,0.0,0.001,1.0,0.5,100.0,1000,0,0.0,0.0,0.0,0.0
0.2,0.0,0.001,1.0,0.5,1000.0,1000,0,0.0,0.0,0.0,0.0
0.2,0.0,0.001,1.0,1.0,10.0,1000,0,0.0,5.4080431360662695,0.0,2.1630436808469744
0.2,0.0,0.001,1.0,1.0,100.0,1000,0,0.0,0.0,0.0,0.0
0.2,0.0,0.001,1.0,1.0,1000.0,1000,0,0.0,0.0,0.0,0.0
0.2,0.0,0.001,1.0,1.5,10.0,1000,0,0.0,0.0,0.0,0.0
0.2,0.0,0.001,1.0,1.5,100.0,1000,0,0.0,0.0,0.0,0.0
0.2,0.0,0.001,1.0,1.5,1000.0,1000,0,0.0,0.0,0.0,0.0
0.2,0.0,0.001,1.0,2.0,10.0,1000,0,0.0,0.0,0.0,0.0
0.2,0.0,0.001,1.0,2.0,100.0,1000,0,0.0,0.0,0.0,0.0
0.2,0.0,0.001,1.0,2.0,1000.0,1000,0,0.0,0.0,0.0,0.0
0.2,1e-05,0.0003,1e-05,0.1,10.0,1000,0,0.0,0.0,0.0,0.0
0.2,1e-05,0.0003,1e-05,0.1,100.0,1000,0,0.0,0.0,0.0,0.0
0.2,1e-05,0.0003,1e-05,0.1,1000.0,1000,0,0.0,0.0,0.0,0.0
0.2,1e-05,0.0003,1e-05,0.5,10.0,1000,0,0.0,0.0,0.0,0.0
0.2,1e-05,0.0003,1e-05,0.5,100.0,1000,0,0.0,0.0,0.0,0.0
0.2,1e-05,0.0003,1e-05,0.5,1000.0,1000,0,0.0,0.0,0.0,0.0
0.2,1e-05,0.0003,1e-05,1.0,10.0,1000,0,0.0,0.0,0.0,0.0
0.2,1e-05,0.0003,1e-05,1.0,100.0,1000,0,0.0,0.0,0.0,0.0
0.2,1e-05,0.0003,1e-05,1.0,1000.0,1000,0,0.0,0.0,0.0,0.0
0.2,1e-05,0.0003,1e-05,1.5,10.0,1000,0,0.0,0.0,0.0,0.0
0.2,1e-05,0.0003,1e-05,1.5,100.0,1000,0,0.0,0.0,0.0,0.0
0.2,1e-05,0.0003,1e-05,1.5,1000.0,1000,0,0.0,0.0,0.0,0.0
0.2,1e-05,0.0003,1e-05,2.0,10.0,1000,0,0.0,0.0,0.0,0.0
0.2,1e-05,0.0003,1e-05,2.0,100.0,1000,0,0.0,0.0,0.0,0.0
0.2,1e-05,0.0003,1e-05,2.0,1000.0,1000,0,0.0,0.0,0.0,0.0
0.2,1e-05,0.0003,0.001,0.1,10.0,1000,0,0.0,0.0,0.0,0.0
0.2,1e-05,0.0003,0.001,0.1,100.0,1000,0,0.0,0.0,0.0,0.0
0.2,1e-05,0.0003,0.001,0.1,1000.0,1000,0,0.0,0.0,0.0,0.0
0.2,1e-05,0.0003,0.001,0.5,10.0,1000,0,0.0,0.0,0.0,0.0
0.2,1e-05,0.0003,0.001,0.5,100.0,1000,0,0.0,0.0,0.0,0.0
0.2,1e-05,0.0003,0.001,0.5,1000.0,1000,0,0.0,0.0,0.0,0.0
0.2,1e-05,0.0003,0.001,1.0,10.0,1000,0,0.0,0.0,0.0,0.0
0.2,1e-05,0.0003,0.001,1.0,100.0,1000,0,0.0,0.0,0.0,0.0
0.2,1e-05,0.0003,0.001,1.0,1000.0,1000,0,0.0,0.0,0.0,0.0
0.2,1e-05,0.0003,0.001,1.5,10.0,1000,0,0.0,0.0,0.0,0.0
0.2,1e-05,0.0003,0.001,1.5,100.0,1000,0,0.0,0.0,0.0,0.0
0.2,1e-05,0.0003,0.001,1.5,1000.0,1000,0,0.0,0.0,0.0,0.0
0.2,1e-05,0.0003,0.001,2.0,10.0,1000,0,0.0,0.0,0.0,0.0
0.2,1e-05,0.0003,0.001,2.0,100.0,1000,0,0.0,0.0,0.0,0.0
0.2,1e-05,0.0003,0.001,2.0,1000.0,1000,0,0.0,0.0,0.0,0.0
0.2,1e-05,0.0003,0.1,0.1,10.0,1000,0,0.0,0.0,0.0,0.0
0.2,1e-05,0.0003,0.1,0.1,100.0,1000,0,0.0,0.0,0.0,0.0
0.2,1e-05,0.0003,0.1,0.1,1000.0,1000,0,0.0,0.0,0.0,0.0
0.2,1e-05,0.0003,0.1,0.5,10.0,1000,0,0.0,0.0,0.0,0.0
0.2,1e-05,0.0003,0.1,0.5,100.0,1000,0,0.0,0.0,0.0,0.0
0.2,1e-05,0.0003,0.1,0.5,1000.0,1000,0,0.0,0.0,0.0,0.0
0.2,1e-05,0.0003,0.1,1.0,10.0,1000,0,0.0,0.0,0.0,0.0
0.2,1e-05,0.0003,0.1,1.0,100.0,1000,0,0.0,0.0,0.0,0.0
0.2,1e-05,0.0003,0.1,1.0,1000.0,1000,0,0.0,0.0,0.0,0.0
0.2,1e-05,0.0003,0.1,1.5,10.0,1000,0,0.0,0.0,0.0,0.0
0.2,1e-05,0.0003,0.1,1.5,100.0,1000,0,0.0,0.0,0.0,0.0
0.2,1e-05,0.0003,0.1,1.5,1000.0,1000,0,0.0,0.0,0.0,0.0
0.2,1e-05,0.0003,0.1,2.0,10.0,1000,0,0.0,0.0,0.0,0.0
0.2,1e-05,0.0003,0.1,2.0,100.0,1000,0,0.0,0.0,0.0,0.0
0.2,1e-05,0.0003,0.1,2.0,1000.0,1000,0,0.0,0.0,0.0,0.0
0.2,1e-05,0.0003,1.0,0.1,10.0,1000,0,0.0,0.0,0.0,0.0
0.2,1e-05,0.0003,1.0,0.1,100.0,1000,0,0.0,0.0,0.0,0.0
0.2,1e-05,0.0003,1.0,0.1,1000.0,1000,0,0.0,0.0,0.0,0.0
0.2,1e-05,0.0003,1.0,0.5,10.0,1000,0,0.0,0.0,0.0,0.0
0.2,1e-05,0.0003,1.0,0.5,100.0,1000,0,0.0,0.0,0.0,0.0
0.2,1e-05,0.0003,1.0,0.5,1000.0,1000,0,0.0,0.0,0.0,0.0
0.2,1e-05,0.0003,1.0,1.0,10.0,1000,0,0.0,0.0,0.0,0.0
0.2,1e-05,0.0003,1.0,1.0,100.0,1000,0,0.0,0.0,0.0,0.0
0.2,1e-05,0.0003,1.0,1.0,1000.0,1000,0,0.0,0.0,0.0,0.0
0.2,1e-05,0.0003,1.0,1.5,10.0,1000,0,0.0,0.0,0.0,0.0
0.2,1e-05,0.0003,1.0,1.5,100.0,1000,0,0.0,0.0,0.0,0.0
0.2,1e-05,0.0003,1.0,1.5,1000.0,1000,0,0.0,0.0,0.0,0.0
0.2,1e-05,0.0003,1.0,2.0,10.0,1000,0,0.0,0.0,0.0,0.0
0.2,1e-05,0.0003,1.0,2.0,100.0,1000,0,0.0,0.0,0.0,0.0
0.2,1e-05,0.0003,1.0,2.0,1000.0,1000,0,0.0,0.0,0.0,0.0
0.2,1e-05,0.0001,1e-05,0.1,10.0,1000,0,0.0,0.0,0.0,0.0
0.2,1e-05,0.0001,1e-05,0.1,100.0,1000,0,0.0,0.0,0.0,0.0
0.2,1e-05,0.0001,1e-05,0.1,1000.0,1000,0,0.0,0.0,0.0,0.0
0.2,1e-05,0.0001,1e-05,0.5,10.0,1000,0,0.0,0.0,0.0,0.0
0.2,1e-05,0.0001,1e-05,0.5,100.0,1000,0,0.0,0.0,0.0,0.0
0.2,1e-05,0.0001,1e-05,0.5,1000.0,1000,0,0.0,0.0,0.0,0.0
0.2,1e-05,0.0001,1e-05,1.0,10.0,1000,0,0.0,0.0,0.0,0.0
0.2,1e-05,0.0001,1e-05,1.0,100.0,1000,0,0.0,0.0,0.0,0.0
0.2,1e-05,0.0001,1e-05,1.0,1000.0,1000,0,0.0,0.0,0.0,0.0
0.2,1e-05,0.0001,1e-05,1.5,10.0,1000,0,0.0,0.0,0.0,0.0
0.2,1e-05,0.0001,1e-05,1.5,100.0,1000,0,0.0,0.0,0.0,0.0
0.2,1e-05,0.0001,1e-05,1.5,1000.0,1000,0,0.0,0.0,0.0,0.0
0.2,1e-05,0.0001,1e-05,2.0,10.0,1000,0,0.0,0.0,0.0,0.0
0.2,1e-05,0.0001,1e-05,2.0,100.0,1000,0,0.0,0.0,0.0,0.0
0.2,1e-05,0.0001,1e-05,2.0,1000.0,1000,0,0.0,0.0,0.0,0.0
0.2,1e-05,0.0001,0.001,0.1,10.0,1000,0,0.0,0.0,0.0,0.0
0.2,1e-05,0.0001,0.001,0.1,100.0,1000,0,0.0,0.0,0.0,0.0
0.2,1e-05,0.0001,0.001,0.1,1000.0,1000,0,0.0,0.0,0.0,0.0
0.2,1e-05,0.0001,0.001,0.5,10.0,1000,0,0.0,0.0,0.0,0.0
0.2,1e-05,0.0001,0.001,0.5,100.0,1000,0,0.0,0.0,0.0,0.0
0.2,1e-05,0.0001,0.001,0.5,1000.0,1000,0,0.0,0.0,0.0,0.0
0.2,1e-05,0.0001,0.001,1.0,10.0,1000,0,0.0,0.0,0.0,0.0
0.2,1e-05,0.0001,0.001,1.0,100.0,1000,0,0.0,0.0,0.0,0.0
0.2,1e-05,0.0001,0.001,1.0,1000.0,1000,0,0.0,0.0,0.0,0.0
0.2,1e-05,0.0001,0.001,1.5,10.0,1000,0,0.0,0.0,0.0,0.0
0.2,1e-05,0.0001,0.001,1.5,100.0,1000,0,0.0,0.0,0.0,0.0
0.2,1e-05,0.0001,0.001,1.5,1000.0,1000,0,0.0,0.0,0.0,0.0
0.2,1e-05,0.0001,0.001,2.0,10.0,1000,0,0.0,0.0,0.0,0.0
0.2,1e-05,0.0001,0.001,2.0,100.0,1000,0,0.0,0.0,0.0,0.0
0.2,1e-05,0.0001,0.001,2.0,1000.0,1000,0,0.0,0.0,0.0,0.0
0.2,1e-05,0.0001,0.1,0.1,10.0,1000,0,0.0,0.0,0.0,0.0
0.2,1e-05,0.0001,0.1,0.1,100.0,1000,0,0.0,0.0,0.0,0.0
0.2,1e-05,0.0001,0.1,0.1,1000.0,1000,0,0.0,0.0,0.0,0.0
0.2,1e-05,0.0001,0.1,0.5,10.0,1000,0,0.0,0.0,0.0,0.0
0.2,1e-05,0.0001,0.1,0.5,100.0,1000,0,0.0,0.0,0.0,0.0
0.2,1e-05,0.0001,0.1,0.5,1000.0,1000,0,0.0,0.0,0.0,0.0
0.2,1e-05,0.0001,0.1,1.0,10.0,1000,0,0.0,0.0,0.0,0.0
0.2,1e-05,0.0001,0.1,1.0,100.0,1000,0,0.0,0.0,0.0,0.0
0.2,1e-05,0.0001,0.1,1.0,1000.0,1000,0,0.0,0.0,0.0,0.0
0.2,1e-05,0.0001,0.1,1.5,10.0,1000,0,0.0,0.0,0.0,0.0
0.2,1e-05,0.0001,0.1,1.5,100.0,1000,0,0.0,0.0,0.0,0.0
0.2,1e-05,0.0001,0.1,1.5,1000.0,1000,0,0.0,0.0,0.0,0.0
0.2,1e-05,0.0001,0.1,2.0,10.0,1000,0,0.0,0.0,0.0,0.0
0.2,1e-05,0.0001,0.1,2.0,100.0,1000,0,0.0,0.0,0.0,0.0
0.2,1e-05,0.0001,0.1,2.0,1000.0,1000,0,0.0,0.0,0.0,0.0
0.2,1e-05,0.0001,1.0,0.1,10.0,1000,0,0.0,0.0,0.0,0.0
0.2,1e-05,0.0001,1.0,0.1,100.0,1000,0,0.0,0.0,0.0,0.0
0.2,1e-05,0.0001,1.0,0.1,1000.0,1000,0,0.0,0.0,0.0,0.0
0.2,1e-05,0.0001,1.0,0.5,10.0,1000,0,0.0,0.0,0.0,0.0
0.2,1e-05,0.0001,1.0,0.5,100.0,1000,0,0.0,0.0,0.0,0.0
0.2,1e-05,0.0001,1.0,0.5,1000.0,1000,0,0.0,0.0,0.0,0.0
0.2,1e-05,0.0001,1.0,1.0,10.0,999,1,0.8146399055489965,57.048524781169036,0.0,0.0
0.2,1e-05,0.0001,1.0,1.0,100.0,1000,0,0.0,0.0,0.0,0.0
0.2,1e-05,0.0001,1.0,1.0,1000.0,1000,0,0.0,0.0,0.0,0.0
0.2,1e-05,0.0001,1.0,1.5,10.0,1000,0,0.0,0.0,0.0,0.0
0.2,1e-05,0.0001,1.0,1.5,100.0,1000,0,0.0,0.0,0.0,0.0
0.2,1e-05,0.0001,1.0,1.5,1000.0,1000,0,0.0,0.0,0.0,0.0
0.2,1e-05,0.0001,1.0,2.0,10.0,1000,0,0.0,0.0,0.0,0.0
0.2,1e-05,0.0001,1.0,2.0,100.0,999,1,0.8318122555410691,165.36385001588317,0.0,0.0
0.2,1e-05,0.0001,1.0,2.0,1000.0,1000,0,0.0,0.0,0.0,0.0
0.2,1e-05,0.003,1e-05,0.1,10.0,1000,0,0.0,0.0,0.0,0.0
0.2,1e-05,0.003,1e-05,0.1,100.0,1000,0,0.0,0.0,0.0,0.0
0.2,1e-05,0.003,1e-05,0.1,1000.0,1000,0,0.0,0.0,0.0,0.0
0.2,1e-05,0.003,1e-05,0.5,10.0,1000,0,0.0,0.0,0.0,0.0
0.2,1e-05,0.003,1e-05,0.5,100.0,1000,0,0.0,0.0,0.0,0.0
0.2,1e-05,0.003,1e-05,0.5,1000.0,1000,0,0.0,0.0,0.0,0.0
0.2,1e-05,0.003,1e-05,1.0,10.0,1000,0,0.0,0.0,0.0,0.0
0.2,1e-05,0.003,1e-05,1.0,100.0,1000,0,0.0,0.0,0.0,0.0
0.2,1e-05,0.003,1e-05,1.0,1000.0,1000,0,0.0,0.0,0.0,0.0
0.2,1e-05,0.003,1e-05,1.5,10.0,1000,0,0.0,0.0,0.0,0.0
0.2,1e-05,0.003,1e-05,1.5,100.0,1000,0,0.0,0.0,0.0,0.0
0.2,1e-05,0.003,1e-05,1.5,1000.0,1000,0,0.0,0.0,0.0,0.0
0.2,1e-05,0.003,1e-05,2.0,10.0,1000,0,0.0,0.0,0.0,0.0
0.2,1e-05,0.003,1e-05,2.0,100.0,1000,0,0.0,0.0,0.0,0.0
0.2,1e-05,0.003,1e-05,2.0,1000.0,1000,0,0.0,0.0,0.0,0.0
0.2,1e-05,0.003,0.001,0.1,10.0,1000,0,0.0,0.0,0.0,0.0
0.2,1e-05,0.003,0.001,0.1,100.0,1000,0,0.0,0.0,0.0,0.0
0.2,1e-05,0.003,0.001,0.1,1000.0,1000,0,0.0,0.0,0.0,0.0
0.2,1e-05,0.003,0.001,0.5,10.0,1000,0,0.0,0.0,0.0,0.0
0.2,1e-05,0.003,0.001,0.5,100.0,1000,0,0.0,0.0,0.0,0.0
0.2,1e-05,0.003,0.001,0.5,1000.0,1000,0,0.0,0.0,0.0,0.0
0.2,1e-05,0.003,0.001,1.0,10.0,1000,0,0.0,0.0,0.0,0.0
0.2,1e-05,0.003,0.001,1.0,100.0,1000,0,0.0,0.0,0.0,0.0
0.2,1e-05,0.003,0.001,1.0,1000.0,1000,0,0.0,0.0,0.0,0.0
0.2,1e-05,0.003,0.001,1.5,10.0,1000,0,0.0,0.0,0.0,0.0
0.2,1e-05,0.003,0.001,1.5,100.0,1000,0,0.0,0.0,0.0,0.0
0.2,1e-05,0.003,0.001,1.5,1000.0,1000,0,0.0,0.0,0.0,0.0
0.2,1e-05,0.003,0.001,2.0,10.0,1000,0,0.0,0.0,0.0,0.0
0.2,1e-05,0.003,0.001,2.0,100.0,1000,0,0.0,0.0,0.0,0.0
0.2,1e-05,0.003,0.001,2.0,1000.0,1000,0,0.0,0.0,0.0,0.0
0.2,1e-05,0.003,0.1,0.1,10.0,1000,0,0.0,9.310251613521395,0.0,22.73707028026186
0.2,1e-05,0.003,0.1,0.1,100.0,1000,0,0.0,10.292291111672498,0.0,121.7665589721003
0.2,1e-05,0.003,0.1,0.1,1000.0,1000,0,0.0,4.852265444573196,0.0,0.0
0.2,1e-05,0.003,0.1,0.5,10.0,1000,0,0.0,13.803851494977762,0.0,110.86329675829346
0.2,1e-05,0.003,0.1,0.5,100.0,1000,0,0.0,0.0,0.0,0.0
0.2,1e-05,0.003,0.1,0.5,1000.0,1000,0,0.0,0.0,0.0,0.0
0.2,1e-05,0.003,0.1,1.0,10.0,1000,0,0.0,7.037614842738262,0.0,2.960930738451607
0.2,1e-05,0.003,0.1,1.0,100.0,1000,0,0.0,0.0,0.0,0.0
0.2,1e-05,0.003,0.1,1.0,1000.0,1000,0,0.0,0.0,0.0,0.0
0.2,1e-05,0.003,0.1,1.5,10.0,1000,0,0.0,0.0,0.0,0.0
0.2,1e-05,0.003,0.1,1.5,100.0,1000,0,0.0,0.0,0.0,0.0
0.2,1e-05,0.003,0.1,1.5,1000.0,1000,0,0.0,0.0,0.0,0.0
0.2,1e-05,0.003,0.1,2.0,10.0,1000,0,0.0,0.0,0.0,0.0
0.2,1e-05,0.003,0.1,2.0,100.0,1000,0,0.0,0.0,0.0,0.0
0.2,1e-05,0.003,0.1,2.0,1000.0,1000,0,0.0,0.0,0.0,0.0
0.2,1e-05,0.003,1.0,0.1,10.0,1000,0,0.0,1.702939923883255,0.0,1.5665568452718037
0.2,1e-05,0.003,1.0,0.1,100.0,1000,0,0.0,1.51944641572219,0.0,1.5679939731374197
0.2,1e-05,0.003,1.0,0.1,1000.0,1000,0,0.0,2.57425697331095,0.0,25.879815981315577
0.2,1e-05,0.003,1.0,0.5,10.0,1000,0,0.0,1.6126382760294224,0.0,0.7519418420188377
0.2,1e-05,0.003,1.0,0.5,100.0,1000,0,0.0,0.0,0.0,0.0
0.2,1e-05,0.003,1.0,0.5,1000.0,1000,0,0.0,0.0,0.0,0.0
0.2,1e-05,0.003,1.0,1.0,10.0,1000,0,0.0,1.806605889270028,0.0,3.396934430832922
0.2,1e-05,0.003,1.0,1.0,100.0,1000,0,0.0,0.0,0.0,0.0
0.2,1e-05,0.003,1.0,1.0,1000.0,1000,0,0.0,37.75401691805913,0.0,0.0
0.2,1e-05,0.003,1.0,1.5,10.0,1000,0,0.0,1.0610015471725907,0.0,0.0
0.2,1e-05,0.003,1.0,1.5,100.0,1000,0,0.0,0.0,0.0,0.0
0.2,1e-05,0.003,1.0,1.5,1000.0,1000,0,0.0,0.0,0.0,0.0
0.2,1e-05,0.003,1.0,2.0,10.0,1000,0,0.0,7.266882452409913,0.0,49.833974403787934
0.2,1e-05,0.003,1.0,2.0,100.0,1000,0,0.0,0.0,0.0,0.0
0.2,1e-05,0.003,1.0,2.0,1000.0,1000,0,0.0,0.0,0.0,0.0
0.2,1e-05,0.001,1e-05,0.1,10.0,1000,0,0.0,0.0,0.0,0.0
0.2,1e-05,0.001,1e-05,0.1,100.0,1000,0,0.0,0.0,0.0,0.0
0.2,1e-05,0.001,1e-05,0.1,1000.0,1000,0,0.0,0.0,0.0,0.0
0.2,1e-05,0.001,1e-05,0.5,10.0,1000,0,0.0,0.0,0.0,0.0
0.2,1e-05,0.001,1e-05,0.5,100.0,1000,0,0.0,0.0,0.0,0.0
0.2,1e-05,0.001,1e-05,0.5,1000.0,1000,0,0.0,0.0,0.0,0.0
0.2,1e-05,0.001,1e-05,1.0,10.0,1000,0,0.0,0.0,0.0,0.0
0.2,1e-05,0.001,1e-05,1.0,100.0,1000,0,0.0,0.0,0.0,0.0
0.2,1e-05,0.001,1e-05,1.0,1000.0,1000,0,0.0,0.0,0.0,0.0
0.2,1e-05,0.001,1e-05,1.5,10.0,1000,0,0.0,0.0,0.0,0.0
0.2,1e-05,0.001,1e-05,1.5,100.0,1000,0,0.0,0.0,0.0,0.0
0.2,1e-05,0.001,1e-05,1.5,1000.0,1000,0,0.0,0.0,0.0,0.0
0.2,1e-05,0.001,1e-05,2.0,10.0,1000,0,0.0,0.0,0.0,0.0
0.2,1e-05,0.001,1e-05,2.0,100.0,1000,0,0.0,0.0,0.0,0.0
0.2,1e-05,0.001,1e-05,2.0,1000.0,1000,0,0.0,0.0,0.0,0.0
0.2,1e-05,0.001,0.001,0.1,10.0,1000,0,0.0,0.0,0.0,0.0
0.2,1e-05,0.001,0.001,0.1,100.0,1000,0,0.0,0.0,0.0,0.0
0.2,1e-05,0.001,0.001,0.1,1000.0,1000,0,0.0,0.0,0.0,0.0
0.2,1e-05,0.001,0.001,0.5,10.0,1000,0,0.0,0.0,0.0,0.0
0.2,1e-05,0.001,0.001,0.5,100.0,1000,0,0.0,0.0,0.0,0.0
0.2,1e-05,0.001,0.001,0.5,1000.0,1000,0,0.0,0.0,0.0,0.0
0.2,1e-05,0.001,0.001,1.0,10.0,1000,0,0.0,0.0,0.0,0.0
0.2,1e-05,0.001,0.001,1.0,100.0,1000,0,0.0,0.0,0.0,0.0
0.2,1e-05,0.001,0.001,1.0,1000.0,1000,0,0.0,0.0,0.0,0.0
0.2,1e-05,0.001,0.001,1.5,10.0,1000,0,0.0,0.0,0.0,0.0
0.2,1e-05,0.001,0.001,1.5,100.0,1000,0,0.0,0.0,0.0,0.0
0.2,1e-05,0.001,0.001,1.5,1000.0,1000,0,0.0,0.0,0.0,0.0
0.2,1e-05,0.001,0.001,2.0,10.0,1000,0,0.0,0.0,0.0,0.0
0.2,1e-05,0.001,0.001,2.0,100.0,1000,0,0.0,0.0,0.0,0.0
0.2,1e-05,0.001,0.001,2.0,1000.0,1000,0,0.0,0.0,0.0,0.0
0.2,1e-05,0.001,0.1,0.1,10.0,1000,0,0.0,0.0,0.0,0.0
0.2,1e-05,0.001,0.1,0.1,100.0,1000,0,0.0,0.0,0.0,0.0
0.2,1e-05,0.001,0.1,0.1,1000.0,1000,0,0.0,0.0,0.0,0.0
0.2,1e-05,0.001,0.1,0.5,10.0,1000,0,0.0,0.0,0.0,0.0
0.2,1e-05,0.001,0.1,0.5,100.0,1000,0,0.0,0.0,0.0,0.0
0.2,1e-05,0.001,0.1,0.5,1000.0,1000,0,0.0,0.0,0.0,0.0
0.2,1e-05,0.001,0.1,1.0,10.0,1000,0,0.0,0.0,0.0,0.0
0.2,1e-05,0.001,0.1,1.0,100.0,1000,0,0.0,0.0,0.0,0.0
0.2,1e-05,0.001,0.1,1.0,1000.0,1000,0,0.0,0.0,0.0,0.0
0.2,1e-05,0.001,0.1,1.5,10.0,1000,0,0.0,0.0,0.0,0.0
0.2,1e-05,0.001,0.1,1.5,100.0,1000,0,0.0,0.0,0.0,0.0
0.2,1e-05,0.001,0.1,1.5,1000.0,1000,0,0.0,0.0,0.0,0.0
0.2,1e-05,0.001,0.1,2.0,10.0,1000,0,0.0,0.0,0.0,0.0
0.2,1e-05,0.001,0.1,2.0,100.0,1000,0,0.0,0.0,0.0,0.0
0.2,1e-05,0.001,0.1,2.0,1000.0,1000,0,0.0,0.0,0.0,0.0
0.2,1e-05,0.001,1.0,0.1,10.0,1000,0,0.0,7.971443251421301,0.0,5.850505634293987
0.2,1e-05,0.001,1.0,0.1,100.0,1000,0,0.0,3.3054661672465957,0.0,0.5653788011458447
0.2,1e-05,0.001,1.0,0.1,1000.0,1000,0,0.0,0.0,0.0,0.0
0.2,1e-05,0.001,1.0,0.5,10.0,1000,0,0.0,13.342015554104458,0.0,8.999712719627073
0.2,1e-05,0.001,1.0,0.5,100.0,1000,0,0.0,0.0,0.0,0.0
0.2,1e-05,0.001,1.0,0.5,1000.0,1000,0,0.0,0.0,0.0,0.0
0.2,1e-05,0.001,1.0,1.0,10.0,1000,0,0.0,10.208321595881696,0.0,0.0
0.2,1e-05,0.001,1.0,1.0,100.0,1000,0,0.0,0.0,0.0,0.0
0.2,1e-05,0.001,1.0,1.0,1000.0,1000,0,0.0,0.0,0.0,0.0
0.2,1e-05,0.001,1.0,1.5,10.0,1000,0,0.0,0.0,0.0,0.0
0.2,1e-05,0.001,1.0,1.5,100.0,1000,0,0.0,0.0,0.0,0.0
0.2,1e-05,0.001,1.0,1.5,1000.0,1000,0,0.0,0.0,0.0,0.0
0.2,1e-05,0.001,1.0,2.0,10.0,1000,0,0.0,0.0,0.0,0.0
0.2,1e-05,0.001,1.0,2.0,100.0,1000,0,0.0,0.0,0.0,0.0
0.2,1e-05,0.001,1.0,2.0,1000.0,999,1,0.8144329896907216,105.80101512054092,0.0,0.0
0.2,0.0001,0.0003,1e-05,0.1,10.0,1000,0,0.0,0.0,0.0,0.0
0.2,0.0001,0.0003,1e-05,0.1,100.0,1000,0,0.0,0.0,0.0,0.0
0.2,0.0001,0.0003,1e-05,0.1,1000.0,1000,0,0.0,0.0,0.0,0.0
0.2,0.0001,0.0003,1e-05,0.5,10.0,1000,0,0.0,0.0,0.0,0.0
0.2,0.0001,0.0003,1e-05,0.5,100.0,1000,0,0.0,0.0,0.0,0.0
0.2,0.0001,0.0003,1e-05,0.5,1000.0,1000,0,0.0,0.0,0.0,0.0
0.2,0.0001,0.0003,1e-05,1.0,10.0,1000,0,0.0,0.0,0.0,0.0
0.2,0.0001,0.0003,1e-05,1.0,100.0,1000,0,0.0,0.0,0.0,0.0
0.2,0.0001,0.0003,1e-05,1.0,1000.0,1000,0,0.0,0.0,0.0,0.0
0.2,0.0001,0.0003,1e-05,1.5,10.0,1000,0,0.0,0.0,0.0,0.0
0.2,0.0001,0.0003,1e-05,1.5,100.0,1000,0,0.0,0.0,0.0,0.0
0.2,0.0001,0.0003,1e-05,1.5,1000.0,1000,0,0.0,0.0,0.0,0.0
0.2,0.0001,0.0003,1e-05,2.0,10.0,1000,0,0.0,0.0,0.0,0.0
0.2,0.0001,0.0003,1e-05,2.0,100.0,1000,0,0.0,0.0,0.0,0.0
0.2,0.0001,0.0003,1e-05,2.0,1000.0,1000,0,0.0,0.0,0.0,0.0
0.2,0.0001,0.0003,0.001,0.1,10.0,1000,0,0.0,0.0,0.0,0.0
0.2,0.0001,0.0003,0.001,0.1,100.0,1000,0,0.0,0.0,0.0,0.0
0.2,0.0001,0.0003,0.001,0.1,1000.0,1000,0,0.0,0.0,0.0,0.0
0.2,0.0001,0.0003,0.001,0.5,10.0,1000,0,0.0,0.0,0.0,0.0
0.2,0.0001,0.0003,0.001,0.5,100.0,1000,0,0.0,0.0,0.0,0.0
0.2,0.0001,0.0003,0.001,0.5,1000.0,1000,0,0.0,0.0,0.0,0.0
0.2,0.0001,0.0003,0.001,1.0,10.0,1000,0,0.0,0.0,0.0,0.0
0.2,0.0001,0.0003,0.001,1.0,100.0,1000,0,0.0,0.0,0.0,0.0
0.2,0.0001,0.0003,0.001,1.0,1000.0,1000,0,0.0,0.0,0.0,0.0
0.2,0.0001,0.0003,0.001,1.5,10.0,1000,0,0.0,0.0,0.0,0.0
0.2,0.0001,0.0003,0.001,1.5,100.0,1000,0,0.0,0.0,0.0,0.0
0.2,0.0001,0.0003,0.001,1.5,1000.0,1000,0,0.0,0.0,0.0,0.0
0.2,0.0001,0.0003,0.001,2.0,10.0,1000,0,0.0,0.0,0.0,0.0
0.2,0.0001,0.0003,0.001,2.0,100.0,1000,0,0.0,0.0,0.0,0.0
0.2,0.0001,0.0003,0.001,2.0,1000.0,1000,0,0.0,0.0,0.0,0.0
0.2,0.0001,0.0003,0.1,0.1,10.0,1000,0,0.0,0.0,0.0,0.0
0.2,0.0001,0.0003,0.1,0.1,100.0,1000,0,0.0,0.0,0.0,0.0
0.2,0.0001,0.0003,0.1,0.1,1000.0,1000,0,0.0,0.0,0.0,0.0
0.2,0.0001,0.0003,0.1,0.5,10.0,1000,0,0.0,0.0,0.0,0.0
0.2,0.0001,0.0003,0.1,0.5,100.0,1000,0,0.0,0.0,0.0,0.0
0.2,0.0001,0.0003,0.1,0.5,1000.0,1000,0,0.0,0.0,0.0,0.0
0.2,0.0001,0.0003,0.1,1.0,10.0,1000,0,0.0,0.0,0.0,0.0
0.2,0.0001,0.0003,0.1,1.0,100.0,1000,0,0.0,0.0,0.0,0.0
0.2,0.0001,0.0003,0.1,1.0,1000.0,1000,0,0.0,0.0,0.0,0.0
0.2,0.0001,0.0003,0.1,1.5,10.0,1000,0,0.0,0.0,0.0,0.0
0.2,0.0001,0.0003,0.1,1.5,100.0,1000,0,0.0,0.0,0.0,0.0
0.2,0.0001,0.0003,0.1,1.5,1000.0,1000,0,0.0,0.0,0.0,0.0
0.2,0.0001,0.0003,0.1,2.0,10.0,1000,0,0.0,0.0,0.0,0.0
0.2,0.0001,0.0003,0.1,2.0,100.0,1000,0,0.0,0.0,0.0,0.0
0.2,0.0001,0.0003,0.1,2.0,1000.0,1000,0,0.0,0.0,0.0,0.0
0.2,0.0001,0.0003,1.0,0.1,10.0,1000,0,0.0,0.0,0.0,0.0
0.2,0.0001,0.0003,1.0,0.1,100.0,1000,0,0.0,0.0,0.0,0.0
0.2,0.0001,0.0003,1.0,0.1,1000.0,1000,0,0.0,0.0,0.0,0.0
0.2,0.0001,0.0003,1.0,0.5,10.0,1000,0,0.0,0.0,0.0,0.0
0.2,0.0001,0.0003,1.0,0.5,100.0,1000,0,0.0,0.0,0.0,0.0
0.2,0.0001,0.0003,1.0,0.5,1000.0,1000,0,0.0,0.0,0.0,0.0
0.2,0.0001,0.0003,1.0,1.0,10.0,1000,0,0.0,0.0,0.0,0.0
0.2,0.0001,0.0003,1.0,1.0,100.0,1000,0,0.0,0.0,0.0,0.0
0.2,0.0001,0.0003,1.0,1.0,1000.0,1000,0,0.0,0.0,0.0,0.0
0.2,0.0001,0.0003,1.0,1.5,10.0,1000,0,0.0,0.0,0.0,0.0
0.2,0.0001,0.0003,1.0,1.5,100.0,999,1,0.8006872852233677,145.04425303032897,0.0,0.0
0.2,0.0001,0.0003,1.0,1.5,1000.0,999,1,0.8433333333333334,162.17418964657992,0.0,0.0
0.2,0.0001,0.0003,1.0,2.0,10.0,1000,0,0.0,0.0,0.0,0.0
0.2,0.0001,0.0003,1.0,2.0,100.0,1000,0,0.0,0.0,0.0,0.0
0.2,0.0001,0.0003,1.0,2.0,1000.0,1000,0,0.0,0.0,0.0,0.0
0.2,0.0001,0.0001,1e-05,0.1,10.0,1000,0,0.0,0.0,0.0,0.0
0.2,0.0001,0.0001,1e-05,0.1,100.0,1000,0,0.0,0.0,0.0,0.0
0.2,0.0001,0.0001,1e-05,0.1,1000.0,1000,0,0.0,0.0,0.0,0.0
0.2,0.0001,0.0001,1e-05,0.5,10.0,1000,0,0.0,0.0,0.0,0.0
0.2,0.0001,0.0001,1e-05,0.5,100.0,1000,0,0.0,0.0,0.0,0.0
0.2,0.0001,0.0001,1e-05,0.5,1000.0,1000,0,0.0,0.0,0.0,0.0
0.2,0.0001,0.0001,1e-05,1.0,10.0,1000,0,0.0,0.0,0.0,0.0
0.2,0.0001,0.0001,1e-05,1.0,100.0,1000,0,0.0,0.0,0.0,0.0
0.2,0.0001,0.0001,1e-05,1.0,1000.0,1000,0,0.0,0.0,0.0,0.0
0.2,0.0001,0.0001,1e-05,1.5,10.0,1000,0,0.0,0.0,0.0,0.0
0.2,0.0001,0.0001,1e-05,1.5,100.0,1000,0,0.0,0.0,0.0,0.0
0.2,0.0001,0.0001,1e-05,1.5,1000.0,1000,0,0.0,0.0,0.0,0.0
0.2,0.0001,0.0001,1e-05,2.0,10.0,1000,0,0.0,0.0,0.0,0.0
0.2,0.0001,0.0001,1e-05,2.0,100.0,1000,0,0.0,0.0,0.0,0.0
0.2,0.0001,0.0001,1e-05,2.0,1000.0,1000,0,0.0,0.0,0.0,0.0
0.2,0.0001,0.0001,0.001,0.1,10.0,1000,0,0.0,0.0,0.0,0.0
0.2,0.0001,0.0001,0.001,0.1,100.0,1000,0,0.0,0.0,0.0,0.0
0.2,0.0001,0.0001,0.001,0.1,1000.0,1000,0,0.0,0.0,0.0,0.0
0.2,0.0001,0.0001,0.001,0.5,10.0,1000,0,0.0,0.0,0.0,0.0
0.2,0.0001,0.0001,0.001,0.5,100.0,1000,0,0.0,0.0,0.0,0.0
0.2,0.0001,0.0001,0.001,0.5,1000.0,1000,0,0.0,0.0,0.0,0.0
0.2,0.0001,0.0001,0.001,1.0,10.0,1000,0,0.0,0.0,0.0,0.0
0.2,0.0001,0.0001,0.001,1.0,100.0,1000,0,0.0,0.0,0.0,0.0
0.2,0.0001,0.0001,0.001,1.0,1000.0,1000,0,0.0,0.0,0.0,0.0
0.2,0.0001,0.0001,0.001,1.5,10.0,1000,0,0.0,0.0,0.0,0.0
0.2,0.0001,0.0001,0.001,1.5,100.0,1000,0,0.0,0.0,0.0,0.0
0.2,0.0001,0.0001,0.001,1.5,1000.0,1000,0,0.0,0.0,0.0,0.0
0.2,0.0001,0.0001,0.001,2.0,10.0,1000,0,0.0,0.0,0.0,0.0
0.2,0.0001,0.0001,0.001,2.0,100.0,1000,0,0.0,0.0,0.0,0.0
0.2,0.0001,0.0001,0.001,2.0,1000.0,1000,0,0.0,0.0,0.0,0.0
0.2,0.0001,0.0001,0.1,0.1,10.0,1000,0,0.0,0.0,0.0,0.0
0.2,0.0001,0.0001,0.1,0.1,100.0,1000,0,0.0,0.0,0.0,0.0
0.2,0.0001,0.0001,0.1,0.1,1000.0,1000,0,0.0,0.0,0.0,0.0
0.2,0.0001,0.0001,0.1,0.5,10.0,1000,0,0.0,0.0,0.0,0.0
0.2,0.0001,0.0001,0.1,0.5,100.0,1000,0,0.0,0.0,0.0,0.0
0.2,0.0001,0.0001,0.1,0.5,1000.0,1000,0,0.0,0.0,0.0,0.0
0.2,0.0001,0.0001,0.1,1.0,10.0,1000,0,0.0,0.0,0.0,0.0
0.2,0.0001,0.0001,0.1,1.0,100.0,1000,0,0.0,0.0,0.0,0.0
0.2,0.0001,0.0001,0.1,1.0,1000.0,1000,0,0.0,0.0,0.0,0.0
0.2,0.0001,0.0001,0.1,1.5,10.0,1000,0,0.0,0.0,0.0,0.0
0.2,0.0001,0.0001,0.1,1.5,100.0,1000,0,0.0,0.0,0.0,0.0
0.2,0.0001,0.0001,0.1,1.5,1000.0,1000,0,0.0,0.0,0.0,0.0
0.2,0.0001,0.0001,0.1,2.0,10.0,1000,0,0.0,0.0,0.0,0.0
0.2,0.0001,0.0001,0.1,2.0,100.0,1000,0,0.0,0.0,0.0,0.0
0.2,0.0001,0.0001,0.1,2.0,1000.0,1000,0,0.0,0.0,0.0,0.0
0.2,0.0001,0.0001,1.0,0.1,10.0,1000,0,0.0,0.0,0.0,0.0
0.2,0.0001,0.0001,1.0,0.1,100.0,1000,0,0.0,0.0,0.0,0.0
0.2,0.0001,0.0001,1.0,0.1,1000.0,1000,0,0.0,0.0,0.0,0.0
0.2,0.0001,0.0001,1.0,0.5,10.0,1000,0,0.0,0.0,0.0,0.0
0.2,0.0001,0.0001,1.0,0.5,100.0,1000,0,0.0,0.0,0.0,0.0
0.2,0.0001,0.0001,1.0,0.5,1000.0,1000,0,0.0,0.0,0.0,0.0
0.2,0.0001,0.0001,1.0,1.0,10.0,1000,0,0.0,0.0,0.0,0.0
0.2,0.0001,0.0001,1.0,1.0,100.0,1000,0,0.0,0.0,0.0,0.0
0.2,0.0001,0.0001,1.0,1.0,1000.0,1000,0,0.0,0.0,0.0,0.0
0.2,0.0001,0.0001,1.0,1.5,10.0,1000,0,0.0,0.0,0.0,0.0
0.2,0.0001,0.0001,1.0,1.5,100.0,1000,0,0.0,0.0,0.0,0.0
0.2,0.0001,0.0001,1.0,1.5,1000.0,1000,0,0.0,0.0,0.0,0.0
0.2,0.0001,0.0001,1.0,2.0,10.0,1000,0,0.0,0.0,0.0,0.0
0.2,0.0001,0.0001,1.0,2.0,100.0,1000,0,0.0,0.0,0.0,0.0
0.2,0.0001,0.0001,1.0,2.0,1000.0,1000,0,0.0,0.0,0.0,0.0
0.2,0.0001,0.003,1e-05,0.1,10.0,1000,0,0.0,0.0,0.0,0.0
0.2,0.0001,0.003,1e-05,0.1,100.0,1000,0,0.0,0.0,0.0,0.0
0.2,0.0001,0.003,1e-05,0.1,1000.0,1000,0,0.0,0.0,0.0,0.0
0.2,0.0001,0.003,1e-05,0.5,10.0,1000,0,0.0,0.0,0.0,0.0
0.2,0.0001,0.003,1e-05,0.5,100.0,1000,0,0.0,0.0,0.0,0.0
0.2,0.0001,0.003,1e-05,0.5,1000.0,1000,0,0.0,0.0,0.0,0.0
0.2,0.0001,0.003,1e-05,1.0,10.0,1000,0,0.0,0.0,0.0,0.0
0.2,0.0001,0.003,1e-05,1.0,100.0,1000,0,0.0,0.0,0.0,0.0
0.2,0.0001,0.003,1e-05,1.0,1000.0,1000,0,0.0,0.0,0.0,0.0
0.2,0.0001,0.003,1e-05,1.5,10.0,1000,0,0.0,0.0,0.0,0.0
0.2,0.0001,0.003,1e-05,1.5,100.0,1000,0,0.0,0.0,0.0,0.0
0.2,0.0001,0.003,1e-05,1.5,1000.0,1000,0,0.0,0.0,0.0,0.0
0.2,0.0001,0.003,1e-05,2.0,10.0,1000,0,0.0,0.0,0.0,0.0
0.2,0.0001,0.003,1e-05,2.0,100.0,1000,0,0.0,0.0,0.0,0.0
0.2,0.0001,0.003,1e-05,2.0,1000.0,1000,0,0.0,0.0,0.0,0.0
0.2,0.0001,0.003,0.001,0.1,10.0,1000,0,0.0,0.0,0.0,0.0
0.2,0.0001,0.003,0.001,0.1,100.0,1000,0,0.0,0.0,0.0,0.0
0.2,0.0001,0.003,0.001,0.1,1000.0,1000,0,0.0,0.0,0.0,0.0
0.2,0.0001,0.003,0.001,0.5,10.0,1000,0,0.0,0.0,0.0,0.0
0.2,0.0001,0.003,0.001,0.5,100.0,1000,0,0.0,0.0,0.0,0.0
0.2,0.0001,0.003,0.001,0.5,1000.0,1000,0,0.0,0.0,0.0,0.0
0.2,0.0001,0.003,0.001,1.0,10.0,1000,0,0.0,0.0,0.0,0.0
0.2,0.0001,0.003,0.001,1.0,100.0,1000,0,0.0,0.0,0.0,0.0
0.2,0.0001,0.003,0.001,1.0,1000.0,1000,0,0.0,0.0,0.0,0.0
0.2,0.0001,0.003,0.001,1.5,10.0,1000,0,0.0,0.0,0.0,0.0
0.2,0.0001,0.003,0.001,1.5,100.0,1000,0,0.0,0.0,0.0,0.0
0.2,0.0001,0.003,0.001,1.5,1000.0,1000,0,0.0,0.0,0.0,0.0
0.2,0.0001,0.003,0.001,2.0,10.0,1000,0,0.0,0.0,0.0,0.0
0.2,0.0001,0.003,0.001,2.0,100.0,1000,0,0.0,0.0,0.0,0.0
0.2,0.0001,0.003,0.001,2.0,1000.0,1000,0,0.0,0.0,0.0,0.0
0.2,0.0001,0.003,0.1,0.1,10.0,1000,0,0.0,7.845080959493707,0.0,31.13906374919858
0.2,0.0001,0.003,0.1,0.1,100.0,1000,0,0.0,16.698970464674467,0.0,526.5633551654796
0.2,0.0001,0.003,0.1,0.1,1000.0,1000,0,0.0,15.481587898977129,0.0,47.390389002006856
0.2,0.0001,0.003,0.1,0.5,10.0,1000,0,0.0,7.677798800937054,0.0,44.43434415903685
0.2,0.0001,0.003,0.1,0.5,100.0,1000,0,0.0,17.280404709624968,0.0,2.802276006287887
0.2,0.0001,0.003,0.1,0.5,1000.0,1000,0,0.0,0.0,0.0,0.0
0.2,0.0001,0.003,0.1,1.0,10.0,1000,0,0.0,0.0,0.0,0.0
0.2,0.0001,0.003,0.1,1.0,100.0,1000,0,0.0,0.0,0.0,0.0
0.2,0.0001,0.003,0.1,1.0,1000.0,1000,0,0.0,0.0,0.0,0.0
0.2,0.0001,0.003,0.1,1.5,10.0,1000,0,0.0,15.482226017643674,0.0,0.0
0.2,0.0001,0.003,0.1,1.5,100.0,1000,0,0.0,0.0,0.0,0.0
0.2,0.0001,0.003,0.1,1.5,1000.0,1000,0,0.0,0.0,0.0,0.0
0.2,0.0001,0.003,0.1,2.0,10.0,1000,0,0.0,0.0,0.0,0.0
0.2,0.0001,0.003,0.1,2.0,100.0,1000,0,0.0,0.0,0.0,0.0
0.2,0.0001,0.003,0.1,2.0,1000.0,1000,0,0.0,0.0,0.0,0.0
0.2,0.0001,0.003,1.0,0.1,10.0,1000,0,0.0,2.536737658726693,0.0,22.140625910802846
0.2,0.0001,0.003,1.0,0.1,100.0,1000,0,0.0,2.3285586673438536,0.0,18.582895587532512
0.2,0.0001,0.003,1.0,0.1,1000.0,1000,0,0.0,4.925365382361896,0.0,33.953064249696766
0.2,0.0001,0.003,1.0,0.5,10.0,1000,0,0.0,1.8412301351298848,0.0,1.3560811473250987
0.2,0.0001,0.003,1.0,0.5,100.0,1000,0,0.0,15.902095346944506,0.0,172.25226487598596
0.2,0.0001,0.003,1.0,0.5,1000.0,1000,0,0.0,68.9554777042417,0.0,0.0
0.2,0.0001,0.003,1.0,1.0,10.0,1000,0,0.0,1.8274962071632928,0.0,0.1894228760714154
0.2,0.0001,0.003,1.0,1.0,100.0,1000,0,0.0,0.0,0.0,0.0
0.2,0.0001,0.003,1.0,1.0,1000.0,1000,0,0.0,0.0,0.0,0.0
0.2,0.0001,0.003,1.0,1.5,10.0,1000,0,0.0,34.50271142247201,0.0,1661.2581568271562
0.2,0.0001,0.003,1.0,1.5,100.0,1000,0,0.0,0.0,0.0,0.0
0.2,0.0001,0.003,1.0,1.5,1000.0,1000,0,0.0,0.0,0.0,0.0
0.2,0.0001,0.003,1.0,2.0,10.0,1000,0,0.0,19.031187918717837,0.0,111.75888705914673
0.2,0.0001,0.003,1.0,2.0,100.0,1000,0,0.0,37.13305875121656,0.0,0.0
0.2,0.0001,0.003,1.0,2.0,1000.0,1000,0,0.0,45.177770410480875,0.0,0.0
0.2,0.0001,0.001,1e-05,0.1,10.0,1000,0,0.0,0.0,0.0,0.0
0.2,0.0001,0.001,1e-05,0.1,100.0,1000,0,0.0,0.0,0.0,0.0
0.2,0.0001,0.001,1e-05,0.1,1000.0,1000,0,0.0,0.0,0.0,0.0
0.2,0.0001,0.001,1e-05,0.5,10.0,1000,0,0.0,0.0,0.0,0.0
0.2,0.0001,0.001,1e-05,0.5,100.0,1000,0,0.0,0.0,0.0,0.0
0.2,0.0001,0.001,1e-05,0.5,1000.0,1000,0,0.0,0.0,0.0,0.0
0.2,0.0001,0.001,1e-05,1.0,10.0,1000,0,0.0,0.0,0.0,0.0
0.2,0.0001,0.001,1e-05,1.0,100.0,1000,0,0.0,0.0,0.0,0.0
0.2,0.0001,0.001,1e-05,1.0,1000.0,1000,0,0.0,0.0,0.0,0.0
0.2,0.0001,0.001,1e-05,1.5,10.0,1000,0,0.0,0.0,0.0,0.0
0.2,0.0001,0.001,1e-05,1.5,100.0,1000,0,0.0,0.0,0.0,0.0
0.2,0.0001,0.001,1e-05,1.5,1000.0,1000,0,0.0,0.0,0.0,0.0
0.2,0.0001,0.001,1e-05,2.0,10.0,1000,0,0.0,0.0,0.0,0.0
0.2,0.0001,0.001,1e-05,2.0,100.0,1000,0,0.0,0.0,0.0,0.0
0.2,0.0001,0.001,1e-05,2.0,1000.0,1000,0,0.0,0.0,0.0,0.0
0.2,0.0001,0.001,0.001,0.1,10.0,1000,0,0.0,0.0,0.0,0.0
0.2,0.0001,0.001,0.001,0.1,100.0,1000,0,0.0,0.0,0.0,0.0
0.2,0.0001,0.001,0.001,0.1,1000.0,1000,0,0.0,0.0,0.0,0.0
0.2,0.0001,0.001,0.001,0.5,10.0,1000,0,0.0,0.0,0.0,0.0
0.2,0.0001,0.001,0.001,0.5,100.0,1000,0,0.0,0.0,0.0,0.0
0.2,0.0001,0.001,0.001,0.5,1000.0,1000,0,0.0,0.0,0.0,0.0
0.2,0.0001,0.001,0.001,1.0,10.0,1000,0,0.0,0.0,0.0,0.0
0.2,0.0001,0.001,0.001,1.0,100.0,1000,0,0.0,0.0,0.0,0.0
0.2,0.0001,0.001,0.001,1.0,1000.0,1000,0,0.0,0.0,0.0,0.0
0.2,0.0001,0.001,0.001,1.5,10.0,1000,0,0.0,0.0,0.0,0.0
0.2,0.0001,0.001,0.001,1.5,100.0,1000,0,0.0,0.0,0.0,0.0
0.2,0.0001,0.001,0.001,1.5,1000.0,1000,0,0.0,0.0,0.0,0.0
0.2,0.0001,0.001,0.001,2.0,10.0,1000,0,0.0,0.0,0.0,0.0
0.2,0.0001,0.001,0.001,2.0,100.0,1000,0,0.0,0.0,0.0,0.0
0.2,0.0001,0.001,0.001,2.0,1000.0,1000,0,0.0,0.0,0.0,0.0
0.2,0.0001,0.001,0.1,0.1,10.0,1000,0,0.0,0.0,0.0,0.0
0.2,0.0001,0.001,0.1,0.1,100.0,1000,0,0.0,0.0,0.0,0.0
0.2,0.0001,0.001,0.1,0.1,1000.0,1000,0,0.0,0.0,0.0,0.0
0.2,0.0001,0.001,0.1,0.5,10.0,1000,0,0.0,0.0,0.0,0.0
0.2,0.0001,0.001,0.1,0.5,100.0,1000,0,0.0,0.0,0.0,0.0
0.2,0.0001,0.001,0.1,0.5,1000.0,1000,0,0.0,0.0,0.0,0.0
0.2,0.0001,0.001,0.1,1.0,10.0,1000,0,0.0,0.0,0.0,0.0
0.2,0.0001,0.001,0.1,1.0,100.0,1000,0,0.0,0.0,0.0,0.0
0.2,0.0001,0.001,0.1,1.0,1000.0,1000,0,0.0,0.0,0.0,0.0
0.2,0.0001,0.001,0.1,1.5,10.0,1000,0,0.0,0.0,0.0,0.0
0.2,0.0001,0.001,0.1,1.5,100.0,1000,0,0.0,0.0,0.0,0.0
0.2,0.0001,0.001,0.1,1.5,1000.0,1000,0,0.0,0.0,0.0,0.0
0.2,0.0001,0.001,0.1,2.0,10.0,1000,0,0.0,0.0,0.0,0.0
0.2,0.0001,0.001,0.1,2.0,100.0,1000,0,0.0,0.0,0.0,0.0
0.2,0.0001,0.001,0.1,2.0,1000.0,1000,0,0.0,0.0,0.0,0.0
0.2,0.0001,0.001,1.0,0.1,10.0,1000,0,0.0,9.624408231799661,0.0,54.00042347094529
0.2,0.0001,0.001,1.0,0.1,100.0,1000,0,0.0,14.5517246534704,0.0,432.2870023087426
0.2,0.0001,0.001,1.0,0.1,1000.0,1000,0,0.0,24.95229166864577,0.0,104.62202701067244
0.2,0.0001,0.001,1.0,0.5,10.0,1000,0,0.0,5.430059842202445,0.0,3.419208657049026
0.2,0.0001,0.001,1.0,0.5,100.0,1000,0,0.0,0.0,0.0,0.0
0.2,0.0001,0.001,1.0,0.5,1000.0,1000,0,0.0,0.0,0.0,0.0
0.2,0.0001,0.001,1.0,1.0,10.0,1000,0,0.0,16.278748597535422,0.0,0.0
0.2,0.0001,0.001,1.0,1.0,100.0,1000,0,0.0,0.0,0.0,0.0
0.2,0.0001,0.001,1.0,1.0,1000.0,1000,0,0.0,0.0,0.0,0.0
0.2,0.0001,0.001,1.0,1.5,10.0,1000,0,0.0,0.0,0.0,0.0
0.2,0.0001,0.001,1.0,1.5,100.0,1000,0,0.0,0.0,0.0,0.0
0.2,0.0001,0.001,1.0,1.5,1000.0,1000,0,0.0,0.0,0.0,0.0
0.2,0.0001,0.001,1.0,2.0,10.0,999,1,0.8352941176470589,66.08805272657642,0.0,0.0
0.2,0.0001,0.001,1.0,2.0,100.0,1000,0,0.0,0.0,0.0,0.0
0.2,0.0001,0.001,1.0,2.0,1000.0,1000,0,0.0,0.0,0.0,0.0
0.2,0.001,0.0003,1e-05,0.1,10.0,1000,0,0.0,0.0,0.0,0.0
0.2,0.001,0.0003,1e-05,0.1,100.0,1000,0,0.0,0.0,0.0,0.0
0.2,0.001,0.0003,1e-05,0.1,1000.0,1000,0,0.0,0.0,0.0,0.0
0.2,0.001,0.0003,1e-05,0.5,10.0,1000,0,0.0,0.0,0.0,0.0
0.2,0.001,0.0003,1e-05,0.5,100.0,1000,0,0.0,0.0,0.0,0.0
0.2,0.001,0.0003,1e-05,0.5,1000.0,1000,0,0.0,0.0,0.0,0.0
0.2,0.001,0.0003,1e-05,1.0,10.0,1000,0,0.0,0.0,0.0,0.0
0.2,0.001,0.0003,1e-05,1.0,100.0,1000,0,0.0,0.0,0.0,0.0
0.2,0.001,0.0003,1e-05,1.0,1000.0,1000,0,0.0,0.0,0.0,0.0
0.2,0.001,0.0003,1e-05,1.5,10.0,1000,0,0.0,0.0,0.0,0.0
0.2,0.001,0.0003,1e-05,1.5,100.0,1000,0,0.0,0.0,0.0,0.0
0.2,0.001,0.0003,1e-05,1.5,1000.0,1000,0,0.0,0.0,0.0,0.0
0.2,0.001,0.0003,1e-05,2.0,10.0,1000,0,0.0,0.0,0.0,0.0
0.2,0.001,0.0003,1e-05,2.0,100.0,1000,0,0.0,0.0,0.0,0.0
0.2,0.001,0.0003,1e-05,2.0,1000.0,1000,0,0.0,0.0,0.0,0.0
0.2,0.001,0.0003,0.001,0.1,10.0,1000,0,0.0,0.0,0.0,0.0
0.2,0.001,0.0003,0.001,0.1,100.0,1000,0,0.0,0.0,0.0,0.0
0.2,0.001,0.0003,0.001,0.1,1000.0,1000,0,0.0,0.0,0.0,0.0
0.2,0.001,0.0003,0.001,0.5,10.0,1000,0,0.0,0.0,0.0,0.0
0.2,0.001,0.0003,0.001,0.5,100.0,1000,0,0.0,0.0,0.0,0.0
0.2,0.001,0.0003,0.001,0.5,1000.0,1000,0,0.0,0.0,0.0,0.0
0.2,0.001,0.0003,0.001,1.0,10.0,1000,0,0.0,0.0,0.0,0.0
0.2,0.001,0.0003,0.001,1.0,100.0,1000,0,0.0,0.0,0.0,0.0
0.2,0.001,0.0003,0.001,1.0,1000.0,1000,0,0.0,0.0,0.0,0.0
0.2,0.001,0.0003,0.001,1.5,10.0,1000,0,0.0,0.0,0.0,0.0
0.2,0.001,0.0003,0.001,1.5,100.0,1000,0,0.0,0.0,0.0,0.0
0.2,0.001,0.0003,0.001,1.5,1000.0,1000,0,0.0,0.0,0.0,0.0
0.2,0.001,0.0003,0.001,2.0,10.0,1000,0,0.0,0.0,0.0,0.0
0.2,0.001,0.0003,0.001,2.0,100.0,1000,0,0.0,0.0,0.0,0.0
0.2,0.001,0.0003,0.001,2.0,1000.0,1000,0,0.0,0.0,0.0,0.0
0.2,0.001,0.0003,0.1,0.1,10.0,1000,0,0.0,0.0,0.0,0.0
0.2,0.001,0.0003,0.1,0.1,100.0,1000,0,0.0,0.0,0.0,0.0
0.2,0.001,0.0003,0.1,0.1,1000.0,1000,0,0.0,0.0,0.0,0.0
0.2,0.001,0.0003,0.1,0.5,10.0,1000,0,0.0,0.0,0.0,0.0
0.2,0.001,0.0003,0.1,0.5,100.0,1000,0,0.0,0.0,0.0,0.0
0.2,0.001,0.0003,0.1,0.5,1000.0,1000,0,0.0,0.0,0.0,0.0
0.2,0.001,0.0003,0.1,1.0,10.0,1000,0,0.0,0.0,0.0,0.0
0.2,0.001,0.0003,0.1,1.0,100.0,1000,0,0.0,0.0,0.0,0.0
0.2,0.001,0.0003,0.1,1.0,1000.0,1000,0,0.0,0.0,0.0,0.0
0.2,0.001,0.0003,0.1,1.5,10.0,1000,0,0.0,0.0,0.0,0.0
0.2,0.001,0.0003,0.1,1.5,100.0,1000,0,0.0,0.0,0.0,0.0
0.2,0.001,0.0003,0.1,1.5,1000.0,1000,0,0.0,0.0,0.0,0.0
0.2,0.001,0.0003,0.1,2.0,10.0,1000,0,0.0,0.0,0.0,0.0
0.2,0.001,0.0003,0.1,2.0,100.0,1000,0,0.0,0.0,0.0,0.0
0.2,0.001,0.0003,0.1,2.0,1000.0,1000,0,0.0,0.0,0.0,0.0
0.2,0.001,0.0003,1.0,0.1,10.0,1000,0,0.0,0.0,0.0,0.0
0.2,0.001,0.0003,1.0,0.1,100.0,1000,0,0.0,0.0,0.0,0.0
0.2,0.001,0.0003,1.0,0.1,1000.0,1000,0,0.0,34.00357919593336,0.0,0.0
0.2,0.001,0.0003,1.0,0.5,10.0,1000,0,0.0,0.0,0.0,0.0
0.2,0.001,0.0003,1.0,0.5,100.0,1000,0,0.0,0.0,0.0,0.0
0.2,0.001,0.0003,1.0,0.5,1000.0,1000,0,0.0,0.0,0.0,0.0
0.2,0.001,0.0003,1.0,1.0,10.0,1000,0,0.0,0.0,0.0,0.0
0.2,0.001,0.0003,1.0,1.0,100.0,1000,0,0.0,0.0,0.0,0.0
0.2,0.001,0.0003,1.0,1.0,1000.0,1000,0,0.0,99.06585386283702,0.0,0.0
0.2,0.001,0.0003,1.0,1.5,10.0,997,3,0.8193391784493652,58.958475750904995,0.0007900392457226324,385.28976655809674
0.2,0.001,0.0003,1.0,1.5,100.0,1000,0,0.0,0.0,0.0,0.0
0.2,0.001,0.0003,1.0,1.5,1000.0,999,1,0.8326848249027238,175.15388263825926,0.0,0.0
0.2,0.001,0.0003,1.0,2.0,10.0,998,2,0.8431731633786428,97.61078078226718,0.0003179337778019606,74.32434730596437
0.2,0.001,0.0003,1.0,2.0,100.0,995,5,0.8200070461914505,161.74340906733065,0.0013688073223428305,3550.761251871007
0.2,0.001,0.0003,1.0,2.0,1000.0,1000,0,0.0,0.0,0.0,0.0
0.2,0.001,0.0001,1e-05,0.1,10.0,1000,0,0.0,0.0,0.0,0.0
0.2,0.001,0.0001,1e-05,0.1,100.0,1000,0,0.0,0.0,0.0,0.0
0.2,0.001,0.0001,1e-05,0.1,1000.0,1000,0,0.0,0.0,0.0,0.0
0.2,0.001,0.0001,1e-05,0.5,10.0,1000,0,0.0,0.0,0.0,0.0
0.2,0.001,0.0001,1e-05,0.5,100.0,1000,0,0.0,0.0,0.0,0.0
0.2,0.001,0.0001,1e-05,0.5,1000.0,1000,0,0.0,0.0,0.0,0.0
0.2,0.001,0.0001,1e-05,1.0,10.0,1000,0,0.0,0.0,0.0,0.0
0.2,0.001,0.0001,1e-05,1.0,100.0,1000,0,0.0,0.0,0.0,0.0
0.2,0.001,0.0001,1e-05,1.0,1000.0,1000,0,0.0,0.0,0.0,0.0
0.2,0.001,0.0001,1e-05,1.5,10.0,1000,0,0.0,0.0,0.0,0.0
0.2,0.001,0.0001,1e-05,1.5,100.0,1000,0,0.0,0.0,0.0,0.0
0.2,0.001,0.0001,1e-05,1.5,1000.0,1000,0,0.0,0.0,0.0,0.0
0.2,0.001,0.0001,1e-05,2.0,10.0,1000,0,0.0,0.0,0.0,0.0
0.2,0.001,0.0001,1e-05,2.0,100.0,1000,0,0.0,0.0,0.0,0.0
0.2,0.001,0.0001,1e-05,2.0,1000.0,1000,0,0.0,0.0,0.0,0.0
0.2,0.001,0.0001,0.001,0.1,10.0,1000,0,0.0,0.0,0.0,0.0
0.2,0.001,0.0001,0.001,0.1,100.0,1000,0,0.0,0.0,0.0,0.0
0.2,0.001,0.0001,0.001,0.1,1000.0,1000,0,0.0,0.0,0.0,0.0
0.2,0.001,0.0001,0.001,0.5,10.0,1000,0,0.0,0.0,0.0,0.0
0.2,0.001,0.0001,0.001,0.5,100.0,1000,0,0.0,0.0,0.0,0.0
0.2,0.001,0.0001,0.001,0.5,1000.0,1000,0,0.0,0.0,0.0,0.0
0.2,0.001,0.0001,0.001,1.0,10.0,1000,0,0.0,0.0,0.0,0.0
0.2,0.001,0.0001,0.001,1.0,100.0,1000,0,0.0,0.0,0.0,0.0
0.2,0.001,0.0001,0.001,1.0,1000.0,1000,0,0.0,0.0,0.0,0.0
0.2,0.001,0.0001,0.001,1.5,10.0,1000,0,0.0,0.0,0.0,0.0
0.2,0.001,0.0001,0.001,1.5,100.0,1000,0,0.0,0.0,0.0,0.0
0.2,0.001,0.0001,0.001,1.5,1000.0,1000,0,0.0,0.0,0.0,0.0
0.2,0.001,0.0001,0.001,2.0,10.0,1000,0,0.0,0.0,0.0,0.0
0.2,0.001,0.0001,0.001,2.0,100.0,1000,0,0.0,0.0,0.0,0.0
0.2,0.001,0.0001,0.001,2.0,1000.0,1000,0,0.0,0.0,0.0,0.0
0.2,0.001,0.0001,0.1,0.1,10.0,1000,0,0.0,0.0,0.0,0.0
0.2,0.001,0.0001,0.1,0.1,100.0,1000,0,0.0,0.0,0.0,0.0
0.2,0.001,0.0001,0.1,0.1,1000.0,1000,0,0.0,0.0,0.0,0.0
0.2,0.001,0.0001,0.1,0.5,10.0,1000,0,0.0,0.0,0.0,0.0
0.2,0.001,0.0001,0.1,0.5,100.0,1000,0,0.0,0.0,0.0,0.0
0.2,0.001,0.0001,0.1,0.5,1000.0,1000,0,0.0,0.0,0.0,0.0
0.2,0.001,0.0001,0.1,1.0,10.0,1000,0,0.0,0.0,0.0,0.0
0.2,0.001,0.0001,0.1,1.0,100.0,1000,0,0.0,0.0,0.0,0.0
0.2,0.001,0.0001,0.1,1.0,1000.0,1000,0,0.0,0.0,0.0,0.0
0.2,0.001,0.0001,0.1,1.5,10.0,1000,0,0.0,0.0,0.0,0.0
0.2,0.001,0.0001,0.1,1.5,100.0,1000,0,0.0,0.0,0.0,0.0
0.2,0.001,0.0001,0.1,1.5,1000.0,1000,0,0.0,0.0,0.0,0.0
0.2,0.001,0.0001,0.1,2.0,10.0,1000,0,0.0,0.0,0.0,0.0
0.2,0.001,0.0001,0.1,2.0,100.0,1000,0,0.0,0.0,0.0,0.0
0.2,0.001,0.0001,0.1,2.0,1000.0,1000,0,0.0,0.0,0.0,0.0
0.2,0.001,0.0001,1.0,0.1,10.0,1000,0,0.0,0.0,0.0,0.0
0.2,0.001,0.0001,1.0,0.1,100.0,1000,0,0.0,0.0,0.0,0.0
0.2,0.001,0.0001,1.0,0.1,1000.0,1000,0,0.0,0.0,0.0,0.0
0.2,0.001,0.0001,1.0,0.5,10.0,1000,0,0.0,0.0,0.0,0.0
0.2,0.001,0.0001,1.0,0.5,100.0,1000,0,0.0,0.0,0.0,0.0
0.2,0.001,0.0001,1.0,0.5,1000.0,1000,0,0.0,0.0,0.0,0.0
0.2,0.001,0.0001,1.0,1.0,10.0,999,1,0.8105960264900662,176.98591162140144,0.0,0.0
0.2,0.001,0.0001,1.0,1.0,100.0,1000,0,0.0,0.0,0.0,0.0
0.2,0.001,0.0001,1.0,1.0,1000.0,999,1,0.7668097281831188,200.86783072893985,0.0,0.0
0.2,0.001,0.0001,1.0,1.5,10.0,996,4,0.8338665321175116,48.38196130237984,0.00017634104194285088,224.12106035336265
0.2,0.001,0.0001,1.0,1.5,100.0,998,2,0.84529816533805,179.36237707966052,0.00016961690139429578,77.83900134026129
0.2,0.001,0.0001,1.0,1.5,1000.0,999,1,0.8044554455445545,203.0023012635986,0.0,0.0
0.2,0.001,0.0001,1.0,2.0,10.0,1000,0,0.0,0.0,0.0,0.0
0.2,0.001,0.0001,1.0,2.0,100.0,999,1,0.8412698412698413,163.5106956189683,0.0,0.0
0.2,0.001,0.0001,1.0,2.0,1000.0,998,2,0.8467242851045669,200.3340704993999,8.716688899417779e-05,0.07282134626666885
0.2,0.001,0.003,1e-05,0.1,10.0,1000,0,0.0,0.0,0.0,0.0
0.2,0.001,0.003,1e-05,0.1,100.0,1000,0,0.0,0.0,0.0,0.0
0.2,0.001,0.003,1e-05,0.1,1000.0,1000,0,0.0,2.2339377222720436,0.0,5.781217150458542
0.2,0.001,0.003,1e-05,0.5,10.0,1000,0,0.0,0.0,0.0,0.0
0.2,0.001,0.003,1e-05,0.5,100.0,1000,0,0.0,3.066344923023685,0.0,0.5177916911881851
0.2,0.001,0.003,1e-05,0.5,1000.0,1000,0,0.0,0.39780551317680385,0.0,0.04966102925009758
0.2,0.001,0.003,1e-05,1.0,10.0,1000,0,0.0,0.0,0.0,0.0
0.2,0.001,0.003,1e-05,1.0,100.0,1000,0,0.0,6.594879780100607,0.0,8.91423315619047
0.2,0.001,0.003,1e-05,1.0,1000.0,1000,0,0.0,4.882289890774237,0.0,37.726875880988274
0.2,0.001,0.003,1e-05,1.5,10.0,1000,0,0.0,0.0,0.0,0.0
0.2,0.001,0.003,1e-05,1.5,100.0,1000,0,0.0,0.0,0.0,0.0
0.2,0.001,0.003,1e-05,1.5,1000.0,1000,0,0.0,0.7392304247894644,0.0,0.10455291129167414
0.2,0.001,0.003,1e-05,2.0,10.0,1000,0,0.0,0.0,0.0,0.0
0.2,0.001,0.003,1e-05,2.0,100.0,1000,0,0.0,3.6261717410836454,0.0,0.0
0.2,0.001,0.003,1e-05,2.0,1000.0,1000,0,0.0,5.336482820560853,0.0,41.37483869057061
0.2,0.001,0.003,0.001,0.1,10.0,1000,0,0.0,0.0,0.0,0.0
0.2,0.001,0.003,0.001,0.1,100.0,1000,0,0.0,2.709011596790525,0.0,3.594959046786139
0.2,0.001,0.003,0.001,0.1,1000.0,1000,0,0.0,1.8153167417565532,0.0,0.3607024193706243
0.2,0.001,0.003,0.001,0.5,10.0,1000,0,0.0,0.0,0.0,0.0
0.2,0.001,0.003,0.001,0.5,100.0,1000,0,0.0,1.2246087575114537,0.0,0.006918392001264493
0.2,0.001,0.003,0.001,0.5,1000.0,1000,0,0.0,2.079920616085555,0.0,5.403094705452701
0.2,0.001,0.003,0.001,1.0,10.0,1000,0,0.0,0.0,0.0,0.0
0.2,0.001,0.003,0.001,1.0,100.0,1000,0,0.0,1.3846899675837154,0.0,0.0
0.2,0.001,0.003,0.001,1.0,1000.0,1000,0,0.0,0.8586382147827765,0.0,0.2035099940882522
0.2,0.001,0.003,0.001,1.5,10.0,1000,0,0.0,0.0,0.0,0.0
0.2,0.001,0.003,0.001,1.5,100.0,1000,0,0.0,9.537782024403851,0.0,2.2743834648938877
0.2,0.001,0.003,0.001,1.5,1000.0,1000,0,0.0,7.012478435673178,0.0,86.3209538662461
0.2,0.001,0.003,0.001,2.0,10.0,1000,0,0.0,0.0,0.0,0.0
0.2,0.001,0.003,0.001,2.0,100.0,1000,0,0.0,2.819711956291264,0.0,0.0
0.2,0.001,0.003,0.001,2.0,1000.0,1000,0,0.0,6.35517945593522,0.0,84.69725394521276
0.2,0.001,0.003,0.1,0.1,10.0,1000,0,0.0,16.648080069574547,0.0,218.5134368840128
0.2,0.001,0.003,0.1,0.1,100.0,1000,0,0.0,13.469538586732858,0.0,242.5651840907537
0.2,0.001,0.003,0.1,0.1,1000.0,1000,0,0.0,15.303449942114874,0.0,295.42983858030124
0.2,0.001,0.003,0.1,0.5,10.0,1000,0,0.0,17.84392014283123,0.0,287.4946940806767
0.2,0.001,0.003,0.1,0.5,100.0,1000,0,0.0,39.67320605476514,0.0,2235.869210967228
0.2,0.001,0.003,0.1,0.5,1000.0,1000,0,0.0,28.032118910565828,0.0,644.7281153841468
0.2,0.001,0.003,0.1,1.0,10.0,1000,0,0.0,9.171391254957857,0.0,49.65650313005447
0.2,0.001,0.003,0.1,1.0,100.0,1000,0,0.0,48.2745445774879,0.0,1422.9203265917113
0.2,0.001,0.003,0.1,1.0,1000.0,1000,0,0.0,39.13914175207973,0.0,1004.2967356035894
0.2,0.001,0.003,0.1,1.5,10.0,1000,0,0.0,78.21125257730247,0.0,0.0
0.2,0.001,0.003,0.1,1.5,100.0,1000,0,0.0,47.720540770682405,0.0,0.0
0.2,0.001,0.003,0.1,1.5,1000.0,1000,0,0.0,5.926477334251093,0.0,97.29680744869253
0.2,0.001,0.003,0.1,2.0,10.0,1000,0,0.0,91.82809353427902,0.0,2874.8720446982234
0.2,0.001,0.003,0.1,2.0,100.0,1000,0,0.0,41.3190756652401,0.0,1158.7765710378796
0.2,0.001,0.003,0.1,2.0,1000.0,1000,0,0.0,1.3326242850896615,0.0,0.7254602744371981
0.2,0.001,0.003,1.0,0.1,10.0,1000,0,0.0,4.283828773848717,0.0,115.79301586589082
0.2,0.001,0.003,1.0,0.1,100.0,1000,0,0.0,10.21428883232954,0.0,334.04689913575214
0.2,0.001,0.003,1.0,0.1,1000.0,1000,0,0.0,14.003810033151181,0.0,293.9822887858433
0.2,0.001,0.003,1.0,0.5,10.0,1000,0,0.0,6.1725989656587945,0.0,125.82352833081382
0.2,0.001,0.003,1.0,0.5,100.0,1000,0,0.0,37.28474196209475,0.0,1675.0334733831573
0.2,0.001,0.003,1.0,0.5,1000.0,1000,0,0.0,39.88172609744498,0.0,1365.8122713429198
0.2,0.001,0.003,1.0,1.0,10.0,1000,0,0.0,13.837057973351943,0.0,308.14624024449887
0.2,0.001,0.003,1.0,1.0,100.0,1000,0,0.0,42.85928347732717,0.0,335.1245156604213
0.2,0.001,0.003,1.0,1.0,1000.0,1000,0,0.0,56.759827432718794,0.0,887.6090618202512
0.2,0.001,0.003,1.0,1.5,10.0,1000,0,0.0,22.06940717578497,0.0,687.4601206371905
0.2,0.001,0.003,1.0,1.5,100.0,1000,0,0.0,45.369648922157936,0.0,118.81265833107184
0.2,0.001,0.003,1.0,1.5,1000.0,1000,0,0.0,78.9339866109187,0.0,2837.2632744282205
0.2,0.001,0.003,1.0,2.0,10.0,1000,0,0.0,30.87122965040201,0.0,867.8664832365627
0.2,0.001,0.003,1.0,2.0,100.0,1000,0,0.0,53.98893349463581,0.0,1040.1739546005088
0.2,0.001,0.003,1.0,2.0,1000.0,1000,0,0.0,18.96222255731385,0.0,1015.7819542742092
0.2,0.001,0.001,1e-05,0.1,10.0,1000,0,0.0,0.0,0.0,0.0
0.2,0.001,0.001,1e-05,0.1,100.0,1000,0,0.0,0.0,0.0,0.0
0.2,0.001,0.001,1e-05,0.1,1000.0,1000,0,0.0,0.0,0.0,0.0
0.2,0.001,0.001,1e-05,0.5,10.0,1000,0,0.0,0.0,0.0,0.0
0.2,0.001,0.001,1e-05,0.5,100.0,1000,0,0.0,0.0,0.0,0.0
0.2,0.001,0.001,1e-05,0.5,1000.0,1000,0,0.0,0.0,0.0,0.0
0.2,0.001,0.001,1e-05,1.0,10.0,1000,0,0.0,0.0,0.0,0.0
0.2,0.001,0.001,1e-05,1.0,100.0,1000,0,0.0,0.0,0.0,0.0
0.2,0.001,0.001,1e-05,1.0,1000.0,1000,0,0.0,0.0,0.0,0.0
0.2,0.001,0.001,1e-05,1.5,10.0,1000,0,0.0,0.0,0.0,0.0
0.2,0.001,0.001,1e-05,1.5,100.0,1000,0,0.0,0.0,0.0,0.0
0.2,0.001,0.001,1e-05,1.5,1000.0,1000,0,0.0,0.0,0.0,0.0
0.2,0.001,0.001,1e-05,2.0,10.0,1000,0,0.0,0.0,0.0,0.0
0.2,0.001,0.001,1e-05,2.0,100.0,1000,0,0.0,0.0,0.0,0.0
0.2,0.001,0.001,1e-05,2.0,1000.0,1000,0,0.0,0.0,0.0,0.0
0.2,0.001,0.001,0.001,0.1,10.0,1000,0,0.0,0.0,0.0,0.0
0.2,0.001,0.001,0.001,0.1,100.0,1000,0,0.0,0.0,0.0,0.0
0.2,0.001,0.001,0.001,0.1,1000.0,1000,0,0.0,0.0,0.0,0.0
0.2,0.001,0.001,0.001,0.5,10.0,1000,0,0.0,0.0,0.0,0.0
0.2,0.001,0.001,0.001,0.5,100.0,1000,0,0.0,0.0,0.0,0.0
0.2,0.001,0.001,0.001,0.5,1000.0,1000,0,0.0,0.0,0.0,0.0
0.2,0.001,0.001,0.001,1.0,10.0,1000,0,0.0,0.0,0.0,0.0
0.2,0.001,0.001,0.001,1.0,100.0,1000,0,0.0,0.0,0.0,0.0
0.2,0.001,0.001,0.001,1.0,1000.0,1000,0,0.0,0.0,0.0,0.0
0.2,0.001,0.001,0.001,1.5,10.0,1000,0,0.0,0.0,0.0,0.0
0.2,0.001,0.001,0.001,1.5,100.0,1000,0,0.0,0.0,0.0,0.0
0.2,0.001,0.001,0.001,1.5,1000.0,1000,0,0.0,0.0,0.0,0.0
0.2,0.001,0.001,0.001,2.0,10.0,1000,0,0.0,0.0,0.0,0.0
0.2,0.001,0.001,0.001,2.0,100.0,1000,0,0.0,0.0,0.0,0.0
0.2,0.001,0.001,0.001,2.0,1000.0,1000,0,0.0,0.0,0.0,0.0
0.2,0.001,0.001,0.1,0.1,10.0,1000,0,0.0,0.0,0.0,0.0
0.2,0.001,0.001,0.1,0.1,100.0,1000,0,0.0,0.0,0.0,0.0
0.2,0.001,0.001,0.1,0.1,1000.0,1000,0,0.0,0.0,0.0,0.0
0.2,0.001,0.001,0.1,0.5,10.0,1000,0,0.0,0.0,0.0,0.0
0.2,0.001,0.001,0.1,0.5,100.0,1000,0,0.0,0.0,0.0,0.0
0.2,0.001,0.001,0.1,0.5,1000.0,1000,0,0.0,0.0,0.0,0.0
0.2,0.001,0.001,0.1,1.0,10.0,1000,0,0.0,0.0,0.0,0.0
0.2,0.001,0.001,0.1,1.0,100.0,1000,0,0.0,0.0,0.0,0.0
0.2,0.001,0.001,0.1,1.0,1000.0,1000,0,0.0,0.0,0.0,0.0
0.2,0.001,0.001,0.1,1.5,10.0,1000,0,0.0,0.0,0.0,0.0
0.2,0.001,0.001,0.1,1.5,100.0,1000,0,0.0,0.0,0.0,0.0
0.2,0.001,0.001,0.1,1.5,1000.0,1000,0,0.0,0.0,0.0,0.0
0.2,0.001,0.001,0.1,2.0,10.0,1000,0,0.0,0.0,0.0,0.0
0.2,0.001,0.001,0.1,2.0,100.0,1000,0,0.0,0.0,0.0,0.0
0.2,0.001,0.001,0.1,2.0,1000.0,1000,0,0.0,0.0,0.0,0.0
0.2,0.001,0.001,1.0,0.1,10.0,1000,0,0.0,16.05389018676461,0.0,430.93418678549034
0.2,0.001,0.001,1.0,0.1,100.0,1000,0,0.0,29.224715332531435,0.0,701.62009026258
0.2,0.001,0.001,1.0,0.1,1000.0,1000,0,0.0,35.442658530962774,0.0,606.8444988774858
0.2,0.001,0.001,1.0,0.5,10.0,1000,0,0.0,15.951959965692785,0.0,105.39242696092357
0.2,0.001,0.001,1.0,0.5,100.0,1000,0,0.0,101.80139379112151,0.0,908.7857597214055
0.2,0.001,0.001,1.0,0.5,1000.0,1000,0,0.0,55.4350689679654,0.0,15.444910118409654
0.2,0.001,0.001,1.0,1.0,10.0,1000,0,0.0,57.67881516210352,0.0,1445.1281609703697
0.2,0.001,0.001,1.0,1.0,100.0,1000,0,0.0,166.271028932651,0.0,1025.4622750661288
0.2,0.001,0.001,1.0,1.0,1000.0,1000,0,0.0,68.37755651353977,0.0,395.7988101936509
0.2,0.001,0.001,1.0,1.5,10.0,999,1,0.0,98.7898086502749,0.0,4132.4334668069205
0.2,0.001,0.001,1.0,1.5,100.0,1000,0,0.0,74.84618983909616,0.0,0.0
0.2,0.001,0.001,1.0,1.5,1000.0,1000,0,0.0,124.97565317702372,0.0,2535.2300252488026
0.2,0.001,0.001,1.0,2.0,10.0,1000,0,0.0,0.0,0.0,0.0
0.2,0.001,0.001,1.0,2.0,100.0,999,1,0.8153846153846154,63.34071036878021,0.0,0.0
0.2,0.001,0.001,1.0,2.0,1000.0,1000,0,0.0,0.0,0.0,0.0
0.2,0.1,0.0003,1e-05,0.1,10.0,542,458,0.32029399286221655,490.99695236557227,0.007292173456658867,60713.28300219829
0.2,0.1,0.0003,1e-05,0.1,100.0,275,725,0.32409510137793607,181.38228213276935,0.008088802997714598,68094.17768422756
0.2,0.1,0.0003,1e-05,0.1,1000.0,275,725,0.32244364463937014,0.3913610472598778,0.007496683852841236,0.006248160117056985
0.2,0.1,0.0003,1e-05,0.5,10.0,533,467,0.32119810792323,482.5921612479907,0.009048715254586557,57619.224774440925
0.2,0.1,0.0003,1e-05,0.5,100.0,241,759,0.3136747178501956,156.32818652552456,0.007567925342016318,58571.20809546458
0.2,0.1,0.0003,1e-05,0.5,1000.0,247,753,0.32348375969945603,0.3976618342920115,0.008000722538725217,0.006789957477495855
0.2,0.1,0.0003,1e-05,1.0,10.0,522,478,0.3163273564783169,504.40022454205956,0.006892569638668305,56094.73396015937
0.2,0.1,0.0003,1e-05,1.0,100.0,250,750,0.3215276913326173,162.8066436591196,0.007637478905925072,63411.38454167346
0.2,0.1,0.0003,1e-05,1.0,1000.0,268,732,0.3226779145686585,0.39349259455320157,0.007017431580791243,0.006883876379958819
0.2,0.1,0.0003,1e-05,1.5,10.0,554,446,0.3145570207248909,481.5186841642016,0.0075053292683654824,55243.06176126732
0.2,0.1,0.0003,1e-05,1.5,100.0,279,721,0.31837521150444814,153.64328634514104,0.00802506533624939,56795.61023063777
0.2,0.1,0.0003,1e-05,1.5,1000.0,254,746,0.3180207590066618,0.39060594721017483,0.008835170320808775,0.006294793625548405
0.2,0.1,0.0003,1e-05,2.0,10.0,540,460,0.3222356058595784,491.1958975775565,0.007097881123555265,60021.21599278986
0.2,0.1,0.0003,1e-05,2.0,100.0,302,698,0.3180712304523728,153.37688815726992,0.007965703135625762,53458.54423780587
0.2,0.1,0.0003,1e-05,2.0,1000.0,225,775,0.31751304209268305,0.39315617516807877,0.009817401176592643,0.006382178998036895
0.2,0.1,0.0003,0.001,0.1,10.0,537,463,0.32043499908159623,473.52716880551867,0.006952729183164118,58444.10188888969
0.2,0.1,0.0003,0.001,0.1,100.0,266,734,0.3173099795331111,158.8197985188019,0.007008401054085024,59875.92650133478
0.2,0.1,0.0003,0.001,0.1,1000.0,259,741,0.31806223217178553,0.3924792571661914,0.008136221733567199,0.006165827892882686
0.2,0.1,0.0003,0.001,0.5,10.0,535,465,0.31926925747632257,488.68584720222464,0.009474897799588973,58364.710666518185
0.2,0.1,0.0003,0.001,0.5,100.0,259,741,0.32659921688054533,154.70442849336627,0.007734641094681929,54961.14823382842
0.2,0.1,0.0003,0.001,0.5,1000.0,273,727,0.31829644261166357,0.39053814862146097,0.0069573167393213,0.006473478992347186
0.2,0.1,0.0003,0.001,1.0,10.0,554,446,0.3201994930603727,500.0191203181908,0.007646954063356647,56307.46170490671
0.2,0.1,0.0003,0.001,1.0,100.0,274,726,0.3206846263086357,175.69420582477142,0.008367964817325978,66327.30227369076
0.2,0.1,0.0003,0.001,1.0,1000.0,279,721,0.3124549482167515,0.39379672939247956,0.00763276233487584,0.006742515012686128
0.2,0.1,0.0003,0.001,1.5,10.0,562,438,0.3126685558322252,486.5831541743984,0.008296244558514786,57532.95820806094
0.2,0.1,0.0003,0.001,1.5,100.0,268,732,0.3152075418710132,135.34047469088478,0.006717127013092591,50710.04983238617
0.2,0.1,0.0003,0.001,1.5,1000.0,265,735,0.3175454653497918,0.3963900226862151,0.006568876937988534,0.0063709298325529745
0.2,0.1,0.0003,0.001,2.0,10.0,553,447,0.31521880110224987,506.0418609328217,0.006821993551024885,63429.5509420016
0.2,0.1,0.0003,0.001,2.0,100.0,259,741,0.32221602444110736,161.95054363757552,0.007923982485176654,60195.11308951464
0.2,0.1,0.0003,0.001,2.0,1000.0,253,747,0.31909808559616065,0.39449433497456043,0.008904139337100565,0.006735502771212836
0.2,0.1,0.0003,0.1,0.1,10.0,576,424,0.315197707040556,463.3656433434703,0.01024353592617021,56424.74046855989
0.2,0.1,0.0003,0.1,0.1,100.0,325,675,0.31507295224585213,122.81613097253026,0.011082981999870237,41837.62664102233
0.2,0.1,0.0003,0.1,0.1,1000.0,304,696,0.31441291859821136,0.4024764720309254,0.011309872083526473,0.0073540376449504384
0.2,0.1,0.0003,0.1,0.5,10.0,712,288,0.2956260114977723,517.4046112550108,0.016199830092826512,63869.28719160842
0.2,0.1,0.0003,0.1,0.5,100.0,490,510,0.3039191746349116,123.91204538945759,0.015613853690079714,44219.94589834924
0.2,0.1,0.0003,0.1,0.5,1000.0,431,569,0.29536831963029747,0.40144350397153117,0.011059480535699131,0.00703968482270724
0.2,0.1,0.0003,0.1,1.0,10.0,799,201,0.2864988228625503,450.9351501528001,0.017928319942993563,51835.038316129125
0.2,0.1,0.0003,0.1,1.0,100.0,628,372,0.2888033385286544,120.71522278344764,0.012129371559487994,46522.64521426937
0.2,0.1,0.0003,0.1,1.0,1000.0,601,399,0.2845769040865886,0.4062455000291271,0.018750095514440988,0.007123472772647156
0.2,0.1,0.0003,0.1,1.5,10.0,859,141,0.28941806287196753,423.9066991149013,0.025622391582558805,52200.273889383054
0.2,0.1,0.0003,0.1,1.5,100.0,709,291,0.2744671322762893,49.96188055693238,0.015620953313481024,13755.214529525867
0.2,0.1,0.0003,0.1,1.5,1000.0,666,334,0.27134544468268673,0.4022677636469081,0.0170700093991679,0.007274016961260222
0.2,0.1,0.0003,0.1,2.0,10.0,855,145,0.28258897875577177,435.02245100463597,0.01791791092203438,58924.98151029706
0.2,0.1,0.0003,0.1,2.0,100.0,754,246,0.2511044012132748,61.9453362930241,0.018230512824241853,24838.245648522996
0.2,0.1,0.0003,0.1,2.0,1000.0,750,250,0.27783506563279337,0.4010315449976277,0.020208600728699927,0.007315540550258318
0.2,0.1,0.0003,1.0,0.1,10.0,848,152,0.28560787050951725,308.4450879005992,0.04342520208210349,38438.045209087824
0.2,0.1,0.0003,1.0,0.1,100.0,716,284,0.28765114654928253,72.29662203050104,0.040351302012145276,17994.399175528906
0.2,0.1,0.0003,1.0,0.1,1000.0,709,291,0.2914438336807193,0.42638921731383184,0.04956445015918138,0.0114276165320472
0.2,0.1,0.0003,1.0,0.5,10.0,991,9,0.2602726829700514,115.34032800998403,0.09182992174269501,7596.530006955512
0.2,0.1,0.0003,1.0,0.5,100.0,990,10,0.2088131313131313,131.80312471409908,0.09870577555861648,23102.284736909227
0.2,0.1,0.0003,1.0,0.5,1000.0,990,10,0.12277930402930401,0.5044519135117554,0.02970735437296219,0.021256364751872425
0.2,0.1,0.0003,1.0,1.0,10.0,997,3,0.08115942028985508,135.05300443058331,0.007376601554295317,8543.590490598168
0.2,0.1,0.0003,1.0,1.0,100.0,997,3,0.047619047619047616,177.840539910019,0.004535147392290249,9398.402903934251
0.2,0.1,0.0003,1.0,1.0,1000.0,997,3,0.4166666666666667,0.5240844882774218,0.18055555555555555,0.025538828395165154
0.2,0.1,0.0003,1.0,1.5,10.0,981,19,0.6521781976179725,145.94186465893407,0.07684555266225652,15575.403801286957
0.2,0.1,0.0003,1.0,1.5,100.0,974,26,0.5866268718010107,202.98357409938143,0.08732935475489459,15860.146650786775
0.2,0.1,0.0003,1.0,1.5,1000.0,965,35,0.6111812741864049,0.5355355429238966,0.08340332095211557,0.025714553000365518
0.2,0.1,0.0003,1.0,2.0,10.0,910,90,0.7858409379164045,108.73856266989803,0.0006963167675634242,6330.331977782097
0.2,0.1,0.0003,1.0,2.0,100.0,880,120,0.7889080502945433,166.8817891369062,0.0008445217154315995,8282.409834632688
0.2,0.1,0.0003,1.0,2.0,1000.0,881,119,0.7801855045102732,0.5442881418781731,0.0007127997984272858,0.028773597574230852
0.2,0.1,0.0001,1e-05,0.1,10.0,291,709,0.31487294192970255,611.4596351755528,0.0015414575462637415,60486.51887017688
0.2,0.1,0.0001,1e-05,0.1,100.0,0,1000,0.31817507685066493,255.02551611222097,0.0014817586132795748,0.0
0.2,0.1,0.0001,1e-05,0.1,1000.0,1,999,0.3185481453704946,1.4323555297590007,0.001394601858490502,0.04158388996038481
0.2,0.1,0.0001,1e-05,0.5,10.0,311,689,0.3185243116431557,577.0318691598068,0.0013605723900651672,80.50256584772787
0.2,0.1,0.0001,1e-05,0.5,100.0,0,1000,0.3205539221368268,511.9924535203384,0.001392764706461009,118606.65766865016
0.2,0.1,0.0001,1e-05,0.5,1000.0,0,1000,0.31921935538844065,1.4278183404284923,0.001566020682640095,0.042402640146146336
0.2,0.1,0.0001,1e-05,1.0,10.0,310,690,0.3173284386009335,738.3127182086953,0.0014044800804997482,36751.70269125956
0.2,0.1,0.0001,1e-05,1.0,100.0,1,999,0.31692426922671274,473.932537645238,0.001493851569513011,41798.54645601463
0.2,0.1,0.0001,1e-05,1.0,1000.0,0,1000,0.3169620703833013,1.4377835260758993,0.0014574469781053149,0.0421961388122791
0.2,0.1,0.0001,1e-05,1.5,10.0,304,696,0.32021060290815584,739.659591872799,0.0015897617552350141,31123.90687344054
0.2,0.1,0.0001,1e-05,1.5,100.0,0,1000,0.3177433823463994,404.9366373427441,0.0013482471079425552,24638.83527195773
0.2,0.1,0.0001,1e-05,1.5,1000.0,1,999,0.31699698225692297,1.4222266007031226,0.0015276641869387845,0.044630792917549796
0.2,0.1,0.0001,1e-05,2.0,10.0,316,684,0.3180210960278524,702.0469630321307,0.0014750260094730525,75650.55106463672
0.2,0.1,0.0001,1e-05,2.0,100.0,0,1000,0.3170499758226467,428.57805162853884,0.0014243494312129452,30729.92143485254
0.2,0.1,0.0001,1e-05,2.0,1000.0,0,1000,0.31745339481955925,1.4292503597590982,0.0016480013058124575,0.04108577389528285
0.2,0.1,0.0001,0.001,0.1,10.0,310,690,0.3203859565427841,660.1577631140069,0.0015110884311169046,5434.711232874777
0.2,0.1,0.0001,0.001,0.1,100.0,2,998,0.31754055351327204,521.7952730345053,0.0014699339103830446,98534.41459552667
0.2,0.1,0.0001,0.001,0.1,1000.0,0,1000,0.3183833880847762,1.4275258328486884,0.0014346950611693094,0.04158929564013743
0.2,0.1,0.0001,0.001,0.5,10.0,296,704,0.3176004093952725,703.3725923589612,0.001610305716085417,19422.406565434187
0.2,0.1,0.0001,0.001,0.5,100.0,1,999,0.31799647732060493,606.1664905986479,0.0014278524797512347,51671.62216806222
0.2,0.1,0.0001,0.001,0.5,1000.0,0,1000,0.3160875989886802,1.4328595849633456,0.001500241912457471,0.038594028845279134
0.2,0.1,0.0001,0.001,1.0,10.0,282,718,0.3180003434454473,647.4154802842883,0.0015600021264763997,49799.91704822543
0.2,0.1,0.0001,0.001,1.0,100.0,1,999,0.3170204087106622,627.5404266364462,0.0014677366090107124,40815.485320019914
0.2,0.1,0.0001,0.001,1.0,1000.0,1,999,0.31836542090183356,1.4345264917073797,0.001497891191983535,0.04268551333713341
0.2,0.1,0.0001,0.001,1.5,10.0,291,709,0.3184041575058229,474.9966575600354,0.0016090662420993923,0.0
0.2,0.1,0.0001,0.001,1.5,100.0,3,997,0.3183948161228078,705.9279886709598,0.0014560722507464452,50034.28571690218
0.2,0.1,0.0001,0.001,1.5,1000.0,0,1000,0.3177194036631285,1.433095053208199,0.0014675387972801891,0.03930396982004569
0.2,0.1,0.0001,0.001,2.0,10.0,309,691,0.317425430325953,657.9068749777168,0.0015612170279384265,0.0
0.2,0.1,0.0001,0.001,2.0,100.0,5,995,0.31674324694159517,421.3836655392843,0.0015743263566606496,50315.56415195099
0.2,0.1,0.0001,0.001,2.0,1000.0,0,1000,0.31800842720075023,1.4222904387887607,0.0014320290410639578,0.04445973107014863
0.2,0.1,0.0001,0.1,0.1,10.0,330,670,0.3101101798757451,723.1285572294711,0.0023092267483793083,50147.59955335073
0.2,0.1,0.0001,0.1,0.1,100.0,0,1000,0.31361852476215224,580.6926321123104,0.00200444982247802,77393.22365508245
0.2,0.1,0.0001,0.1,0.1,1000.0,0,1000,0.3104587538604026,1.4603484957196946,0.002104713802273206,0.04910189334194343
0.2,0.1,0.0001,0.1,0.5,10.0,372,628,0.2916109014340977,0.0,0.0030553039795208708,0.0
0.2,0.1,0.0001,0.1,0.5,100.0,10,990,0.2952462506785275,0.0,0.002987010167032371,0.0
0.2,0.1,0.0001,0.1,0.5,1000.0,4,996,0.29542051543613473,1.5397710674885472,0.0031066024366326168,0.0640666036359627
0.2,0.1,0.0001,0.1,1.0,10.0,458,542,0.2718752137336699,0.0,0.0037305377744126333,0.0
0.2,0.1,0.0001,0.1,1.0,100.0,64,936,0.2765498664315628,0.0,0.004209263183455038,0.0
0.2,0.1,0.0001,0.1,1.0,1000.0,50,950,0.2767900411864014,1.5709925639652866,0.003942414599176459,0.06181966744375229
0.2,0.1,0.0001,0.1,1.5,10.0,505,495,0.26919252050414216,0.0,0.0068987393052495835,0.0
0.2,0.1,0.0001,0.1,1.5,100.0,130,870,0.2667053243794519,0.0,0.004619304827629807,0.0
0.2,0.1,0.0001,0.1,1.5,1000.0,92,908,0.26317697174705607,1.575240389438593,0.005081907586791496,0.07660185665610786
0.2,0.1,0.0001,0.1,2.0,10.0,572,428,0.26085582048557293,0.0,0.005847019805027407,0.0
0.2,0.1,0.0001,0.1,2.0,100.0,189,811,0.2587348913443652,0.0,0.007254565272397957,0.0
0.2,0.1,0.0001,0.1,2.0,1000.0,131,869,0.26366243423839536,1.5918101987391404,0.00674690620802597,0.08348749362457665
0.2,0.1,0.0001,1.0,0.1,10.0,544,456,0.2687462112719492,0.0,0.016740100893471943,0.0
0.2,0.1,0.0001,1.0,0.1,100.0,145,855,0.2675145815128958,701.9459057093179,0.016898855930239175,22906.453368063707
0.2,0.1,0.0001,1.0,0.1,1000.0,133,867,0.27352693820445345,1.7961721189950086,0.016350062173652428,0.2313477752060906
0.2,0.1,0.0001,1.0,0.5,10.0,983,17,0.2727968110321052,0.0,0.07783318995308995,0.0
0.2,0.1,0.0001,1.0,0.5,100.0,972,28,0.13276075382406444,0.0,0.023238364476330237,0.0
0.2,0.1,0.0001,1.0,0.5,1000.0,970,30,0.23642946388556338,3.43553722497964,0.06327897010464797,1.4557602185181622
0.2,0.1,0.0001,1.0,1.0,10.0,999,1,0.0,74.39221107238833,0.0,0.0
0.2,0.1,0.0001,1.0,1.0,100.0,997,3,0.06060606060606061,202.36364888944152,0.001836547291092746,2371.7672594140836
0.2,0.1,0.0001,1.0,1.0,1000.0,993,7,0.08596564725596985,233.92225432979373,0.0066058557305499754,3507.258323449573
0.2,0.1,0.0001,1.0,1.5,10.0,940,60,0.7619542480440432,147.04383832181637,0.000543847094310943,15354.756535464852
0.2,0.1,0.0001,1.0,1.5,100.0,942,58,0.7519525277904455,246.7950307002731,0.01048574812396498,11241.811882702987
0.2,0.1,0.0001,1.0,1.5,1000.0,932,68,0.7608808848910354,288.3723066020889,0.002627486272617219,16522.55855882151
0.2,0.1,0.0001,1.0,2.0,10.0,880,120,0.7858861276588694,143.47303246214867,0.00029145074003956295,15862.73517783089
0.2,0.1,0.0001,1.0,2.0,100.0,863,137,0.7886255986173176,229.3201595741941,0.000316590136806136,11543.57464123639
0.2,0.1,0.0001,1.0,2.0,1000.0,893,107,0.7802314842953174,291.7962590893336,0.006039895841541996,16237.168691396093
0.2,0.1,0.003,1e-05,0.1,10.0,1000,0,0.0,10.381693644896938,0.0,192.08973791247553
0.2,0.1,0.003,1e-05,0.1,100.0,1000,0,0.0,0.3689865764982717,0.0,0.061824792587364
0.2,0.1,0.003,1e-05,0.1,1000.0,1000,0,0.0,0.033736183341221165,0.0,0.00044328291346969163
0.2,0.1,0.003,1e-05,0.5,10.0,1000,0,0.0,9.797672026273721,0.0,174.12133040573548
0.2,0.1,0.003,1e-05,0.5,100.0,1000,0,0.0,0.372957629188041,0.0,0.07505455479117366
0.2,0.1,0.003,1e-05,0.5,1000.0,1000,0,0.0,0.034150877297648194,0.0,0.0004583775998904583
0.2,0.1,0.003,1e-05,1.0,10.0,1000,0,0.0,10.392739835182425,0.0,208.77704393317083
0.2,0.1,0.003,1e-05,1.0,100.0,1000,0,0.0,0.383817198092846,0.0,0.07051702910003417
0.2,0.1,0.003,1e-05,1.0,1000.0,1000,0,0.0,0.033653896425913016,0.0,0.000521255999613503
0.2,0.1,0.003,1e-05,1.5,10.0,1000,0,0.0,9.900592310674098,0.0,217.1526183186878
0.2,0.1,0.003,1e-05,1.5,100.0,1000,0,0.0,0.37067593429232015,0.0,0.06538619776124699
0.2,0.1,0.003,1e-05,1.5,1000.0,1000,0,0.0,0.0331881358826417,0.0,0.0004499977864574908
0.2,0.1,0.003,1e-05,2.0,10.0,1000,0,0.0,9.695257525554963,0.0,209.41980209559782
0.2,0.1,0.003,1e-05,2.0,100.0,1000,0,0.0,0.37243347192760246,0.0,0.07004737981666341
0.2,0.1,0.003,1e-05,2.0,1000.0,1000,0,0.0,0.033797127557290356,0.0,0.0005084706635617839
0.2,0.1,0.003,0.001,0.1,10.0,1000,0,0.0,10.409118444991044,0.0,262.7374068962396
0.2,0.1,0.003,0.001,0.1,100.0,1000,0,0.0,0.3789078650002292,0.0,0.07254192276488233
0.2,0.1,0.003,0.001,0.1,1000.0,1000,0,0.0,0.03408712406427982,0.0,0.0005358622417246941
0.2,0.1,0.003,0.001,0.5,10.0,1000,0,0.0,9.500938079378102,0.0,140.46487850376803
0.2,0.1,0.003,0.001,0.5,100.0,1000,0,0.0,0.36153171693076375,0.0,0.058920655170443335
0.2,0.1,0.003,0.001,0.5,1000.0,1000,0,0.0,0.032884191115095496,0.0,0.00047777993110750615
0.2,0.1,0.003,0.001,1.0,10.0,1000,0,0.0,10.671871044223382,0.0,250.159619761918
0.2,0.1,0.003,0.001,1.0,100.0,1000,0,0.0,0.37319428169556623,0.0,0.0570167295820926
0.2,0.1,0.003,0.001,1.0,1000.0,1000,0,0.0,0.035721379231919446,0.0,0.000573760539122304
0.2,0.1,0.003,0.001,1.5,10.0,1000,0,0.0,10.017720410811188,0.0,203.20026895225374
0.2,0.1,0.003,0.001,1.5,100.0,1000,0,0.0,0.35033107995032714,0.0,0.055878551541738715
0.2,0.1,0.003,0.001,1.5,1000.0,1000,0,0.0,0.03499285098158175,0.0,0.0005722144762912482
0.2,0.1,0.003,0.001,2.0,10.0,1000,0,0.0,9.804118024569222,0.0,193.56257199118474
0.2,0.1,0.003,0.001,2.0,100.0,1000,0,0.0,0.3853021190695646,0.0,0.0712382180217084
0.2,0.1,0.003,0.001,2.0,1000.0,1000,0,0.0,0.03362453876305877,0.0,0.0005263100222429466
0.2,0.1,0.003,0.1,0.1,10.0,1000,0,0.0,8.415152770235144,0.0,117.06758252695488
0.2,0.1,0.003,0.1,0.1,100.0,1000,0,0.0,0.3693792152500396,0.0,0.08205171937997031
0.2,0.1,0.003,0.1,0.1,1000.0,1000,0,0.0,0.03372211052629177,0.0,0.0004550143101492456
0.2,0.1,0.003,0.1,0.5,10.0,1000,0,0.0,9.580526129864781,0.0,179.38499314012194
0.2,0.1,0.003,0.1,0.5,100.0,1000,0,0.0,0.37984516389352113,0.0,0.0804446667802891
0.2,0.1,0.003,0.1,0.5,1000.0,1000,0,0.0,0.0346547394142537,0.0,0.0005197758082428919
0.2,0.1,0.003,0.1,1.0,10.0,1000,0,0.0,10.941797225521011,0.0,222.39464874110368
0.2,0.1,0.003,0.1,1.0,100.0,1000,0,0.0,0.39123325286971383,0.0,0.07074181527167593
0.2,0.1,0.003,0.1,1.0,1000.0,1000,0,0.0,0.0344547438470019,0.0,0.0005098476674663155
0.2,0.1,0.003,0.1,1.5,10.0,1000,0,0.0,11.289364339258942,0.0,254.99014478876498
0.2,0.1,0.003,0.1,1.5,100.0,1000,0,0.0,0.375917635512704,0.0,0.07504408870806398
0.2,0.1,0.003,0.1,1.5,1000.0,1000,0,0.0,0.033987479725616075,0.0,0.0004953757953225572
0.2,0.1,0.003,0.1,2.0,10.0,1000,0,0.0,11.34621853678374,0.0,232.96178365637505
0.2,0.1,0.003,0.1,2.0,100.0,1000,0,0.0,0.3724422304235543,0.0,0.073062371005571
0.2,0.1,0.003,0.1,2.0,1000.0,1000,0,0.0,0.0334258742802559,0.0,0.00043791728157768816
0.2,0.1,0.003,1.0,0.1,10.0,1000,0,0.0,6.65941785857612,0.0,113.17355952871605
0.2,0.1,0.003,1.0,0.1,100.0,1000,0,0.0,0.41380968028362053,0.0,0.13400958119426012
0.2,0.1,0.003,1.0,0.1,1000.0,1000,0,0.0,0.03403549177730287,0.0,0.0005050681778201707
0.2,0.1,0.003,1.0,0.5,10.0,1000,0,0.0,10.017178649069862,0.0,163.37155928404047
0.2,0.1,0.003,1.0,0.5,100.0,1000,0,0.0,0.4887138911669524,0.0,0.2511048062648511
0.2,0.1,0.003,1.0,0.5,1000.0,1000,0,0.0,0.03497478460682695,0.0,0.0005589953753192432
0.2,0.1,0.003,1.0,1.0,10.0,1000,0,0.0,14.14234178149604,0.0,247.6588105980387
0.2,0.1,0.003,1.0,1.0,100.0,1000,0,0.0,0.5031972101996451,0.0,0.1897091030859868
0.2,0.1,0.003,1.0,1.0,1000.0,1000,0,0.0,0.034683977975615565,0.0,0.0005498495772218082
0.2,0.1,0.003,1.0,1.5,10.0,1000,0,0.0,18.265214467153562,0.0,426.0881346953186
0.2,0.1,0.003,1.0,1.5,100.0,1000,0,0.0,0.4951862945854189,0.0,0.37965300489511955
0.2,0.1,0.003,1.0,1.5,1000.0,1000,0,0.0,0.03583954087545326,0.0,0.0005816708045562918
0.2,0.1,0.003,1.0,2.0,10.0,1000,0,0.0,20.60827550703148,0.0,401.79354277990564
0.2,0.1,0.003,1.0,2.0,100.0,1000,0,0.0,0.5007895143820725,0.0,0.19659631567188524
0.2,0.1,0.003,1.0,2.0,1000.0,1000,0,0.0,0.03486509820931627,0.0,0.0005135410076648961
0.2,0.1,0.001,1e-05,0.1,10.0,975,25,0.23895221445221446,109.51588351303187,0.023866942624795436,8809.209210737064
0.2,0.1,0.001,1e-05,0.1,100.0,962,38,0.35475636238682107,1.4570292593343828,0.030845529396830804,0.43654591235047097
0.2,0.1,0.001,1e-05,0.1,1000.0,957,43,0.3117691080366777,0.11348505406154445,0.016998353566690747,0.001752078240770024
0.2,0.1,0.001,1e-05,0.5,10.0,989,11,0.4704560590924228,102.40727733107953,0.06807774898511643,7507.740685408583
0.2,0.1,0.001,1e-05,0.5,100.0,964,36,0.30852637987342685,1.4916934971730673,0.032106480808412455,0.523707860833698
0.2,0.1,0.001,1e-05,0.5,1000.0,971,29,0.2807679342750778,0.11428296308533888,0.04313303672203968,0.0017389772176688502
0.2,0.1,0.001,1e-05,1.0,10.0,981,19,0.28424419864048345,100.07646121190517,0.01475878184409969,7512.092993106227
0.2,0.1,0.001,1e-05,1.0,100.0,967,33,0.33055742039699254,1.427850654385228,0.029416734808731054,0.41749922438772546
0.2,0.1,0.001,1e-05,1.0,1000.0,969,31,0.3525360127609661,0.11452787388352126,0.03398656530541689,0.0016752496557972214
0.2,0.1,0.001,1e-05,1.5,10.0,974,26,0.29241647432725537,109.62970467800474,0.02322809261530356,8471.44856937201
0.2,0.1,0.001,1e-05,1.5,100.0,976,24,0.35269041533580153,1.4883790188867603,0.05461390061291691,0.5199746510960549
0.2,0.1,0.001,1e-05,1.5,1000.0,973,27,0.33871807507428425,0.11573305634485254,0.01961860416057411,0.0017217068661360088
0.2,0.1,0.001,1e-05,2.0,10.0,987,13,0.30586262842017314,103.84710468256988,0.018085756158264448,7769.44440081391
0.2,0.1,0.001,1e-05,2.0,100.0,967,33,0.32391699636429544,1.430675067194216,0.032629278659779826,0.43792615486874675
0.2,0.1,0.001,1e-05,2.0,1000.0,970,30,0.35532144512407665,0.11335153337398754,0.03370045296292459,0.0015191789988079746
0.2,0.1,0.001,0.001,0.1,10.0,978,22,0.2805229549542757,105.87059828609567,0.01822189821275645,6859.016336147375
0.2,0.1,0.001,0.001,0.1,100.0,964,36,0.3521543961236943,1.4753955214030654,0.013417830981747274,0.509218080098676
0.2,0.1,0.001,0.001,0.1,1000.0,961,39,0.36789674643284354,0.11260216427702266,0.023222884112389125,0.0016947330110130632
0.2,0.1,0.001,0.001,0.5,10.0,987,13,0.2570182694543308,98.4377655213589,0.04503954416483014,5917.140759169883
0.2,0.1,0.001,0.001,0.5,100.0,970,30,0.29291816890458394,1.4936527812636322,0.027101200863834742,0.5892285767880064
0.2,0.1,0.001,0.001,0.5,1000.0,970,30,0.296869000824263,0.11707944202824191,0.020143796498550793,0.0017917236164466338
0.2,0.1,0.001,0.001,1.0,10.0,974,26,0.32265279550347425,98.1052100158113,0.03244070392704009,7089.11767674373
0.2,0.1,0.001,0.001,1.0,100.0,967,33,0.30285559481159663,1.4928154624734147,0.03295032180445634,0.5147329226209275
0.2,0.1,0.001,0.001,1.0,1000.0,971,29,0.30504708967089617,0.11636267926821904,0.037038051417826436,0.0019304518182373376
0.2,0.1,0.001,0.001,1.5,10.0,971,29,0.3229060252109254,101.18043020843345,0.01349628372043938,8020.18624942369
0.2,0.1,0.001,0.001,1.5,100.0,960,40,0.30365516964259226,1.482263432289349,0.02166604618520291,0.45076181943341126
0.2,0.1,0.001,0.001,1.5,1000.0,973,27,0.25801478236118763,0.11632413735922342,0.01955457502965149,0.0017262714959268806
0.2,0.1,0.001,0.001,2.0,10.0,976,24,0.34383625776814625,100.96418418266985,0.040746785574579995,6787.166728743651
0.2,0.1,0.001,0.001,2.0,100.0,977,23,0.38252494190473735,1.4836941190788775,0.016849984919544658,0.4963690583606725
0.2,0.1,0.001,0.001,2.0,1000.0,965,35,0.28317901212748625,0.11413108771947336,0.029441710427133224,0.0018278713916800625
0.2,0.1,0.001,0.1,0.1,10.0,980,20,0.30929256146903206,90.16092414585769,0.02490364123418823,5905.826149657987
0.2,0.1,0.001,0.1,0.1,100.0,973,27,0.326003081280859,1.4960207344031935,0.030949404368423798,0.4971390065782156
0.2,0.1,0.001,0.1,0.1,1000.0,972,28,0.2505195030615199,0.11436368584815217,0.020521925691545283,0.001735722767422232
0.2,0.1,0.001,0.1,0.5,10.0,993,7,0.2062925170068027,91.31910284603424,0.026654808181776107,5223.002621097377
0.2,0.1,0.001,0.1,0.5,100.0,982,18,0.3456655349199209,1.57055142671693,0.03326820671866132,0.6697471834488015
0.2,0.1,0.001,0.1,0.5,1000.0,983,17,0.30294377662608124,0.11406377427260617,0.022333597492306997,0.0019173190925951486
0.2,0.1,0.001,0.1,1.0,10.0,992,8,0.20464508144074706,107.44472513046117,0.008876285351780231,9410.932749898551
0.2,0.1,0.001,0.1,1.0,100.0,989,11,0.29723375516214384,1.6594826221487098,0.014146342166834212,0.7873328477525001
0.2,0.1,0.001,0.1,1.0,1000.0,986,14,0.3022660346189757,0.11741687914731186,0.027481473652770632,0.001899184211264512
0.2,0.1,0.001,0.1,1.5,10.0,996,4,0.1350806451612903,98.03801584718391,0.01845001951092612,7006.212865191603
0.2,0.1,0.001,0.1,1.5,100.0,990,10,0.3623031135531135,1.7052043233733538,0.08034169503230286,1.014441770765517
0.2,0.1,0.001,0.1,1.5,1000.0,990,10,0.22844126887605148,0.11709928842128269,0.037346247717527474,0.0018525477981427242
0.2,0.1,0.001,0.1,2.0,10.0,997,3,0.20746310219994432,111.1453749984542,0.01312169932551295,10881.870703868564
0.2,0.1,0.001,0.1,2.0,100.0,994,6,0.18055555555555555,1.6845103513302988,0.03800154320987654,1.2642062614347038
0.2,0.1,0.001,0.1,2.0,1000.0,993,7,0.291295364299566,0.11643023403565647,0.10027362862095049,0.0018621576356929151
0.2,0.1,0.001,1.0,0.1,10.0,996,4,0.19230769230769232,42.978446303852635,0.11094674556213022,2085.983380439972
0.2,0.1,0.001,1.0,0.1,100.0,992,8,0.2313845693779904,1.7845192011684174,0.05185921933286369,1.7646696654277745
0.2,0.1,0.001,1.0,0.1,1000.0,997,3,0.26495726495726496,0.11868618092547534,0.03784060194316605,0.002035654419521021
0.2,0.1,0.001,1.0,0.5,10.0,1000,0,0.0,59.48884381390421,0.0,3354.0552367026926
0.2,0.1,0.001,1.0,0.5,100.0,1000,0,0.0,6.004239530694472,0.0,157.5262383713295
0.2,0.1,0.001,1.0,0.5,1000.0,1000,0,0.0,0.12355397126234229,0.0,0.0023676535239786057
0.2,0.1,0.001,1.0,1.0,10.0,999,1,0.0,68.0456869075569,0.0,3746.8135009119783
0.2,0.1,0.001,1.0,1.0,100.0,1000,0,0.0,19.521160947524976,0.0,1778.3784640335507
0.2,0.1,0.001,1.0,1.0,1000.0,1000,0,0.0,0.12452146822287859,0.0,0.002405111291525512
0.2,0.1,0.001,1.0,1.5,10.0,1000,0,0.0,52.9943160047527,0.0,2534.9401983833727
0.2,0.1,0.001,1.0,1.5,100.0,1000,0,0.0,25.47517267543948,0.0,2413.4112478615007
0.2,0.1,0.001,1.0,1.5,1000.0,1000,0,0.0,0.1243539234130329,0.0,0.002178371923531294
0.2,0.1,0.001,1.0,2.0,10.0,997,3,0.30890999547715964,69.47830014579998,0.14019495876155588,4115.919128245529
0.2,0.1,0.001,1.0,2.0,100.0,999,1,0.7469879518072289,22.174071047686347,0.0,2136.602884217203
0.2,0.1,0.001,1.0,2.0,1000.0,997,3,0.7619398813252242,0.12576527491763934,0.003695674292555431,0.002614475116174167
0.25,0.0,0.0003,1e-05,0.1,10.0,1000,0,0.0,0.0,0.0,0.0
0.25,0.0,0.0003,1e-05,0.1,100.0,1000,0,0.0,0.0,0.0,0.0
0.25,0.0,0.0003,1e-05,0.1,1000.0,1000,0,0.0,0.0,0.0,0.0
0.25,0.0,0.0003,1e-05,0.5,10.0,1000,0,0.0,0.0,0.0,0.0
0.25,0.0,0.0003,1e-05,0.5,100.0,1000,0,0.0,0.0,0.0,0.0
0.25,0.0,0.0003,1e-05,0.5,1000.0,1000,0,0.0,0.0,0.0,0.0
0.25,0.0,0.0003,1e-05,1.0,10.0,1000,0,0.0,0.0,0.0,0.0
0.25,0.0,0.0003,1e-05,1.0,100.0,1000,0,0.0,0.0,0.0,0.0
0.25,0.0,0.0003,1e-05,1.0,1000.0,1000,0,0.0,0.0,0.0,0.0
0.25,0.0,0.0003,1e-05,1.5,10.0,1000,0,0.0,0.0,0.0,0.0
0.25,0.0,0.0003,1e-05,1.5,100.0,1000,0,0.0,0.0,0.0,0.0
0.25,0.0,0.0003,1e-05,1.5,1000.0,1000,0,0.0,0.0,0.0,0.0
0.25,0.0,0.0003,1e-05,2.0,10.0,1000,0,0.0,0.0,0.0,0.0
0.25,0.0,0.0003,1e-05,2.0,100.0,1000,0,0.0,0.0,0.0,0.0
0.25,0.0,0.0003,1e-05,2.0,1000.0,1000,0,0.0,0.0,0.0,0.0
0.25,0.0,0.0003,0.001,0.1,10.0,1000,0,0.0,0.0,0.0,0.0
0.25,0.0,0.0003,0.001,0.1,100.0,1000,0,0.0,0.0,0.0,0.0
0.25,0.0,0.0003,0.001,0.1,1000.0,1000,0,0.0,0.0,0.0,0.0
0.25,0.0,0.0003,0.001,0.5,10.0,1000,0,0.0,0.0,0.0,0.0
0.25,0.0,0.0003,0.001,0.5,100.0,1000,0,0.0,0.0,0.0,0.0
0.25,0.0,0.0003,0.001,0.5,1000.0,1000,0,0.0,0.0,0.0,0.0
0.25,0.0,0.0003,0.001,1.0,10.0,1000,0,0.0,0.0,0.0,0.0
0.25,0.0,0.0003,0.001,1.0,100.0,1000,0,0.0,0.0,0.0,0.0
0.25,0.0,0.0003,0.001,1.0,1000.0,1000,0,0.0,0.0,0.0,0.0
0.25,0.0,0.0003,0.001,1.5,10.0,1000,0,0.0,0.0,0.0,0.0
0.25,0.0,0.0003,0.001,1.5,100.0,1000,0,0.0,0.0,0.0,0.0
0.25,0.0,0.0003,0.001,1.5,1000.0,1000,0,0.0,0.0,0.0,0.0
0.25,0.0,0.0003,0.001,2.0,10.0,1000,0,0.0,0.0,0.0,0.0
0.25,0.0,0.0003,0.001,2.0,100.0,1000,0,0.0,0.0,0.0,0.0
0.25,0.0,0.0003,0.001,2.0,1000.0,1000,0,0.0,0.0,0.0,0.0
0.25,0.0,0.0003,0.1,0.1,10.0,1000,0,0.0,0.0,0.0,0.0
0.25,0.0,0.0003,0.1,0.1,100.0,1000,0,0.0,0.0,0.0,0.0
0.25,0.0,0.0003,0.1,0.1,1000.0,1000,0,0.0,0.0,0.0,0.0
0.25,0.0,0.0003,0.1,0.5,10.0,1000,0,0.0,0.0,0.0,0.0
0.25,0.0,0.0003,0.1,0.5,100.0,1000,0,0.0,0.0,0.0,0.0
0.25,0.0,0.0003,0.1,0.5,1000.0,1000,0,0.0,0.0,0.0,0.0
0.25,0.0,0.0003,0.1,1.0,10.0,1000,0,0.0,0.0,0.0,0.0
0.25,0.0,0.0003,0.1,1.0,100.0,1000,0,0.0,0.0,0.0,0.0
0.25,0.0,0.0003,0.1,1.0,1000.0,1000,0,0.0,0.0,0.0,0.0
0.25,0.0,0.0003,0.1,1.5,10.0,1000,0,0.0,0.0,0.0,0.0
0.25,0.0,0.0003,0.1,1.5,100.0,1000,0,0.0,0.0,0.0,0.0
0.25,0.0,0.0003,0.1,1.5,1000.0,1000,0,0.0,0.0,0.0,0.0
0.25,0.0,0.0003,0.1,2.0,10.0,1000,0,0.0,0.0,0.0,0.0
0.25,0.0,0.0003,0.1,2.0,100.0,1000,0,0.0,0.0,0.0,0.0
0.25,0.0,0.0003,0.1,2.0,1000.0,1000,0,0.0,0.0,0.0,0.0
0.25,0.0,0.0003,1.0,0.1,10.0,1000,0,0.0,0.0,0.0,0.0
0.25,0.0,0.0003,1.0,0.1,100.0,1000,0,0.0,0.0,0.0,0.0
0.25,0.0,0.0003,1.0,0.1,1000.0,1000,0,0.0,0.0,0.0,0.0
0.25,0.0,0.0003,1.0,0.5,10.0,1000,0,0.0,0.0,0.0,0.0
0.25,0.0,0.0003,1.0,0.5,100.0,1000,0,0.0,0.0,0.0,0.0
0.25,0.0,0.0003,1.0,0.5,1000.0,1000,0,0.0,0.0,0.0,0.0
0.25,0.0,0.0003,1.0,1.0,10.0,1000,0,0.0,0.0,0.0,0.0
0.25,0.0,0.0003,1.0,1.0,100.0,1000,0,0.0,0.0,0.0,0.0
0.25,0.0,0.0003,1.0,1.0,1000.0,1000,0,0.0,0.0,0.0,0.0
0.25,0.0,0.0003,1.0,1.5,10.0,1000,0,0.0,16.352330749498876,0.0,0.0
0.25,0.0,0.0003,1.0,1.5,100.0,1000,0,0.0,0.0,0.0,0.0
0.25,0.0,0.0003,1.0,1.5,1000.0,1000,0,0.0,0.0,0.0,0.0
0.25,0.0,0.0003,1.0,2.0,10.0,1000,0,0.0,0.0,0.0,0.0
0.25,0.0,0.0003,1.0,2.0,100.0,1000,0,0.0,0.0,0.0,0.0
0.25,0.0,0.0003,1.0,2.0,1000.0,1000,0,0.0,0.0,0.0,0.0
0.25,0.0,0.0001,1e-05,0.1,10.0,1000,0,0.0,0.0,0.0,0.0
0.25,0.0,0.0001,1e-05,0.1,100.0,1000,0,0.0,0.0,0.0,0.0
0.25,0.0,0.0001,1e-05,0.1,1000.0,1000,0,0.0,0.0,0.0,0.0
0.25,0.0,0.0001,1e-05,0.5,10.0,1000,0,0.0,0.0,0.0,0.0
0.25,0.0,0.0001,1e-05,0.5,100.0,1000,0,0.0,0.0,0.0,0.0
0.25,0.0,0.0001,1e-05,0.5,1000.0,1000,0,0.0,0.0,0.0,0.0
0.25,0.0,0.0001,1e-05,1.0,10.0,1000,0,0.0,0.0,0.0,0.0
0.25,0.0,0.0001,1e-05,1.0,100.0,1000,0,0.0,0.0,0.0,0.0
0.25,0.0,0.0001,1e-05,1.0,1000.0,1000,0,0.0,0.0,0.0,0.0
0.25,0.0,0.0001,1e-05,1.5,10.0,1000,0,0.0,0.0,0.0,0.0
0.25,0.0,0.0001,1e-05,1.5,100.0,1000,0,0.0,0.0,0.0,0.0
0.25,0.0,0.0001,1e-05,1.5,1000.0,1000,0,0.0,0.0,0.0,0.0
0.25,0.0,0.0001,1e-05,2.0,10.0,1000,0,0.0,0.0,0.0,0.0
0.25,0.0,0.0001,1e-05,2.0,100.0,1000,0,0.0,0.0,0.0,0.0
0.25,0.0,0.0001,1e-05,2.0,1000.0,1000,0,0.0,0.0,0.0,0.0
0.25,0.0,0.0001,0.001,0.1,10.0,1000,0,0.0,0.0,0.0,0.0
0.25,0.0,0.0001,0.001,0.1,100.0,1000,0,0.0,0.0,0.0,0.0
0.25,0.0,0.0001,0.001,0.1,1000.0,1000,0,0.0,0.0,0.0,0.0
0.25,0.0,0.0001,0.001,0.5,10.0,1000,0,0.0,0.0,0.0,0.0
0.25,0.0,0.0001,0.001,0.5,100.0,1000,0,0.0,0.0,0.0,0.0
0.25,0.0,0.0001,0.001,0.5,1000.0,1000,0,0.0,0.0,0.0,0.0
0.25,0.0,0.0001,0.001,1.0,10.0,1000,0,0.0,0.0,0.0,0.0
0.25,0.0,0.0001,0.001,1.0,100.0,1000,0,0.0,0.0,0.0,0.0
0.25,0.0,0.0001,0.001,1.0,1000.0,1000,0,0.0,0.0,0.0,0.0
0.25,0.0,0.0001,0.001,1.5,10.0,1000,0,0.0,0.0,0.0,0.0
0.25,0.0,0.0001,0.001,1.5,100.0,1000,0,0.0,0.0,0.0,0.0
0.25,0.0,0.0001,0.001,1.5,1000.0,1000,0,0.0,0.0,0.0,0.0
0.25,0.0,0.0001,0.001,2.0,10.0,1000,0,0.0,0.0,0.0,0.0
0.25,0.0,0.0001,0.001,2.0,100.0,1000,0,0.0,0.0,0.0,0.0
0.25,0.0,0.0001,0.001,2.0,1000.0,1000,0,0.0,0.0,0.0,0.0
0.25,0.0,0.0001,0.1,0.1,10.0,1000,0,0.0,0.0,0.0,0.0
0.25,0.0,0.0001,0.1,0.1,100.0,1000,0,0.0,0.0,0.0,0.0
0.25,0.0,0.0001,0.1,0.1,1000.0,1000,0,0.0,0.0,0.0,0.0
0.25,0.0,0.0001,0.1,0.5,10.0,1000,0,0.0,0.0,0.0,0.0
0.25,0.0,0.0001,0.1,0.5,100.0,1000,0,0.0,0.0,0.0,0.0
0.25,0.0,0.0001,0.1,0.5,1000.0,1000,0,0.0,0.0,0.0,0.0
0.25,0.0,0.0001,0.1,1.0,10.0,1000,0,0.0,0.0,0.0,0.0
0.25,0.0,0.0001,0.1,1.0,100.0,1000,0,0.0,0.0,0.0,0.0
0.25,0.0,0.0001,0.1,1.0,1000.0,1000,0,0.0,0.0,0.0,0.0
0.25,0.0,0.0001,0.1,1.5,10.0,1000,0,0.0,0.0,0.0,0.0
0.25,0.0,0.0001,0.1,1.5,100.0,1000,0,0.0,0.0,0.0,0.0
0.25,0.0,0.0001,0.1,1.5,1000.0,1000,0,0.0,0.0,0.0,0.0
0.25,0.0,0.0001,0.1,2.0,10.0,1000,0,0.0,0.0,0.0,0.0
0.25,0.0,0.0001,0.1,2.0,100.0,1000,0,0.0,0.0,0.0,0.0
0.25,0.0,0.0001,0.1,2.0,1000.0,1000,0,0.0,0.0,0.0,0.0
0.25,0.0,0.0001,1.0,0.1,10.0,1000,0,0.0,0.0,0.0,0.0
0.25,0.0,0.0001,1.0,0.1,100.0,1000,0,0.0,0.0,0.0,0.0
0.25,0.0,0.0001,1.0,0.1,1000.0,1000,0,0.0,0.0,0.0,0.0
0.25,0.0,0.0001,1.0,0.5,10.0,1000,0,0.0,0.0,0.0,0.0
0.25,0.0,0.0001,1.0,0.5,100.0,1000,0,0.0,0.0,0.0,0.0
0.25,0.0,0.0001,1.0,0.5,1000.0,1000,0,0.0,0.0,0.0,0.0
0.25,0.0,0.0001,1.0,1.0,10.0,1000,0,0.0,0.0,0.0,0.0
0.25,0.0,0.0001,1.0,1.0,100.0,1000,0,0.0,0.0,0.0,0.0
0.25,0.0,0.0001,1.0,1.0,1000.0,1000,0,0.0,0.0,0.0,0.0
0.25,0.0,0.0001,1.0,1.5,10.0,1000,0,0.0,0.0,0.0,0.0
0.25,0.0,0.0001,1.0,1.5,100.0,1000,0,0.0,0.0,0.0,0.0
0.25,0.0,0.0001,1.0,1.5,1000.0,1000,0,0.0,0.0,0.0,0.0
0.25,0.0,0.0001,1.0,2.0,10.0,1000,0,0.0,0.0,0.0,0.0
0.25,0.0,0.0001,1.0,2.0,100.0,1000,0,0.0,0.0,0.0,0.0
0.25,0.0,0.0001,1.0,2.0,1000.0,1000,0,0.0,0.0,0.0,0.0
0.25,0.0,0.003,1e-05,0.1,10.0,1000,0,0.0,0.0,0.0,0.0
0.25,0.0,0.003,1e-05,0.1,100.0,1000,0,0.0,0.0,0.0,0.0
0.25,0.0,0.003,1e-05,0.1,1000.0,1000,0,0.0,0.0,0.0,0.0
0.25,0.0,0.003,1e-05,0.5,10.0,1000,0,0.0,0.0,0.0,0.0
0.25,0.0,0.003,1e-05,0.5,100.0,1000,0,0.0,0.0,0.0,0.0
0.25,0.0,0.003,1e-05,0.5,1000.0,1000,0,0.0,0.0,0.0,0.0
0.25,0.0,0.003,1e-05,1.0,10.0,1000,0,0.0,0.0,0.0,0.0
0.25,0.0,0.003,1e-05,1.0,100.0,1000,0,0.0,0.0,0.0,0.0
0.25,0.0,0.003,1e-05,1.0,1000.0,1000,0,0.0,0.0,0.0,0.0
0.25,0.0,0.003,1e-05,1.5,10.0,1000,0,0.0,0.0,0.0,0.0
0.25,0.0,0.003,1e-05,1.5,100.0,1000,0,0.0,0.0,0.0,0.0
0.25,0.0,0.003,1e-05,1.5,1000.0,1000,0,0.0,0.0,0.0,0.0
0.25,0.0,0.003,1e-05,2.0,10.0,1000,0,0.0,0.0,0.0,0.0
0.25,0.0,0.003,1e-05,2.0,100.0,1000,0,0.0,0.0,0.0,0.0
0.25,0.0,0.003,1e-05,2.0,1000.0,1000,0,0.0,0.0,0.0,0.0
0.25,0.0,0.003,0.001,0.1,10.0,1000,0,0.0,0.0,0.0,0.0
0.25,0.0,0.003,0.001,0.1,100.0,1000,0,0.0,0.0,0.0,0.0
0.25,0.0,0.003,0.001,0.1,1000.0,1000,0,0.0,0.0,0.0,0.0
0.25,0.0,0.003,0.001,0.5,10.0,1000,0,0.0,0.0,0.0,0.0
0.25,0.0,0.003,0.001,0.5,100.0,1000,0,0.0,0.0,0.0,0.0
0.25,0.0,0.003,0.001,0.5,1000.0,1000,0,0.0,0.0,0.0,0.0
0.25,0.0,0.003,0.001,1.0,10.0,1000,0,0.0,0.0,0.0,0.0
0.25,0.0,0.003,0.001,1.0,100.0,1000,0,0.0,0.0,0.0,0.0
0.25,0.0,0.003,0.001,1.0,1000.0,1000,0,0.0,0.0,0.0,0.0
0.25,0.0,0.003,0.001,1.5,10.0,1000,0,0.0,0.0,0.0,0.0
0.25,0.0,0.003,0.001,1.5,100.0,1000,0,0.0,0.0,0.0,0.0
0.25,0.0,0.003,0.001,1.5,1000.0,1000,0,0.0,0.0,0.0,0.0
0.25,0.0,0.003,0.001,2.0,10.0,1000,0,0.0,0.0,0.0,0.0
0.25,0.0,0.003,0.001,2.0,100.0,1000,0,0.0,0.0,0.0,0.0
0.25,0.0,0.003,0.001,2.0,1000.0,1000,0,0.0,0.0,0.0,0.0
0.25,0.0,0.003,0.1,0.1,10.0,1000,0,0.0,13.704108306731307,0.0,2.929146139480258
0.25,0.0,0.003,0.1,0.1,100.0,1000,0,0.0,17.476776478983894,0.0,0.0
0.25,0.0,0.003,0.1,0.1,1000.0,1000,0,0.0,0.0,0.0,0.0
0.25,0.0,0.003,0.1,0.5,10.0,1000,0,0.0,0.0,0.0,0.0
0.25,0.0,0.003,0.1,0.5,100.0,1000,0,0.0,0.0,0.0,0.0
0.25,0.0,0.003,0.1,0.5,1000.0,1000,0,0.0,0.0,0.0,0.0
0.25,0.0,0.003,0.1,1.0,10.0,1000,0,0.0,20.190268625385944,0.0,0.0
0.25,0.0,0.003,0.1,1.0,100.0,1000,0,0.0,0.0,0.0,0.0
0.25,0.0,0.003,0.1,1.0,1000.0,1000,0,0.0,0.0,0.0,0.0
0.25,0.0,0.003,0.1,1.5,10.0,1000,0,0.0,0.0,0.0,0.0
0.25,0.0,0.003,0.1,1.5,100.0,1000,0,0.0,0.0,0.0,0.0
0.25,0.0,0.003,0.1,1.5,1000.0,1000,0,0.0,0.0,0.0,0.0
0.25,0.0,0.003,0.1,2.0,10.0,1000,0,0.0,0.0,0.0,0.0
0.25,0.0,0.003,0.1,2.0,100.0,1000,0,0.0,0.0,0.0,0.0
0.25,0.0,0.003,0.1,2.0,1000.0,1000,0,0.0,0.0,0.0,0.0
0.25,0.0,0.003,1.0,0.1,10.0,1000,0,0.0,2.741788783338858,0.0,3.312172136816154
0.25,0.0,0.003,1.0,0.1,100.0,1000,0,0.0,2.1861025193931276,0.0,1.2172337001846165
0.25,0.0,0.003,1.0,0.1,1000.0,1000,0,0.0,2.387175865510223,0.0,0.07911108824730322
0.25,0.0,0.003,1.0,0.5,10.0,1000,0,0.0,2.9901164258601707,0.0,3.3968818151952767
0.25,0.0,0.003,1.0,0.5,100.0,1000,0,0.0,0.0,0.0,0.0
0.25,0.0,0.003,1.0,0.5,1000.0,1000,0,0.0,0.0,0.0,0.0
0.25,0.0,0.003,1.0,1.0,10.0,1000,0,0.0,1.9821192792626436,0.0,0.2660628225045398
0.25,0.0,0.003,1.0,1.0,100.0,1000,0,0.0,0.0,0.0,0.0
0.25,0.0,0.003,1.0,1.0,1000.0,1000,0,0.0,0.0,0.0,0.0
0.25,0.0,0.003,1.0,1.5,10.0,1000,0,0.0,0.0,0.0,0.0
0.25,0.0,0.003,1.0,1.5,100.0,1000,0,0.0,0.0,0.0,0.0
0.25,0.0,0.003,1.0,1.5,1000.0,1000,0,0.0,0.0,0.0,0.0
0.25,0.0,0.003,1.0,2.0,10.0,1000,0,0.0,0.0,0.0,0.0
0.25,0.0,0.003,1.0,2.0,100.0,1000,0,0.0,0.0,0.0,0.0
0.25,0.0,0.003,1.0,2.0,1000.0,1000,0,0.0,0.0,0.0,0.0
0.25,0.0,0.001,1e-05,0.1,10.0,1000,0,0.0,0.0,0.0,0.0
0.25,0.0,0.001,1e-05,0.1,100.0,1000,0,0.0,0.0,0.0,0.0
0.25,0.0,0.001,1e-05,0.1,1000.0,1000,0,0.0,0.0,0.0,0.0
0.25,0.0,0.001,1e-05,0.5,10.0,1000,0,0.0,0.0,0.0,0.0
0.25,0.0,0.001,1e-05,0.5,100.0,1000,0,0.0,0.0,0.0,0.0
0.25,0.0,0.001,1e-05,0.5,1000.0,1000,0,0.0,0.0,0.0,0.0
0.25,0.0,0.001,1e-05,1.0,10.0,1000,0,0.0,0.0,0.0,0.0
0.25,0.0,0.001,1e-05,1.0,100.0,1000,0,0.0,0.0,0.0,0.0
0.25,0.0,0.001,1e-05,1.0,1000.0,1000,0,0.0,0.0,0.0,0.0
0.25,0.0,0.001,1e-05,1.5,10.0,1000,0,0.0,0.0,0.0,0.0
0.25,0.0,0.001,1e-05,1.5,100.0,1000,0,0.0,0.0,0.0,0.0
0.25,0.0,0.001,1e-05,1.5,1000.0,1000,0,0.0,0.0,0.0,0.0
0.25,0.0,0.001,1e-05,2.0,10.0,1000,0,0.0,0.0,0.0,0.0
0.25,0.0,0.001,1e-05,2.0,100.0,1000,0,0.0,0.0,0.0,0.0
0.25,0.0,0.001,1e-05,2.0,1000.0,1000,0,0.0,0.0,0.0,0.0
0.25,0.0,0.001,0.001,0.1,10.0,1000,0,0.0,0.0,0.0,0.0
0.25,0.0,0.001,0.001,0.1,100.0,1000,0,0.0,0.0,0.0,0.0
0.25,0.0,0.001,0.001,0.1,1000.0,1000,0,0.0,0.0,0.0,0.0
0.25,0.0,0.001,0.001,0.5,10.0,1000,0,0.0,0.0,0.0,0.0
0.25,0.0,0.001,0.001,0.5,100.0,1000,0,0.0,0.0,0.0,0.0
0.25,0.0,0.001,0.001,0.5,1000.0,1000,0,0.0,0.0,0.0,0.0
0.25,0.0,0.001,0.001,1.0,10.0,1000,0,0.0,0.0,0.0,0.0
0.25,0.0,0.001,0.001,1.0,100.0,1000,0,0.0,0.0,0.0,0.0
0.25,0.0,0.001,0.001,1.0,1000.0,1000,0,0.0,0.0,0.0,0.0
0.25,0.0,0.001,0.001,1.5,10.0,1000,0,0.0,0.0,0.0,0.0
0.25,0.0,0.001,0.001,1.5,100.0,1000,0,0.0,0.0,0.0,0.0
0.25,0.0,0.001,0.001,1.5,1000.0,1000,0,0.0,0.0,0.0,0.0
0.25,0.0,0.001,0.001,2.0,10.0,1000,0,0.0,0.0,0.0,0.0
0.25,0.0,0.001,0.001,2.0,100.0,1000,0,0.0,0.0,0.0,0.0
0.25,0.0,0.001,0.001,2.0,1000.0,1000,0,0.0,0.0,0.0,0.0
0.25,0.0,0.001,0.1,0.1,10.0,1000,0,0.0,0.0,0.0,0.0
0.25,0.0,0.001,0.1,0.1,100.0,1000,0,0.0,0.0,0.0,0.0
0.25,0.0,0.001,0.1,0.1,1000.0,1000,0,0.0,0.0,0.0,0.0
0.25,0.0,0.001,0.1,0.5,10.0,1000,0,0.0,0.0,0.0,0.0
0.25,0.0,0.001,0.1,0.5,100.0,1000,0,0.0,0.0,0.0,0.0
0.25,0.0,0.001,0.1,0.5,1000.0,1000,0,0.0,0.0,0.0,0.0
0.25,0.0,0.001,0.1,1.0,10.0,1000,0,0.0,0.0,0.0,0.0
0.25,0.0,0.001,0.1,1.0,100.0,1000,0,0.0,0.0,0.0,0.0
0.25,0.0,0.001,0.1,1.0,1000.0,1000,0,0.0,0.0,0.0,0.0
0.25,0.0,0.001,0.1,1.5,10.0,1000,0,0.0,0.0,0.0,0.0
0.25,0.0,0.001,0.1,1.5,100.0,1000,0,0.0,0.0,0.0,0.0
0.25,0.0,0.001,0.1,1.5,1000.0,1000,0,0.0,0.0,0.0,0.0
0.25,0.0,0.001,0.1,2.0,10.0,1000,0,0.0,0.0,0.0,0.0
0.25,0.0,0.001,0.1,2.0,100.0,1000,0,0.0,0.0,0.0,0.0
0.25,0.0,0.001,0.1,2.0,1000.0,1000,0,0.0,0.0,0.0,0.0
0.25,0.0,0.001,1.0,0.1,10.0,1000,0,0.0,14.591044594747567,0.0,34.81924112845785
0.25,0.0,0.001,1.0,0.1,100.0,1000,0,0.0,6.090783083113333,0.0,0.0
0.25,0.0,0.001,1.0,0.1,1000.0,1000,0,0.0,0.0,0.0,0.0
0.25,0.0,0.001,1.0,0.5,10.0,1000,0,0.0,7.461310117425796,0.0,0.0
0.25,0.0,0.001,1.0,0.5,100.0,1000,0,0.0,0.0,0.0,0.0
0.25,0.0,0.001,1.0,0.5,1000.0,1000,0,0.0,0.0,0.0,0.0
0.25,0.0,0.001,1.0,1.0,10.0,1000,0,0.0,9.739049750601906,0.0,0.0
0.25,0.0,0.001,1.0,1.0,100.0,1000,0,0.0,0.0,0.0,0.0
0.25,0.0,0.001,1.0,1.0,1000.0,1000,0,0.0,0.0,0.0,0.0
0.25,0.0,0.001,1.0,1.5,10.0,1000,0,0.0,0.0,0.0,0.0
0.25,0.0,0.001,1.0,1.5,100.0,1000,0,0.0,0.0,0.0,0.0
0.25,0.0,0.001,1.0,1.5,1000.0,1000,0,0.0,0.0,0.0,0.0
0.25,0.0,0.001,1.0,2.0,10.0,1000,0,0.0,0.0,0.0,0.0
0.25,0.0,0.001,1.0,2.0,100.0,1000,0,0.0,0.0,0.0,0.0
0.25,0.0,0.001,1.0,2.0,1000.0,1000,0,0.0,0.0,0.0,0.0
0.25,1e-05,0.0003,1e-05,0.1,10.0,1000,0,0.0,0.0,0.0,0.0
0.25,1e-05,0.0003,1e-05,0.1,100.0,1000,0,0.0,0.0,0.0,0.0
0.25,1e-05,0.0003,1e-05,0.1,1000.0,1000,0,0.0,0.0,0.0,0.0
0.25,1e-05,0.0003,1e-05,0.5,10.0,1000,0,0.0,0.0,0.0,0.0
0.25,1e-05,0.0003,1e-05,0.5,100.0,1000,0,0.0,0.0,0.0,0.0
0.25,1e-05,0.0003,1e-05,0.5,1000.0,1000,0,0.0,0.0,0.0,0.0
0.25,1e-05,0.0003,1e-05,1.0,10.0,1000,0,0.0,0.0,0.0,0.0
0.25,1e-05,0.0003,1e-05,1.0,100.0,1000,0,0.0,0.0,0.0,0.0
0.25,1e-05,0.0003,1e-05,1.0,1000.0,1000,0,0.0,0.0,0.0,0.0
0.25,1e-05,0.0003,1e-05,1.5,10.0,1000,0,0.0,0.0,0.0,0.0
0.25,1e-05,0.0003,1e-05,1.5,100.0,1000,0,0.0,0.0,0.0,0.0
0.25,1e-05,0.0003,1e-05,1.5,1000.0,1000,0,0.0,0.0,0.0,0.0
0.25,1e-05,0.0003,1e-05,2.0,10.0,1000,0,0.0,0.0,0.0,0.0
0.25,1e-05,0.0003,1e-05,2.0,100.0,1000,0,0.0,0.0,0.0,0.0
0.25,1e-05,0.0003,1e-05,2.0,1000.0,1000,0,0.0,0.0,0.0,0.0
0.25,1e-05,0.0003,0.001,0.1,10.0,1000,0,0.0,0.0,0.0,0.0
0.25,1e-05,0.0003,0.001,0.1,100.0,1000,0,0.0,0.0,0.0,0.0
0.25,1e-05,0.0003,0.001,0.1,1000.0,1000,0,0.0,0.0,0.0,0.0
0.25,1e-05,0.0003,0.001,0.5,10.0,1000,0,0.0,0.0,0.0,0.0
0.25,1e-05,0.0003,0.001,0.5,100.0,1000,0,0.0,0.0,0.0,0.0
0.25,1e-05,0.0003,0.001,0.5,1000.0,1000,0,0.0,0.0,0.0,0.0
0.25,1e-05,0.0003,0.001,1.0,10.0,1000,0,0.0,0.0,0.0,0.0
0.25,1e-05,0.0003,0.001,1.0,100.0,1000,0,0.0,0.0,0.0,0.0
0.25,1e-05,0.0003,0.001,1.0,1000.0,1000,0,0.0,0.0,0.0,0.0
0.25,1e-05,0.0003,0.001,1.5,10.0,1000,0,0.0,0.0,0.0,0.0
0.25,1e-05,0.0003,0.001,1.5,100.0,1000,0,0.0,0.0,0.0,0.0
0.25,1e-05,0.0003,0.001,1.5,1000.0,1000,0,0.0,0.0,0.0,0.0
0.25,1e-05,0.0003,0.001,2.0,10.0,1000,0,0.0,0.0,0.0,0.0
0.25,1e-05,0.0003,0.001,2.0,100.0,1000,0,0.0,0.0,0.0,0.0
0.25,1e-05,0.0003,0.001,2.0,1000.0,1000,0,0.0,0.0,0.0,0.0
0.25,1e-05,0.0003,0.1,0.1,10.0,1000,0,0.0,0.0,0.0,0.0
0.25,1e-05,0.0003,0.1,0.1,100.0,1000,0,0.0,0.0,0.0,0.0
0.25,1e-05,0.0003,0.1,0.1,1000.0,1000,0,0.0,0.0,0.0,0.0
0.25,1e-05,0.0003,0.1,0.5,10.0,1000,0,0.0,0.0,0.0,0.0
0.25,1e-05,0.0003,0.1,0.5,100.0,1000,0,0.0,0.0,0.0,0.0
0.25,1e-05,0.0003,0.1,0.5,1000.0,1000,0,0.0,0.0,0.0,0.0
0.25,1e-05,0.0003,0.1,1.0,10.0,1000,0,0.0,0.0,0.0,0.0
0.25,1e-05,0.0003,0.1,1.0,100.0,1000,0,0.0,0.0,0.0,0.0
0.25,1e-05,0.0003,0.1,1.0,1000.0,1000,0,0.0,0.0,0.0,0.0
0.25,1e-05,0.0003,0.1,1.5,10.0,1000,0,0.0,0.0,0.0,0.0
0.25,1e-05,0.0003,0.1,1.5,100.0,1000,0,0.0,0.0,0.0,0.0
0.25,1e-05,0.0003,0.1,1.5,1000.0,1000,0,0.0,0.0,0.0,0.0
0.25,1e-05,0.0003,0.1,2.0,10.0,1000,0,0.0,0.0,0.0,0.0
0.25,1e-05,0.0003,0.1,2.0,100.0,1000,0,0.0,0.0,0.0,0.0
0.25,1e-05,0.0003,0.1,2.0,1000.0,1000,0,0.0,0.0,0.0,0.0
0.25,1e-05,0.0003,1.0,0.1,10.0,1000,0,0.0,0.0,0.0,0.0
0.25,1e-05,0.0003,1.0,0.1,100.0,1000,0,0.0,0.0,0.0,0.0
0.25,1e-05,0.0003,1.0,0.1,1000.0,1000,0,0.0,0.0,0.0,0.0
0.25,1e-05,0.0003,1.0,0.5,10.0,1000,0,0.0,0.0,0.0,0.0
0.25,1e-05,0.0003,1.0,0.5,100.0,1000,0,0.0,0.0,0.0,0.0
0.25,1e-05,0.0003,1.0,0.5,1000.0,1000,0,0.0,0.0,0.0,0.0
0.25,1e-05,0.0003,1.0,1.0,10.0,1000,0,0.0,0.0,0.0,0.0
0.25,1e-05,0.0003,1.0,1.0,100.0,1000,0,0.0,0.0,0.0,0.0
0.25,1e-05,0.0003,1.0,1.0,1000.0,1000,0,0.0,0.0,0.0,0.0
0.25,1e-05,0.0003,1.0,1.5,10.0,999,1,0.7853881278538812,29.1192809235264,0.0,0.0
0.25,1e-05,0.0003,1.0,1.5,100.0,1000,0,0.0,0.0,0.0,0.0
0.25,1e-05,0.0003,1.0,1.5,1000.0,1000,0,0.0,0.0,0.0,0.0
0.25,1e-05,0.0003,1.0,2.0,10.0,1000,0,0.0,0.0,0.0,0.0
0.25,1e-05,0.0003,1.0,2.0,100.0,1000,0,0.0,0.0,0.0,0.0
0.25,1e-05,0.0003,1.0,2.0,1000.0,1000,0,0.0,0.0,0.0,0.0
0.25,1e-05,0.0001,1e-05,0.1,10.0,1000,0,0.0,0.0,0.0,0.0
0.25,1e-05,0.0001,1e-05,0.1,100.0,1000,0,0.0,0.0,0.0,0.0
0.25,1e-05,0.0001,1e-05,0.1,1000.0,1000,0,0.0,0.0,0.0,0.0
0.25,1e-05,0.0001,1e-05,0.5,10.0,1000,0,0.0,0.0,0.0,0.0
0.25,1e-05,0.0001,1e-05,0.5,100.0,1000,0,0.0,0.0,0.0,0.0
0.25,1e-05,0.0001,1e-05,0.5,1000.0,1000,0,0.0,0.0,0.0,0.0
0.25,1e-05,0.0001,1e-05,1.0,10.0,1000,0,0.0,0.0,0.0,0.0
0.25,1e-05,0.0001,1e-05,1.0,100.0,1000,0,0.0,0.0,0.0,0.0
0.25,1e-05,0.0001,1e-05,1.0,1000.0,1000,0,0.0,0.0,0.0,0.0
0.25,1e-05,0.0001,1e-05,1.5,10.0,1000,0,0.0,0.0,0.0,0.0
0.25,1e-05,0.0001,1e-05,1.5,100.0,1000,0,0.0,0.0,0.0,0.0
0.25,1e-05,0.0001,1e-05,1.5,1000.0,1000,0,0.0,0.0,0.0,0.0
0.25,1e-05,0.0001,1e-05,2.0,10.0,1000,0,0.0,0.0,0.0,0.0
0.25,1e-05,0.0001,1e-05,2.0,100.0,1000,0,0.0,0.0,0.0,0.0
0.25,1e-05,0.0001,1e-05,2.0,1000.0,1000,0,0.0,0.0,0.0,0.0
0.25,1e-05,0.0001,0.001,0.1,10.0,1000,0,0.0,0.0,0.0,0.0
0.25,1e-05,0.0001,0.001,0.1,100.0,1000,0,0.0,0.0,0.0,0.0
0.25,1e-05,0.0001,0.001,0.1,1000.0,1000,0,0.0,0.0,0.0,0.0
0.25,1e-05,0.0001,0.001,0.5,10.0,1000,0,0.0,0.0,0.0,0.0
0.25,1e-05,0.0001,0.001,0.5,100.0,1000,0,0.0,0.0,0.0,0.0
0.25,1e-05,0.0001,0.001,0.5,1000.0,1000,0,0.0,0.0,0.0,0.0
0.25,1e-05,0.0001,0.001,1.0,10.0,1000,0,0.0,0.0,0.0,0.0
0.25,1e-05,0.0001,0.001,1.0,100.0,1000,0,0.0,0.0,0.0,0.0
0.25,1e-05,0.0001,0.001,1.0,1000.0,1000,0,0.0,0.0,0.0,0.0
0.25,1e-05,0.0001,0.001,1.5,10.0,1000,0,0.0,0.0,0.0,0.0
0.25,1e-05,0.0001,0.001,1.5,100.0,1000,0,0.0,0.0,0.0,0.0
0.25,1e-05,0.0001,0.001,1.5,1000.0,1000,0,0.0,0.0,0.0,0.0
0.25,1e-05,0.0001,0.001,2.0,10.0,1000,0,0.0,0.0,0.0,0.0
0.25,1e-05,0.0001,0.001,2.0,100.0,1000,0,0.0,0.0,0.0,0.0
0.25,1e-05,0.0001,0.001,2.0,1000.0,1000,0,0.0,0.0,0.0,0.0
0.25,1e-05,0.0001,0.1,0.1,10.0,1000,0,0.0,0.0,0.0,0.0
0.25,1e-05,0.0001,0.1,0.1,100.0,1000,0,0.0,0.0,0.0,0.0
0.25,1e-05,0.0001,0.1,0.1,1000.0,1000,0,0.0,0.0,0.0,0.0
0.25,1e-05,0.0001,0.1,0.5,10.0,1000,0,0.0,0.0,0.0,0.0
0.25,1e-05,0.0001,0.1,0.5,100.0,1000,0,0.0,0.0,0.0,0.0
0.25,1e-05,0.0001,0.1,0.5,1000.0,1000,0,0.0,0.0,0.0,0.0
0.25,1e-05,0.0001,0.1,1.0,10.0,1000,0,0.0,0.0,0.0,0.0
0.25,1e-05,0.0001,0.1,1.0,100.0,1000,0,0.0,0.0,0.0,0.0
0.25,1e-05,0.0001,0.1,1.0,1000.0,1000,0,0.0,0.0,0.0,0.0
0.25,1e-05,0.0001,0.1,1.5,10.0,1000,0,0.0,0.0,0.0,0.0
0.25,1e-05,0.0001,0.1,1.5,100.0,1000,0,0.0,0.0,0.0,0.0
0.25,1e-05,0.0001,0.1,1.5,1000.0,1000,0,0.0,0.0,0.0,0.0
0.25,1e-05,0.0001,0.1,2.0,10.0,1000,0,0.0,0.0,0.0,0.0
0.25,1e-05,0.0001,0.1,2.0,100.0,1000,0,0.0,0.0,0.0,0.0
0.25,1e-05,0.0001,0.1,2.0,1000.0,1000,0,0.0,0.0,0.0,0.0
0.25,1e-05,0.0001,1.0,0.1,10.0,1000,0,0.0,0.0,0.0,0.0
0.25,1e-05,0.0001,1.0,0.1,100.0,1000,0,0.0,0.0,0.0,0.0
0.25,1e-05,0.0001,1.0,0.1,1000.0,1000,0,0.0,0.0,0.0,0.0
0.25,1e-05,0.0001,1.0,0.5,10.0,1000,0,0.0,0.0,0.0,0.0
0.25,1e-05,0.0001,1.0,0.5,100.0,1000,0,0.0,0.0,0.0,0.0
0.25,1e-05,0.0001,1.0,0.5,1000.0,1000,0,0.0,0.0,0.0,0.0
0.25,1e-05,0.0001,1.0,1.0,10.0,1000,0,0.0,0.0,0.0,0.0
0.25,1e-05,0.0001,1.0,1.0,100.0,1000,0,0.0,0.0,0.0,0.0
0.25,1e-05,0.0001,1.0,1.0,1000.0,1000,0,0.0,0.0,0.0,0.0
0.25,1e-05,0.0001,1.0,1.5,10.0,1000,0,0.0,0.0,0.0,0.0
0.25,1e-05,0.0001,1.0,1.5,100.0,1000,0,0.0,0.0,0.0,0.0
0.25,1e-05,0.0001,1.0,1.5,1000.0,999,1,0.7847985347985348,258.3412415364353,0.0,0.0
0.25,1e-05,0.0001,1.0,2.0,10.0,1000,0,0.0,0.0,0.0,0.0
0.25,1e-05,0.0001,1.0,2.0,100.0,1000,0,0.0,0.0,0.0,0.0
0.25,1e-05,0.0001,1.0,2.0,1000.0,1000,0,0.0,0.0,0.0,0.0
0.25,1e-05,0.003,1e-05,0.1,10.0,1000,0,0.0,0.0,0.0,0.0
0.25,1e-05,0.003,1e-05,0.1,100.0,1000,0,0.0,0.0,0.0,0.0
0.25,1e-05,0.003,1e-05,0.1,1000.0,1000,0,0.0,0.0,0.0,0.0
0.25,1e-05,0.003,1e-05,0.5,10.0,1000,0,0.0,0.0,0.0,0.0
0.25,1e-05,0.003,1e-05,0.5,100.0,1000,0,0.0,0.0,0.0,0.0
0.25,1e-05,0.003,1e-05,0.5,1000.0,1000,0,0.0,0.0,0.0,0.0
0.25,1e-05,0.003,1e-05,1.0,10.0,1000,0,0.0,0.0,0.0,0.0
0.25,1e-05,0.003,1e-05,1.0,100.0,1000,0,0.0,0.0,0.0,0.0
0.25,1e-05,0.003,1e-05,1.0,1000.0,1000,0,0.0,0.0,0.0,0.0
0.25,1e-05,0.003,1e-05,1.5,10.0,1000,0,0.0,0.0,0.0,0.0
0.25,1e-05,0.003,1e-05,1.5,100.0,1000,0,0.0,0.0,0.0,0.0
0.25,1e-05,0.003,1e-05,1.5,1000.0,1000,0,0.0,0.0,0.0,0.0
0.25,1e-05,0.003,1e-05,2.0,10.0,1000,0,0.0,0.0,0.0,0.0
0.25,1e-05,0.003,1e-05,2.0,100.0,1000,0,0.0,0.0,0.0,0.0
0.25,1e-05,0.003,1e-05,2.0,1000.0,1000,0,0.0,0.0,0.0,0.0
0.25,1e-05,0.003,0.001,0.1,10.0,1000,0,0.0,0.0,0.0,0.0
0.25,1e-05,0.003,0.001,0.1,100.0,1000,0,0.0,0.0,0.0,0.0
0.25,1e-05,0.003,0.001,0.1,1000.0,1000,0,0.0,0.0,0.0,0.0
0.25,1e-05,0.003,0.001,0.5,10.0,1000,0,0.0,0.0,0.0,0.0
0.25,1e-05,0.003,0.001,0.5,100.0,1000,0,0.0,0.0,0.0,0.0
0.25,1e-05,0.003,0.001,0.5,1000.0,1000,0,0.0,0.0,0.0,0.0
0.25,1e-05,0.003,0.001,1.0,10.0,1000,0,0.0,0.0,0.0,0.0
0.25,1e-05,0.003,0.001,1.0,100.0,1000,0,0.0,0.0,0.0,0.0
0.25,1e-05,0.003,0.001,1.0,1000.0,1000,0,0.0,0.0,0.0,0.0
0.25,1e-05,0.003,0.001,1.5,10.0,1000,0,0.0,0.0,0.0,0.0
0.25,1e-05,0.003,0.001,1.5,100.0,1000,0,0.0,0.0,0.0,0.0
0.25,1e-05,0.003,0.001,1.5,1000.0,1000,0,0.0,0.0,0.0,0.0
0.25,1e-05,0.003,0.001,2.0,10.0,1000,0,0.0,0.0,0.0,0.0
0.25,1e-05,0.003,0.001,2.0,100.0,1000,0,0.0,0.0,0.0,0.0
0.25,1e-05,0.003,0.001,2.0,1000.0,1000,0,0.0,0.0,0.0,0.0
0.25,1e-05,0.003,0.1,0.1,10.0,1000,0,0.0,0.0,0.0,0.0
0.25,1e-05,0.003,0.1,0.1,100.0,1000,0,0.0,17.257938019690364,0.0,0.0
0.25,1e-05,0.003,0.1,0.1,1000.0,1000,0,0.0,0.0,0.0,0.0
0.25,1e-05,0.003,0.1,0.5,10.0,1000,0,0.0,0.0,0.0,0.0
0.25,1e-05,0.003,0.1,0.5,100.0,1000,0,0.0,0.0,0.0,0.0
0.25,1e-05,0.003,0.1,0.5,1000.0,1000,0,0.0,0.0,0.0,0.0
0.25,1e-05,0.003,0.1,1.0,10.0,1000,0,0.0,0.0,0.0,0.0
0.25,1e-05,0.003,0.1,1.0,100.0,1000,0,0.0,0.0,0.0,0.0
0.25,1e-05,0.003,0.1,1.0,1000.0,1000,0,0.0,0.0,0.0,0.0
0.25,1e-05,0.003,0.1,1.5,10.0,1000,0,0.0,0.0,0.0,0.0
0.25,1e-05,0.003,0.1,1.5,100.0,1000,0,0.0,0.0,0.0,0.0
0.25,1e-05,0.003,0.1,1.5,1000.0,1000,0,0.0,0.0,0.0,0.0
0.25,1e-05,0.003,0.1,2.0,10.0,1000,0,0.0,0.0,0.0,0.0
0.25,1e-05,0.003,0.1,2.0,100.0,1000,0,0.0,0.0,0.0,0.0
0.25,1e-05,0.003,0.1,2.0,1000.0,1000,0,0.0,0.0,0.0,0.0
0.25,1e-05,0.003,1.0,0.1,10.0,1000,0,0.0,2.7591522620309425,0.0,3.1784816334789054
0.25,1e-05,0.003,1.0,0.1,100.0,1000,0,0.0,3.0072491114066118,0.0,3.612659837631173
0.25,1e-05,0.003,1.0,0.1,1000.0,1000,0,0.0,2.588882371197862,0.0,1.357820620405626
0.25,1e-05,0.003,1.0,0.5,10.0,1000,0,0.0,3.971267897347431,0.0,8.575901614066371
0.25,1e-05,0.003,1.0,0.5,100.0,1000,0,0.0,0.0,0.0,0.0
0.25,1e-05,0.003,1.0,0.5,1000.0,1000,0,0.0,0.0,0.0,0.0
0.25,1e-05,0.003,1.0,1.0,10.0,1000,0,0.0,2.6339467321509384,0.0,0.5585593254716247
0.25,1e-05,0.003,1.0,1.0,100.0,1000,0,0.0,0.0,0.0,0.0
0.25,1e-05,0.003,1.0,1.0,1000.0,1000,0,0.0,0.0,0.0,0.0
0.25,1e-05,0.003,1.0,1.5,10.0,1000,0,0.0,2.2452619257666204,0.0,0.0
0.25,1e-05,0.003,1.0,1.5,100.0,1000,0,0.0,0.0,0.0,0.0
0.25,1e-05,0.003,1.0,1.5,1000.0,1000,0,0.0,0.0,0.0,0.0
0.25,1e-05,0.003,1.0,2.0,10.0,1000,0,0.0,0.0,0.0,0.0
0.25,1e-05,0.003,1.0,2.0,100.0,1000,0,0.0,0.0,0.0,0.0
0.25,1e-05,0.003,1.0,2.0,1000.0,1000,0,0.0,0.0,0.0,0.0
0.25,1e-05,0.001,1e-05,0.1,10.0,1000,0,0.0,0.0,0.0,0.0
0.25,1e-05,0.001,1e-05,0.1,100.0,1000,0,0.0,0.0,0.0,0.0
0.25,1e-05,0.001,1e-05,0.1,1000.0,1000,0,0.0,0.0,0.0,0.0
0.25,1e-05,0.001,1e-05,0.5,10.0,1000,0,0.0,0.0,0.0,0.0
0.25,1e-05,0.001,1e-05,0.5,100.0,1000,0,0.0,0.0,0.0,0.0
0.25,1e-05,0.001,1e-05,0.5,1000.0,1000,0,0.0,0.0,0.0,0.0
0.25,1e-05,0.001,1e-05,1.0,10.0,1000,0,0.0,0.0,0.0,0.0
0.25,1e-05,0.001,1e-05,1.0,100.0,1000,0,0.0,0.0,0.0,0.0
0.25,1e-05,0.001,1e-05,1.0,1000.0,1000,0,0.0,0.0,0.0,0.0
0.25,1e-05,0.001,1e-05,1.5,10.0,1000,0,0.0,0.0,0.0,0.0
0.25,1e-05,0.001,1e-05,1.5,100.0,1000,0,0.0,0.0,0.0,0.0
0.25,1e-05,0.001,1e-05,1.5,1000.0,1000,0,0.0,0.0,0.0,0.0
0.25,1e-05,0.001,1e-05,2.0,10.0,1000,0,0.0,0.0,0.0,0.0
0.25,1e-05,0.001,1e-05,2.0,100.0,1000,0,0.0,0.0,0.0,0.0
0.25,1e-05,0.001,1e-05,2.0,1000.0,1000,0,0.0,0.0,0.0,0.0
0.25,1e-05,0.001,0.001,0.1,10.0,1000,0,0.0,0.0,0.0,0.0
0.25,1e-05,0.001,0.001,0.1,100.0,1000,0,0.0,0.0,0.0,0.0
0.25,1e-05,0.001,0.001,0.1,1000.0,1000,0,0.0,0.0,0.0,0.0
0.25,1e-05,0.001,0.001,0.5,10.0,1000,0,0.0,0.0,0.0,0.0
0.25,1e-05,0.001,0.001,0.5,100.0,1000,0,0.0,0.0,0.0,0.0
0.25,1e-05,0.001,0.001,0.5,1000.0,1000,0,0.0,0.0,0.0,0.0
0.25,1e-05,0.001,0.001,1.0,10.0,1000,0,0.0,0.0,0.0,0.0
0.25,1e-05,0.001,0.001,1.0,100.0,1000,0,0.0,0.0,0.0,0.0
0.25,1e-05,0.001,0.001,1.0,1000.0,1000,0,0.0,0.0,0.0,0.0
0.25,1e-05,0.001,0.001,1.5,10.0,1000,0,0.0,0.0,0.0,0.0
0.25,1e-05,0.001,0.001,1.5,100.0,1000,0,0.0,0.0,0.0,0.0
0.25,1e-05,0.001,0.001,1.5,1000.0,1000,0,0.0,0.0,0.0,0.0
0.25,1e-05,0.001,0.001,2.0,10.0,1000,0,0.0,0.0,0.0,0.0
0.25,1e-05,0.001,0.001,2.0,100.0,1000,0,0.0,0.0,0.0,0.0
0.25,1e-05,0.001,0.001,2.0,1000.0,1000,0,0.0,0.0,0.0,0.0
0.25,1e-05,0.001,0.1,0.1,10.0,1000,0,0.0,0.0,0.0,0.0
0.25,1e-05,0.001,0.1,0.1,100.0,1000,0,0.0,0.0,0.0,0.0
0.25,1e-05,0.001,0.1,0.1,1000.0,1000,0,0.0,0.0,0.0,0.0
0.25,1e-05,0.001,0.1,0.5,10.0,1000,0,0.0,0.0,0.0,0.0
0.25,1e-05,0.001,0.1,0.5,100.0,1000,0,0.0,0.0,0.0,0.0
0.25,1e-05,0.001,0.1,0.5,1000.0,1000,0,0.0,0.0,0.0,0.0
0.25,1e-05,0.001,0.1,1.0,10.0,1000,0,0.0,0.0,0.0,0.0
0.25,1e-05,0.001,0.1,1.0,100.0,1000,0,0.0,0.0,0.0,0.0
0.25,1e-05,0.001,0.1,1.0,1000.0,1000,0,0.0,0.0,0.0,0.0
0.25,1e-05,0.001,0.1,1.5,10.0,1000,0,0.0,0.0,0.0,0.0
0.25,1e-05,0.001,0.1,1.5,100.0,1000,0,0.0,0.0,0.0,0.0
0.25,1e-05,0.001,0.1,1.5,1000.0,1000,0,0.0,0.0,0.0,0.0
0.25,1e-05,0.001,0.1,2.0,10.0,1000,0,0.0,0.0,0.0,0.0
0.25,1e-05,0.001,0.1,2.0,100.0,1000,0,0.0,0.0,0.0,0.0
0.25,1e-05,0.001,0.1,2.0,1000.0,1000,0,0.0,0.0,0.0,0.0
0.25,1e-05,0.001,1.0,0.1,10.0,1000,0,0.0,15.541134673257147,0.0,61.395773974095455
0.25,1e-05,0.001,1.0,0.1,100.0,1000,0,0.0,7.704503917724518,0.0,0.0
0.25,1e-05,0.001,1.0,0.1,1000.0,1000,0,0.0,0.0,0.0,0.0
0.25,1e-05,0.001,1.0,0.5,10.0,1000,0,0.0,12.703173693417297,0.0,0.0
0.25,1e-05,0.001,1.0,0.5,100.0,1000,0,0.0,0.0,0.0,0.0
0.25,1e-05,0.001,1.0,0.5,1000.0,1000,0,0.0,0.0,0.0,0.0
0.25,1e-05,0.001,1.0,1.0,10.0,1000,0,0.0,0.0,0.0,0.0
0.25,1e-05,0.001,1.0,1.0,100.0,1000,0,0.0,0.0,0.0,0.0
0.25,1e-05,0.001,1.0,1.0,1000.0,1000,0,0.0,0.0,0.0,0.0
0.25,1e-05,0.001,1.0,1.5,10.0,1000,0,0.0,0.0,0.0,0.0
0.25,1e-05,0.001,1.0,1.5,100.0,1000,0,0.0,0.0,0.0,0.0
0.25,1e-05,0.001,1.0,1.5,1000.0,1000,0,0.0,0.0,0.0,0.0
0.25,1e-05,0.001,1.0,2.0,10.0,1000,0,0.0,0.0,0.0,0.0
0.25,1e-05,0.001,1.0,2.0,100.0,1000,0,0.0,0.0,0.0,0.0
0.25,1e-05,0.001,1.0,2.0,1000.0,1000,0,0.0,0.0,0.0,0.0
0.25,0.0001,0.0003,1e-05,0.1,10.0,1000,0,0.0,0.0,0.0,0.0
0.25,0.0001,0.0003,1e-05,0.1,100.0,1000,0,0.0,0.0,0.0,0.0
0.25,0.0001,0.0003,1e-05,0.1,1000.0,1000,0,0.0,0.0,0.0,0.0
0.25,0.0001,0.0003,1e-05,0.5,10.0,1000,0,0.0,0.0,0.0,0.0
0.25,0.0001,0.0003,1e-05,0.5,100.0,1000,0,0.0,0.0,0.0,0.0
0.25,0.0001,0.0003,1e-05,0.5,1000.0,1000,0,0.0,0.0,0.0,0.0
0.25,0.0001,0.0003,1e-05,1.0,10.0,1000,0,0.0,0.0,0.0,0.0
0.25,0.0001,0.0003,1e-05,1.0,100.0,1000,0,0.0,0.0,0.0,0.0
0.25,0.0001,0.0003,1e-05,1.0,1000.0,1000,0,0.0,0.0,0.0,0.0
0.25,0.0001,0.0003,1e-05,1.5,10.0,1000,0,0.0,0.0,0.0,0.0
0.25,0.0001,0.0003,1e-05,1.5,100.0,1000,0,0.0,0.0,0.0,0.0
0.25,0.0001,0.0003,1e-05,1.5,1000.0,1000,0,0.0,0.0,0.0,0.0
0.25,0.0001,0.0003,1e-05,2.0,10.0,1000,0,0.0,0.0,0.0,0.0
0.25,0.0001,0.0003,1e-05,2.0,100.0,1000,0,0.0,0.0,0.0,0.0
0.25,0.0001,0.0003,1e-05,2.0,1000.0,1000,0,0.0,0.0,0.0,0.0
0.25,0.0001,0.0003,0.001,0.1,10.0,1000,0,0.0,0.0,0.0,0.0
0.25,0.0001,0.0003,0.001,0.1,100.0,1000,0,0.0,0.0,0.0,0.0
0.25,0.0001,0.0003,0.001,0.1,1000.0,1000,0,0.0,0.0,0.0,0.0
0.25,0.0001,0.0003,0.001,0.5,10.0,1000,0,0.0,0.0,0.0,0.0
0.25,0.0001,0.0003,0.001,0.5,100.0,1000,0,0.0,0.0,0.0,0.0
0.25,0.0001,0.0003,0.001,0.5,1000.0,1000,0,0.0,0.0,0.0,0.0
0.25,0.0001,0.0003,0.001,1.0,10.0,1000,0,0.0,0.0,0.0,0.0
0.25,0.0001,0.0003,0.001,1.0,100.0,1000,0,0.0,0.0,0.0,0.0
0.25,0.0001,0.0003,0.001,1.0,1000.0,1000,0,0.0,0.0,0.0,0.0
0.25,0.0001,0.0003,0.001,1.5,10.0,1000,0,0.0,0.0,0.0,0.0
0.25,0.0001,0.0003,0.001,1.5,100.0,1000,0,0.0,0.0,0.0,0.0
0.25,0.0001,0.0003,0.001,1.5,1000.0,1000,0,0.0,0.0,0.0,0.0
0.25,0.0001,0.0003,0.001,2.0,10.0,1000,0,0.0,0.0,0.0,0.0
0.25,0.0001,0.0003,0.001,2.0,100.0,1000,0,0.0,0.0,0.0,0.0
0.25,0.0001,0.0003,0.001,2.0,1000.0,1000,0,0.0,0.0,0.0,0.0
0.25,0.0001,0.0003,0.1,0.1,10.0,1000,0,0.0,0.0,0.0,0.0
0.25,0.0001,0.0003,0.1,0.1,100.0,1000,0,0.0,0.0,0.0,0.0
0.25,0.0001,0.0003,0.1,0.1,1000.0,1000,0,0.0,0.0,0.0,0.0
0.25,0.0001,0.0003,0.1,0.5,10.0,1000,0,0.0,0.0,0.0,0.0
0.25,0.0001,0.0003,0.1,0.5,100.0,1000,0,0.0,0.0,0.0,0.0
0.25,0.0001,0.0003,0.1,0.5,1000.0,1000,0,0.0,0.0,0.0,0.0
0.25,0.0001,0.0003,0.1,1.0,10.0,1000,0,0.0,0.0,0.0,0.0
0.25,0.0001,0.0003,0.1,1.0,100.0,1000,0,0.0,0.0,0.0,0.0
0.25,0.0001,0.0003,0.1,1.0,1000.0,1000,0,0.0,0.0,0.0,0.0
0.25,0.0001,0.0003,0.1,1.5,10.0,1000,0,0.0,0.0,0.0,0.0
0.25,0.0001,0.0003,0.1,1.5,100.0,1000,0,0.0,0.0,0.0,0.0
0.25,0.0001,0.0003,0.1,1.5,1000.0,1000,0,0.0,0.0,0.0,0.0
0.25,0.0001,0.0003,0.1,2.0,10.0,1000,0,0.0,0.0,0.0,0.0
0.25,0.0001,0.0003,0.1,2.0,100.0,1000,0,0.0,0.0,0.0,0.0
0.25,0.0001,0.0003,0.1,2.0,1000.0,1000,0,0.0,0.0,0.0,0.0
0.25,0.0001,0.0003,1.0,0.1,10.0,1000,0,0.0,0.0,0.0,0.0
0.25,0.0001,0.0003,1.0,0.1,100.0,1000,0,0.0,0.0,0.0,0.0
0.25,0.0001,0.0003,1.0,0.1,1000.0,1000,0,0.0,0.0,0.0,0.0
0.25,0.0001,0.0003,1.0,0.5,10.0,1000,0,0.0,0.0,0.0,0.0
0.25,0.0001,0.0003,1.0,0.5,100.0,1000,0,0.0,0.0,0.0,0.0
0.25,0.0001,0.0003,1.0,0.5,1000.0,1000,0,0.0,0.0,0.0,0.0
0.25,0.0001,0.0003,1.0,1.0,10.0,1000,0,0.0,0.0,0.0,0.0
0.25,0.0001,0.0003,1.0,1.0,100.0,1000,0,0.0,0.0,0.0,0.0
0.25,0.0001,0.0003,1.0,1.0,1000.0,1000,0,0.0,0.0,0.0,0.0
0.25,0.0001,0.0003,1.0,1.5,10.0,1000,0,0.0,0.0,0.0,0.0
0.25,0.0001,0.0003,1.0,1.5,100.0,1000,0,0.0,0.0,0.0,0.0
0.25,0.0001,0.0003,1.0,1.5,1000.0,999,1,0.7695961995249406,137.83433830869205,0.0,0.0
0.25,0.0001,0.0003,1.0,2.0,10.0,1000,0,0.0,0.0,0.0,0.0
0.25,0.0001,0.0003,1.0,2.0,100.0,1000,0,0.0,0.0,0.0,0.0
0.25,0.0001,0.0003,1.0,2.0,1000.0,1000,0,0.0,0.0,0.0,0.0
0.25,0.0001,0.0001,1e-05,0.1,10.0,1000,0,0.0,0.0,0.0,0.0
0.25,0.0001,0.0001,1e-05,0.1,100.0,1000,0,0.0,0.0,0.0,0.0
0.25,0.0001,0.0001,1e-05,0.1,1000.0,1000,0,0.0,0.0,0.0,0.0
0.25,0.0001,0.0001,1e-05,0.5,10.0,1000,0,0.0,0.0,0.0,0.0
0.25,0.0001,0.0001,1e-05,0.5,100.0,1000,0,0.0,0.0,0.0,0.0
0.25,0.0001,0.0001,1e-05,0.5,1000.0,1000,0,0.0,0.0,0.0,0.0
0.25,0.0001,0.0001,1e-05,1.0,10.0,1000,0,0.0,0.0,0.0,0.0
0.25,0.0001,0.0001,1e-05,1.0,100.0,1000,0,0.0,0.0,0.0,0.0
0.25,0.0001,0.0001,1e-05,1.0,1000.0,1000,0,0.0,0.0,0.0,0.0
0.25,0.0001,0.0001,1e-05,1.5,10.0,1000,0,0.0,0.0,0.0,0.0
0.25,0.0001,0.0001,1e-05,1.5,100.0,1000,0,0.0,0.0,0.0,0.0
0.25,0.0001,0.0001,1e-05,1.5,1000.0,1000,0,0.0,0.0,0.0,0.0
0.25,0.0001,0.0001,1e-05,2.0,10.0,1000,0,0.0,0.0,0.0,0.0
0.25,0.0001,0.0001,1e-05,2.0,100.0,1000,0,0.0,0.0,0.0,0.0
0.25,0.0001,0.0001,1e-05,2.0,1000.0,1000,0,0.0,0.0,0.0,0.0
0.25,0.0001,0.0001,0.001,0.1,10.0,1000,0,0.0,0.0,0.0,0.0
0.25,0.0001,0.0001,0.001,0.1,100.0,1000,0,0.0,0.0,0.0,0.0
0.25,0.0001,0.0001,0.001,0.1,1000.0,1000,0,0.0,0.0,0.0,0.0
0.25,0.0001,0.0001,0.001,0.5,10.0,1000,0,0.0,0.0,0.0,0.0
0.25,0.0001,0.0001,0.001,0.5,100.0,1000,0,0.0,0.0,0.0,0.0
0.25,0.0001,0.0001,0.001,0.5,1000.0,1000,0,0.0,0.0,0.0,0.0
0.25,0.0001,0.0001,0.001,1.0,10.0,1000,0,0.0,0.0,0.0,0.0
0.25,0.0001,0.0001,0.001,1.0,100.0,1000,0,0.0,0.0,0.0,0.0
0.25,0.0001,0.0001,0.001,1.0,1000.0,1000,0,0.0,0.0,0.0,0.0
0.25,0.0001,0.0001,0.001,1.5,10.0,1000,0,0.0,0.0,0.0,0.0
0.25,0.0001,0.0001,0.001,1.5,100.0,1000,0,0.0,0.0,0.0,0.0
0.25,0.0001,0.0001,0.001,1.5,1000.0,1000,0,0.0,0.0,0.0,0.0
0.25,0.0001,0.0001,0.001,2.0,10.0,1000,0,0.0,0.0,0.0,0.0
0.25,0.0001,0.0001,0.001,2.0,100.0,1000,0,0.0,0.0,0.0,0.0
0.25,0.0001,0.0001,0.001,2.0,1000.0,1000,0,0.0,0.0,0.0,0.0
0.25,0.0001,0.0001,0.1,0.1,10.0,1000,0,0.0,0.0,0.0,0.0
0.25,0.0001,0.0001,0.1,0.1,100.0,1000,0,0.0,0.0,0.0,0.0
0.25,0.0001,0.0001,0.1,0.1,1000.0,1000,0,0.0,0.0,0.0,0.0
0.25,0.0001,0.0001,0.1,0.5,10.0,1000,0,0.0,0.0,0.0,0.0
0.25,0.0001,0.0001,0.1,0.5,100.0,1000,0,0.0,0.0,0.0,0.0
0.25,0.0001,0.0001,0.1,0.5,1000.0,1000,0,0.0,0.0,0.0,0.0
0.25,0.0001,0.0001,0.1,1.0,10.0,1000,0,0.0,0.0,0.0,0.0
0.25,0.0001,0.0001,0.1,1.0,100.0,1000,0,0.0,0.0,0.0,0.0
0.25,0.0001,0.0001,0.1,1.0,1000.0,1000,0,0.0,0.0,0.0,0.0
0.25,0.0001,0.0001,0.1,1.5,10.0,1000,0,0.0,0.0,0.0,0.0
0.25,0.0001,0.0001,0.1,1.5,100.0,1000,0,0.0,0.0,0.0,0.0
0.25,0.0001,0.0001,0.1,1.5,1000.0,1000,0,0.0,0.0,0.0,0.0
0.25,0.0001,0.0001,0.1,2.0,10.0,1000,0,0.0,0.0,0.0,0.0
0.25,0.0001,0.0001,0.1,2.0,100.0,1000,0,0.0,0.0,0.0,0.0
0.25,0.0001,0.0001,0.1,2.0,1000.0,1000,0,0.0,0.0,0.0,0.0
0.25,0.0001,0.0001,1.0,0.1,10.0,1000,0,0.0,0.0,0.0,0.0
0.25,0.0001,0.0001,1.0,0.1,100.0,1000,0,0.0,0.0,0.0,0.0
0.25,0.0001,0.0001,1.0,0.1,1000.0,1000,0,0.0,0.0,0.0,0.0
0.25,0.0001,0.0001,1.0,0.5,10.0,1000,0,0.0,0.0,0.0,0.0
0.25,0.0001,0.0001,1.0,0.5,100.0,1000,0,0.0,0.0,0.0,0.0
0.25,0.0001,0.0001,1.0,0.5,1000.0,1000,0,0.0,0.0,0.0,0.0
0.25,0.0001,0.0001,1.0,1.0,10.0,1000,0,0.0,0.0,0.0,0.0
0.25,0.0001,0.0001,1.0,1.0,100.0,1000,0,0.0,0.0,0.0,0.0
0.25,0.0001,0.0001,1.0,1.0,1000.0,1000,0,0.0,0.0,0.0,0.0
0.25,0.0001,0.0001,1.0,1.5,10.0,1000,0,0.0,0.0,0.0,0.0
0.25,0.0001,0.0001,1.0,1.5,100.0,1000,0,0.0,0.0,0.0,0.0
0.25,0.0001,0.0001,1.0,1.5,1000.0,1000,0,0.0,0.0,0.0,0.0
0.25,0.0001,0.0001,1.0,2.0,10.0,1000,0,0.0,0.0,0.0,0.0
0.25,0.0001,0.0001,1.0,2.0,100.0,1000,0,0.0,0.0,0.0,0.0
0.25,0.0001,0.0001,1.0,2.0,1000.0,1000,0,0.0,0.0,0.0,0.0
0.25,0.0001,0.003,1e-05,0.1,10.0,1000,0,0.0,0.0,0.0,0.0
0.25,0.0001,0.003,1e-05,0.1,100.0,1000,0,0.0,0.0,0.0,0.0
0.25,0.0001,0.003,1e-05,0.1,1000.0,1000,0,0.0,0.0,0.0,0.0
0.25,0.0001,0.003,1e-05,0.5,10.0,1000,0,0.0,0.0,0.0,0.0
0.25,0.0001,0.003,1e-05,0.5,100.0,1000,0,0.0,0.0,0.0,0.0
0.25,0.0001,0.003,1e-05,0.5,1000.0,1000,0,0.0,0.0,0.0,0.0
0.25,0.0001,0.003,1e-05,1.0,10.0,1000,0,0.0,0.0,0.0,0.0
0.25,0.0001,0.003,1e-05,1.0,100.0,1000,0,0.0,0.0,0.0,0.0
0.25,0.0001,0.003,1e-05,1.0,1000.0,1000,0,0.0,0.0,0.0,0.0
0.25,0.0001,0.003,1e-05,1.5,10.0,1000,0,0.0,0.0,0.0,0.0
0.25,0.0001,0.003,1e-05,1.5,100.0,1000,0,0.0,0.0,0.0,0.0
0.25,0.0001,0.003,1e-05,1.5,1000.0,1000,0,0.0,0.0,0.0,0.0
0.25,0.0001,0.003,1e-05,2.0,10.0,1000,0,0.0,0.0,0.0,0.0
0.25,0.0001,0.003,1e-05,2.0,100.0,1000,0,0.0,0.0,0.0,0.0
0.25,0.0001,0.003,1e-05,2.0,1000.0,1000,0,0.0,0.0,0.0,0.0
0.25,0.0001,0.003,0.001,0.1,10.0,1000,0,0.0,0.0,0.0,0.0
0.25,0.0001,0.003,0.001,0.1,100.0,1000,0,0.0,0.0,0.0,0.0
0.25,0.0001,0.003,0.001,0.1,1000.0,1000,0,0.0,0.0,0.0,0.0
0.25,0.0001,0.003,0.001,0.5,10.0,1000,0,0.0,0.0,0.0,0.0
0.25,0.0001,0.003,0.001,0.5,100.0,1000,0,0.0,0.0,0.0,0.0
0.25,0.0001,0.003,0.001,0.5,1000.0,1000,0,0.0,0.0,0.0,0.0
0.25,0.0001,0.003,0.001,1.0,10.0,1000,0,0.0,0.0,0.0,0.0
0.25,0.0001,0.003,0.001,1.0,100.0,1000,0,0.0,0.0,0.0,0.0
0.25,0.0001,0.003,0.001,1.0,1000.0,1000,0,0.0,0.0,0.0,0.0
0.25,0.0001,0.003,0.001,1.5,10.0,1000,0,0.0,0.0,0.0,0.0
0.25,0.0001,0.003,0.001,1.5,100.0,1000,0,0.0,0.0,0.0,0.0
0.25,0.0001,0.003,0.001,1.5,1000.0,1000,0,0.0,0.0,0.0,0.0
0.25,0.0001,0.003,0.001,2.0,10.0,1000,0,0.0,0.0,0.0,0.0
0.25,0.0001,0.003,0.001,2.0,100.0,1000,0,0.0,0.0,0.0,0.0
0.25,0.0001,0.003,0.001,2.0,1000.0,1000,0,0.0,0.0,0.0,0.0
0.25,0.0001,0.003,0.1,0.1,10.0,1000,0,0.0,7.2592488496068945,0.0,0.0
0.25,0.0001,0.003,0.1,0.1,100.0,1000,0,0.0,14.1170606004613,0.0,0.0
0.25,0.0001,0.003,0.1,0.1,1000.0,1000,0,0.0,0.0,0.0,0.0
0.25,0.0001,0.003,0.1,0.5,10.0,1000,0,0.0,0.0,0.0,0.0
0.25,0.0001,0.003,0.1,0.5,100.0,1000,0,0.0,0.0,0.0,0.0
0.25,0.0001,0.003,0.1,0.5,1000.0,1000,0,0.0,0.0,0.0,0.0
0.25,0.0001,0.003,0.1,1.0,10.0,1000,0,0.0,0.0,0.0,0.0
0.25,0.0001,0.003,0.1,1.0,100.0,1000,0,0.0,0.0,0.0,0.0
0.25,0.0001,0.003,0.1,1.0,1000.0,1000,0,0.0,0.0,0.0,0.0
0.25,0.0001,0.003,0.1,1.5,10.0,1000,0,0.0,0.0,0.0,0.0
0.25,0.0001,0.003,0.1,1.5,100.0,1000,0,0.0,0.0,0.0,0.0
0.25,0.0001,0.003,0.1,1.5,1000.0,1000,0,0.0,0.0,0.0,0.0
0.25,0.0001,0.003,0.1,2.0,10.0,1000,0,0.0,0.0,0.0,0.0
0.25,0.0001,0.003,0.1,2.0,100.0,1000,0,0.0,0.0,0.0,0.0
0.25,0.0001,0.003,0.1,2.0,1000.0,1000,0,0.0,0.0,0.0,0.0
0.25,0.0001,0.003,1.0,0.1,10.0,1000,0,0.0,3.3220017556801946,0.0,4.420799394651119
0.25,0.0001,0.003,1.0,0.1,100.0,1000,0,0.0,6.104150796264804,0.0,108.09638014395772
0.25,0.0001,0.003,1.0,0.1,1000.0,1000,0,0.0,22.130081689831634,0.0,481.17182249471944
0.25,0.0001,0.003,1.0,0.5,10.0,1000,0,0.0,3.7407604567483594,0.0,7.72389967527992
0.25,0.0001,0.003,1.0,0.5,100.0,1000,0,0.0,62.639596391793575,0.0,3613.535310540851
0.25,0.0001,0.003,1.0,0.5,1000.0,1000,0,0.0,30.732980348533275,0.0,0.0
0.25,0.0001,0.003,1.0,1.0,10.0,1000,0,0.0,34.28659751221422,0.0,1671.5749411213815
0.25,0.0001,0.003,1.0,1.0,100.0,1000,0,0.0,32.06282876303213,0.0,0.0
0.25,0.0001,0.003,1.0,1.0,1000.0,1000,0,0.0,0.0,0.0,0.0
0.25,0.0001,0.003,1.0,1.5,10.0,1000,0,0.0,0.0,0.0,0.0
0.25,0.0001,0.003,1.0,1.5,100.0,1000,0,0.0,0.0,0.0,0.0
0.25,0.0001,0.003,1.0,1.5,1000.0,1000,0,0.0,0.0,0.0,0.0
0.25,0.0001,0.003,1.0,2.0,10.0,1000,0,0.0,40.33832926138749,0.0,0.0
0.25,0.0001,0.003,1.0,2.0,100.0,1000,0,0.0,0.0,0.0,0.0
0.25,0.0001,0.003,1.0,2.0,1000.0,1000,0,0.0,0.0,0.0,0.0
0.25,0.0001,0.001,1e-05,0.1,10.0,1000,0,0.0,0.0,0.0,0.0
0.25,0.0001,0.001,1e-05,0.1,100.0,1000,0,0.0,0.0,0.0,0.0
0.25,0.0001,0.001,1e-05,0.1,1000.0,1000,0,0.0,0.0,0.0,0.0
0.25,0.0001,0.001,1e-05,0.5,10.0,1000,0,0.0,0.0,0.0,0.0
0.25,0.0001,0.001,1e-05,0.5,100.0,1000,0,0.0,0.0,0.0,0.0
0.25,0.0001,0.001,1e-05,0.5,1000.0,1000,0,0.0,0.0,0.0,0.0
0.25,0.0001,0.001,1e-05,1.0,10.0,1000,0,0.0,0.0,0.0,0.0
0.25,0.0001,0.001,1e-05,1.0,100.0,1000,0,0.0,0.0,0.0,0.0
0.25,0.0001,0.001,1e-05,1.0,1000.0,1000,0,0.0,0.0,0.0,0.0
0.25,0.0001,0.001,1e-05,1.5,10.0,1000,0,0.0,0.0,0.0,0.0
0.25,0.0001,0.001,1e-05,1.5,100.0,1000,0,0.0,0.0,0.0,0.0
0.25,0.0001,0.001,1e-05,1.5,1000.0,1000,0,0.0,0.0,0.0,0.0
0.25,0.0001,0.001,1e-05,2.0,10.0,1000,0,0.0,0.0,0.0,0.0
0.25,0.0001,0.001,1e-05,2.0,100.0,1000,0,0.0,0.0,0.0,0.0
0.25,0.0001,0.001,1e-05,2.0,1000.0,1000,0,0.0,0.0,0.0,0.0
0.25,0.0001,0.001,0.001,0.1,10.0,1000,0,0.0,0.0,0.0,0.0
0.25,0.0001,0.001,0.001,0.1,100.0,1000,0,0.0,0.0,0.0,0.0
0.25,0.0001,0.001,0.001,0.1,1000.0,1000,0,0.0,0.0,0.0,0.0
0.25,0.0001,0.001,0.001,0.5,10.0,1000,0,0.0,0.0,0.0,0.0
0.25,0.0001,0.001,0.001,0.5,100.0,1000,0,0.0,0.0,0.0,0.0
0.25,0.0001,0.001,0.001,0.5,1000.0,1000,0,0.0,0.0,0.0,0.0
0.25,0.0001,0.001,0.001,1.0,10.0,1000,0,0.0,0.0,0.0,0.0
0.25,0.0001,0.001,0.001,1.0,100.0,1000,0,0.0,0.0,0.0,0.0
0.25,0.0001,0.001,0.001,1.0,1000.0,1000,0,0.0,0.0,0.0,0.0
0.25,0.0001,0.001,0.001,1.5,10.0,1000,0,0.0,0.0,0.0,0.0
0.25,0.0001,0.001,0.001,1.5,100.0,1000,0,0.0,0.0,0.0,0.0
0.25,0.0001,0.001,0.001,1.5,1000.0,1000,0,0.0,0.0,0.0,0.0
0.25,0.0001,0.001,0.001,2.0,10.0,1000,0,0.0,0.0,0.0,0.0
0.25,0.0001,0.001,0.001,2.0,100.0,1000,0,0.0,0.0,0.0,0.0
0.25,0.0001,0.001,0.001,2.0,1000.0,1000,0,0.0,0.0,0.0,0.0
0.25,0.0001,0.001,0.1,0.1,10.0,1000,0,0.0,0.0,0.0,0.0
0.25,0.0001,0.001,0.1,0.1,100.0,1000,0,0.0,0.0,0.0,0.0
0.25,0.0001,0.001,0.1,0.1,1000.0,1000,0,0.0,0.0,0.0,0.0
0.25,0.0001,0.001,0.1,0.5,10.0,1000,0,0.0,0.0,0.0,0.0
0.25,0.0001,0.001,0.1,0.5,100.0,1000,0,0.0,0.0,0.0,0.0
0.25,0.0001,0.001,0.1,0.5,1000.0,1000,0,0.0,0.0,0.0,0.0
0.25,0.0001,0.001,0.1,1.0,10.0,1000,0,0.0,0.0,0.0,0.0
0.25,0.0001,0.001,0.1,1.0,100.0,1000,0,0.0,0.0,0.0,0.0
0.25,0.0001,0.001,0.1,1.0,1000.0,1000,0,0.0,0.0,0.0,0.0
0.25,0.0001,0.001,0.1,1.5,10.0,1000,0,0.0,0.0,0.0,0.0
0.25,0.0001,0.001,0.1,1.5,100.0,1000,0,0.0,0.0,0.0,0.0
0.25,0.0001,0.001,0.1,1.5,1000.0,1000,0,0.0,0.0,0.0,0.0
0.25,0.0001,0.001,0.1,2.0,10.0,1000,0,0.0,0.0,0.0,0.0
0.25,0.0001,0.001,0.1,2.0,100.0,1000,0,0.0,0.0,0.0,0.0
0.25,0.0001,0.001,0.1,2.0,1000.0,1000,0,0.0,0.0,0.0,0.0
0.25,0.0001,0.001,1.0,0.1,10.0,1000,0,0.0,12.919008317612908,0.0,22.875431262060044
0.25,0.0001,0.001,1.0,0.1,100.0,1000,0,0.0,3.636043473075981,0.0,1.273326747351133
0.25,0.0001,0.001,1.0,0.1,1000.0,1000,0,0.0,35.67337288166226,0.0,363.3962286282981
0.25,0.0001,0.001,1.0,0.5,10.0,1000,0,0.0,10.403635390890512,0.0,5.675827012308017
0.25,0.0001,0.001,1.0,0.5,100.0,1000,0,0.0,0.0,0.0,0.0
0.25,0.0001,0.001,1.0,0.5,1000.0,1000,0,0.0,0.0,0.0,0.0
0.25,0.0001,0.001,1.0,1.0,10.0,1000,0,0.0,28.940279991845028,0.0,0.0
0.25,0.0001,0.001,1.0,1.0,100.0,1000,0,0.0,0.0,0.0,0.0
0.25,0.0001,0.001,1.0,1.0,1000.0,1000,0,0.0,0.0,0.0,0.0
0.25,0.0001,0.001,1.0,1.5,10.0,1000,0,0.0,0.0,0.0,0.0
0.25,0.0001,0.001,1.0,1.5,100.0,1000,0,0.0,0.0,0.0,0.0
0.25,0.0001,0.001,1.0,1.5,1000.0,1000,0,0.0,0.0,0.0,0.0
0.25,0.0001,0.001,1.0,2.0,10.0,1000,0,0.0,0.0,0.0,0.0
0.25,0.0001,0.001,1.0,2.0,100.0,1000,0,0.0,0.0,0.0,0.0
0.25,0.0001,0.001,1.0,2.0,1000.0,999,1,0.7878787878787878,64.9431638996633,0.0,0.0
0.25,0.001,0.0003,1e-05,0.1,10.0,1000,0,0.0,0.0,0.0,0.0
0.25,0.001,0.0003,1e-05,0.1,100.0,1000,0,0.0,0.0,0.0,0.0
0.25,0.001,0.0003,1e-05,0.1,1000.0,1000,0,0.0,0.0,0.0,0.0
0.25,0.001,0.0003,1e-05,0.5,10.0,1000,0,0.0,0.0,0.0,0.0
0.25,0.001,0.0003,1e-05,0.5,100.0,1000,0,0.0,0.0,0.0,0.0
0.25,0.001,0.0003,1e-05,0.5,1000.0,1000,0,0.0,0.0,0.0,0.0
0.25,0.001,0.0003,1e-05,1.0,10.0,1000,0,0.0,0.0,0.0,0.0
0.25,0.001,0.0003,1e-05,1.0,100.0,1000,0,0.0,0.0,0.0,0.0
0.25,0.001,0.0003,1e-05,1.0,1000.0,1000,0,0.0,0.0,0.0,0.0
0.25,0.001,0.0003,1e-05,1.5,10.0,1000,0,0.0,0.0,0.0,0.0
0.25,0.001,0.0003,1e-05,1.5,100.0,1000,0,0.0,0.0,0.0,0.0
0.25,0.001,0.0003,1e-05,1.5,1000.0,1000,0,0.0,0.0,0.0,0.0
0.25,0.001,0.0003,1e-05,2.0,10.0,1000,0,0.0,0.0,0.0,0.0
0.25,0.001,0.0003,1e-05,2.0,100.0,1000,0,0.0,0.0,0.0,0.0
0.25,0.001,0.0003,1e-05,2.0,1000.0,1000,0,0.0,0.0,0.0,0.0
0.25,0.001,0.0003,0.001,0.1,10.0,1000,0,0.0,0.0,0.0,0.0
0.25,0.001,0.0003,0.001,0.1,100.0,1000,0,0.0,0.0,0.0,0.0
0.25,0.001,0.0003,0.001,0.1,1000.0,1000,0,0.0,0.0,0.0,0.0
0.25,0.001,0.0003,0.001,0.5,10.0,1000,0,0.0,0.0,0.0,0.0
0.25,0.001,0.0003,0.001,0.5,100.0,1000,0,0.0,0.0,0.0,0.0
0.25,0.001,0.0003,0.001,0.5,1000.0,1000,0,0.0,0.0,0.0,0.0
0.25,0.001,0.0003,0.001,1.0,10.0,1000,0,0.0,0.0,0.0,0.0
0.25,0.001,0.0003,0.001,1.0,100.0,1000,0,0.0,0.0,0.0,0.0
0.25,0.001,0.0003,0.001,1.0,1000.0,1000,0,0.0,0.0,0.0,0.0
0.25,0.001,0.0003,0.001,1.5,10.0,1000,0,0.0,0.0,0.0,0.0
0.25,0.001,0.0003,0.001,1.5,100.0,1000,0,0.0,0.0,0.0,0.0
0.25,0.001,0.0003,0.001,1.5,1000.0,1000,0,0.0,0.0,0.0,0.0
0.25,0.001,0.0003,0.001,2.0,10.0,1000,0,0.0,0.0,0.0,0.0
0.25,0.001,0.0003,0.001,2.0,100.0,1000,0,0.0,0.0,0.0,0.0
0.25,0.001,0.0003,0.001,2.0,1000.0,1000,0,0.0,0.0,0.0,0.0
0.25,0.001,0.0003,0.1,0.1,10.0,1000,0,0.0,0.0,0.0,0.0
0.25,0.001,0.0003,0.1,0.1,100.0,1000,0,0.0,0.0,0.0,0.0
0.25,0.001,0.0003,0.1,0.1,1000.0,1000,0,0.0,0.0,0.0,0.0
0.25,0.001,0.0003,0.1,0.5,10.0,1000,0,0.0,0.0,0.0,0.0
0.25,0.001,0.0003,0.1,0.5,100.0,1000,0,0.0,0.0,0.0,0.0
0.25,0.001,0.0003,0.1,0.5,1000.0,1000,0,0.0,0.0,0.0,0.0
0.25,0.001,0.0003,0.1,1.0,10.0,1000,0,0.0,0.0,0.0,0.0
0.25,0.001,0.0003,0.1,1.0,100.0,1000,0,0.0,0.0,0.0,0.0
0.25,0.001,0.0003,0.1,1.0,1000.0,1000,0,0.0,0.0,0.0,0.0
0.25,0.001,0.0003,0.1,1.5,10.0,1000,0,0.0,0.0,0.0,0.0
0.25,0.001,0.0003,0.1,1.5,100.0,1000,0,0.0,0.0,0.0,0.0
0.25,0.001,0.0003,0.1,1.5,1000.0,1000,0,0.0,0.0,0.0,0.0
0.25,0.001,0.0003,0.1,2.0,10.0,1000,0,0.0,0.0,0.0,0.0
0.25,0.001,0.0003,0.1,2.0,100.0,1000,0,0.0,0.0,0.0,0.0
0.25,0.001,0.0003,0.1,2.0,1000.0,1000,0,0.0,0.0,0.0,0.0
0.25,0.001,0.0003,1.0,0.1,10.0,1000,0,0.0,0.0,0.0,0.0
0.25,0.001,0.0003,1.0,0.1,100.0,1000,0,0.0,0.0,0.0,0.0
0.25,0.001,0.0003,1.0,0.1,1000.0,1000,0,0.0,0.0,0.0,0.0
0.25,0.001,0.0003,1.0,0.5,10.0,1000,0,0.0,0.0,0.0,0.0
0.25,0.001,0.0003,1.0,0.5,100.0,1000,0,0.0,0.0,0.0,0.0
0.25,0.001,0.0003,1.0,0.5,1000.0,1000,0,0.0,0.0,0.0,0.0
0.25,0.001,0.0003,1.0,1.0,10.0,1000,0,0.0,75.401514768303,0.0,0.0
0.25,0.001,0.0003,1.0,1.0,100.0,1000,0,0.0,146.46400451176925,0.0,44.50490764089248
0.25,0.001,0.0003,1.0,1.0,1000.0,1000,0,0.0,0.0,0.0,0.0
0.25,0.001,0.0003,1.0,1.5,10.0,999,1,0.8239795918367347,32.81347589841495,0.0,0.0
0.25,0.001,0.0003,1.0,1.5,100.0,997,3,0.7621870134175662,103.37830811887166,0.0018548032588283714,556.4335728790762
0.25,0.001,0.0003,1.0,1.5,1000.0,999,1,0.8032786885245902,161.53843186120278,0.0,0.0
0.25,0.001,0.0003,1.0,2.0,10.0,1000,0,0.0,0.0,0.0,0.0
0.25,0.001,0.0003,1.0,2.0,100.0,1000,0,0.0,0.0,0.0,0.0
0.25,0.001,0.0003,1.0,2.0,1000.0,999,1,0.8412698412698413,168.84327443063037,0.0,0.0
0.25,0.001,0.0001,1e-05,0.1,10.0,1000,0,0.0,0.0,0.0,0.0
0.25,0.001,0.0001,1e-05,0.1,100.0,1000,0,0.0,0.0,0.0,0.0
0.25,0.001,0.0001,1e-05,0.1,1000.0,1000,0,0.0,0.0,0.0,0.0
0.25,0.001,0.0001,1e-05,0.5,10.0,1000,0,0.0,0.0,0.0,0.0
0.25,0.001,0.0001,1e-05,0.5,100.0,1000,0,0.0,0.0,0.0,0.0
0.25,0.001,0.0001,1e-05,0.5,1000.0,1000,0,0.0,0.0,0.0,0.0
0.25,0.001,0.0001,1e-05,1.0,10.0,1000,0,0.0,0.0,0.0,0.0
0.25,0.001,0.0001,1e-05,1.0,100.0,1000,0,0.0,0.0,0.0,0.0
0.25,0.001,0.0001,1e-05,1.0,1000.0,1000,0,0.0,0.0,0.0,0.0
0.25,0.001,0.0001,1e-05,1.5,10.0,1000,0,0.0,0.0,0.0,0.0
0.25,0.001,0.0001,1e-05,1.5,100.0,1000,0,0.0,0.0,0.0,0.0
0.25,0.001,0.0001,1e-05,1.5,1000.0,1000,0,0.0,0.0,0.0,0.0
0.25,0.001,0.0001,1e-05,2.0,10.0,1000,0,0.0,0.0,0.0,0.0
0.25,0.001,0.0001,1e-05,2.0,100.0,1000,0,0.0,0.0,0.0,0.0
0.25,0.001,0.0001,1e-05,2.0,1000.0,1000,0,0.0,0.0,0.0,0.0
0.25,0.001,0.0001,0.001,0.1,10.0,1000,0,0.0,0.0,0.0,0.0
0.25,0.001,0.0001,0.001,0.1,100.0,1000,0,0.0,0.0,0.0,0.0
0.25,0.001,0.0001,0.001,0.1,1000.0,1000,0,0.0,0.0,0.0,0.0
0.25,0.001,0.0001,0.001,0.5,10.0,1000,0,0.0,0.0,0.0,0.0
0.25,0.001,0.0001,0.001,0.5,100.0,1000,0,0.0,0.0,0.0,0.0
0.25,0.001,0.0001,0.001,0.5,1000.0,1000,0,0.0,0.0,0.0,0.0
0.25,0.001,0.0001,0.001,1.0,10.0,1000,0,0.0,0.0,0.0,0.0
0.25,0.001,0.0001,0.001,1.0,100.0,1000,0,0.0,0.0,0.0,0.0
0.25,0.001,0.0001,0.001,1.0,1000.0,1000,0,0.0,0.0,0.0,0.0
0.25,0.001,0.0001,0.001,1.5,10.0,1000,0,0.0,0.0,0.0,0.0
0.25,0.001,0.0001,0.001,1.5,100.0,1000,0,0.0,0.0,0.0,0.0
0.25,0.001,0.0001,0.001,1.5,1000.0,1000,0,0.0,0.0,0.0,0.0
0.25,0.001,0.0001,0.001,2.0,10.0,1000,0,0.0,0.0,0.0,0.0
0.25,0.001,0.0001,0.001,2.0,100.0,1000,0,0.0,0.0,0.0,0.0
0.25,0.001,0.0001,0.001,2.0,1000.0,1000,0,0.0,0.0,0.0,0.0
0.25,0.001,0.0001,0.1,0.1,10.0,1000,0,0.0,0.0,0.0,0.0
0.25,0.001,0.0001,0.1,0.1,100.0,1000,0,0.0,0.0,0.0,0.0
0.25,0.001,0.0001,0.1,0.1,1000.0,1000,0,0.0,0.0,0.0,0.0
0.25,0.001,0.0001,0.1,0.5,10.0,1000,0,0.0,0.0,0.0,0.0
0.25,0.001,0.0001,0.1,0.5,100.0,1000,0,0.0,0.0,0.0,0.0
0.25,0.001,0.0001,0.1,0.5,1000.0,1000,0,0.0,0.0,0.0,0.0
0.25,0.001,0.0001,0.1,1.0,10.0,1000,0,0.0,0.0,0.0,0.0
0.25,0.001,0.0001,0.1,1.0,100.0,1000,0,0.0,0.0,0.0,0.0
0.25,0.001,0.0001,0.1,1.0,1000.0,1000,0,0.0,0.0,0.0,0.0
0.25,0.001,0.0001,0.1,1.5,10.0,1000,0,0.0,0.0,0.0,0.0
0.25,0.001,0.0001,0.1,1.5,100.0,1000,0,0.0,0.0,0.0,0.0
0.25,0.001,0.0001,0.1,1.5,1000.0,1000,0,0.0,0.0,0.0,0.0
0.25,0.001,0.0001,0.1,2.0,10.0,1000,0,0.0,0.0,0.0,0.0
0.25,0.001,0.0001,0.1,2.0,100.0,1000,0,0.0,0.0,0.0,0.0
0.25,0.001,0.0001,0.1,2.0,1000.0,1000,0,0.0,0.0,0.0,0.0
0.25,0.001,0.0001,1.0,0.1,10.0,1000,0,0.0,0.0,0.0,0.0
0.25,0.001,0.0001,1.0,0.1,100.0,1000,0,0.0,0.0,0.0,0.0
0.25,0.001,0.0001,1.0,0.1,1000.0,1000,0,0.0,0.0,0.0,0.0
0.25,0.001,0.0001,1.0,0.5,10.0,1000,0,0.0,0.0,0.0,0.0
0.25,0.001,0.0001,1.0,0.5,100.0,1000,0,0.0,0.0,0.0,0.0
0.25,0.001,0.0001,1.0,0.5,1000.0,1000,0,0.0,0.0,0.0,0.0
0.25,0.001,0.0001,1.0,1.0,10.0,1000,0,0.0,61.491244301469656,0.0,0.0
0.25,0.001,0.0001,1.0,1.0,100.0,1000,0,0.0,0.0,0.0,0.0
0.25,0.001,0.0001,1.0,1.0,1000.0,1000,0,0.0,0.0,0.0,0.0
0.25,0.001,0.0001,1.0,1.5,10.0,999,1,0.7823669579030977,73.59860940341699,0.0,0.0
0.25,0.001,0.0001,1.0,1.5,100.0,999,1,0.7903364969801553,142.78693600826222,0.0,0.0
0.25,0.001,0.0001,1.0,1.5,1000.0,1000,0,0.0,0.0,0.0,0.0
0.25,0.001,0.0001,1.0,2.0,10.0,999,1,0.7946799667497921,52.536674827384,0.0,0.0
0.25,0.001,0.0001,1.0,2.0,100.0,1000,0,0.0,0.0,0.0,0.0
0.25,0.001,0.0001,1.0,2.0,1000.0,999,1,0.8003533568904594,233.4539701968697,0.0,0.0
0.25,0.001,0.003,1e-05,0.1,10.0,1000,0,0.0,0.0,0.0,0.0
0.25,0.001,0.003,1e-05,0.1,100.0,1000,0,0.0,0.0,0.0,0.0
0.25,0.001,0.003,1e-05,0.1,1000.0,1000,0,0.0,0.0,0.0,0.0
0.25,0.001,0.003,1e-05,0.5,10.0,1000,0,0.0,0.0,0.0,0.0
0.25,0.001,0.003,1e-05,0.5,100.0,1000,0,0.0,0.0,0.0,0.0
0.25,0.001,0.003,1e-05,0.5,1000.0,1000,0,0.0,0.0,0.0,0.0
0.25,0.001,0.003,1e-05,1.0,10.0,1000,0,0.0,0.0,0.0,0.0
0.25,0.001,0.003,1e-05,1.0,100.0,1000,0,0.0,0.0,0.0,0.0
0.25,0.001,0.003,1e-05,1.0,1000.0,1000,0,0.0,0.0,0.0,0.0
0.25,0.001,0.003,1e-05,1.5,10.0,1000,0,0.0,0.0,0.0,0.0
0.25,0.001,0.003,1e-05,1.5,100.0,1000,0,0.0,0.0,0.0,0.0
0.25,0.001,0.003,1e-05,1.5,1000.0,1000,0,0.0,0.0,0.0,0.0
0.25,0.001,0.003,1e-05,2.0,10.0,1000,0,0.0,0.0,0.0,0.0
0.25,0.001,0.003,1e-05,2.0,100.0,1000,0,0.0,0.0,0.0,0.0
0.25,0.001,0.003,1e-05,2.0,1000.0,1000,0,0.0,0.0,0.0,0.0
0.25,0.001,0.003,0.001,0.1,10.0,1000,0,0.0,0.0,0.0,0.0
0.25,0.001,0.003,0.001,0.1,100.0,1000,0,0.0,0.0,0.0,0.0
0.25,0.001,0.003,0.001,0.1,1000.0,1000,0,0.0,0.0,0.0,0.0
0.25,0.001,0.003,0.001,0.5,10.0,1000,0,0.0,0.0,0.0,0.0
0.25,0.001,0.003,0.001,0.5,100.0,1000,0,0.0,0.0,0.0,0.0
0.25,0.001,0.003,0.001,0.5,1000.0,1000,0,0.0,0.7502136413310434,0.0,0.0
0.25,0.001,0.003,0.001,1.0,10.0,1000,0,0.0,0.0,0.0,0.0
0.25,0.001,0.003,0.001,1.0,100.0,1000,0,0.0,0.0,0.0,0.0
0.25,0.001,0.003,0.001,1.0,1000.0,1000,0,0.0,0.0,0.0,0.0
0.25,0.001,0.003,0.001,1.5,10.0,1000,0,0.0,0.0,0.0,0.0
0.25,0.001,0.003,0.001,1.5,100.0,1000,0,0.0,0.0,0.0,0.0
0.25,0.001,0.003,0.001,1.5,1000.0,1000,0,0.0,0.0,0.0,0.0
0.25,0.001,0.003,0.001,2.0,10.0,1000,0,0.0,0.0,0.0,0.0
0.25,0.001,0.003,0.001,2.0,100.0,1000,0,0.0,0.0,0.0,0.0
0.25,0.001,0.003,0.001,2.0,1000.0,1000,0,0.0,0.0,0.0,0.0
0.25,0.001,0.003,0.1,0.1,10.0,1000,0,0.0,15.239782741642948,0.0,18.672413983066505
0.25,0.001,0.003,0.1,0.1,100.0,1000,0,0.0,23.538674958232015,0.0,0.0
0.25,0.001,0.003,0.1,0.1,1000.0,1000,0,0.0,4.5975288204836495,0.0,0.0
0.25,0.001,0.003,0.1,0.5,10.0,1000,0,0.0,0.0,0.0,0.0
0.25,0.001,0.003,0.1,0.5,100.0,1000,0,0.0,75.65896088095641,0.0,0.0
0.25,0.001,0.003,0.1,0.5,1000.0,1000,0,0.0,0.0,0.0,0.0
0.25,0.001,0.003,0.1,1.0,10.0,1000,0,0.0,0.0,0.0,0.0
0.25,0.001,0.003,0.1,1.0,100.0,1000,0,0.0,0.0,0.0,0.0
0.25,0.001,0.003,0.1,1.0,1000.0,1000,0,0.0,0.0,0.0,0.0
0.25,0.001,0.003,0.1,1.5,10.0,1000,0,0.0,0.0,0.0,0.0
0.25,0.001,0.003,0.1,1.5,100.0,1000,0,0.0,145.66055876810628,0.0,0.0
0.25,0.001,0.003,0.1,1.5,1000.0,1000,0,0.0,0.0,0.0,0.0
0.25,0.001,0.003,0.1,2.0,10.0,1000,0,0.0,0.0,0.0,0.0
0.25,0.001,0.003,0.1,2.0,100.0,1000,0,0.0,0.0,0.0,0.0
0.25,0.001,0.003,0.1,2.0,1000.0,1000,0,0.0,0.0,0.0,0.0
0.25,0.001,0.003,1.0,0.1,10.0,1000,0,0.0,6.072593023102437,0.0,167.22635139524394
0.25,0.001,0.003,1.0,0.1,100.0,1000,0,0.0,12.805155957046887,0.0,306.8998990960886
0.25,0.001,0.003,1.0,0.1,1000.0,1000,0,0.0,20.202107816463858,0.0,498.9020307230338
0.25,0.001,0.003,1.0,0.5,10.0,1000,0,0.0,12.407527093894068,0.0,369.75795309432544
0.25,0.001,0.003,1.0,0.5,100.0,1000,0,0.0,36.175797139842054,0.0,464.0601793329787
0.25,0.001,0.003,1.0,0.5,1000.0,1000,0,0.0,43.12198518922244,0.0,624.3916765793368
0.25,0.001,0.003,1.0,1.0,10.0,1000,0,0.0,19.85053944826476,0.0,649.0544585885916
0.25,0.001,0.003,1.0,1.0,100.0,1000,0,0.0,64.88058998337314,0.0,693.2399996805334
0.25,0.001,0.003,1.0,1.0,1000.0,1000,0,0.0,61.42497443620992,0.0,764.2786990218532
0.25,0.001,0.003,1.0,1.5,10.0,1000,0,0.0,44.417515270954326,0.0,417.3937991367284
0.25,0.001,0.003,1.0,1.5,100.0,1000,0,0.0,56.894036307410616,0.0,230.13613906906673
0.25,0.001,0.003,1.0,1.5,1000.0,1000,0,0.0,59.14343063330248,0.0,350.39599269255694
0.25,0.001,0.003,1.0,2.0,10.0,1000,0,0.0,53.73104004793725,0.0,405.49052469233266
0.25,0.001,0.003,1.0,2.0,100.0,1000,0,0.0,62.34510103893017,0.0,428.2725685451953
0.25,0.001,0.003,1.0,2.0,1000.0,1000,0,0.0,53.05260468826263,0.0,390.60992425384165
0.25,0.001,0.001,1e-05,0.1,10.0,1000,0,0.0,0.0,0.0,0.0
0.25,0.001,0.001,1e-05,0.1,100.0,1000,0,0.0,0.0,0.0,0.0
0.25,0.001,0.001,1e-05,0.1,1000.0,1000,0,0.0,0.0,0.0,0.0
0.25,0.001,0.001,1e-05,0.5,10.0,1000,0,0.0,0.0,0.0,0.0
0.25,0.001,0.001,1e-05,0.5,100.0,1000,0,0.0,0.0,0.0,0.0
0.25,0.001,0.001,1e-05,0.5,1000.0,1000,0,0.0,0.0,0.0,0.0
0.25,0.001,0.001,1e-05,1.0,10.0,1000,0,0.0,0.0,0.0,0.0
0.25,0.001,0.001,1e-05,1.0,100.0,1000,0,0.0,0.0,0.0,0.0
0.25,0.001,0.001,1e-05,1.0,1000.0,1000,0,0.0,0.0,0.0,0.0
0.25,0.001,0.001,1e-05,1.5,10.0,1000,0,0.0,0.0,0.0,0.0
0.25,0.001,0.001,1e-05,1.5,100.0,1000,0,0.0,0.0,0.0,0.0
0.25,0.001,0.001,1e-05,1.5,1000.0,1000,0,0.0,0.0,0.0,0.0
0.25,0.001,0.001,1e-05,2.0,10.0,1000,0,0.0,0.0,0.0,0.0
0.25,0.001,0.001,1e-05,2.0,100.0,1000,0,0.0,0.0,0.0,0.0
0.25,0.001,0.001,1e-05,2.0,1000.0,1000,0,0.0,0.0,0.0,0.0
0.25,0.001,0.001,0.001,0.1,10.0,1000,0,0.0,0.0,0.0,0.0
0.25,0.001,0.001,0.001,0.1,100.0,1000,0,0.0,0.0,0.0,0.0
0.25,0.001,0.001,0.001,0.1,1000.0,1000,0,0.0,0.0,0.0,0.0
0.25,0.001,0.001,0.001,0.5,10.0,1000,0,0.0,0.0,0.0,0.0
0.25,0.001,0.001,0.001,0.5,100.0,1000,0,0.0,0.0,0.0,0.0
0.25,0.001,0.001,0.001,0.5,1000.0,1000,0,0.0,0.0,0.0,0.0
0.25,0.001,0.001,0.001,1.0,10.0,1000,0,0.0,0.0,0.0,0.0
0.25,0.001,0.001,0.001,1.0,100.0,1000,0,0.0,0.0,0.0,0.0
0.25,0.001,0.001,0.001,1.0,1000.0,1000,0,0.0,0.0,0.0,0.0
0.25,0.001,0.001,0.001,1.5,10.0,1000,0,0.0,0.0,0.0,0.0
0.25,0.001,0.001,0.001,1.5,100.0,1000,0,0.0,0.0,0.0,0.0
0.25,0.001,0.001,0.001,1.5,1000.0,1000,0,0.0,0.0,0.0,0.0
0.25,0.001,0.001,0.001,2.0,10.0,1000,0,0.0,0.0,0.0,0.0
0.25,0.001,0.001,0.001,2.0,100.0,1000,0,0.0,0.0,0.0,0.0
0.25,0.001,0.001,0.001,2.0,1000.0,1000,0,0.0,0.0,0.0,0.0
0.25,0.001,0.001,0.1,0.1,10.0,1000,0,0.0,0.0,0.0,0.0
0.25,0.001,0.001,0.1,0.1,100.0,1000,0,0.0,0.0,0.0,0.0
0.25,0.001,0.001,0.1,0.1,1000.0,1000,0,0.0,0.0,0.0,0.0
0.25,0.001,0.001,0.1,0.5,10.0,1000,0,0.0,0.0,0.0,0.0
0.25,0.001,0.001,0.1,0.5,100.0,1000,0,0.0,0.0,0.0,0.0
0.25,0.001,0.001,0.1,0.5,1000.0,1000,0,0.0,0.0,0.0,0.0
0.25,0.001,0.001,0.1,1.0,10.0,1000,0,0.0,0.0,0.0,0.0
0.25,0.001,0.001,0.1,1.0,100.0,1000,0,0.0,0.0,0.0,0.0
0.25,0.001,0.001,0.1,1.0,1000.0,1000,0,0.0,0.0,0.0,0.0
0.25,0.001,0.001,0.1,1.5,10.0,1000,0,0.0,0.0,0.0,0.0
0.25,0.001,0.001,0.1,1.5,100.0,1000,0,0.0,0.0,0.0,0.0
0.25,0.001,0.001,0.1,1.5,1000.0,1000,0,0.0,0.0,0.0,0.0
0.25,0.001,0.001,0.1,2.0,10.0,1000,0,0.0,0.0,0.0,0.0
0.25,0.001,0.001,0.1,2.0,100.0,1000,0,0.0,0.0,0.0,0.0
0.25,0.001,0.001,0.1,2.0,1000.0,1000,0,0.0,0.0,0.0,0.0
0.25,0.001,0.001,1.0,0.1,10.0,1000,0,0.0,30.96558370042029,0.0,1092.0104982478197
0.25,0.001,0.001,1.0,0.1,100.0,1000,0,0.0,79.53262724996705,0.0,657.8092129797775
0.25,0.001,0.001,1.0,0.1,1000.0,1000,0,0.0,33.51585591289942,0.0,432.73850434633846
0.25,0.001,0.001,1.0,0.5,10.0,1000,0,0.0,17.72044150832928,0.0,93.25317476421445
0.25,0.001,0.001,1.0,0.5,100.0,1000,0,0.0,107.44646436158754,0.0,0.0
0.25,0.001,0.001,1.0,0.5,1000.0,1000,0,0.0,107.9472939265401,0.0,1564.8691583248249
0.25,0.001,0.001,1.0,1.0,10.0,1000,0,0.0,10.033655253855084,0.0,0.0
0.25,0.001,0.001,1.0,1.0,100.0,1000,0,0.0,78.82718569763995,0.0,58.17249475770677
0.25,0.001,0.001,1.0,1.0,1000.0,1000,0,0.0,99.64928583067548,0.0,912.8142684545275
0.25,0.001,0.001,1.0,1.5,10.0,1000,0,0.0,91.95788526276134,0.0,355.6048365544948
0.25,0.001,0.001,1.0,1.5,100.0,1000,0,0.0,0.0,0.0,0.0
0.25,0.001,0.001,1.0,1.5,1000.0,1000,0,0.0,169.80308834875382,0.0,0.0
0.25,0.001,0.001,1.0,2.0,10.0,999,1,0.796875,110.68487421506418,0.0,0.0
0.25,0.001,0.001,1.0,2.0,100.0,999,1,0.8260869565217391,169.7304925440325,0.0,0.0
0.25,0.001,0.001,1.0,2.0,1000.0,997,3,0.7596196610689364,93.02353761040472,7.921305165559407e-05,376.29162517679725
0.25,0.1,0.0003,1e-05,0.1,10.0,122,878,0.3047965835689066,509.2861324089052,0.0021548728195335213,51357.319399949905
0.25,0.1,0.0003,1e-05,0.1,100.0,2,998,0.30618517004010176,425.4745635390473,0.002130595966942474,77206.52302013423
0.25,0.1,0.0003,1e-05,0.1,1000.0,0,1000,0.30536900117536,0.6728625520594576,0.002238213968790567,0.016596352021416117
0.25,0.1,0.0003,1e-05,0.5,10.0,137,863,0.3052159795349304,513.0438174111829,0.002126768837576181,59094.2096555785
0.25,0.1,0.0003,1e-05,0.5,100.0,1,999,0.3049927480126007,416.76927129959654,0.0021683936610265232,73549.24984703399
0.25,0.1,0.0003,1e-05,0.5,1000.0,0,1000,0.30589147896899826,0.6749133989756931,0.002321539426068956,0.017156693063648636
0.25,0.1,0.0003,1e-05,1.0,10.0,130,870,0.30298988856334164,507.9384559607421,0.0022592791023131878,58887.03959982442
0.25,0.1,0.0003,1e-05,1.0,100.0,0,1000,0.3060753054819138,408.61595357079847,0.0021435919676202446,73075.30403764633
0.25,0.1,0.0003,1e-05,1.0,1000.0,1,999,0.304379178024574,0.671977343887605,0.0021630650636942977,0.01541903467635505
0.25,0.1,0.0003,1e-05,1.5,10.0,114,886,0.3049985330337413,521.2843341472081,0.0021229568475722767,55816.47507095891
0.25,0.1,0.0003,1e-05,1.5,100.0,0,1000,0.304330299887664,408.5262974267821,0.002227844540761652,71771.70877314289
0.25,0.1,0.0003,1e-05,1.5,1000.0,0,1000,0.30229520891591105,0.6663987028474233,0.0021361278481977363,0.015211643202748253
0.25,0.1,0.0003,1e-05,2.0,10.0,103,897,0.30241846836348063,524.2761683172262,0.00229468404251713,58934.99494557849
0.25,0.1,0.0003,1e-05,2.0,100.0,1,999,0.30550415443278817,412.1027008075941,0.002127294965732539,72517.52421754542
0.25,0.1,0.0003,1e-05,2.0,1000.0,0,1000,0.3062197076292424,0.6685252037559454,0.0020082253960226277,0.015026244004993779
0.25,0.1,0.0003,0.001,0.1,10.0,127,873,0.3035229295517945,501.4296806399584,0.002272638863030916,59222.77180996031
0.25,0.1,0.0003,0.001,0.1,100.0,0,1000,0.30402564066708226,412.4935799402875,0.002132448868825498,71444.82352500112
0.25,0.1,0.0003,0.001,0.1,1000.0,0,1000,0.30435930768884584,0.669518093275002,0.002357064505813093,0.016012312274541217
0.25,0.1,0.0003,0.001,0.5,10.0,112,888,0.303356973074773,516.6464073492092,0.0021738075093624292,57150.977347953805
0.25,0.1,0.0003,0.001,0.5,100.0,0,1000,0.30524881664863235,405.04595494540393,0.002112157595927105,73568.6769601257
0.25,0.1,0.0003,0.001,0.5,1000.0,0,1000,0.3030884576499394,0.664937095890622,0.0021254634298931096,0.015399318787401228
0.25,0.1,0.0003,0.001,1.0,10.0,131,869,0.30421447001454976,517.8971148503713,0.002191131935124718,54557.541475178354
0.25,0.1,0.0003,0.001,1.0,100.0,0,1000,0.30435250612617976,417.2817136254108,0.0020370069984419702,77918.30702401513
0.25,0.1,0.0003,0.001,1.0,1000.0,2,998,0.30448419371894725,0.6725516308810963,0.0023190703012416266,0.014540593438148173
0.25,0.1,0.0003,0.001,1.5,10.0,126,874,0.3062956878606697,534.4003213672909,0.002181354492242082,60471.89285852836
0.25,0.1,0.0003,0.001,1.5,100.0,0,1000,0.3025860814818101,412.7560434231571,0.0023808789503077187,69570.36618822522
0.25,0.1,0.0003,0.001,1.5,1000.0,0,1000,0.3046455966438841,0.6756455853577217,0.0022177361835398904,0.0168300163559903
0.25,0.1,0.0003,0.001,2.0,10.0,123,877,0.3037017537496459,523.1745220551411,0.0021729225257706894,58046.580159198595
0.25,0.1,0.0003,0.001,2.0,100.0,1,999,0.30421826978184013,403.6524537414868,0.00226024471402595,75192.19846918283
0.25,0.1,0.0003,0.001,2.0,1000.0,0,1000,0.3056160152895501,0.6679197635928088,0.0020284433315053184,0.01627722484294128
0.25,0.1,0.0003,0.1,0.1,10.0,128,872,0.29750712010923924,501.9569499692233,0.002609468654633914,57407.16468555045
0.25,0.1,0.0003,0.1,0.1,100.0,3,997,0.2978385828669675,379.77064392660384,0.002670299487186471,70434.34152854007
0.25,0.1,0.0003,0.1,0.1,1000.0,0,1000,0.3005048980559715,0.6789677514328464,0.002882421479367057,0.018281455924032186
0.25,0.1,0.0003,0.1,0.5,10.0,182,818,0.28496238656306483,593.5044547603031,0.003664617477778588,59934.80728639124
0.25,0.1,0.0003,0.1,0.5,100.0,6,994,0.2849108261694861,458.026914648275,0.0032764025601863572,83757.30276649688
0.25,0.1,0.0003,0.1,0.5,1000.0,2,998,0.2838741130613798,0.7023817104166173,0.003551852650245761,0.01914952170356969
0.25,0.1,0.0003,0.1,1.0,10.0,189,811,0.2626365693580928,606.0050228848722,0.004163596847990655,38046.41279948361
0.25,0.1,0.0003,0.1,1.0,100.0,10,990,0.2693015428606569,462.4032519936605,0.004530921909894052,93807.59571131907
0.25,0.1,0.0003,0.1,1.0,1000.0,19,981,0.2705929674024882,0.7049918368392036,0.004273074005801001,0.02124865232378636
0.25,0.1,0.0003,0.1,1.5,10.0,224,776,0.25510064446774056,623.0339258897837,0.004215335338642815,47878.97706482738
0.25,0.1,0.0003,0.1,1.5,100.0,32,968,0.25432885001308386,422.3980733919565,0.0042619051096846414,86134.85029751959
0.25,0.1,0.0003,0.1,1.5,1000.0,40,960,0.2547583089983354,0.7018133650488881,0.004594940619504441,0.01976863854485982
0.25,0.1,0.0003,0.1,2.0,10.0,262,738,0.2527665776758291,821.4996543609242,0.004897458718121389,0.0
0.25,0.1,0.0003,0.1,2.0,100.0,53,947,0.2525551296900036,229.66945438297773,0.004982438214978706,19152.825998553588
0.25,0.1,0.0003,0.1,2.0,1000.0,47,953,0.2540799729986038,0.7037251258587912,0.005132254853983686,0.020890125716761403
0.25,0.1,0.0003,1.0,0.1,10.0,311,689,0.257598470330579,481.0131433773169,0.015202523773191548,62405.4736547864
0.25,0.1,0.0003,1.0,0.1,100.0,95,905,0.2603983712424531,290.3079473075313,0.016597835223741846,67689.64026617874
0.25,0.1,0.0003,1.0,0.1,1000.0,95,905,0.25441641897206035,0.7577165290750736,0.013749987706054373,0.03760812358661805
0.25,0.1,0.0003,1.0,0.5,10.0,946,54,0.25186234611119096,564.8615678801324,0.06574827203908357,60730.23204033999
0.25,0.1,0.0003,1.0,0.5,100.0,910,90,0.22013950465754387,263.47240354506306,0.0632046791603663,21107.55761723315
0.25,0.1,0.0003,1.0,0.5,1000.0,902,98,0.18118452346892833,1.218788509182468,0.0554834411528723,0.40426901943639787
0.25,0.1,0.0003,1.0,1.0,10.0,987,13,0.11085084935704131,132.7495493348802,0.0062420668762237595,8285.47437134453
0.25,0.1,0.0003,1.0,1.0,100.0,994,6,0.17261904761904764,176.16367561938446,0.08832908163265307,6235.108966945436
0.25,0.1,0.0003,1.0,1.0,1000.0,988,12,0.18833423759894344,2.6255197742953813,0.07138432144527689,393.7446730105011
0.25,0.1,0.0003,1.0,1.5,10.0,998,2,0.08333333333333333,160.18270924211757,0.006944444444444444,19937.16508013063
0.25,0.1,0.0003,1.0,1.5,100.0,991,9,0.24532974198467153,246.61939291391874,0.11893414134654837,16786.96448615442
0.25,0.1,0.0003,1.0,1.5,1000.0,993,7,0.31726190476190474,8.605058840050297,0.12937712585034014,2809.9831852126995
0.25,0.1,0.0003,1.0,2.0,10.0,871,129,0.7600482440790801,133.8982442446503,0.0007682389797727786,11940.504257681596
0.25,0.1,0.0003,1.0,2.0,100.0,870,130,0.7586835823069912,232.92530303711467,0.0005728397283453773,17519.78636460961
0.25,0.1,0.0003,1.0,2.0,1000.0,887,113,0.7539344570021245,15.647728243630898,0.005756688419060814,4254.612353140779
0.25,0.1,0.0001,1e-05,0.1,10.0,106,894,0.3048893561389558,803.2499220714583,0.0006698111953907531,3041.7247305162286
0.25,0.1,0.0001,1e-05,0.1,100.0,0,1000,0.30609106390858004,590.1828447226412,0.0006987059246672954,32976.10212567249
0.25,0.1,0.0001,1e-05,0.1,1000.0,0,1000,0.3065742323675922,2.9752199259912286,0.000695241132262945,0.47963058023208577
0.25,0.1,0.0001,1e-05,0.5,10.0,102,898,0.3045381600775447,689.9578082384461,0.0006846313625304732,1335.949251380416
0.25,0.1,0.0001,1e-05,0.5,100.0,0,1000,0.30510754655798705,521.6368193879118,0.0006352632395695585,27060.63431572975
0.25,0.1,0.0001,1e-05,0.5,1000.0,0,1000,0.30417246043103696,2.9496834009888047,0.000670836824355083,0.3821010002450465
0.25,0.1,0.0001,1e-05,1.0,10.0,102,898,0.30511194491088844,844.1739000637264,0.0007235014380579067,0.0
0.25,0.1,0.0001,1e-05,1.0,100.0,0,1000,0.3038452255432439,441.46851433203915,0.0006595784501449134,13146.256409925196
0.25,0.1,0.0001,1e-05,1.0,1000.0,0,1000,0.30484276754486245,2.976250800750987,0.0006597051406882877,0.3607479700029823
0.25,0.1,0.0001,1e-05,1.5,10.0,90,910,0.3044992524086713,564.2005383165236,0.0006742658507678085,13712.014791091338
0.25,0.1,0.0001,1e-05,1.5,100.0,0,1000,0.3034871239788459,292.49234253440176,0.0006741204150027492,10733.256786925891
0.25,0.1,0.0001,1e-05,1.5,1000.0,0,1000,0.30461472452252536,2.9670826253108453,0.0006661772439690543,0.3174726624858842
0.25,0.1,0.0001,1e-05,2.0,10.0,97,903,0.3051766969093477,582.4136664242925,0.0006805668279256505,95055.47064521113
0.25,0.1,0.0001,1e-05,2.0,100.0,0,1000,0.3051594226323293,510.48714500281767,0.0006646271850293493,67886.87864242114
0.25,0.1,0.0001,1e-05,2.0,1000.0,0,1000,0.3041100401459087,2.968976372276372,0.0006419514094925783,0.3586462231121999
0.25,0.1,0.0001,0.001,0.1,10.0,99,901,0.30420777088619927,718.2849766519676,0.0006748976189457983,42506.22443744619
0.25,0.1,0.0001,0.001,0.1,100.0,0,1000,0.3040048285293934,0.0,0.0006527062890452741,0.0
0.25,0.1,0.0001,0.001,0.1,1000.0,0,1000,0.30355454438797147,2.9737060214595386,0.0006973940060160746,0.347156083648548
0.25,0.1,0.0001,0.001,0.5,10.0,103,897,0.30572952860614466,821.5892578118556,0.0006248184790575947,9087.571096452015
0.25,0.1,0.0001,0.001,0.5,100.0,0,1000,0.30372122780534927,560.350622597264,0.0006279260019270058,10242.232447924818
0.25,0.1,0.0001,0.001,0.5,1000.0,0,1000,0.3034399220711431,2.9819526526744164,0.0006483263128287291,0.35316429384124376
0.25,0.1,0.0001,0.001,1.0,10.0,103,897,0.30436698848247773,665.6978968864476,0.0006592718659225678,89521.00709837126
0.25,0.1,0.0001,0.001,1.0,100.0,0,1000,0.3048595022682561,0.0,0.0007045524042904964,0.0
0.25,0.1,0.0001,0.001,1.0,1000.0,0,1000,0.3031461324959621,2.9905370735103163,0.0006894850923225875,0.34400222468774155
0.25,0.1,0.0001,0.001,1.5,10.0,104,896,0.30425871832861945,487.55287477899435,0.0006691984380711387,46260.78008948082
0.25,0.1,0.0001,0.001,1.5,100.0,0,1000,0.3044838905146553,372.0672403927262,0.0006511330559674013,14089.539040633732
0.25,0.1,0.0001,0.001,1.5,1000.0,0,1000,0.3044742901724489,2.992344566177117,0.0006754427631264736,0.3874068712918619
0.25,0.1,0.0001,0.001,2.0,10.0,106,894,0.3049763164103713,580.6770386616179,0.0006099516026191763,48564.04496596517
0.25,0.1,0.0001,0.001,2.0,100.0,0,1000,0.30436933821425965,524.912745830159,0.0006197211888043369,94132.82735141188
0.25,0.1,0.0001,0.001,2.0,1000.0,0,1000,0.3043709839755442,2.9743213476426447,0.0006870273132556598,0.39436626613344533
0.25,0.1,0.0001,0.1,0.1,10.0,113,887,0.29968275767643265,579.8401485249664,0.0008585280844553673,74888.49855692405
0.25,0.1,0.0001,0.1,0.1,100.0,0,1000,0.2996355807775197,516.6711297899519,0.0008843508071688694,54190.58248526254
0.25,0.1,0.0001,0.1,0.1,1000.0,0,1000,0.30034640040703003,3.1108191140166634,0.0009034268368355961,0.6998447103628224
0.25,0.1,0.0001,0.1,0.5,10.0,132,868,0.2791142070828898,0.0,0.001001166974551009,0.0
0.25,0.1,0.0001,0.1,0.5,100.0,0,1000,0.2818633004178597,0.0,0.0009110801623677751,0.0
0.25,0.1,0.0001,0.1,0.5,1000.0,0,1000,0.2822160938042549,3.7076298069094302,0.0009601042019383237,1.9880918388300683
0.25,0.1,0.0001,0.1,1.0,10.0,154,846,0.26458872864684957,0.0,0.0012026664362357203,0.0
0.25,0.1,0.0001,0.1,1.0,100.0,0,1000,0.2673221949656929,0.0,0.0010407231618203806,0.0
0.25,0.1,0.0001,0.1,1.0,1000.0,0,1000,0.26500242175844363,4.11565087119996,0.0011199793101352136,2.2754881414894697
0.25,0.1,0.0001,0.1,1.5,10.0,153,847,0.25792175207280915,0.0,0.0010691648469473376,0.0
0.25,0.1,0.0001,0.1,1.5,100.0,0,1000,0.25297108303739524,0.0,0.0012075927556148968,0.0
0.25,0.1,0.0001,0.1,1.5,1000.0,0,1000,0.2548652452228047,4.273286711719708,0.0011980660556493458,2.6398924064399587
0.25,0.1,0.0001,0.1,2.0,10.0,173,827,0.24963873932563885,0.0,0.0011701365100347564,0.0
0.25,0.1,0.0001,0.1,2.0,100.0,0,1000,0.24958106943039798,0.0,0.0010988816991743227,0.0
0.25,0.1,0.0001,0.1,2.0,1000.0,0,1000,0.24724682573236847,4.437934446373841,0.0011884482032307624,2.698142862029315
0.25,0.1,0.0001,1.0,0.1,10.0,195,805,0.25595928172176186,642.9328900213097,0.003977852714581032,17742.186588521803
0.25,0.1,0.0001,1.0,0.1,100.0,0,1000,0.25546270665473825,864.6247697944183,0.004654524613495148,0.0
0.25,0.1,0.0001,1.0,0.1,1000.0,0,1000,0.2549737335938796,5.48043556217487,0.004217916658816187,13.282442191475004
0.25,0.1,0.0001,1.0,0.5,10.0,873,127,0.1485425142728317,0.0,0.02580661833557107,0.0
0.25,0.1,0.0001,1.0,0.5,100.0,804,196,0.160578110067757,0.0,0.034559297493234296,0.0
0.25,0.1,0.0001,1.0,0.5,1000.0,760,240,0.15846318421562114,0.0,0.034700984540669125,0.0
0.25,0.1,0.0001,1.0,1.0,10.0,977,23,0.20878388042636964,0.0,0.0784910311145442,0.0
0.25,0.1,0.0001,1.0,1.0,100.0,963,37,0.13779989024037276,0.0,0.03652301549261072,0.0
0.25,0.1,0.0001,1.0,1.0,1000.0,953,47,0.15392321043162402,0.0,0.04406759582426316,0.0
0.25,0.1,0.0001,1.0,1.5,10.0,946,54,0.611261393229521,201.66238352815787,0.06227765342710087,34697.93329634903
0.25,0.1,0.0001,1.0,1.5,100.0,939,61,0.6367213819200377,299.2328830952452,0.05657474732481008,29016.17141899429
0.25,0.1,0.0001,1.0,1.5,1000.0,953,47,0.6135391991860139,397.07723975038726,0.06506908189948081,33581.1776988705
0.25,0.1,0.0001,1.0,2.0,10.0,876,124,0.753208510136844,186.69367946384864,0.0048959691204256695,27618.878009260712
0.25,0.1,0.0001,1.0,2.0,100.0,833,167,0.7444269586048473,268.9807340659763,0.008481924468409965,16599.298289112496
0.25,0.1,0.0001,1.0,2.0,1000.0,861,139,0.7304827509759091,337.02955438922413,0.019144002710639024,24456.121820220647
0.25,0.1,0.003,1e-05,0.1,10.0,997,3,0.21851851851851853,30.42810964154384,0.0016735253772290814,1072.8250694926198
0.25,0.1,0.003,1e-05,0.1,100.0,997,3,0.2824074074074074,0.7049921969898286,0.004415294924554184,0.20702499065827645
0.25,0.1,0.003,1e-05,0.1,1000.0,999,1,0.6666666666666666,0.05976133719031569,0.0,0.0011565524499708153
0.25,0.1,0.003,1e-05,0.5,10.0,996,4,0.2,31.875872174415885,0.045,1307.9079042327094
0.25,0.1,0.003,1e-05,0.5,100.0,997,3,0.5125000000000001,0.728934613881874,0.020104166666666666,0.23230080720943624
0.25,0.1,0.003,1e-05,0.5,1000.0,998,2,0.2777777777777778,0.062117247924366396,0.0030864197530864196,0.0011917454408698874
0.25,0.1,0.003,1e-05,1.0,10.0,998,2,0.4642857142857143,29.465325263774513,0.0012755102040816336,1194.5732014847736
0.25,0.1,0.003,1e-05,1.0,100.0,997,3,0.5,0.6737851231427384,0.16666666666666666,0.16170914748496326
0.25,0.1,0.003,1e-05,1.0,1000.0,999,1,0.4,0.06094816374141699,0.0,0.0011229752600775708
0.25,0.1,0.003,1e-05,1.5,10.0,999,1,0.14285714285714285,29.80328694135099,0.0,1135.6740201126713
0.25,0.1,0.003,1e-05,1.5,100.0,998,2,0.2976190476190476,0.7042935326154537,0.017148526077097503,0.2194074575357477
0.25,0.1,0.003,1e-05,1.5,1000.0,995,5,0.41547619047619044,0.060661308162288485,0.04229591836734694,0.0011588142714707838
0.25,0.1,0.003,1e-05,2.0,10.0,1000,0,0.0,32.58372542474499,0.0,1450.5296781733132
0.25,0.1,0.003,1e-05,2.0,100.0,999,1,0.6,0.7263369009299969,0.0,0.21291214874606368
0.25,0.1,0.003,1e-05,2.0,1000.0,993,7,0.36848706848706847,0.06307320307310091,0.02247212790169833,0.0012425009711298635
0.25,0.1,0.003,0.001,0.1,10.0,1000,0,0.0,29.602092399866972,0.0,978.4746603165727
0.25,0.1,0.003,0.001,0.1,100.0,999,1,0.2727272727272727,0.7073701327666335,0.0,0.20136012175726506
0.25,0.1,0.003,0.001,0.1,1000.0,1000,0,0.0,0.06374538108919585,0.0,0.0014712924497342931
0.25,0.1,0.003,0.001,0.5,10.0,998,2,0.21666666666666667,30.37239088588333,0.013611111111111109,1114.5383986701363
0.25,0.1,0.003,0.001,0.5,100.0,998,2,0.287828947368421,0.6997284059635458,0.0006086608379501389,0.1917292073635505
0.25,0.1,0.003,0.001,0.5,1000.0,997,3,0.28104575163398693,0.05905558739529756,0.07954205647400571,0.0009155412487561894
0.25,0.1,0.003,0.001,1.0,10.0,1000,0,0.0,31.755293763576095,0.0,1119.1929027266424
0.25,0.1,0.003,0.001,1.0,100.0,998,2,0.21666666666666667,0.7128392808809815,0.0025000000000000005,0.21082486755399707
0.25,0.1,0.003,0.001,1.0,1000.0,999,1,0.35,0.0640091122734352,0.0,0.0011599081039056825
0.25,0.1,0.003,0.001,1.5,10.0,998,2,0.43333333333333335,30.879483292201446,0.004444444444444446,1300.7865389007916
0.25,0.1,0.003,0.001,1.5,100.0,1000,0,0.0,0.7178767225399103,0.0,0.2158270813054298
0.25,0.1,0.003,0.001,1.5,1000.0,998,2,0.65,0.06246698291452249,0.1225,0.001310517785713243
0.25,0.1,0.003,0.001,2.0,10.0,997,3,0.5111111111111111,28.786125045348726,0.0036482741244646005,1348.5367644418636
0.25,0.1,0.003,0.001,2.0,100.0,996,4,0.4583333333333333,0.7409933299915394,0.10243055555555557,0.22612924980181595
0.25,0.1,0.003,0.001,2.0,1000.0,997,3,0.5396825396825397,0.061697365620934565,0.10632401108591587,0.0012192810896654977
0.25,0.1,0.003,0.1,0.1,10.0,1000,0,0.0,24.932691269629743,0.0,915.3984252140217
0.25,0.1,0.003,0.1,0.1,100.0,999,1,0.5714285714285714,0.7197564304470664,0.0,0.2594157616866681
0.25,0.1,0.003,0.1,0.1,1000.0,997,3,0.3176470588235294,0.06339998453481759,0.06062283737024221,0.0013336911333267424
0.25,0.1,0.003,0.1,0.5,10.0,999,1,0.25,30.513687255304923,0.0,1182.6924363066798
0.25,0.1,0.003,0.1,0.5,100.0,999,1,0.25,0.7776919078033664,0.0,0.43000399114230925
0.25,0.1,0.003,0.1,0.5,1000.0,1000,0,0.0,0.06234817166551101,0.0,0.0012492960457247953
0.25,0.1,0.003,0.1,1.0,10.0,999,1,0.3076923076923077,28.115835877224125,0.0,1041.0104365550485
0.25,0.1,0.003,0.1,1.0,100.0,999,1,0.3125,0.7412742072496874,0.0,0.21827198174995793
0.25,0.1,0.003,0.1,1.0,1000.0,999,1,0.0,0.06217564754217301,0.0,0.0012321044965565187
0.25,0.1,0.003,0.1,1.5,10.0,1000,0,0.0,32.31812088506013,0.0,1168.4429763319035
0.25,0.1,0.003,0.1,1.5,100.0,998,2,0.40909090909090906,0.7439335110126094,0.008264462809917356,0.24420514594128492
0.25,0.1,0.003,0.1,1.5,1000.0,999,1,0.2727272727272727,0.06377094801139521,0.0,0.0011800368197759342
0.25,0.1,0.003,0.1,2.0,10.0,999,1,0.25,32.565002764278645,0.0,1580.6316821020494
0.25,0.1,0.003,0.1,2.0,100.0,1000,0,0.0,0.7638939318705454,0.0,0.3051983254418456
0.25,0.1,0.003,0.1,2.0,1000.0,1000,0,0.0,0.06251869379193072,0.0,0.00129325834034961
0.25,0.1,0.003,1.0,0.1,10.0,1000,0,0.0,14.634673790929687,0.0,335.5358163337834
0.25,0.1,0.003,1.0,0.1,100.0,999,1,0.5714285714285714,0.8025640103637179,0.0,0.3958397970730823
0.25,0.1,0.003,1.0,0.1,1000.0,1000,0,0.0,0.06406051237856138,0.0,0.0013814917986077844
0.25,0.1,0.003,1.0,0.5,10.0,1000,0,0.0,23.226156340196045,0.0,704.1365124818888
0.25,0.1,0.003,1.0,0.5,100.0,1000,0,0.0,1.279805559485577,0.0,5.044330226599042
0.25,0.1,0.003,1.0,0.5,1000.0,1000,0,0.0,0.06431919300121151,0.0,0.0012483517169548067
0.25,0.1,0.003,1.0,1.0,10.0,1000,0,0.0,27.239565868511008,0.0,786.9098290500967
0.25,0.1,0.003,1.0,1.0,100.0,1000,0,0.0,1.9657082009149707,0.0,42.886715809876044
0.25,0.1,0.003,1.0,1.0,1000.0,1000,0,0.0,0.0651871830774242,0.0,0.001611301756673041
0.25,0.1,0.003,1.0,1.5,10.0,1000,0,0.0,34.815054468724824,0.0,1034.153560611446
0.25,0.1,0.003,1.0,1.5,100.0,1000,0,0.0,2.476055900740732,0.0,92.31407200579275
0.25,0.1,0.003,1.0,1.5,1000.0,1000,0,0.0,0.06408716937183052,0.0,0.0016123574079939063
0.25,0.1,0.003,1.0,2.0,10.0,1000,0,0.0,36.96685799848438,0.0,1197.3760924395247
0.25,0.1,0.003,1.0,2.0,100.0,1000,0,0.0,2.4582902440534835,0.0,115.50666104841852
0.25,0.1,0.003,1.0,2.0,1000.0,1000,0,0.0,0.0669757622407868,0.0,0.0013902487166528887
0.25,0.1,0.001,1e-05,0.1,10.0,615,385,0.3046955825892866,192.83812277530043,0.013250498009937483,19797.67894633976
0.25,0.1,0.001,1e-05,0.1,100.0,506,494,0.3095336525456669,3.45806426166159,0.010398307508281532,24.292278713490727
0.25,0.1,0.001,1e-05,0.1,1000.0,500,500,0.30100219681592943,0.1830364718188019,0.011562264819003566,0.003234983331542505
0.25,0.1,0.001,1e-05,0.5,10.0,626,374,0.29456750443507285,180.71897192291775,0.011508809358285322,19424.315635814135
0.25,0.1,0.001,1e-05,0.5,100.0,460,540,0.30735977410238,3.932184727526879,0.014542556405222064,240.12768158407923
0.25,0.1,0.001,1e-05,0.5,1000.0,476,524,0.31106379059040445,0.18764981894340121,0.012290750871774205,0.003701851168571852
0.25,0.1,0.001,1e-05,1.0,10.0,591,409,0.3098641934252842,193.76245066076592,0.012466645649835253,20997.05661402111
0.25,0.1,0.001,1e-05,1.0,100.0,485,515,0.30472520449821616,4.400480098961666,0.012308056457408583,326.7383638992972
0.25,0.1,0.001,1e-05,1.0,1000.0,475,525,0.3061213660460793,0.18876686125636843,0.012834380713002434,0.003417367936043651
0.25,0.1,0.001,1e-05,1.5,10.0,606,394,0.3056174375098498,189.7308788950377,0.01302949625223922,20879.938786093768
0.25,0.1,0.001,1e-05,1.5,100.0,508,492,0.31200773929246695,3.8400207744344144,0.011374059016770717,179.90731300688003
0.25,0.1,0.001,1e-05,1.5,1000.0,486,514,0.30665657355539083,0.18039648990226892,0.011777095656620122,0.0030887806209352487
0.25,0.1,0.001,1e-05,2.0,10.0,605,395,0.30539300147044557,179.57182630434494,0.01279558836239579,17740.81819355955
0.25,0.1,0.001,1e-05,2.0,100.0,489,511,0.30493934633532266,4.149976310996238,0.01080976278580689,153.77496634402772
0.25,0.1,0.001,1e-05,2.0,1000.0,490,510,0.30382644870773196,0.18079877510607564,0.01322380578406844,0.00301139629077542
0.25,0.1,0.001,0.001,0.1,10.0,573,427,0.3014032211646822,183.38053799484322,0.013687186493798152,18074.753441217817
0.25,0.1,0.001,0.001,0.1,100.0,483,517,0.30797423709160815,3.8827716212605776,0.012484456525977844,90.90789121141634
0.25,0.1,0.001,0.001,0.1,1000.0,513,487,0.31341490536746686,0.18276234452754017,0.01326186120140331,0.0039302284989457485
0.25,0.1,0.001,0.001,0.5,10.0,600,400,0.2951350800757409,187.22815149230428,0.012792277999021091,18050.544523169112
0.25,0.1,0.001,0.001,0.5,100.0,499,501,0.3063674766258896,4.468306038919573,0.013067419606339272,367.68993841896395
0.25,0.1,0.001,0.001,0.5,1000.0,459,541,0.31414691064246186,0.1833431151245343,0.012120056351125867,0.0031305966351755647
0.25,0.1,0.001,0.001,1.0,10.0,604,396,0.3165252028175683,190.24372628228897,0.013345528384756663,21388.24450923807
0.25,0.1,0.001,0.001,1.0,100.0,510,490,0.30902128759299136,3.962209804835292,0.01311301206609316,166.65376683271884
0.25,0.1,0.001,0.001,1.0,1000.0,495,505,0.3041869181542109,0.18396082973500721,0.015434323156679359,0.003385286808565195
0.25,0.1,0.001,0.001,1.5,10.0,611,389,0.30711137628823854,191.08277625142145,0.013090428620748867,21123.586491727874
0.25,0.1,0.001,0.001,1.5,100.0,486,514,0.30811691143897596,4.12643184350403,0.012688249959593776,157.3022606070808
0.25,0.1,0.001,0.001,1.5,1000.0,478,522,0.31022581789022635,0.18382998278987867,0.01434130259359634,0.0034597581635985603
0.25,0.1,0.001,0.001,2.0,10.0,624,376,0.30755992563486473,193.573541565428,0.016047510182227095,21260.294870518417
0.25,0.1,0.001,0.001,2.0,100.0,490,510,0.30225573710062553,4.322766798737924,0.011915827534514917,261.28443861457106
0.25,0.1,0.001,0.001,2.0,1000.0,493,507,0.30352011727544254,0.18822164742301942,0.012339260318656686,0.0036490561242805203
0.25,0.1,0.001,0.1,0.1,10.0,650,350,0.30939707364309127,168.178204159537,0.018147319859322535,14913.16702303785
0.25,0.1,0.001,0.1,0.1,100.0,531,469,0.3033394317452813,3.781501303885581,0.015865192504546925,101.50799819644739
0.25,0.1,0.001,0.1,0.1,1000.0,535,465,0.301892533290953,0.18707686699984857,0.017335776742470704,0.0036419514038770213
0.25,0.1,0.001,0.1,0.5,10.0,749,251,0.2796931293097455,198.35104098308588,0.017514773345550846,26928.01320248422
0.25,0.1,0.001,0.1,0.5,100.0,654,346,0.286686010759417,7.15752004315357,0.018733826603095124,1302.1193360629604
0.25,0.1,0.001,0.1,0.5,1000.0,643,357,0.29416849930216465,0.1856601836943485,0.018660487883314106,0.003604443375804066
0.25,0.1,0.001,0.1,1.0,10.0,830,170,0.2686828620889886,228.0188702991985,0.01649071277926052,32142.04478957379
0.25,0.1,0.001,0.1,1.0,100.0,751,249,0.27112998071553707,7.846712026614874,0.025227293883309326,809.7884876608296
0.25,0.1,0.001,0.1,1.0,1000.0,766,234,0.26789775267282506,0.18142364005630784,0.016332728733344733,0.0032446674906310233
0.25,0.1,0.001,0.1,1.5,10.0,858,142,0.28658685737952305,257.00590487844823,0.0290005793971534,38671.559636505226
0.25,0.1,0.001,0.1,1.5,100.0,793,207,0.25279540346085067,11.446387988421503,0.025006958817683684,3274.202334838482
0.25,0.1,0.001,0.1,1.5,1000.0,805,195,0.27692565058458196,0.18829457403116237,0.017648492472235267,0.0038170610806484546
0.25,0.1,0.001,0.1,2.0,10.0,868,132,0.29254131411814743,250.4653800866106,0.03428867899420642,38097.13252638842
0.25,0.1,0.001,0.1,2.0,100.0,845,155,0.28097993980345437,9.534309883746534,0.033866125207582844,1522.167280260794
0.25,0.1,0.001,0.1,2.0,1000.0,826,174,0.24639066428421094,0.18681699934398568,0.020913621130044465,0.003612549174083179
0.25,0.1,0.001,1.0,0.1,10.0,891,109,0.24519544615448172,96.33845766601925,0.039619271199302565,6227.258310098194
0.25,0.1,0.001,1.0,0.1,100.0,870,130,0.22530322132291603,5.095402396817828,0.03774416988740274,98.59441971928035
0.25,0.1,0.001,1.0,0.1,1000.0,846,154,0.25965765603997665,0.1922174720515607,0.05583465997511974,0.0045363757165548645
0.25,0.1,0.001,1.0,0.5,10.0,998,2,0.0,126.57215156856955,0.0,13248.023625869828
0.25,0.1,0.001,1.0,0.5,100.0,997,3,0.041666666666666664,49.72348834073256,0.0034722222222222225,7835.8018645841685
0.25,0.1,0.001,1.0,0.5,1000.0,993,7,0.07777777777777779,0.21189535608360222,0.01301587301587301,0.006256421009359115
0.25,0.1,0.001,1.0,1.0,10.0,997,3,0.0196078431372549,105.80858994195492,0.0007689350249903883,11431.457394339772
0.25,0.1,0.001,1.0,1.0,100.0,999,1,0.06666666666666667,102.81397356002952,0.0,11199.298986493584
0.25,0.1,0.001,1.0,1.0,1000.0,998,2,0.5277777777777778,0.21249240129011673,0.03780864197530864,0.006782425820880553
0.25,0.1,0.001,1.0,1.5,10.0,1000,0,0.0,96.10736361220597,0.0,9787.059670986966
0.25,0.1,0.001,1.0,1.5,100.0,999,1,0.0,132.19093503297054,0.0,8279.186509661806
0.25,0.1,0.001,1.0,1.5,1000.0,1000,0,0.0,0.21230110387302592,0.0,0.006603554286125479
0.25,0.1,0.001,1.0,2.0,10.0,998,2,0.13333333333333333,90.69569288659689,0.0011111111111111107,5610.544999591375
0.25,0.1,0.001,1.0,2.0,100.0,1000,0,0.0,141.8407628124294,0.0,9805.808346763586
0.25,0.1,0.001,1.0,2.0,1000.0,998,2,0.25,0.20924441189061727,0.0625,0.006236875688271189
0.3,0.0,0.0003,1e-05,0.1,10.0,1000,0,0.0,0.0,0.0,0.0
0.3,0.0,0.0003,1e-05,0.1,100.0,1000,0,0.0,0.0,0.0,0.0
0.3,0.0,0.0003,1e-05,0.1,1000.0,1000,0,0.0,0.0,0.0,0.0
0.3,0.0,0.0003,1e-05,0.5,10.0,1000,0,0.0,0.0,0.0,0.0
0.3,0.0,0.0003,1e-05,0.5,100.0,1000,0,0.0,0.0,0.0,0.0
0.3,0.0,0.0003,1e-05,0.5,1000.0,1000,0,0.0,0.0,0.0,0.0
0.3,0.0,0.0003,1e-05,1.0,10.0,1000,0,0.0,0.0,0.0,0.0
0.3,0.0,0.0003,1e-05,1.0,100.0,1000,0,0.0,0.0,0.0,0.0
0.3,0.0,0.0003,1e-05,1.0,1000.0,1000,0,0.0,0.0,0.0,0.0
0.3,0.0,0.0003,1e-05,1.5,10.0,1000,0,0.0,0.0,0.0,0.0
0.3,0.0,0.0003,1e-05,1.5,100.0,1000,0,0.0,0.0,0.0,0.0
0.3,0.0,0.0003,1e-05,1.5,1000.0,1000,0,0.0,0.0,0.0,0.0
0.3,0.0,0.0003,1e-05,2.0,10.0,1000,0,0.0,0.0,0.0,0.0
0.3,0.0,0.0003,1e-05,2.0,100.0,1000,0,0.0,0.0,0.0,0.0
0.3,0.0,0.0003,1e-05,2.0,1000.0,1000,0,0.0,0.0,0.0,0.0
0.3,0.0,0.0003,0.001,0.1,10.0,1000,0,0.0,0.0,0.0,0.0
0.3,0.0,0.0003,0.001,0.1,100.0,1000,0,0.0,0.0,0.0,0.0
0.3,0.0,0.0003,0.001,0.1,1000.0,1000,0,0.0,0.0,0.0,0.0
0.3,0.0,0.0003,0.001,0.5,10.0,1000,0,0.0,0.0,0.0,0.0
0.3,0.0,0.0003,0.001,0.5,100.0,1000,0,0.0,0.0,0.0,0.0
0.3,0.0,0.0003,0.001,0.5,1000.0,1000,0,0.0,0.0,0.0,0.0
0.3,0.0,0.0003,0.001,1.0,10.0,1000,0,0.0,0.0,0.0,0.0
0.3,0.0,0.0003,0.001,1.0,100.0,1000,0,0.0,0.0,0.0,0.0
0.3,0.0,0.0003,0.001,1.0,1000.0,1000,0,0.0,0.0,0.0,0.0
0.3,0.0,0.0003,0.001,1.5,10.0,1000,0,0.0,0.0,0.0,0.0
0.3,0.0,0.0003,0.001,1.5,100.0,1000,0,0.0,0.0,0.0,0.0
0.3,0.0,0.0003,0.001,1.5,1000.0,1000,0,0.0,0.0,0.0,0.0
0.3,0.0,0.0003,0.001,2.0,10.0,1000,0,0.0,0.0,0.0,0.0
0.3,0.0,0.0003,0.001,2.0,100.0,1000,0,0.0,0.0,0.0,0.0
0.3,0.0,0.0003,0.001,2.0,1000.0,1000,0,0.0,0.0,0.0,0.0
0.3,0.0,0.0003,0.1,0.1,10.0,1000,0,0.0,0.0,0.0,0.0
0.3,0.0,0.0003,0.1,0.1,100.0,1000,0,0.0,0.0,0.0,0.0
0.3,0.0,0.0003,0.1,0.1,1000.0,1000,0,0.0,0.0,0.0,0.0
0.3,0.0,0.0003,0.1,0.5,10.0,1000,0,0.0,0.0,0.0,0.0
0.3,0.0,0.0003,0.1,0.5,100.0,1000,0,0.0,0.0,0.0,0.0
0.3,0.0,0.0003,0.1,0.5,1000.0,1000,0,0.0,0.0,0.0,0.0
0.3,0.0,0.0003,0.1,1.0,10.0,1000,0,0.0,0.0,0.0,0.0
0.3,0.0,0.0003,0.1,1.0,100.0,1000,0,0.0,0.0,0.0,0.0
0.3,0.0,0.0003,0.1,1.0,1000.0,1000,0,0.0,0.0,0.0,0.0
0.3,0.0,0.0003,0.1,1.5,10.0,1000,0,0.0,0.0,0.0,0.0
0.3,0.0,0.0003,0.1,1.5,100.0,1000,0,0.0,0.0,0.0,0.0
0.3,0.0,0.0003,0.1,1.5,1000.0,1000,0,0.0,0.0,0.0,0.0
0.3,0.0,0.0003,0.1,2.0,10.0,1000,0,0.0,0.0,0.0,0.0
0.3,0.0,0.0003,0.1,2.0,100.0,1000,0,0.0,0.0,0.0,0.0
0.3,0.0,0.0003,0.1,2.0,1000.0,1000,0,0.0,0.0,0.0,0.0
0.3,0.0,0.0003,1.0,0.1,10.0,1000,0,0.0,0.0,0.0,0.0
0.3,0.0,0.0003,1.0,0.1,100.0,1000,0,0.0,0.0,0.0,0.0
0.3,0.0,0.0003,1.0,0.1,1000.0,1000,0,0.0,0.0,0.0,0.0
0.3,0.0,0.0003,1.0,0.5,10.0,1000,0,0.0,0.0,0.0,0.0
0.3,0.0,0.0003,1.0,0.5,100.0,1000,0,0.0,0.0,0.0,0.0
0.3,0.0,0.0003,1.0,0.5,1000.0,1000,0,0.0,0.0,0.0,0.0
0.3,0.0,0.0003,1.0,1.0,10.0,1000,0,0.0,0.0,0.0,0.0
0.3,0.0,0.0003,1.0,1.0,100.0,1000,0,0.0,0.0,0.0,0.0
0.3,0.0,0.0003,1.0,1.0,1000.0,1000,0,0.0,0.0,0.0,0.0
0.3,0.0,0.0003,1.0,1.5,10.0,1000,0,0.0,0.0,0.0,0.0
0.3,0.0,0.0003,1.0,1.5,100.0,1000,0,0.0,0.0,0.0,0.0
0.3,0.0,0.0003,1.0,1.5,1000.0,1000,0,0.0,0.0,0.0,0.0
0.3,0.0,0.0003,1.0,2.0,10.0,1000,0,0.0,0.0,0.0,0.0
0.3,0.0,0.0003,1.0,2.0,100.0,1000,0,0.0,0.0,0.0,0.0
0.3,0.0,0.0003,1.0,2.0,1000.0,1000,0,0.0,0.0,0.0,0.0
0.3,0.0,0.0001,1e-05,0.1,10.0,1000,0,0.0,0.0,0.0,0.0
0.3,0.0,0.0001,1e-05,0.1,100.0,1000,0,0.0,0.0,0.0,0.0
0.3,0.0,0.0001,1e-05,0.1,1000.0,1000,0,0.0,0.0,0.0,0.0
0.3,0.0,0.0001,1e-05,0.5,10.0,1000,0,0.0,0.0,0.0,0.0
0.3,0.0,0.0001,1e-05,0.5,100.0,1000,0,0.0,0.0,0.0,0.0
0.3,0.0,0.0001,1e-05,0.5,1000.0,1000,0,0.0,0.0,0.0,0.0
0.3,0.0,0.0001,1e-05,1.0,10.0,1000,0,0.0,0.0,0.0,0.0
0.3,0.0,0.0001,1e-05,1.0,100.0,1000,0,0.0,0.0,0.0,0.0
0.3,0.0,0.0001,1e-05,1.0,1000.0,1000,0,0.0,0.0,0.0,0.0
0.3,0.0,0.0001,1e-05,1.5,10.0,1000,0,0.0,0.0,0.0,0.0
0.3,0.0,0.0001,1e-05,1.5,100.0,1000,0,0.0,0.0,0.0,0.0
0.3,0.0,0.0001,1e-05,1.5,1000.0,1000,0,0.0,0.0,0.0,0.0
0.3,0.0,0.0001,1e-05,2.0,10.0,1000,0,0.0,0.0,0.0,0.0
0.3,0.0,0.0001,1e-05,2.0,100.0,1000,0,0.0,0.0,0.0,0.0
0.3,0.0,0.0001,1e-05,2.0,1000.0,1000,0,0.0,0.0,0.0,0.0
0.3,0.0,0.0001,0.001,0.1,10.0,1000,0,0.0,0.0,0.0,0.0
0.3,0.0,0.0001,0.001,0.1,100.0,1000,0,0.0,0.0,0.0,0.0
0.3,0.0,0.0001,0.001,0.1,1000.0,1000,0,0.0,0.0,0.0,0.0
0.3,0.0,0.0001,0.001,0.5,10.0,1000,0,0.0,0.0,0.0,0.0
0.3,0.0,0.0001,0.001,0.5,100.0,1000,0,0.0,0.0,0.0,0.0
0.3,0.0,0.0001,0.001,0.5,1000.0,1000,0,0.0,0.0,0.0,0.0
0.3,0.0,0.0001,0.001,1.0,10.0,1000,0,0.0,0.0,0.0,0.0
0.3,0.0,0.0001,0.001,1.0,100.0,1000,0,0.0,0.0,0.0,0.0
0.3,0.0,0.0001,0.001,1.0,1000.0,1000,0,0.0,0.0,0.0,0.0
0.3,0.0,0.0001,0.001,1.5,10.0,1000,0,0.0,0.0,0.0,0.0
0.3,0.0,0.0001,0.001,1.5,100.0,1000,0,0.0,0.0,0.0,0.0
0.3,0.0,0.0001,0.001,1.5,1000.0,1000,0,0.0,0.0,0.0,0.0
0.3,0.0,0.0001,0.001,2.0,10.0,1000,0,0.0,0.0,0.0,0.0
0.3,0.0,0.0001,0.001,2.0,100.0,1000,0,0.0,0.0,0.0,0.0
0.3,0.0,0.0001,0.001,2.0,1000.0,1000,0,0.0,0.0,0.0,0.0
0.3,0.0,0.0001,0.1,0.1,10.0,1000,0,0.0,0.0,0.0,0.0
0.3,0.0,0.0001,0.1,0.1,100.0,1000,0,0.0,0.0,0.0,0.0
0.3,0.0,0.0001,0.1,0.1,1000.0,1000,0,0.0,0.0,0.0,0.0
0.3,0.0,0.0001,0.1,0.5,10.0,1000,0,0.0,0.0,0.0,0.0
0.3,0.0,0.0001,0.1,0.5,100.0,1000,0,0.0,0.0,0.0,0.0
0.3,0.0,0.0001,0.1,0.5,1000.0,1000,0,0.0,0.0,0.0,0.0
0.3,0.0,0.0001,0.1,1.0,10.0,1000,0,0.0,0.0,0.0,0.0
0.3,0.0,0.0001,0.1,1.0,100.0,1000,0,0.0,0.0,0.0,0.0
0.3,0.0,0.0001,0.1,1.0,1000.0,1000,0,0.0,0.0,0.0,0.0
0.3,0.0,0.0001,0.1,1.5,10.0,1000,0,0.0,0.0,0.0,0.0
0.3,0.0,0.0001,0.1,1.5,100.0,1000,0,0.0,0.0,0.0,0.0
0.3,0.0,0.0001,0.1,1.5,1000.0,1000,0,0.0,0.0,0.0,0.0
0.3,0.0,0.0001,0.1,2.0,10.0,1000,0,0.0,0.0,0.0,0.0
0.3,0.0,0.0001,0.1,2.0,100.0,1000,0,0.0,0.0,0.0,0.0
0.3,0.0,0.0001,0.1,2.0,1000.0,1000,0,0.0,0.0,0.0,0.0
0.3,0.0,0.0001,1.0,0.1,10.0,1000,0,0.0,0.0,0.0,0.0
0.3,0.0,0.0001,1.0,0.1,100.0,1000,0,0.0,0.0,0.0,0.0
0.3,0.0,0.0001,1.0,0.1,1000.0,1000,0,0.0,0.0,0.0,0.0
0.3,0.0,0.0001,1.0,0.5,10.0,1000,0,0.0,0.0,0.0,0.0
0.3,0.0,0.0001,1.0,0.5,100.0,1000,0,0.0,0.0,0.0,0.0
0.3,0.0,0.0001,1.0,0.5,1000.0,1000,0,0.0,0.0,0.0,0.0
0.3,0.0,0.0001,1.0,1.0,10.0,1000,0,0.0,0.0,0.0,0.0
0.3,0.0,0.0001,1.0,1.0,100.0,1000,0,0.0,0.0,0.0,0.0
0.3,0.0,0.0001,1.0,1.0,1000.0,1000,0,0.0,0.0,0.0,0.0
0.3,0.0,0.0001,1.0,1.5,10.0,1000,0,0.0,0.0,0.0,0.0
0.3,0.0,0.0001,1.0,1.5,100.0,1000,0,0.0,0.0,0.0,0.0
0.3,0.0,0.0001,1.0,1.5,1000.0,1000,0,0.0,0.0,0.0,0.0
0.3,0.0,0.0001,1.0,2.0,10.0,1000,0,0.0,0.0,0.0,0.0
0.3,0.0,0.0001,1.0,2.0,100.0,1000,0,0.0,0.0,0.0,0.0
0.3,0.0,0.0001,1.0,2.0,1000.0,1000,0,0.0,0.0,0.0,0.0
0.3,0.0,0.003,1e-05,0.1,10.0,1000,0,0.0,0.0,0.0,0.0
0.3,0.0,0.003,1e-05,0.1,100.0,1000,0,0.0,0.0,0.0,0.0
0.3,0.0,0.003,1e-05,0.1,1000.0,1000,0,0.0,0.0,0.0,0.0
0.3,0.0,0.003,1e-05,0.5,10.0,1000,0,0.0,0.0,0.0,0.0
0.3,0.0,0.003,1e-05,0.5,100.0,1000,0,0.0,0.0,0.0,0.0
0.3,0.0,0.003,1e-05,0.5,1000.0,1000,0,0.0,0.0,0.0,0.0
0.3,0.0,0.003,1e-05,1.0,10.0,1000,0,0.0,0.0,0.0,0.0
0.3,0.0,0.003,1e-05,1.0,100.0,1000,0,0.0,0.0,0.0,0.0
0.3,0.0,0.003,1e-05,1.0,1000.0,1000,0,0.0,0.0,0.0,0.0
0.3,0.0,0.003,1e-05,1.5,10.0,1000,0,0.0,0.0,0.0,0.0
0.3,0.0,0.003,1e-05,1.5,100.0,1000,0,0.0,0.0,0.0,0.0
0.3,0.0,0.003,1e-05,1.5,1000.0,1000,0,0.0,0.0,0.0,0.0
0.3,0.0,0.003,1e-05,2.0,10.0,1000,0,0.0,0.0,0.0,0.0
0.3,0.0,0.003,1e-05,2.0,100.0,1000,0,0.0,0.0,0.0,0.0
0.3,0.0,0.003,1e-05,2.0,1000.0,1000,0,0.0,0.0,0.0,0.0
0.3,0.0,0.003,0.001,0.1,10.0,1000,0,0.0,0.0,0.0,0.0
0.3,0.0,0.003,0.001,0.1,100.0,1000,0,0.0,0.0,0.0,0.0
0.3,0.0,0.003,0.001,0.1,1000.0,1000,0,0.0,0.0,0.0,0.0
0.3,0.0,0.003,0.001,0.5,10.0,1000,0,0.0,0.0,0.0,0.0
0.3,0.0,0.003,0.001,0.5,100.0,1000,0,0.0,0.0,0.0,0.0
0.3,0.0,0.003,0.001,0.5,1000.0,1000,0,0.0,0.0,0.0,0.0
0.3,0.0,0.003,0.001,1.0,10.0,1000,0,0.0,0.0,0.0,0.0
0.3,0.0,0.003,0.001,1.0,100.0,1000,0,0.0,0.0,0.0,0.0
0.3,0.0,0.003,0.001,1.0,1000.0,1000,0,0.0,0.0,0.0,0.0
0.3,0.0,0.003,0.001,1.5,10.0,1000,0,0.0,0.0,0.0,0.0
0.3,0.0,0.003,0.001,1.5,100.0,1000,0,0.0,0.0,0.0,0.0
0.3,0.0,0.003,0.001,1.5,1000.0,1000,0,0.0,0.0,0.0,0.0
0.3,0.0,0.003,0.001,2.0,10.0,1000,0,0.0,0.0,0.0,0.0
0.3,0.0,0.003,0.001,2.0,100.0,1000,0,0.0,0.0,0.0,0.0
0.3,0.0,0.003,0.001,2.0,1000.0,1000,0,0.0,0.0,0.0,0.0
0.3,0.0,0.003,0.1,0.1,10.0,1000,0,0.0,30.38753236901547,0.0,0.0
0.3,0.0,0.003,0.1,0.1,100.0,1000,0,0.0,0.0,0.0,0.0
0.3,0.0,0.003,0.1,0.1,1000.0,1000,0,0.0,0.0,0.0,0.0
0.3,0.0,0.003,0.1,0.5,10.0,1000,0,0.0,0.0,0.0,0.0
0.3,0.0,0.003,0.1,0.5,100.0,1000,0,0.0,0.0,0.0,0.0
0.3,0.0,0.003,0.1,0.5,1000.0,1000,0,0.0,0.0,0.0,0.0
0.3,0.0,0.003,0.1,1.0,10.0,1000,0,0.0,0.0,0.0,0.0
0.3,0.0,0.003,0.1,1.0,100.0,1000,0,0.0,0.0,0.0,0.0
0.3,0.0,0.003,0.1,1.0,1000.0,1000,0,0.0,0.0,0.0,0.0
0.3,0.0,0.003,0.1,1.5,10.0,1000,0,0.0,0.0,0.0,0.0
0.3,0.0,0.003,0.1,1.5,100.0,1000,0,0.0,0.0,0.0,0.0
0.3,0.0,0.003,0.1,1.5,1000.0,1000,0,0.0,0.0,0.0,0.0
0.3,0.0,0.003,0.1,2.0,10.0,1000,0,0.0,0.0,0.0,0.0
0.3,0.0,0.003,0.1,2.0,100.0,1000,0,0.0,0.0,0.0,0.0
0.3,0.0,0.003,0.1,2.0,1000.0,1000,0,0.0,0.0,0.0,0.0
0.3,0.0,0.003,1.0,0.1,10.0,1000,0,0.0,3.643559326929268,0.0,3.5204914075217855
0.3,0.0,0.003,1.0,0.1,100.0,1000,0,0.0,2.386997086232424,0.0,1.2757946686031627
0.3,0.0,0.003,1.0,0.1,1000.0,1000,0,0.0,0.0,0.0,0.0
0.3,0.0,0.003,1.0,0.5,10.0,1000,0,0.0,3.728545458889832,0.0,2.2804735761447033
0.3,0.0,0.003,1.0,0.5,100.0,1000,0,0.0,0.0,0.0,0.0
0.3,0.0,0.003,1.0,0.5,1000.0,1000,0,0.0,0.0,0.0,0.0
0.3,0.0,0.003,1.0,1.0,10.0,1000,0,0.0,8.844540384359236,0.0,32.065144568722374
0.3,0.0,0.003,1.0,1.0,100.0,1000,0,0.0,0.0,0.0,0.0
0.3,0.0,0.003,1.0,1.0,1000.0,1000,0,0.0,0.0,0.0,0.0
0.3,0.0,0.003,1.0,1.5,10.0,1000,0,0.0,2.9696688201366217,0.0,0.0
0.3,0.0,0.003,1.0,1.5,100.0,1000,0,0.0,0.0,0.0,0.0
0.3,0.0,0.003,1.0,1.5,1000.0,1000,0,0.0,0.0,0.0,0.0
0.3,0.0,0.003,1.0,2.0,10.0,1000,0,0.0,0.0,0.0,0.0
0.3,0.0,0.003,1.0,2.0,100.0,1000,0,0.0,0.0,0.0,0.0
0.3,0.0,0.003,1.0,2.0,1000.0,1000,0,0.0,0.0,0.0,0.0
0.3,0.0,0.001,1e-05,0.1,10.0,1000,0,0.0,0.0,0.0,0.0
0.3,0.0,0.001,1e-05,0.1,100.0,1000,0,0.0,0.0,0.0,0.0
0.3,0.0,0.001,1e-05,0.1,1000.0,1000,0,0.0,0.0,0.0,0.0
0.3,0.0,0.001,1e-05,0.5,10.0,1000,0,0.0,0.0,0.0,0.0
0.3,0.0,0.001,1e-05,0.5,100.0,1000,0,0.0,0.0,0.0,0.0
0.3,0.0,0.001,1e-05,0.5,1000.0,1000,0,0.0,0.0,0.0,0.0
0.3,0.0,0.001,1e-05,1.0,10.0,1000,0,0.0,0.0,0.0,0.0
0.3,0.0,0.001,1e-05,1.0,100.0,1000,0,0.0,0.0,0.0,0.0
0.3,0.0,0.001,1e-05,1.0,1000.0,1000,0,0.0,0.0,0.0,0.0
0.3,0.0,0.001,1e-05,1.5,10.0,1000,0,0.0,0.0,0.0,0.0
0.3,0.0,0.001,1e-05,1.5,100.0,1000,0,0.0,0.0,0.0,0.0
0.3,0.0,0.001,1e-05,1.5,1000.0,1000,0,0.0,0.0,0.0,0.0
0.3,0.0,0.001,1e-05,2.0,10.0,1000,0,0.0,0.0,0.0,0.0
0.3,0.0,0.001,1e-05,2.0,100.0,1000,0,0.0,0.0,0.0,0.0
0.3,0.0,0.001,1e-05,2.0,1000.0,1000,0,0.0,0.0,0.0,0.0
0.3,0.0,0.001,0.001,0.1,10.0,1000,0,0.0,0.0,0.0,0.0
0.3,0.0,0.001,0.001,0.1,100.0,1000,0,0.0,0.0,0.0,0.0
0.3,0.0,0.001,0.001,0.1,1000.0,1000,0,0.0,0.0,0.0,0.0
0.3,0.0,0.001,0.001,0.5,10.0,1000,0,0.0,0.0,0.0,0.0
0.3,0.0,0.001,0.001,0.5,100.0,1000,0,0.0,0.0,0.0,0.0
0.3,0.0,0.001,0.001,0.5,1000.0,1000,0,0.0,0.0,0.0,0.0
0.3,0.0,0.001,0.001,1.0,10.0,1000,0,0.0,0.0,0.0,0.0
0.3,0.0,0.001,0.001,1.0,100.0,1000,0,0.0,0.0,0.0,0.0
0.3,0.0,0.001,0.001,1.0,1000.0,1000,0,0.0,0.0,0.0,0.0
0.3,0.0,0.001,0.001,1.5,10.0,1000,0,0.0,0.0,0.0,0.0
0.3,0.0,0.001,0.001,1.5,100.0,1000,0,0.0,0.0,0.0,0.0
0.3,0.0,0.001,0.001,1.5,1000.0,1000,0,0.0,0.0,0.0,0.0
0.3,0.0,0.001,0.001,2.0,10.0,1000,0,0.0,0.0,0.0,0.0
0.3,0.0,0.001,0.001,2.0,100.0,1000,0,0.0,0.0,0.0,0.0
0.3,0.0,0.001,0.001,2.0,1000.0,1000,0,0.0,0.0,0.0,0.0
0.3,0.0,0.001,0.1,0.1,10.0,1000,0,0.0,0.0,0.0,0.0
0.3,0.0,0.001,0.1,0.1,100.0,1000,0,0.0,0.0,0.0,0.0
0.3,0.0,0.001,0.1,0.1,1000.0,1000,0,0.0,0.0,0.0,0.0
0.3,0.0,0.001,0.1,0.5,10.0,1000,0,0.0,0.0,0.0,0.0
0.3,0.0,0.001,0.1,0.5,100.0,1000,0,0.0,0.0,0.0,0.0
0.3,0.0,0.001,0.1,0.5,1000.0,1000,0,0.0,0.0,0.0,0.0
0.3,0.0,0.001,0.1,1.0,10.0,1000,0,0.0,0.0,0.0,0.0
0.3,0.0,0.001,0.1,1.0,100.0,1000,0,0.0,0.0,0.0,0.0
0.3,0.0,0.001,0.1,1.0,1000.0,1000,0,0.0,0.0,0.0,0.0
0.3,0.0,0.001,0.1,1.5,10.0,1000,0,0.0,0.0,0.0,0.0
0.3,0.0,0.001,0.1,1.5,100.0,1000,0,0.0,0.0,0.0,0.0
0.3,0.0,0.001,0.1,1.5,1000.0,1000,0,0.0,0.0,0.0,0.0
0.3,0.0,0.001,0.1,2.0,10.0,1000,0,0.0,0.0,0.0,0.0
0.3,0.0,0.001,0.1,2.0,100.0,1000,0,0.0,0.0,0.0,0.0
0.3,0.0,0.001,0.1,2.0,1000.0,1000,0,0.0,0.0,0.0,0.0
0.3,0.0,0.001,1.0,0.1,10.0,1000,0,0.0,10.562957948264984,0.0,0.0
0.3,0.0,0.001,1.0,0.1,100.0,1000,0,0.0,0.0,0.0,0.0
0.3,0.0,0.001,1.0,0.1,1000.0,1000,0,0.0,0.0,0.0,0.0
0.3,0.0,0.001,1.0,0.5,10.0,1000,0,0.0,0.0,0.0,0.0
0.3,0.0,0.001,1.0,0.5,100.0,1000,0,0.0,0.0,0.0,0.0
0.3,0.0,0.001,1.0,0.5,1000.0,1000,0,0.0,0.0,0.0,0.0
0.3,0.0,0.001,1.0,1.0,10.0,1000,0,0.0,0.0,0.0,0.0
0.3,0.0,0.001,1.0,1.0,100.0,1000,0,0.0,0.0,0.0,0.0
0.3,0.0,0.001,1.0,1.0,1000.0,1000,0,0.0,0.0,0.0,0.0
0.3,0.0,0.001,1.0,1.5,10.0,1000,0,0.0,0.0,0.0,0.0
0.3,0.0,0.001,1.0,1.5,100.0,1000,0,0.0,0.0,0.0,0.0
0.3,0.0,0.001,1.0,1.5,1000.0,1000,0,0.0,0.0,0.0,0.0
0.3,0.0,0.001,1.0,2.0,10.0,1000,0,0.0,0.0,0.0,0.0
0.3,0.0,0.001,1.0,2.0,100.0,1000,0,0.0,0.0,0.0,0.0
0.3,0.0,0.001,1.0,2.0,1000.0,1000,0,0.0,0.0,0.0,0.0
0.3,1e-05,0.0003,1e-05,0.1,10.0,1000,0,0.0,0.0,0.0,0.0
0.3,1e-05,0.0003,1e-05,0.1,100.0,1000,0,0.0,0.0,0.0,0.0
0.3,1e-05,0.0003,1e-05,0.1,1000.0,1000,0,0.0,0.0,0.0,0.0
0.3,1e-05,0.0003,1e-05,0.5,10.0,1000,0,0.0,0.0,0.0,0.0
0.3,1e-05,0.0003,1e-05,0.5,100.0,1000,0,0.0,0.0,0.0,0.0
0.3,1e-05,0.0003,1e-05,0.5,1000.0,1000,0,0.0,0.0,0.0,0.0
0.3,1e-05,0.0003,1e-05,1.0,10.0,1000,0,0.0,0.0,0.0,0.0
0.3,1e-05,0.0003,1e-05,1.0,100.0,1000,0,0.0,0.0,0.0,0.0
0.3,1e-05,0.0003,1e-05,1.0,1000.0,1000,0,0.0,0.0,0.0,0.0
0.3,1e-05,0.0003,1e-05,1.5,10.0,1000,0,0.0,0.0,0.0,0.0
0.3,1e-05,0.0003,1e-05,1.5,100.0,1000,0,0.0,0.0,0.0,0.0
0.3,1e-05,0.0003,1e-05,1.5,1000.0,1000,0,0.0,0.0,0.0,0.0
0.3,1e-05,0.0003,1e-05,2.0,10.0,1000,0,0.0,0.0,0.0,0.0
0.3,1e-05,0.0003,1e-05,2.0,100.0,1000,0,0.0,0.0,0.0,0.0
0.3,1e-05,0.0003,1e-05,2.0,1000.0,1000,0,0.0,0.0,0.0,0.0
0.3,1e-05,0.0003,0.001,0.1,10.0,1000,0,0.0,0.0,0.0,0.0
0.3,1e-05,0.0003,0.001,0.1,100.0,1000,0,0.0,0.0,0.0,0.0
0.3,1e-05,0.0003,0.001,0.1,1000.0,1000,0,0.0,0.0,0.0,0.0
0.3,1e-05,0.0003,0.001,0.5,10.0,1000,0,0.0,0.0,0.0,0.0
0.3,1e-05,0.0003,0.001,0.5,100.0,1000,0,0.0,0.0,0.0,0.0
0.3,1e-05,0.0003,0.001,0.5,1000.0,1000,0,0.0,0.0,0.0,0.0
0.3,1e-05,0.0003,0.001,1.0,10.0,1000,0,0.0,0.0,0.0,0.0
0.3,1e-05,0.0003,0.001,1.0,100.0,1000,0,0.0,0.0,0.0,0.0
0.3,1e-05,0.0003,0.001,1.0,1000.0,1000,0,0.0,0.0,0.0,0.0
0.3,1e-05,0.0003,0.001,1.5,10.0,1000,0,0.0,0.0,0.0,0.0
0.3,1e-05,0.0003,0.001,1.5,100.0,1000,0,0.0,0.0,0.0,0.0
0.3,1e-05,0.0003,0.001,1.5,1000.0,1000,0,0.0,0.0,0.0,0.0
0.3,1e-05,0.0003,0.001,2.0,10.0,1000,0,0.0,0.0,0.0,0.0
0.3,1e-05,0.0003,0.001,2.0,100.0,1000,0,0.0,0.0,0.0,0.0
0.3,1e-05,0.0003,0.001,2.0,1000.0,1000,0,0.0,0.0,0.0,0.0
0.3,1e-05,0.0003,0.1,0.1,10.0,1000,0,0.0,0.0,0.0,0.0
0.3,1e-05,0.0003,0.1,0.1,100.0,1000,0,0.0,0.0,0.0,0.0
0.3,1e-05,0.0003,0.1,0.1,1000.0,1000,0,0.0,0.0,0.0,0.0
0.3,1e-05,0.0003,0.1,0.5,10.0,1000,0,0.0,0.0,0.0,0.0
0.3,1e-05,0.0003,0.1,0.5,100.0,1000,0,0.0,0.0,0.0,0.0
0.3,1e-05,0.0003,0.1,0.5,1000.0,1000,0,0.0,0.0,0.0,0.0
0.3,1e-05,0.0003,0.1,1.0,10.0,1000,0,0.0,0.0,0.0,0.0
0.3,1e-05,0.0003,0.1,1.0,100.0,1000,0,0.0,0.0,0.0,0.0
0.3,1e-05,0.0003,0.1,1.0,1000.0,1000,0,0.0,0.0,0.0,0.0
0.3,1e-05,0.0003,0.1,1.5,10.0,1000,0,0.0,0.0,0.0,0.0
0.3,1e-05,0.0003,0.1,1.5,100.0,1000,0,0.0,0.0,0.0,0.0
0.3,1e-05,0.0003,0.1,1.5,1000.0,1000,0,0.0,0.0,0.0,0.0
0.3,1e-05,0.0003,0.1,2.0,10.0,1000,0,0.0,0.0,0.0,0.0
0.3,1e-05,0.0003,0.1,2.0,100.0,1000,0,0.0,0.0,0.0,0.0
0.3,1e-05,0.0003,0.1,2.0,1000.0,1000,0,0.0,0.0,0.0,0.0
0.3,1e-05,0.0003,1.0,0.1,10.0,1000,0,0.0,0.0,0.0,0.0
0.3,1e-05,0.0003,1.0,0.1,100.0,1000,0,0.0,0.0,0.0,0.0
0.3,1e-05,0.0003,1.0,0.1,1000.0,1000,0,0.0,0.0,0.0,0.0
0.3,1e-05,0.0003,1.0,0.5,10.0,1000,0,0.0,0.0,0.0,0.0
0.3,1e-05,0.0003,1.0,0.5,100.0,1000,0,0.0,0.0,0.0,0.0
0.3,1e-05,0.0003,1.0,0.5,1000.0,1000,0,0.0,0.0,0.0,0.0
0.3,1e-05,0.0003,1.0,1.0,10.0,1000,0,0.0,0.0,0.0,0.0
0.3,1e-05,0.0003,1.0,1.0,100.0,1000,0,0.0,0.0,0.0,0.0
0.3,1e-05,0.0003,1.0,1.0,1000.0,1000,0,0.0,0.0,0.0,0.0
0.3,1e-05,0.0003,1.0,1.5,10.0,1000,0,0.0,0.0,0.0,0.0
0.3,1e-05,0.0003,1.0,1.5,100.0,1000,0,0.0,0.0,0.0,0.0
0.3,1e-05,0.0003,1.0,1.5,1000.0,1000,0,0.0,0.0,0.0,0.0
0.3,1e-05,0.0003,1.0,2.0,10.0,1000,0,0.0,0.0,0.0,0.0
0.3,1e-05,0.0003,1.0,2.0,100.0,1000,0,0.0,0.0,0.0,0.0
0.3,1e-05,0.0003,1.0,2.0,1000.0,1000,0,0.0,0.0,0.0,0.0
0.3,1e-05,0.0001,1e-05,0.1,10.0,1000,0,0.0,0.0,0.0,0.0
0.3,1e-05,0.0001,1e-05,0.1,100.0,1000,0,0.0,0.0,0.0,0.0
0.3,1e-05,0.0001,1e-05,0.1,1000.0,1000,0,0.0,0.0,0.0,0.0
0.3,1e-05,0.0001,1e-05,0.5,10.0,1000,0,0.0,0.0,0.0,0.0
0.3,1e-05,0.0001,1e-05,0.5,100.0,1000,0,0.0,0.0,0.0,0.0
0.3,1e-05,0.0001,1e-05,0.5,1000.0,1000,0,0.0,0.0,0.0,0.0
0.3,1e-05,0.0001,1e-05,1.0,10.0,1000,0,0.0,0.0,0.0,0.0
0.3,1e-05,0.0001,1e-05,1.0,100.0,1000,0,0.0,0.0,0.0,0.0
0.3,1e-05,0.0001,1e-05,1.0,1000.0,1000,0,0.0,0.0,0.0,0.0
0.3,1e-05,0.0001,1e-05,1.5,10.0,1000,0,0.0,0.0,0.0,0.0
0.3,1e-05,0.0001,1e-05,1.5,100.0,1000,0,0.0,0.0,0.0,0.0
0.3,1e-05,0.0001,1e-05,1.5,1000.0,1000,0,0.0,0.0,0.0,0.0
0.3,1e-05,0.0001,1e-05,2.0,10.0,1000,0,0.0,0.0,0.0,0.0
0.3,1e-05,0.0001,1e-05,2.0,100.0,1000,0,0.0,0.0,0.0,0.0
0.3,1e-05,0.0001,1e-05,2.0,1000.0,1000,0,0.0,0.0,0.0,0.0
0.3,1e-05,0.0001,0.001,0.1,10.0,1000,0,0.0,0.0,0.0,0.0
0.3,1e-05,0.0001,0.001,0.1,100.0,1000,0,0.0,0.0,0.0,0.0
0.3,1e-05,0.0001,0.001,0.1,1000.0,1000,0,0.0,0.0,0.0,0.0
0.3,1e-05,0.0001,0.001,0.5,10.0,1000,0,0.0,0.0,0.0,0.0
0.3,1e-05,0.0001,0.001,0.5,100.0,1000,0,0.0,0.0,0.0,0.0
0.3,1e-05,0.0001,0.001,0.5,1000.0,1000,0,0.0,0.0,0.0,0.0
0.3,1e-05,0.0001,0.001,1.0,10.0,1000,0,0.0,0.0,0.0,0.0
0.3,1e-05,0.0001,0.001,1.0,100.0,1000,0,0.0,0.0,0.0,0.0
0.3,1e-05,0.0001,0.001,1.0,1000.0,1000,0,0.0,0.0,0.0,0.0
0.3,1e-05,0.0001,0.001,1.5,10.0,1000,0,0.0,0.0,0.0,0.0
0.3,1e-05,0.0001,0.001,1.5,100.0,1000,0,0.0,0.0,0.0,0.0
0.3,1e-05,0.0001,0.001,1.5,1000.0,1000,0,0.0,0.0,0.0,0.0
0.3,1e-05,0.0001,0.001,2.0,10.0,1000,0,0.0,0.0,0.0,0.0
0.3,1e-05,0.0001,0.001,2.0,100.0,1000,0,0.0,0.0,0.0,0.0
0.3,1e-05,0.0001,0.001,2.0,1000.0,1000,0,0.0,0.0,0.0,0.0
0.3,1e-05,0.0001,0.1,0.1,10.0,1000,0,0.0,0.0,0.0,0.0
0.3,1e-05,0.0001,0.1,0.1,100.0,1000,0,0.0,0.0,0.0,0.0
0.3,1e-05,0.0001,0.1,0.1,1000.0,1000,0,0.0,0.0,0.0,0.0
0.3,1e-05,0.0001,0.1,0.5,10.0,1000,0,0.0,0.0,0.0,0.0
0.3,1e-05,0.0001,0.1,0.5,100.0,1000,0,0.0,0.0,0.0,0.0
0.3,1e-05,0.0001,0.1,0.5,1000.0,1000,0,0.0,0.0,0.0,0.0
0.3,1e-05,0.0001,0.1,1.0,10.0,1000,0,0.0,0.0,0.0,0.0
0.3,1e-05,0.0001,0.1,1.0,100.0,1000,0,0.0,0.0,0.0,0.0
0.3,1e-05,0.0001,0.1,1.0,1000.0,1000,0,0.0,0.0,0.0,0.0
0.3,1e-05,0.0001,0.1,1.5,10.0,1000,0,0.0,0.0,0.0,0.0
0.3,1e-05,0.0001,0.1,1.5,100.0,1000,0,0.0,0.0,0.0,0.0
0.3,1e-05,0.0001,0.1,1.5,1000.0,1000,0,0.0,0.0,0.0,0.0
0.3,1e-05,0.0001,0.1,2.0,10.0,1000,0,0.0,0.0,0.0,0.0
0.3,1e-05,0.0001,0.1,2.0,100.0,1000,0,0.0,0.0,0.0,0.0
0.3,1e-05,0.0001,0.1,2.0,1000.0,1000,0,0.0,0.0,0.0,0.0
0.3,1e-05,0.0001,1.0,0.1,10.0,1000,0,0.0,0.0,0.0,0.0
0.3,1e-05,0.0001,1.0,0.1,100.0,1000,0,0.0,0.0,0.0,0.0
0.3,1e-05,0.0001,1.0,0.1,1000.0,1000,0,0.0,0.0,0.0,0.0
0.3,1e-05,0.0001,1.0,0.5,10.0,1000,0,0.0,0.0,0.0,0.0
0.3,1e-05,0.0001,1.0,0.5,100.0,1000,0,0.0,0.0,0.0,0.0
0.3,1e-05,0.0001,1.0,0.5,1000.0,1000,0,0.0,0.0,0.0,0.0
0.3,1e-05,0.0001,1.0,1.0,10.0,1000,0,0.0,0.0,0.0,0.0
0.3,1e-05,0.0001,1.0,1.0,100.0,1000,0,0.0,0.0,0.0,0.0
0.3,1e-05,0.0001,1.0,1.0,1000.0,1000,0,0.0,0.0,0.0,0.0
0.3,1e-05,0.0001,1.0,1.5,10.0,1000,0,0.0,0.0,0.0,0.0
0.3,1e-05,0.0001,1.0,1.5,100.0,1000,0,0.0,0.0,0.0,0.0
0.3,1e-05,0.0001,1.0,1.5,1000.0,1000,0,0.0,0.0,0.0,0.0
0.3,1e-05,0.0001,1.0,2.0,10.0,1000,0,0.0,0.0,0.0,0.0
0.3,1e-05,0.0001,1.0,2.0,100.0,1000,0,0.0,0.0,0.0,0.0
0.3,1e-05,0.0001,1.0,2.0,1000.0,1000,0,0.0,0.0,0.0,0.0
0.3,1e-05,0.003,1e-05,0.1,10.0,1000,0,0.0,0.0,0.0,0.0
0.3,1e-05,0.003,1e-05,0.1,100.0,1000,0,0.0,0.0,0.0,0.0
0.3,1e-05,0.003,1e-05,0.1,1000.0,1000,0,0.0,0.0,0.0,0.0
0.3,1e-05,0.003,1e-05,0.5,10.0,1000,0,0.0,0.0,0.0,0.0
0.3,1e-05,0.003,1e-05,0.5,100.0,1000,0,0.0,0.0,0.0,0.0
0.3,1e-05,0.003,1e-05,0.5,1000.0,1000,0,0.0,0.0,0.0,0.0
0.3,1e-05,0.003,1e-05,1.0,10.0,1000,0,0.0,0.0,0.0,0.0
0.3,1e-05,0.003,1e-05,1.0,100.0,1000,0,0.0,0.0,0.0,0.0
0.3,1e-05,0.003,1e-05,1.0,1000.0,1000,0,0.0,0.0,0.0,0.0
0.3,1e-05,0.003,1e-05,1.5,10.0,1000,0,0.0,0.0,0.0,0.0
0.3,1e-05,0.003,1e-05,1.5,100.0,1000,0,0.0,0.0,0.0,0.0
0.3,1e-05,0.003,1e-05,1.5,1000.0,1000,0,0.0,0.0,0.0,0.0
0.3,1e-05,0.003,1e-05,2.0,10.0,1000,0,0.0,0.0,0.0,0.0
0.3,1e-05,0.003,1e-05,2.0,100.0,1000,0,0.0,0.0,0.0,0.0
0.3,1e-05,0.003,1e-05,2.0,1000.0,1000,0,0.0,0.0,0.0,0.0
0.3,1e-05,0.003,0.001,0.1,10.0,1000,0,0.0,0.0,0.0,0.0
0.3,1e-05,0.003,0.001,0.1,100.0,1000,0,0.0,0.0,0.0,0.0
0.3,1e-05,0.003,0.001,0.1,1000.0,1000,0,0.0,0.0,0.0,0.0
0.3,1e-05,0.003,0.001,0.5,10.0,1000,0,0.0,0.0,0.0,0.0
0.3,1e-05,0.003,0.001,0.5,100.0,1000,0,0.0,0.0,0.0,0.0
0.3,1e-05,0.003,0.001,0.5,1000.0,1000,0,0.0,0.0,0.0,0.0
0.3,1e-05,0.003,0.001,1.0,10.0,1000,0,0.0,0.0,0.0,0.0
0.3,1e-05,0.003,0.001,1.0,100.0,1000,0,0.0,0.0,0.0,0.0
0.3,1e-05,0.003,0.001,1.0,1000.0,1000,0,0.0,0.0,0.0,0.0
0.3,1e-05,0.003,0.001,1.5,10.0,1000,0,0.0,0.0,0.0,0.0
0.3,1e-05,0.003,0.001,1.5,100.0,1000,0,0.0,0.0,0.0,0.0
0.3,1e-05,0.003,0.001,1.5,1000.0,1000,0,0.0,0.0,0.0,0.0
0.3,1e-05,0.003,0.001,2.0,10.0,1000,0,0.0,0.0,0.0,0.0
0.3,1e-05,0.003,0.001,2.0,100.0,1000,0,0.0,0.0,0.0,0.0
0.3,1e-05,0.003,0.001,2.0,1000.0,1000,0,0.0,0.0,0.0,0.0
0.3,1e-05,0.003,0.1,0.1,10.0,1000,0,0.0,17.032514111589894,0.0,21.564793415724704
0.3,1e-05,0.003,0.1,0.1,100.0,1000,0,0.0,0.0,0.0,0.0
0.3,1e-05,0.003,0.1,0.1,1000.0,1000,0,0.0,0.0,0.0,0.0
0.3,1e-05,0.003,0.1,0.5,10.0,1000,0,0.0,8.787224700134638,0.0,0.0
0.3,1e-05,0.003,0.1,0.5,100.0,1000,0,0.0,0.0,0.0,0.0
0.3,1e-05,0.003,0.1,0.5,1000.0,1000,0,0.0,0.0,0.0,0.0
0.3,1e-05,0.003,0.1,1.0,10.0,1000,0,0.0,0.0,0.0,0.0
0.3,1e-05,0.003,0.1,1.0,100.0,1000,0,0.0,0.0,0.0,0.0
0.3,1e-05,0.003,0.1,1.0,1000.0,1000,0,0.0,0.0,0.0,0.0
0.3,1e-05,0.003,0.1,1.5,10.0,1000,0,0.0,0.0,0.0,0.0
0.3,1e-05,0.003,0.1,1.5,100.0,1000,0,0.0,0.0,0.0,0.0
0.3,1e-05,0.003,0.1,1.5,1000.0,1000,0,0.0,0.0,0.0,0.0
0.3,1e-05,0.003,0.1,2.0,10.0,1000,0,0.0,0.0,0.0,0.0
0.3,1e-05,0.003,0.1,2.0,100.0,1000,0,0.0,0.0,0.0,0.0
0.3,1e-05,0.003,0.1,2.0,1000.0,1000,0,0.0,0.0,0.0,0.0
0.3,1e-05,0.003,1.0,0.1,10.0,1000,0,0.0,3.558011388301906,0.0,5.550358262273611
0.3,1e-05,0.003,1.0,0.1,100.0,1000,0,0.0,2.7463303036302213,0.0,2.080034368590092
0.3,1e-05,0.003,1.0,0.1,1000.0,1000,0,0.0,1.8435079335417086,0.0,0.0
0.3,1e-05,0.003,1.0,0.5,10.0,1000,0,0.0,2.7862328621073034,0.0,1.224433067100374
0.3,1e-05,0.003,1.0,0.5,100.0,1000,0,0.0,3.817113849441669,0.0,0.0
0.3,1e-05,0.003,1.0,0.5,1000.0,1000,0,0.0,0.0,0.0,0.0
0.3,1e-05,0.003,1.0,1.0,10.0,1000,0,0.0,2.7799334501701267,0.0,0.4797754259774236
0.3,1e-05,0.003,1.0,1.0,100.0,1000,0,0.0,0.0,0.0,0.0
0.3,1e-05,0.003,1.0,1.0,1000.0,1000,0,0.0,0.0,0.0,0.0
0.3,1e-05,0.003,1.0,1.5,10.0,1000,0,0.0,3.902617432794881,0.0,0.0
0.3,1e-05,0.003,1.0,1.5,100.0,1000,0,0.0,0.0,0.0,0.0
0.3,1e-05,0.003,1.0,1.5,1000.0,1000,0,0.0,0.0,0.0,0.0
0.3,1e-05,0.003,1.0,2.0,10.0,1000,0,0.0,0.0,0.0,0.0
0.3,1e-05,0.003,1.0,2.0,100.0,1000,0,0.0,0.0,0.0,0.0
0.3,1e-05,0.003,1.0,2.0,1000.0,1000,0,0.0,0.0,0.0,0.0
0.3,1e-05,0.001,1e-05,0.1,10.0,1000,0,0.0,0.0,0.0,0.0
0.3,1e-05,0.001,1e-05,0.1,100.0,1000,0,0.0,0.0,0.0,0.0
0.3,1e-05,0.001,1e-05,0.1,1000.0,1000,0,0.0,0.0,0.0,0.0
0.3,1e-05,0.001,1e-05,0.5,10.0,1000,0,0.0,0.0,0.0,0.0
0.3,1e-05,0.001,1e-05,0.5,100.0,1000,0,0.0,0.0,0.0,0.0
0.3,1e-05,0.001,1e-05,0.5,1000.0,1000,0,0.0,0.0,0.0,0.0
0.3,1e-05,0.001,1e-05,1.0,10.0,1000,0,0.0,0.0,0.0,0.0
0.3,1e-05,0.001,1e-05,1.0,100.0,1000,0,0.0,0.0,0.0,0.0
0.3,1e-05,0.001,1e-05,1.0,1000.0,1000,0,0.0,0.0,0.0,0.0
0.3,1e-05,0.001,1e-05,1.5,10.0,1000,0,0.0,0.0,0.0,0.0
0.3,1e-05,0.001,1e-05,1.5,100.0,1000,0,0.0,0.0,0.0,0.0
0.3,1e-05,0.001,1e-05,1.5,1000.0,1000,0,0.0,0.0,0.0,0.0
0.3,1e-05,0.001,1e-05,2.0,10.0,1000,0,0.0,0.0,0.0,0.0
0.3,1e-05,0.001,1e-05,2.0,100.0,1000,0,0.0,0.0,0.0,0.0
0.3,1e-05,0.001,1e-05,2.0,1000.0,1000,0,0.0,0.0,0.0,0.0
0.3,1e-05,0.001,0.001,0.1,10.0,1000,0,0.0,0.0,0.0,0.0
0.3,1e-05,0.001,0.001,0.1,100.0,1000,0,0.0,0.0,0.0,0.0
0.3,1e-05,0.001,0.001,0.1,1000.0,1000,0,0.0,0.0,0.0,0.0
0.3,1e-05,0.001,0.001,0.5,10.0,1000,0,0.0,0.0,0.0,0.0
0.3,1e-05,0.001,0.001,0.5,100.0,1000,0,0.0,0.0,0.0,0.0
0.3,1e-05,0.001,0.001,0.5,1000.0,1000,0,0.0,0.0,0.0,0.0
0.3,1e-05,0.001,0.001,1.0,10.0,1000,0,0.0,0.0,0.0,0.0
0.3,1e-05,0.001,0.001,1.0,100.0,1000,0,0.0,0.0,0.0,0.0
0.3,1e-05,0.001,0.001,1.0,1000.0,1000,0,0.0,0.0,0.0,0.0
0.3,1e-05,0.001,0.001,1.5,10.0,1000,0,0.0,0.0,0.0,0.0
0.3,1e-05,0.001,0.001,1.5,100.0,1000,0,0.0,0.0,0.0,0.0
0.3,1e-05,0.001,0.001,1.5,1000.0,1000,0,0.0,0.0,0.0,0.0
0.3,1e-05,0.001,0.001,2.0,10.0,1000,0,0.0,0.0,0.0,0.0
0.3,1e-05,0.001,0.001,2.0,100.0,1000,0,0.0,0.0,0.0,0.0
0.3,1e-05,0.001,0.001,2.0,1000.0,1000,0,0.0,0.0,0.0,0.0
0.3,1e-05,0.001,0.1,0.1,10.0,1000,0,0.0,0.0,0.0,0.0
0.3,1e-05,0.001,0.1,0.1,100.0,1000,0,0.0,0.0,0.0,0.0
0.3,1e-05,0.001,0.1,0.1,1000.0,1000,0,0.0,0.0,0.0,0.0
0.3,1e-05,0.001,0.1,0.5,10.0,1000,0,0.0,0.0,0.0,0.0
0.3,1e-05,0.001,0.1,0.5,100.0,1000,0,0.0,0.0,0.0,0.0
0.3,1e-05,0.001,0.1,0.5,1000.0,1000,0,0.0,0.0,0.0,0.0
0.3,1e-05,0.001,0.1,1.0,10.0,1000,0,0.0,0.0,0.0,0.0
0.3,1e-05,0.001,0.1,1.0,100.0,1000,0,0.0,0.0,0.0,0.0
0.3,1e-05,0.001,0.1,1.0,1000.0,1000,0,0.0,0.0,0.0,0.0
0.3,1e-05,0.001,0.1,1.5,10.0,1000,0,0.0,0.0,0.0,0.0
0.3,1e-05,0.001,0.1,1.5,100.0,1000,0,0.0,0.0,0.0,0.0
0.3,1e-05,0.001,0.1,1.5,1000.0,1000,0,0.0,0.0,0.0,0.0
0.3,1e-05,0.001,0.1,2.0,10.0,1000,0,0.0,0.0,0.0,0.0
0.3,1e-05,0.001,0.1,2.0,100.0,1000,0,0.0,0.0,0.0,0.0
0.3,1e-05,0.001,0.1,2.0,1000.0,1000,0,0.0,0.0,0.0,0.0
0.3,1e-05,0.001,1.0,0.1,10.0,1000,0,0.0,0.0,0.0,0.0
0.3,1e-05,0.001,1.0,0.1,100.0,1000,0,0.0,0.0,0.0,0.0
0.3,1e-05,0.001,1.0,0.1,1000.0,1000,0,0.0,0.0,0.0,0.0
0.3,1e-05,0.001,1.0,0.5,10.0,1000,0,0.0,12.277060232660212,0.0,0.0
0.3,1e-05,0.001,1.0,0.5,100.0,1000,0,0.0,0.0,0.0,0.0
0.3,1e-05,0.001,1.0,0.5,1000.0,1000,0,0.0,0.0,0.0,0.0
0.3,1e-05,0.001,1.0,1.0,10.0,1000,0,0.0,0.0,0.0,0.0
0.3,1e-05,0.001,1.0,1.0,100.0,1000,0,0.0,0.0,0.0,0.0
0.3,1e-05,0.001,1.0,1.0,1000.0,1000,0,0.0,0.0,0.0,0.0
0.3,1e-05,0.001,1.0,1.5,10.0,1000,0,0.0,0.0,0.0,0.0
0.3,1e-05,0.001,1.0,1.5,100.0,1000,0,0.0,0.0,0.0,0.0
0.3,1e-05,0.001,1.0,1.5,1000.0,1000,0,0.0,0.0,0.0,0.0
0.3,1e-05,0.001,1.0,2.0,10.0,1000,0,0.0,0.0,0.0,0.0
0.3,1e-05,0.001,1.0,2.0,100.0,1000,0,0.0,0.0,0.0,0.0
0.3,1e-05,0.001,1.0,2.0,1000.0,1000,0,0.0,0.0,0.0,0.0
0.3,0.0001,0.0003,1e-05,0.1,10.0,1000,0,0.0,0.0,0.0,0.0
0.3,0.0001,0.0003,1e-05,0.1,100.0,1000,0,0.0,0.0,0.0,0.0
0.3,0.0001,0.0003,1e-05,0.1,1000.0,1000,0,0.0,0.0,0.0,0.0
0.3,0.0001,0.0003,1e-05,0.5,10.0,1000,0,0.0,0.0,0.0,0.0
0.3,0.0001,0.0003,1e-05,0.5,100.0,1000,0,0.0,0.0,0.0,0.0
0.3,0.0001,0.0003,1e-05,0.5,1000.0,1000,0,0.0,0.0,0.0,0.0
0.3,0.0001,0.0003,1e-05,1.0,10.0,1000,0,0.0,0.0,0.0,0.0
0.3,0.0001,0.0003,1e-05,1.0,100.0,1000,0,0.0,0.0,0.0,0.0
0.3,0.0001,0.0003,1e-05,1.0,1000.0,1000,0,0.0,0.0,0.0,0.0
0.3,0.0001,0.0003,1e-05,1.5,10.0,1000,0,0.0,0.0,0.0,0.0
0.3,0.0001,0.0003,1e-05,1.5,100.0,1000,0,0.0,0.0,0.0,0.0
0.3,0.0001,0.0003,1e-05,1.5,1000.0,1000,0,0.0,0.0,0.0,0.0
0.3,0.0001,0.0003,1e-05,2.0,10.0,1000,0,0.0,0.0,0.0,0.0
0.3,0.0001,0.0003,1e-05,2.0,100.0,1000,0,0.0,0.0,0.0,0.0
0.3,0.0001,0.0003,1e-05,2.0,1000.0,1000,0,0.0,0.0,0.0,0.0
0.3,0.0001,0.0003,0.001,0.1,10.0,1000,0,0.0,0.0,0.0,0.0
0.3,0.0001,0.0003,0.001,0.1,100.0,1000,0,0.0,0.0,0.0,0.0
0.3,0.0001,0.0003,0.001,0.1,1000.0,1000,0,0.0,0.0,0.0,0.0
0.3,0.0001,0.0003,0.001,0.5,10.0,1000,0,0.0,0.0,0.0,0.0
0.3,0.0001,0.0003,0.001,0.5,100.0,1000,0,0.0,0.0,0.0,0.0
0.3,0.0001,0.0003,0.001,0.5,1000.0,1000,0,0.0,0.0,0.0,0.0
0.3,0.0001,0.0003,0.001,1.0,10.0,1000,0,0.0,0.0,0.0,0.0
0.3,0.0001,0.0003,0.001,1.0,100.0,1000,0,0.0,0.0,0.0,0.0
0.3,0.0001,0.0003,0.001,1.0,1000.0,1000,0,0.0,0.0,0.0,0.0
0.3,0.0001,0.0003,0.001,1.5,10.0,1000,0,0.0,0.0,0.0,0.0
0.3,0.0001,0.0003,0.001,1.5,100.0,1000,0,0.0,0.0,0.0,0.0
0.3,0.0001,0.0003,0.001,1.5,1000.0,1000,0,0.0,0.0,0.0,0.0
0.3,0.0001,0.0003,0.001,2.0,10.0,1000,0,0.0,0.0,0.0,0.0
0.3,0.0001,0.0003,0.001,2.0,100.0,1000,0,0.0,0.0,0.0,0.0
0.3,0.0001,0.0003,0.001,2.0,1000.0,1000,0,0.0,0.0,0.0,0.0
0.3,0.0001,0.0003,0.1,0.1,10.0,1000,0,0.0,0.0,0.0,0.0
0.3,0.0001,0.0003,0.1,0.1,100.0,1000,0,0.0,0.0,0.0,0.0
0.3,0.0001,0.0003,0.1,0.1,1000.0,1000,0,0.0,0.0,0.0,0.0
0.3,0.0001,0.0003,0.1,0.5,10.0,1000,0,0.0,0.0,0.0,0.0
0.3,0.0001,0.0003,0.1,0.5,100.0,1000,0,0.0,0.0,0.0,0.0
0.3,0.0001,0.0003,0.1,0.5,1000.0,1000,0,0.0,0.0,0.0,0.0
0.3,0.0001,0.0003,0.1,1.0,10.0,1000,0,0.0,0.0,0.0,0.0
0.3,0.0001,0.0003,0.1,1.0,100.0,1000,0,0.0,0.0,0.0,0.0
0.3,0.0001,0.0003,0.1,1.0,1000.0,1000,0,0.0,0.0,0.0,0.0
0.3,0.0001,0.0003,0.1,1.5,10.0,1000,0,0.0,0.0,0.0,0.0
0.3,0.0001,0.0003,0.1,1.5,100.0,1000,0,0.0,0.0,0.0,0.0
0.3,0.0001,0.0003,0.1,1.5,1000.0,1000,0,0.0,0.0,0.0,0.0
0.3,0.0001,0.0003,0.1,2.0,10.0,1000,0,0.0,0.0,0.0,0.0
0.3,0.0001,0.0003,0.1,2.0,100.0,1000,0,0.0,0.0,0.0,0.0
0.3,0.0001,0.0003,0.1,2.0,1000.0,1000,0,0.0,0.0,0.0,0.0
0.3,0.0001,0.0003,1.0,0.1,10.0,1000,0,0.0,0.0,0.0,0.0
0.3,0.0001,0.0003,1.0,0.1,100.0,1000,0,0.0,0.0,0.0,0.0
0.3,0.0001,0.0003,1.0,0.1,1000.0,1000,0,0.0,0.0,0.0,0.0
0.3,0.0001,0.0003,1.0,0.5,10.0,1000,0,0.0,0.0,0.0,0.0
0.3,0.0001,0.0003,1.0,0.5,100.0,1000,0,0.0,0.0,0.0,0.0
0.3,0.0001,0.0003,1.0,0.5,1000.0,1000,0,0.0,0.0,0.0,0.0
0.3,0.0001,0.0003,1.0,1.0,10.0,1000,0,0.0,0.0,0.0,0.0
0.3,0.0001,0.0003,1.0,1.0,100.0,1000,0,0.0,0.0,0.0,0.0
0.3,0.0001,0.0003,1.0,1.0,1000.0,1000,0,0.0,0.0,0.0,0.0
0.3,0.0001,0.0003,1.0,1.5,10.0,1000,0,0.0,0.0,0.0,0.0
0.3,0.0001,0.0003,1.0,1.5,100.0,999,1,0.7466367713004485,82.64038434975956,0.0,0.0
0.3,0.0001,0.0003,1.0,1.5,1000.0,1000,0,0.0,0.0,0.0,0.0
0.3,0.0001,0.0003,1.0,2.0,10.0,1000,0,0.0,0.0,0.0,0.0
0.3,0.0001,0.0003,1.0,2.0,100.0,1000,0,0.0,0.0,0.0,0.0
0.3,0.0001,0.0003,1.0,2.0,1000.0,1000,0,0.0,0.0,0.0,0.0
0.3,0.0001,0.0001,1e-05,0.1,10.0,1000,0,0.0,0.0,0.0,0.0
0.3,0.0001,0.0001,1e-05,0.1,100.0,1000,0,0.0,0.0,0.0,0.0
0.3,0.0001,0.0001,1e-05,0.1,1000.0,1000,0,0.0,0.0,0.0,0.0
0.3,0.0001,0.0001,1e-05,0.5,10.0,1000,0,0.0,0.0,0.0,0.0
0.3,0.0001,0.0001,1e-05,0.5,100.0,1000,0,0.0,0.0,0.0,0.0
0.3,0.0001,0.0001,1e-05,0.5,1000.0,1000,0,0.0,0.0,0.0,0.0
0.3,0.0001,0.0001,1e-05,1.0,10.0,1000,0,0.0,0.0,0.0,0.0
0.3,0.0001,0.0001,1e-05,1.0,100.0,1000,0,0.0,0.0,0.0,0.0
0.3,0.0001,0.0001,1e-05,1.0,1000.0,1000,0,0.0,0.0,0.0,0.0
0.3,0.0001,0.0001,1e-05,1.5,10.0,1000,0,0.0,0.0,0.0,0.0
0.3,0.0001,0.0001,1e-05,1.5,100.0,1000,0,0.0,0.0,0.0,0.0
0.3,0.0001,0.0001,1e-05,1.5,1000.0,1000,0,0.0,0.0,0.0,0.0
0.3,0.0001,0.0001,1e-05,2.0,10.0,1000,0,0.0,0.0,0.0,0.0
0.3,0.0001,0.0001,1e-05,2.0,100.0,1000,0,0.0,0.0,0.0,0.0
0.3,0.0001,0.0001,1e-05,2.0,1000.0,1000,0,0.0,0.0,0.0,0.0
0.3,0.0001,0.0001,0.001,0.1,10.0,1000,0,0.0,0.0,0.0,0.0
0.3,0.0001,0.0001,0.001,0.1,100.0,1000,0,0.0,0.0,0.0,0.0
0.3,0.0001,0.0001,0.001,0.1,1000.0,1000,0,0.0,0.0,0.0,0.0
0.3,0.0001,0.0001,0.001,0.5,10.0,1000,0,0.0,0.0,0.0,0.0
0.3,0.0001,0.0001,0.001,0.5,100.0,1000,0,0.0,0.0,0.0,0.0
0.3,0.0001,0.0001,0.001,0.5,1000.0,1000,0,0.0,0.0,0.0,0.0
0.3,0.0001,0.0001,0.001,1.0,10.0,1000,0,0.0,0.0,0.0,0.0
0.3,0.0001,0.0001,0.001,1.0,100.0,1000,0,0.0,0.0,0.0,0.0
0.3,0.0001,0.0001,0.001,1.0,1000.0,1000,0,0.0,0.0,0.0,0.0
0.3,0.0001,0.0001,0.001,1.5,10.0,1000,0,0.0,0.0,0.0,0.0
0.3,0.0001,0.0001,0.001,1.5,100.0,1000,0,0.0,0.0,0.0,0.0
0.3,0.0001,0.0001,0.001,1.5,1000.0,1000,0,0.0,0.0,0.0,0.0
0.3,0.0001,0.0001,0.001,2.0,10.0,1000,0,0.0,0.0,0.0,0.0
0.3,0.0001,0.0001,0.001,2.0,100.0,1000,0,0.0,0.0,0.0,0.0
0.3,0.0001,0.0001,0.001,2.0,1000.0,1000,0,0.0,0.0,0.0,0.0
0.3,0.0001,0.0001,0.1,0.1,10.0,1000,0,0.0,0.0,0.0,0.0
0.3,0.0001,0.0001,0.1,0.1,100.0,1000,0,0.0,0.0,0.0,0.0
0.3,0.0001,0.0001,0.1,0.1,1000.0,1000,0,0.0,0.0,0.0,0.0
0.3,0.0001,0.0001,0.1,0.5,10.0,1000,0,0.0,0.0,0.0,0.0
0.3,0.0001,0.0001,0.1,0.5,100.0,1000,0,0.0,0.0,0.0,0.0
0.3,0.0001,0.0001,0.1,0.5,1000.0,1000,0,0.0,0.0,0.0,0.0
0.3,0.0001,0.0001,0.1,1.0,10.0,1000,0,0.0,0.0,0.0,0.0
0.3,0.0001,0.0001,0.1,1.0,100.0,1000,0,0.0,0.0,0.0,0.0
0.3,0.0001,0.0001,0.1,1.0,1000.0,1000,0,0.0,0.0,0.0,0.0
0.3,0.0001,0.0001,0.1,1.5,10.0,1000,0,0.0,0.0,0.0,0.0
0.3,0.0001,0.0001,0.1,1.5,100.0,1000,0,0.0,0.0,0.0,0.0
0.3,0.0001,0.0001,0.1,1.5,1000.0,1000,0,0.0,0.0,0.0,0.0
0.3,0.0001,0.0001,0.1,2.0,10.0,1000,0,0.0,0.0,0.0,0.0
0.3,0.0001,0.0001,0.1,2.0,100.0,1000,0,0.0,0.0,0.0,0.0
0.3,0.0001,0.0001,0.1,2.0,1000.0,1000,0,0.0,0.0,0.0,0.0
0.3,0.0001,0.0001,1.0,0.1,10.0,1000,0,0.0,0.0,0.0,0.0
0.3,0.0001,0.0001,1.0,0.1,100.0,1000,0,0.0,0.0,0.0,0.0
0.3,0.0001,0.0001,1.0,0.1,1000.0,1000,0,0.0,0.0,0.0,0.0
0.3,0.0001,0.0001,1.0,0.5,10.0,1000,0,0.0,0.0,0.0,0.0
0.3,0.0001,0.0001,1.0,0.5,100.0,1000,0,0.0,0.0,0.0,0.0
0.3,0.0001,0.0001,1.0,0.5,1000.0,1000,0,0.0,0.0,0.0,0.0
0.3,0.0001,0.0001,1.0,1.0,10.0,1000,0,0.0,0.0,0.0,0.0
0.3,0.0001,0.0001,1.0,1.0,100.0,1000,0,0.0,0.0,0.0,0.0
0.3,0.0001,0.0001,1.0,1.0,1000.0,1000,0,0.0,0.0,0.0,0.0
0.3,0.0001,0.0001,1.0,1.5,10.0,999,1,0.7649863760217984,25.614314594365574,0.0,0.0
0.3,0.0001,0.0001,1.0,1.5,100.0,1000,0,0.0,0.0,0.0,0.0
0.3,0.0001,0.0001,1.0,1.5,1000.0,1000,0,0.0,0.0,0.0,0.0
0.3,0.0001,0.0001,1.0,2.0,10.0,1000,0,0.0,0.0,0.0,0.0
0.3,0.0001,0.0001,1.0,2.0,100.0,1000,0,0.0,0.0,0.0,0.0
0.3,0.0001,0.0001,1.0,2.0,1000.0,1000,0,0.0,0.0,0.0,0.0
0.3,0.0001,0.003,1e-05,0.1,10.0,1000,0,0.0,0.0,0.0,0.0
0.3,0.0001,0.003,1e-05,0.1,100.0,1000,0,0.0,0.0,0.0,0.0
0.3,0.0001,0.003,1e-05,0.1,1000.0,1000,0,0.0,0.0,0.0,0.0
0.3,0.0001,0.003,1e-05,0.5,10.0,1000,0,0.0,0.0,0.0,0.0
0.3,0.0001,0.003,1e-05,0.5,100.0,1000,0,0.0,0.0,0.0,0.0
0.3,0.0001,0.003,1e-05,0.5,1000.0,1000,0,0.0,0.0,0.0,0.0
0.3,0.0001,0.003,1e-05,1.0,10.0,1000,0,0.0,0.0,0.0,0.0
0.3,0.0001,0.003,1e-05,1.0,100.0,1000,0,0.0,0.0,0.0,0.0
0.3,0.0001,0.003,1e-05,1.0,1000.0,1000,0,0.0,0.0,0.0,0.0
0.3,0.0001,0.003,1e-05,1.5,10.0,1000,0,0.0,0.0,0.0,0.0
0.3,0.0001,0.003,1e-05,1.5,100.0,1000,0,0.0,0.0,0.0,0.0
0.3,0.0001,0.003,1e-05,1.5,1000.0,1000,0,0.0,0.0,0.0,0.0
0.3,0.0001,0.003,1e-05,2.0,10.0,1000,0,0.0,0.0,0.0,0.0
0.3,0.0001,0.003,1e-05,2.0,100.0,1000,0,0.0,0.0,0.0,0.0
0.3,0.0001,0.003,1e-05,2.0,1000.0,1000,0,0.0,0.0,0.0,0.0
0.3,0.0001,0.003,0.001,0.1,10.0,1000,0,0.0,0.0,0.0,0.0
0.3,0.0001,0.003,0.001,0.1,100.0,1000,0,0.0,0.0,0.0,0.0
0.3,0.0001,0.003,0.001,0.1,1000.0,1000,0,0.0,0.0,0.0,0.0
0.3,0.0001,0.003,0.001,0.5,10.0,1000,0,0.0,0.0,0.0,0.0
0.3,0.0001,0.003,0.001,0.5,100.0,1000,0,0.0,0.0,0.0,0.0
0.3,0.0001,0.003,0.001,0.5,1000.0,1000,0,0.0,0.0,0.0,0.0
0.3,0.0001,0.003,0.001,1.0,10.0,1000,0,0.0,0.0,0.0,0.0
0.3,0.0001,0.003,0.001,1.0,100.0,1000,0,0.0,0.0,0.0,0.0
0.3,0.0001,0.003,0.001,1.0,1000.0,1000,0,0.0,0.0,0.0,0.0
0.3,0.0001,0.003,0.001,1.5,10.0,1000,0,0.0,0.0,0.0,0.0
0.3,0.0001,0.003,0.001,1.5,100.0,1000,0,0.0,0.0,0.0,0.0
0.3,0.0001,0.003,0.001,1.5,1000.0,1000,0,0.0,0.0,0.0,0.0
0.3,0.0001,0.003,0.001,2.0,10.0,1000,0,0.0,0.0,0.0,0.0
0.3,0.0001,0.003,0.001,2.0,100.0,1000,0,0.0,0.0,0.0,0.0
0.3,0.0001,0.003,0.001,2.0,1000.0,1000,0,0.0,0.0,0.0,0.0
0.3,0.0001,0.003,0.1,0.1,10.0,1000,0,0.0,14.034698483634413,0.0,42.008126131239166
0.3,0.0001,0.003,0.1,0.1,100.0,1000,0,0.0,6.298687337976596,0.0,0.0
0.3,0.0001,0.003,0.1,0.1,1000.0,1000,0,0.0,0.0,0.0,0.0
0.3,0.0001,0.003,0.1,0.5,10.0,1000,0,0.0,17.654882363920354,0.0,0.0
0.3,0.0001,0.003,0.1,0.5,100.0,1000,0,0.0,0.0,0.0,0.0
0.3,0.0001,0.003,0.1,0.5,1000.0,1000,0,0.0,0.0,0.0,0.0
0.3,0.0001,0.003,0.1,1.0,10.0,1000,0,0.0,0.0,0.0,0.0
0.3,0.0001,0.003,0.1,1.0,100.0,1000,0,0.0,0.0,0.0,0.0
0.3,0.0001,0.003,0.1,1.0,1000.0,1000,0,0.0,0.0,0.0,0.0
0.3,0.0001,0.003,0.1,1.5,10.0,1000,0,0.0,0.0,0.0,0.0
0.3,0.0001,0.003,0.1,1.5,100.0,1000,0,0.0,0.0,0.0,0.0
0.3,0.0001,0.003,0.1,1.5,1000.0,1000,0,0.0,0.0,0.0,0.0
0.3,0.0001,0.003,0.1,2.0,10.0,1000,0,0.0,0.0,0.0,0.0
0.3,0.0001,0.003,0.1,2.0,100.0,1000,0,0.0,0.0,0.0,0.0
0.3,0.0001,0.003,0.1,2.0,1000.0,1000,0,0.0,0.0,0.0,0.0
0.3,0.0001,0.003,1.0,0.1,10.0,1000,0,0.0,4.378278963605388,0.0,17.692055617237884
0.3,0.0001,0.003,1.0,0.1,100.0,1000,0,0.0,8.11539395906381,0.0,312.29962556353934
0.3,0.0001,0.003,1.0,0.1,1000.0,1000,0,0.0,16.076588033998934,0.0,185.9480982671809
0.3,0.0001,0.003,1.0,0.5,10.0,1000,0,0.0,4.034358270608676,0.0,5.751211584990383
0.3,0.0001,0.003,1.0,0.5,100.0,1000,0,0.0,19.372331334844855,0.0,0.0
0.3,0.0001,0.003,1.0,0.5,1000.0,1000,0,0.0,0.0,0.0,0.0
0.3,0.0001,0.003,1.0,1.0,10.0,1000,0,0.0,9.403132514760765,0.0,104.79122896672595
0.3,0.0001,0.003,1.0,1.0,100.0,1000,0,0.0,0.0,0.0,0.0
0.3,0.0001,0.003,1.0,1.0,1000.0,1000,0,0.0,0.0,0.0,0.0
0.3,0.0001,0.003,1.0,1.5,10.0,1000,0,0.0,0.0,0.0,0.0
0.3,0.0001,0.003,1.0,1.5,100.0,1000,0,0.0,50.819999143166335,0.0,40.287874901376185
0.3,0.0001,0.003,1.0,1.5,1000.0,1000,0,0.0,0.0,0.0,0.0
0.3,0.0001,0.003,1.0,2.0,10.0,1000,0,0.0,0.0,0.0,0.0
0.3,0.0001,0.003,1.0,2.0,100.0,1000,0,0.0,0.0,0.0,0.0
0.3,0.0001,0.003,1.0,2.0,1000.0,1000,0,0.0,0.0,0.0,0.0
0.3,0.0001,0.001,1e-05,0.1,10.0,1000,0,0.0,0.0,0.0,0.0
0.3,0.0001,0.001,1e-05,0.1,100.0,1000,0,0.0,0.0,0.0,0.0
0.3,0.0001,0.001,1e-05,0.1,1000.0,1000,0,0.0,0.0,0.0,0.0
0.3,0.0001,0.001,1e-05,0.5,10.0,1000,0,0.0,0.0,0.0,0.0
0.3,0.0001,0.001,1e-05,0.5,100.0,1000,0,0.0,0.0,0.0,0.0
0.3,0.0001,0.001,1e-05,0.5,1000.0,1000,0,0.0,0.0,0.0,0.0
0.3,0.0001,0.001,1e-05,1.0,10.0,1000,0,0.0,0.0,0.0,0.0
0.3,0.0001,0.001,1e-05,1.0,100.0,1000,0,0.0,0.0,0.0,0.0
0.3,0.0001,0.001,1e-05,1.0,1000.0,1000,0,0.0,0.0,0.0,0.0
0.3,0.0001,0.001,1e-05,1.5,10.0,1000,0,0.0,0.0,0.0,0.0
0.3,0.0001,0.001,1e-05,1.5,100.0,1000,0,0.0,0.0,0.0,0.0
0.3,0.0001,0.001,1e-05,1.5,1000.0,1000,0,0.0,0.0,0.0,0.0
0.3,0.0001,0.001,1e-05,2.0,10.0,1000,0,0.0,0.0,0.0,0.0
0.3,0.0001,0.001,1e-05,2.0,100.0,1000,0,0.0,0.0,0.0,0.0
0.3,0.0001,0.001,1e-05,2.0,1000.0,1000,0,0.0,0.0,0.0,0.0
0.3,0.0001,0.001,0.001,0.1,10.0,1000,0,0.0,0.0,0.0,0.0
0.3,0.0001,0.001,0.001,0.1,100.0,1000,0,0.0,0.0,0.0,0.0
0.3,0.0001,0.001,0.001,0.1,1000.0,1000,0,0.0,0.0,0.0,0.0
0.3,0.0001,0.001,0.001,0.5,10.0,1000,0,0.0,0.0,0.0,0.0
0.3,0.0001,0.001,0.001,0.5,100.0,1000,0,0.0,0.0,0.0,0.0
0.3,0.0001,0.001,0.001,0.5,1000.0,1000,0,0.0,0.0,0.0,0.0
0.3,0.0001,0.001,0.001,1.0,10.0,1000,0,0.0,0.0,0.0,0.0
0.3,0.0001,0.001,0.001,1.0,100.0,1000,0,0.0,0.0,0.0,0.0
0.3,0.0001,0.001,0.001,1.0,1000.0,1000,0,0.0,0.0,0.0,0.0
0.3,0.0001,0.001,0.001,1.5,10.0,1000,0,0.0,0.0,0.0,0.0
0.3,0.0001,0.001,0.001,1.5,100.0,1000,0,0.0,0.0,0.0,0.0
0.3,0.0001,0.001,0.001,1.5,1000.0,1000,0,0.0,0.0,0.0,0.0
0.3,0.0001,0.001,0.001,2.0,10.0,1000,0,0.0,0.0,0.0,0.0
0.3,0.0001,0.001,0.001,2.0,100.0,1000,0,0.0,0.0,0.0,0.0
0.3,0.0001,0.001,0.001,2.0,1000.0,1000,0,0.0,0.0,0.0,0.0
0.3,0.0001,0.001,0.1,0.1,10.0,1000,0,0.0,0.0,0.0,0.0
0.3,0.0001,0.001,0.1,0.1,100.0,1000,0,0.0,0.0,0.0,0.0
0.3,0.0001,0.001,0.1,0.1,1000.0,1000,0,0.0,0.0,0.0,0.0
0.3,0.0001,0.001,0.1,0.5,10.0,1000,0,0.0,0.0,0.0,0.0
0.3,0.0001,0.001,0.1,0.5,100.0,1000,0,0.0,0.0,0.0,0.0
0.3,0.0001,0.001,0.1,0.5,1000.0,1000,0,0.0,0.0,0.0,0.0
0.3,0.0001,0.001,0.1,1.0,10.0,1000,0,0.0,0.0,0.0,0.0
0.3,0.0001,0.001,0.1,1.0,100.0,1000,0,0.0,0.0,0.0,0.0
0.3,0.0001,0.001,0.1,1.0,1000.0,1000,0,0.0,0.0,0.0,0.0
0.3,0.0001,0.001,0.1,1.5,10.0,1000,0,0.0,0.0,0.0,0.0
0.3,0.0001,0.001,0.1,1.5,100.0,1000,0,0.0,0.0,0.0,0.0
0.3,0.0001,0.001,0.1,1.5,1000.0,1000,0,0.0,0.0,0.0,0.0
0.3,0.0001,0.001,0.1,2.0,10.0,1000,0,0.0,0.0,0.0,0.0
0.3,0.0001,0.001,0.1,2.0,100.0,1000,0,0.0,0.0,0.0,0.0
0.3,0.0001,0.001,0.1,2.0,1000.0,1000,0,0.0,0.0,0.0,0.0
0.3,0.0001,0.001,1.0,0.1,10.0,1000,0,0.0,23.33992918696093,0.0,100.0956849982022
0.3,0.0001,0.001,1.0,0.1,100.0,1000,0,0.0,0.0,0.0,0.0
0.3,0.0001,0.001,1.0,0.1,1000.0,1000,0,0.0,0.0,0.0,0.0
0.3,0.0001,0.001,1.0,0.5,10.0,1000,0,0.0,10.550294027981959,0.0,0.0
0.3,0.0001,0.001,1.0,0.5,100.0,1000,0,0.0,0.0,0.0,0.0
0.3,0.0001,0.001,1.0,0.5,1000.0,1000,0,0.0,0.0,0.0,0.0
0.3,0.0001,0.001,1.0,1.0,10.0,1000,0,0.0,0.0,0.0,0.0
0.3,0.0001,0.001,1.0,1.0,100.0,1000,0,0.0,0.0,0.0,0.0
0.3,0.0001,0.001,1.0,1.0,1000.0,1000,0,0.0,0.0,0.0,0.0
0.3,0.0001,0.001,1.0,1.5,10.0,1000,0,0.0,0.0,0.0,0.0
0.3,0.0001,0.001,1.0,1.5,100.0,1000,0,0.0,0.0,0.0,0.0
0.3,0.0001,0.001,1.0,1.5,1000.0,1000,0,0.0,0.0,0.0,0.0
0.3,0.0001,0.001,1.0,2.0,10.0,1000,0,0.0,0.0,0.0,0.0
0.3,0.0001,0.001,1.0,2.0,100.0,1000,0,0.0,0.0,0.0,0.0
0.3,0.0001,0.001,1.0,2.0,1000.0,1000,0,0.0,0.0,0.0,0.0
0.3,0.001,0.0003,1e-05,0.1,10.0,1000,0,0.0,0.0,0.0,0.0
0.3,0.001,0.0003,1e-05,0.1,100.0,1000,0,0.0,0.0,0.0,0.0
0.3,0.001,0.0003,1e-05,0.1,1000.0,1000,0,0.0,0.0,0.0,0.0
0.3,0.001,0.0003,1e-05,0.5,10.0,1000,0,0.0,0.0,0.0,0.0
0.3,0.001,0.0003,1e-05,0.5,100.0,1000,0,0.0,0.0,0.0,0.0
0.3,0.001,0.0003,1e-05,0.5,1000.0,1000,0,0.0,0.0,0.0,0.0
0.3,0.001,0.0003,1e-05,1.0,10.0,1000,0,0.0,0.0,0.0,0.0
0.3,0.001,0.0003,1e-05,1.0,100.0,1000,0,0.0,0.0,0.0,0.0
0.3,0.001,0.0003,1e-05,1.0,1000.0,1000,0,0.0,0.0,0.0,0.0
0.3,0.001,0.0003,1e-05,1.5,10.0,1000,0,0.0,0.0,0.0,0.0
0.3,0.001,0.0003,1e-05,1.5,100.0,1000,0,0.0,0.0,0.0,0.0
0.3,0.001,0.0003,1e-05,1.5,1000.0,1000,0,0.0,0.0,0.0,0.0
0.3,0.001,0.0003,1e-05,2.0,10.0,1000,0,0.0,0.0,0.0,0.0
0.3,0.001,0.0003,1e-05,2.0,100.0,1000,0,0.0,0.0,0.0,0.0
0.3,0.001,0.0003,1e-05,2.0,1000.0,1000,0,0.0,0.0,0.0,0.0
0.3,0.001,0.0003,0.001,0.1,10.0,1000,0,0.0,0.0,0.0,0.0
0.3,0.001,0.0003,0.001,0.1,100.0,1000,0,0.0,0.0,0.0,0.0
0.3,0.001,0.0003,0.001,0.1,1000.0,1000,0,0.0,0.0,0.0,0.0
0.3,0.001,0.0003,0.001,0.5,10.0,1000,0,0.0,0.0,0.0,0.0
0.3,0.001,0.0003,0.001,0.5,100.0,1000,0,0.0,0.0,0.0,0.0
0.3,0.001,0.0003,0.001,0.5,1000.0,1000,0,0.0,0.0,0.0,0.0
0.3,0.001,0.0003,0.001,1.0,10.0,1000,0,0.0,0.0,0.0,0.0
0.3,0.001,0.0003,0.001,1.0,100.0,1000,0,0.0,0.0,0.0,0.0
0.3,0.001,0.0003,0.001,1.0,1000.0,1000,0,0.0,0.0,0.0,0.0
0.3,0.001,0.0003,0.001,1.5,10.0,1000,0,0.0,0.0,0.0,0.0
0.3,0.001,0.0003,0.001,1.5,100.0,1000,0,0.0,0.0,0.0,0.0
0.3,0.001,0.0003,0.001,1.5,1000.0,1000,0,0.0,0.0,0.0,0.0
0.3,0.001,0.0003,0.001,2.0,10.0,1000,0,0.0,0.0,0.0,0.0
0.3,0.001,0.0003,0.001,2.0,100.0,1000,0,0.0,0.0,0.0,0.0
0.3,0.001,0.0003,0.001,2.0,1000.0,1000,0,0.0,0.0,0.0,0.0
0.3,0.001,0.0003,0.1,0.1,10.0,1000,0,0.0,0.0,0.0,0.0
0.3,0.001,0.0003,0.1,0.1,100.0,1000,0,0.0,0.0,0.0,0.0
0.3,0.001,0.0003,0.1,0.1,1000.0,1000,0,0.0,0.0,0.0,0.0
0.3,0.001,0.0003,0.1,0.5,10.0,1000,0,0.0,0.0,0.0,0.0
0.3,0.001,0.0003,0.1,0.5,100.0,1000,0,0.0,0.0,0.0,0.0
0.3,0.001,0.0003,0.1,0.5,1000.0,1000,0,0.0,0.0,0.0,0.0
0.3,0.001,0.0003,0.1,1.0,10.0,1000,0,0.0,0.0,0.0,0.0
0.3,0.001,0.0003,0.1,1.0,100.0,1000,0,0.0,0.0,0.0,0.0
0.3,0.001,0.0003,0.1,1.0,1000.0,1000,0,0.0,0.0,0.0,0.0
0.3,0.001,0.0003,0.1,1.5,10.0,1000,0,0.0,0.0,0.0,0.0
0.3,0.001,0.0003,0.1,1.5,100.0,1000,0,0.0,0.0,0.0,0.0
0.3,0.001,0.0003,0.1,1.5,1000.0,1000,0,0.0,0.0,0.0,0.0
0.3,0.001,0.0003,0.1,2.0,10.0,1000,0,0.0,0.0,0.0,0.0
0.3,0.001,0.0003,0.1,2.0,100.0,1000,0,0.0,0.0,0.0,0.0
0.3,0.001,0.0003,0.1,2.0,1000.0,1000,0,0.0,0.0,0.0,0.0
0.3,0.001,0.0003,1.0,0.1,10.0,1000,0,0.0,0.0,0.0,0.0
0.3,0.001,0.0003,1.0,0.1,100.0,1000,0,0.0,0.0,0.0,0.0
0.3,0.001,0.0003,1.0,0.1,1000.0,1000,0,0.0,0.0,0.0,0.0
0.3,0.001,0.0003,1.0,0.5,10.0,1000,0,0.0,0.0,0.0,0.0
0.3,0.001,0.0003,1.0,0.5,100.0,1000,0,0.0,0.0,0.0,0.0
0.3,0.001,0.0003,1.0,0.5,1000.0,1000,0,0.0,0.0,0.0,0.0
0.3,0.001,0.0003,1.0,1.0,10.0,1000,0,0.0,0.0,0.0,0.0
0.3,0.001,0.0003,1.0,1.0,100.0,1000,0,0.0,0.0,0.0,0.0
0.3,0.001,0.0003,1.0,1.0,1000.0,1000,0,0.0,0.0,0.0,0.0
0.3,0.001,0.0003,1.0,1.5,10.0,1000,0,0.0,0.0,0.0,0.0
0.3,0.001,0.0003,1.0,1.5,100.0,999,1,0.7629310344827587,167.70479730069442,0.0,0.0
0.3,0.001,0.0003,1.0,1.5,1000.0,999,1,0.7541666666666667,256.7979799926654,0.0,0.0
0.3,0.001,0.0003,1.0,2.0,10.0,1000,0,0.0,0.0,0.0,0.0
0.3,0.001,0.0003,1.0,2.0,100.0,1000,0,0.0,0.0,0.0,0.0
0.3,0.001,0.0003,1.0,2.0,1000.0,999,1,0.7751479289940828,305.7024481495048,0.0,0.0
0.3,0.001,0.0001,1e-05,0.1,10.0,1000,0,0.0,0.0,0.0,0.0
0.3,0.001,0.0001,1e-05,0.1,100.0,1000,0,0.0,0.0,0.0,0.0
0.3,0.001,0.0001,1e-05,0.1,1000.0,1000,0,0.0,0.0,0.0,0.0
0.3,0.001,0.0001,1e-05,0.5,10.0,1000,0,0.0,0.0,0.0,0.0
0.3,0.001,0.0001,1e-05,0.5,100.0,1000,0,0.0,0.0,0.0,0.0
0.3,0.001,0.0001,1e-05,0.5,1000.0,1000,0,0.0,0.0,0.0,0.0
0.3,0.001,0.0001,1e-05,1.0,10.0,1000,0,0.0,0.0,0.0,0.0
0.3,0.001,0.0001,1e-05,1.0,100.0,1000,0,0.0,0.0,0.0,0.0
0.3,0.001,0.0001,1e-05,1.0,1000.0,1000,0,0.0,0.0,0.0,0.0
0.3,0.001,0.0001,1e-05,1.5,10.0,1000,0,0.0,0.0,0.0,0.0
0.3,0.001,0.0001,1e-05,1.5,100.0,1000,0,0.0,0.0,0.0,0.0
0.3,0.001,0.0001,1e-05,1.5,1000.0,1000,0,0.0,0.0,0.0,0.0
0.3,0.001,0.0001,1e-05,2.0,10.0,1000,0,0.0,0.0,0.0,0.0
0.3,0.001,0.0001,1e-05,2.0,100.0,1000,0,0.0,0.0,0.0,0.0
0.3,0.001,0.0001,1e-05,2.0,1000.0,1000,0,0.0,0.0,0.0,0.0
0.3,0.001,0.0001,0.001,0.1,10.0,1000,0,0.0,0.0,0.0,0.0
0.3,0.001,0.0001,0.001,0.1,100.0,1000,0,0.0,0.0,0.0,0.0
0.3,0.001,0.0001,0.001,0.1,1000.0,1000,0,0.0,0.0,0.0,0.0
0.3,0.001,0.0001,0.001,0.5,10.0,1000,0,0.0,0.0,0.0,0.0
0.3,0.001,0.0001,0.001,0.5,100.0,1000,0,0.0,0.0,0.0,0.0
0.3,0.001,0.0001,0.001,0.5,1000.0,1000,0,0.0,0.0,0.0,0.0
0.3,0.001,0.0001,0.001,1.0,10.0,1000,0,0.0,0.0,0.0,0.0
0.3,0.001,0.0001,0.001,1.0,100.0,1000,0,0.0,0.0,0.0,0.0
0.3,0.001,0.0001,0.001,1.0,1000.0,1000,0,0.0,0.0,0.0,0.0
0.3,0.001,0.0001,0.001,1.5,10.0,1000,0,0.0,0.0,0.0,0.0
0.3,0.001,0.0001,0.001,1.5,100.0,1000,0,0.0,0.0,0.0,0.0
0.3,0.001,0.0001,0.001,1.5,1000.0,1000,0,0.0,0.0,0.0,0.0
0.3,0.001,0.0001,0.001,2.0,10.0,1000,0,0.0,0.0,0.0,0.0
0.3,0.001,0.0001,0.001,2.0,100.0,1000,0,0.0,0.0,0.0,0.0
0.3,0.001,0.0001,0.001,2.0,1000.0,1000,0,0.0,0.0,0.0,0.0
0.3,0.001,0.0001,0.1,0.1,10.0,1000,0,0.0,0.0,0.0,0.0
0.3,0.001,0.0001,0.1,0.1,100.0,1000,0,0.0,0.0,0.0,0.0
0.3,0.001,0.0001,0.1,0.1,1000.0,1000,0,0.0,0.0,0.0,0.0
0.3,0.001,0.0001,0.1,0.5,10.0,1000,0,0.0,0.0,0.0,0.0
0.3,0.001,0.0001,0.1,0.5,100.0,1000,0,0.0,0.0,0.0,0.0
0.3,0.001,0.0001,0.1,0.5,1000.0,1000,0,0.0,0.0,0.0,0.0
0.3,0.001,0.0001,0.1,1.0,10.0,1000,0,0.0,0.0,0.0,0.0
0.3,0.001,0.0001,0.1,1.0,100.0,1000,0,0.0,0.0,0.0,0.0
0.3,0.001,0.0001,0.1,1.0,1000.0,1000,0,0.0,0.0,0.0,0.0
0.3,0.001,0.0001,0.1,1.5,10.0,1000,0,0.0,0.0,0.0,0.0
0.3,0.001,0.0001,0.1,1.5,100.0,1000,0,0.0,0.0,0.0,0.0
0.3,0.001,0.0001,0.1,1.5,1000.0,1000,0,0.0,0.0,0.0,0.0
0.3,0.001,0.0001,0.1,2.0,10.0,1000,0,0.0,0.0,0.0,0.0
0.3,0.001,0.0001,0.1,2.0,100.0,1000,0,0.0,0.0,0.0,0.0
0.3,0.001,0.0001,0.1,2.0,1000.0,1000,0,0.0,0.0,0.0,0.0
0.3,0.001,0.0001,1.0,0.1,10.0,1000,0,0.0,0.0,0.0,0.0
0.3,0.001,0.0001,1.0,0.1,100.0,1000,0,0.0,0.0,0.0,0.0
0.3,0.001,0.0001,1.0,0.1,1000.0,1000,0,0.0,0.0,0.0,0.0
0.3,0.001,0.0001,1.0,0.5,10.0,1000,0,0.0,0.0,0.0,0.0
0.3,0.001,0.0001,1.0,0.5,100.0,1000,0,0.0,0.0,0.0,0.0
0.3,0.001,0.0001,1.0,0.5,1000.0,1000,0,0.0,0.0,0.0,0.0
0.3,0.001,0.0001,1.0,1.0,10.0,1000,0,0.0,0.0,0.0,0.0
0.3,0.001,0.0001,1.0,1.0,100.0,1000,0,0.0,0.0,0.0,0.0
0.3,0.001,0.0001,1.0,1.0,1000.0,1000,0,0.0,0.0,0.0,0.0
0.3,0.001,0.0001,1.0,1.5,10.0,1000,0,0.0,0.0,0.0,0.0
0.3,0.001,0.0001,1.0,1.5,100.0,999,1,0.7569832402234636,164.84803634010885,0.0,0.0
0.3,0.001,0.0001,1.0,1.5,1000.0,1000,0,0.0,0.0,0.0,0.0
0.3,0.001,0.0001,1.0,2.0,10.0,1000,0,0.0,0.0,0.0,0.0
0.3,0.001,0.0001,1.0,2.0,100.0,999,1,0.7806788511749347,161.59615526428115,0.0,0.0
0.3,0.001,0.0001,1.0,2.0,1000.0,997,3,0.7875174889910409,162.90828954144573,6.45609486492782e-05,542.7840058547898
0.3,0.001,0.003,1e-05,0.1,10.0,1000,0,0.0,0.0,0.0,0.0
0.3,0.001,0.003,1e-05,0.1,100.0,1000,0,0.0,0.0,0.0,0.0
0.3,0.001,0.003,1e-05,0.1,1000.0,1000,0,0.0,0.0,0.0,0.0
0.3,0.001,0.003,1e-05,0.5,10.0,1000,0,0.0,0.0,0.0,0.0
0.3,0.001,0.003,1e-05,0.5,100.0,1000,0,0.0,0.0,0.0,0.0
0.3,0.001,0.003,1e-05,0.5,1000.0,1000,0,0.0,0.0,0.0,0.0
0.3,0.001,0.003,1e-05,1.0,10.0,1000,0,0.0,0.0,0.0,0.0
0.3,0.001,0.003,1e-05,1.0,100.0,1000,0,0.0,0.0,0.0,0.0
0.3,0.001,0.003,1e-05,1.0,1000.0,1000,0,0.0,0.0,0.0,0.0
0.3,0.001,0.003,1e-05,1.5,10.0,1000,0,0.0,0.0,0.0,0.0
0.3,0.001,0.003,1e-05,1.5,100.0,1000,0,0.0,0.0,0.0,0.0
0.3,0.001,0.003,1e-05,1.5,1000.0,1000,0,0.0,0.0,0.0,0.0
0.3,0.001,0.003,1e-05,2.0,10.0,1000,0,0.0,0.0,0.0,0.0
0.3,0.001,0.003,1e-05,2.0,100.0,1000,0,0.0,0.0,0.0,0.0
0.3,0.001,0.003,1e-05,2.0,1000.0,1000,0,0.0,0.0,0.0,0.0
0.3,0.001,0.003,0.001,0.1,10.0,1000,0,0.0,0.0,0.0,0.0
0.3,0.001,0.003,0.001,0.1,100.0,1000,0,0.0,0.0,0.0,0.0
0.3,0.001,0.003,0.001,0.1,1000.0,1000,0,0.0,0.0,0.0,0.0
0.3,0.001,0.003,0.001,0.5,10.0,1000,0,0.0,0.0,0.0,0.0
0.3,0.001,0.003,0.001,0.5,100.0,1000,0,0.0,0.0,0.0,0.0
0.3,0.001,0.003,0.001,0.5,1000.0,1000,0,0.0,0.0,0.0,0.0
0.3,0.001,0.003,0.001,1.0,10.0,1000,0,0.0,0.0,0.0,0.0
0.3,0.001,0.003,0.001,1.0,100.0,1000,0,0.0,0.0,0.0,0.0
0.3,0.001,0.003,0.001,1.0,1000.0,1000,0,0.0,0.0,0.0,0.0
0.3,0.001,0.003,0.001,1.5,10.0,1000,0,0.0,0.0,0.0,0.0
0.3,0.001,0.003,0.001,1.5,100.0,1000,0,0.0,0.0,0.0,0.0
0.3,0.001,0.003,0.001,1.5,1000.0,1000,0,0.0,0.0,0.0,0.0
0.3,0.001,0.003,0.001,2.0,10.0,1000,0,0.0,0.0,0.0,0.0
0.3,0.001,0.003,0.001,2.0,100.0,1000,0,0.0,0.0,0.0,0.0
0.3,0.001,0.003,0.001,2.0,1000.0,1000,0,0.0,0.0,0.0,0.0
0.3,0.001,0.003,0.1,0.1,10.0,1000,0,0.0,16.54058788248399,0.0,0.0
0.3,0.001,0.003,0.1,0.1,100.0,1000,0,0.0,0.0,0.0,0.0
0.3,0.001,0.003,0.1,0.1,1000.0,1000,0,0.0,0.0,0.0,0.0
0.3,0.001,0.003,0.1,0.5,10.0,1000,0,0.0,0.0,0.0,0.0
0.3,0.001,0.003,0.1,0.5,100.0,1000,0,0.0,0.0,0.0,0.0
0.3,0.001,0.003,0.1,0.5,1000.0,1000,0,0.0,0.0,0.0,0.0
0.3,0.001,0.003,0.1,1.0,10.0,1000,0,0.0,0.0,0.0,0.0
0.3,0.001,0.003,0.1,1.0,100.0,1000,0,0.0,0.0,0.0,0.0
0.3,0.001,0.003,0.1,1.0,1000.0,1000,0,0.0,0.0,0.0,0.0
0.3,0.001,0.003,0.1,1.5,10.0,1000,0,0.0,0.0,0.0,0.0
0.3,0.001,0.003,0.1,1.5,100.0,1000,0,0.0,0.0,0.0,0.0
0.3,0.001,0.003,0.1,1.5,1000.0,1000,0,0.0,0.0,0.0,0.0
0.3,0.001,0.003,0.1,2.0,10.0,1000,0,0.0,0.0,0.0,0.0
0.3,0.001,0.003,0.1,2.0,100.0,1000,0,0.0,0.0,0.0,0.0
0.3,0.001,0.003,0.1,2.0,1000.0,1000,0,0.0,0.0,0.0,0.0
0.3,0.001,0.003,1.0,0.1,10.0,1000,0,0.0,5.825511635371299,0.0,39.39096729099429
0.3,0.001,0.003,1.0,0.1,100.0,1000,0,0.0,21.91023993050291,0.0,1276.6672086770925
0.3,0.001,0.003,1.0,0.1,1000.0,1000,0,0.0,18.720466671853004,0.0,199.10316619598277
0.3,0.001,0.003,1.0,0.5,10.0,1000,0,0.0,13.124661356389852,0.0,254.7608312867859
0.3,0.001,0.003,1.0,0.5,100.0,1000,0,0.0,57.25938415615243,0.0,434.2177066036403
0.3,0.001,0.003,1.0,0.5,1000.0,1000,0,0.0,53.158096721306514,0.0,1603.8036616673205
0.3,0.001,0.003,1.0,1.0,10.0,1000,0,0.0,29.33327657158254,0.0,272.7529748427868
0.3,0.001,0.003,1.0,1.0,100.0,1000,0,0.0,48.76882516528189,0.0,169.54848068408552
0.3,0.001,0.003,1.0,1.0,1000.0,1000,0,0.0,82.2340309708295,0.0,1624.8533499759621
0.3,0.001,0.003,1.0,1.5,10.0,1000,0,0.0,42.10903961681208,0.0,144.3616980379428
0.3,0.001,0.003,1.0,1.5,100.0,1000,0,0.0,70.69604797729997,0.0,792.3006293871309
0.3,0.001,0.003,1.0,1.5,1000.0,1000,0,0.0,0.0,0.0,0.0
0.3,0.001,0.003,1.0,2.0,10.0,1000,0,0.0,37.606229786026084,0.0,565.7959368221939
0.3,0.001,0.003,1.0,2.0,100.0,1000,0,0.0,87.79426027607455,0.0,727.020319567636
0.3,0.001,0.003,1.0,2.0,1000.0,1000,0,0.0,79.03872386434311,0.0,709.3970493253059
0.3,0.001,0.001,1e-05,0.1,10.0,1000,0,0.0,0.0,0.0,0.0
0.3,0.001,0.001,1e-05,0.1,100.0,1000,0,0.0,0.0,0.0,0.0
0.3,0.001,0.001,1e-05,0.1,1000.0,1000,0,0.0,0.0,0.0,0.0
0.3,0.001,0.001,1e-05,0.5,10.0,1000,0,0.0,0.0,0.0,0.0
0.3,0.001,0.001,1e-05,0.5,100.0,1000,0,0.0,0.0,0.0,0.0
0.3,0.001,0.001,1e-05,0.5,1000.0,1000,0,0.0,0.0,0.0,0.0
0.3,0.001,0.001,1e-05,1.0,10.0,1000,0,0.0,0.0,0.0,0.0
0.3,0.001,0.001,1e-05,1.0,100.0,1000,0,0.0,0.0,0.0,0.0
0.3,0.001,0.001,1e-05,1.0,1000.0,1000,0,0.0,0.0,0.0,0.0
0.3,0.001,0.001,1e-05,1.5,10.0,1000,0,0.0,0.0,0.0,0.0
0.3,0.001,0.001,1e-05,1.5,100.0,1000,0,0.0,0.0,0.0,0.0
0.3,0.001,0.001,1e-05,1.5,1000.0,1000,0,0.0,0.0,0.0,0.0
0.3,0.001,0.001,1e-05,2.0,10.0,1000,0,0.0,0.0,0.0,0.0
0.3,0.001,0.001,1e-05,2.0,100.0,1000,0,0.0,0.0,0.0,0.0
0.3,0.001,0.001,1e-05,2.0,1000.0,1000,0,0.0,0.0,0.0,0.0
0.3,0.001,0.001,0.001,0.1,10.0,1000,0,0.0,0.0,0.0,0.0
0.3,0.001,0.001,0.001,0.1,100.0,1000,0,0.0,0.0,0.0,0.0
0.3,0.001,0.001,0.001,0.1,1000.0,1000,0,0.0,0.0,0.0,0.0
0.3,0.001,0.001,0.001,0.5,10.0,1000,0,0.0,0.0,0.0,0.0
0.3,0.001,0.001,0.001,0.5,100.0,1000,0,0.0,0.0,0.0,0.0
0.3,0.001,0.001,0.001,0.5,1000.0,1000,0,0.0,0.0,0.0,0.0
0.3,0.001,0.001,0.001,1.0,10.0,1000,0,0.0,0.0,0.0,0.0
0.3,0.001,0.001,0.001,1.0,100.0,1000,0,0.0,0.0,0.0,0.0
0.3,0.001,0.001,0.001,1.0,1000.0,1000,0,0.0,0.0,0.0,0.0
0.3,0.001,0.001,0.001,1.5,10.0,1000,0,0.0,0.0,0.0,0.0
0.3,0.001,0.001,0.001,1.5,100.0,1000,0,0.0,0.0,0.0,0.0
0.3,0.001,0.001,0.001,1.5,1000.0,1000,0,0.0,0.0,0.0,0.0
0.3,0.001,0.001,0.001,2.0,10.0,1000,0,0.0,0.0,0.0,0.0
0.3,0.001,0.001,0.001,2.0,100.0,1000,0,0.0,0.0,0.0,0.0
0.3,0.001,0.001,0.001,2.0,1000.0,1000,0,0.0,0.0,0.0,0.0
0.3,0.001,0.001,0.1,0.1,10.0,1000,0,0.0,0.0,0.0,0.0
0.3,0.001,0.001,0.1,0.1,100.0,1000,0,0.0,0.0,0.0,0.0
0.3,0.001,0.001,0.1,0.1,1000.0,1000,0,0.0,0.0,0.0,0.0
0.3,0.001,0.001,0.1,0.5,10.0,1000,0,0.0,0.0,0.0,0.0
0.3,0.001,0.001,0.1,0.5,100.0,1000,0,0.0,0.0,0.0,0.0
0.3,0.001,0.001,0.1,0.5,1000.0,1000,0,0.0,0.0,0.0,0.0
0.3,0.001,0.001,0.1,1.0,10.0,1000,0,0.0,0.0,0.0,0.0
0.3,0.001,0.001,0.1,1.0,100.0,1000,0,0.0,0.0,0.0,0.0
0.3,0.001,0.001,0.1,1.0,1000.0,1000,0,0.0,0.0,0.0,0.0
0.3,0.001,0.001,0.1,1.5,10.0,1000,0,0.0,0.0,0.0,0.0
0.3,0.001,0.001,0.1,1.5,100.0,1000,0,0.0,0.0,0.0,0.0
0.3,0.001,0.001,0.1,1.5,1000.0,1000,0,0.0,0.0,0.0,0.0
0.3,0.001,0.001,0.1,2.0,10.0,1000,0,0.0,0.0,0.0,0.0
0.3,0.001,0.001,0.1,2.0,100.0,1000,0,0.0,0.0,0.0,0.0
0.3,0.001,0.001,0.1,2.0,1000.0,1000,0,0.0,0.0,0.0,0.0
0.3,0.001,0.001,1.0,0.1,10.0,1000,0,0.0,20.006216188410974,0.0,32.525815693715494
0.3,0.001,0.001,1.0,0.1,100.0,1000,0,0.0,68.39313146692102,0.0,966.6510731324693
0.3,0.001,0.001,1.0,0.1,1000.0,1000,0,0.0,61.50528702921936,0.0,155.68197287037097
0.3,0.001,0.001,1.0,0.5,10.0,1000,0,0.0,0.0,0.0,0.0
0.3,0.001,0.001,1.0,0.5,100.0,1000,0,0.0,0.0,0.0,0.0
0.3,0.001,0.001,1.0,0.5,1000.0,1000,0,0.0,91.28061990209345,0.0,0.0
0.3,0.001,0.001,1.0,1.0,10.0,1000,0,0.0,0.0,0.0,0.0
0.3,0.001,0.001,1.0,1.0,100.0,1000,0,0.0,129.1685037460457,0.0,0.0
0.3,0.001,0.001,1.0,1.0,1000.0,1000,0,0.0,116.76424263579335,0.0,0.0
0.3,0.001,0.001,1.0,1.5,10.0,1000,0,0.0,91.54275766146976,0.0,131.99320524577683
0.3,0.001,0.001,1.0,1.5,100.0,1000,0,0.0,70.76099421618842,0.0,0.0
0.3,0.001,0.001,1.0,1.5,1000.0,1000,0,0.0,0.0,0.0,0.0
0.3,0.001,0.001,1.0,2.0,10.0,999,1,0.8175675675675675,94.93589225391568,0.0,0.0
0.3,0.001,0.001,1.0,2.0,100.0,999,1,0.7793103448275862,132.93470003445594,0.0,0.0
0.3,0.001,0.001,1.0,2.0,1000.0,1000,0,0.0,186.26321488929563,0.0,0.0
0.3,0.1,0.0003,1e-05,0.1,10.0,55,945,0.2954400394873415,530.6751769928238,0.0012756537721842565,59671.60371593376
0.3,0.1,0.0003,1e-05,0.1,100.0,0,1000,0.294154558454333,478.52526719362646,0.0013058602762688386,74970.37796619553
0.3,0.1,0.0003,1e-05,0.1,1000.0,0,1000,0.294359852774001,1.0033871918717208,0.0013845092743589261,0.03608627879492125
0.3,0.1,0.0003,1e-05,0.5,10.0,44,956,0.2917665311196086,530.9892184503315,0.001321163847507403,60350.675701769884
0.3,0.1,0.0003,1e-05,0.5,100.0,0,1000,0.2923600916065807,472.78389788410925,0.0014748157172098267,75726.70353507291
0.3,0.1,0.0003,1e-05,0.5,1000.0,0,1000,0.29209490353487105,1.0092740309388841,0.0013339324990548477,0.038654056740064745
0.3,0.1,0.0003,1e-05,1.0,10.0,44,956,0.2958620371459565,523.3488999797762,0.0013948910894934596,57779.03057179788
0.3,0.1,0.0003,1e-05,1.0,100.0,0,1000,0.29094347230703727,444.18309283990016,0.0011851269727750898,74364.59140245515
0.3,0.1,0.0003,1e-05,1.0,1000.0,0,1000,0.29488817490064395,1.003298219954365,0.001430453492767729,0.03578654134479425
0.3,0.1,0.0003,1e-05,1.5,10.0,48,952,0.2913535479795535,530.0231972625988,0.0012784291481380827,59665.339370997724
0.3,0.1,0.0003,1e-05,1.5,100.0,0,1000,0.2911176726257999,440.4009817760933,0.0012011943677873323,68350.11103769907
0.3,0.1,0.0003,1e-05,1.5,1000.0,0,1000,0.2930497223476204,1.012778296621826,0.0013445438125867116,0.037994188391476495
0.3,0.1,0.0003,1e-05,2.0,10.0,66,934,0.29489280050258443,540.6557960080563,0.001435974514676881,61209.76127739034
0.3,0.1,0.0003,1e-05,2.0,100.0,0,1000,0.2926677825253633,480.51281971866575,0.0014576453821436822,76417.6253377911
0.3,0.1,0.0003,1e-05,2.0,1000.0,0,1000,0.292941616527498,1.00416151596796,0.0013157593921040577,0.03842426346013843
0.3,0.1,0.0003,0.001,0.1,10.0,45,955,0.29420121061426524,534.3933556729324,0.0013284789873811906,59905.35113696853
0.3,0.1,0.0003,0.001,0.1,100.0,0,1000,0.2939668911532063,476.78107475620976,0.001186488665909327,67256.82189741262
0.3,0.1,0.0003,0.001,0.1,1000.0,0,1000,0.29412364033412564,1.010550572381765,0.0013615491832603811,0.03822903065190425
0.3,0.1,0.0003,0.001,0.5,10.0,53,947,0.29645731914887846,530.1461862262928,0.0012432103354007515,63946.62224453255
0.3,0.1,0.0003,0.001,0.5,100.0,0,1000,0.2907517605235362,461.1125101942072,0.0013144863031163655,76772.53326965681
0.3,0.1,0.0003,0.001,0.5,1000.0,0,1000,0.29112605115509405,1.0150265819319204,0.001391738751297077,0.03966993018804138
0.3,0.1,0.0003,0.001,1.0,10.0,51,949,0.2915101571484327,519.3217901099979,0.0013870141423866164,64936.21724049131
0.3,0.1,0.0003,0.001,1.0,100.0,0,1000,0.29267839426215875,486.82356027289075,0.0013051001945376972,71800.37212823294
0.3,0.1,0.0003,0.001,1.0,1000.0,0,1000,0.2927127808595285,1.0197088192688921,0.0013820200981359112,0.04005603067233071
0.3,0.1,0.0003,0.001,1.5,10.0,58,942,0.290658909838988,520.3691003126363,0.0013381824881204644,57708.09722143434
0.3,0.1,0.0003,0.001,1.5,100.0,0,1000,0.2914026148463647,439.46252836535524,0.001324459594680242,68542.47408756369
0.3,0.1,0.0003,0.001,1.5,1000.0,0,1000,0.2932334556883468,1.010605097605545,0.0013259718161509353,0.03614232207105979
0.3,0.1,0.0003,0.001,2.0,10.0,73,927,0.29208580852353716,507.8396917186226,0.001337672747075413,58184.470714580275
0.3,0.1,0.0003,0.001,2.0,100.0,0,1000,0.2951783398790534,454.33201078189325,0.0013547573030039547,68186.8659757186
0.3,0.1,0.0003,0.001,2.0,1000.0,0,1000,0.2928583775765265,1.008267604822174,0.001412247119562092,0.04399160562584911
0.3,0.1,0.0003,0.1,0.1,10.0,63,937,0.2876659580111687,497.47683412249245,0.0018488480670233343,58698.13153400617
0.3,0.1,0.0003,0.1,0.1,100.0,0,1000,0.28878639396952427,461.6467713371735,0.0017788541907583348,74568.38342891783
0.3,0.1,0.0003,0.1,0.1,1000.0,0,1000,0.2898097549920792,1.0297333047009483,0.0018940909909774737,0.044597091842826696
0.3,0.1,0.0003,0.1,0.5,10.0,65,935,0.2723943841935024,637.002473660846,0.0019000857558393784,49088.64011579801
0.3,0.1,0.0003,0.1,0.5,100.0,0,1000,0.2723192617716301,534.8406464708204,0.0019440956096463341,64556.431774995144
0.3,0.1,0.0003,0.1,0.5,1000.0,0,1000,0.2723942770792406,1.0514644182021895,0.0018170651154218852,0.05340041052738504
0.3,0.1,0.0003,0.1,1.0,10.0,71,929,0.26143570947739053,579.6292776320234,0.001935007968522275,66526.53588597741
0.3,0.1,0.0003,0.1,1.0,100.0,0,1000,0.25384735077210996,388.16240341335634,0.002151389034442951,27556.32926145592
0.3,0.1,0.0003,0.1,1.0,1000.0,0,1000,0.25825494198387283,1.0771024201936126,0.002278228547664405,0.05658524494829021
0.3,0.1,0.0003,0.1,1.5,10.0,78,922,0.24391124592385457,709.0084004648664,0.002128353759336602,20754.911157408886
0.3,0.1,0.0003,0.1,1.5,100.0,0,1000,0.2462220330159494,243.89491932612856,0.002097327987955446,40711.17474796045
0.3,0.1,0.0003,0.1,1.5,1000.0,0,1000,0.24909279908162188,1.0986924393930426,0.0021342175277764175,0.0642836775860081
0.3,0.1,0.0003,0.1,2.0,10.0,107,893,0.242006740169327,0.0,0.002191411715794763,0.0
0.3,0.1,0.0003,0.1,2.0,100.0,0,1000,0.24336702210481986,0.0,0.0022018468603843848,0.0
0.3,0.1,0.0003,0.1,2.0,1000.0,0,1000,0.24292072051952357,1.1066921847715134,0.002114059309437068,0.0632963299395958
0.3,0.1,0.0003,1.0,0.1,10.0,129,871,0.24194337698294657,493.37393977021634,0.007457584875576385,61212.80844897492
0.3,0.1,0.0003,1.0,0.1,100.0,2,998,0.24120724121121676,418.2065574024812,0.007167612300237566,73875.34231588383
0.3,0.1,0.0003,1.0,0.1,1000.0,2,998,0.251036392379535,1.2384225978785657,0.00820875066862124,0.18691892089433554
0.3,0.1,0.0003,1.0,0.5,10.0,745,255,0.17162574954824486,0.0,0.03560938294135586,0.0
0.3,0.1,0.0003,1.0,0.5,100.0,703,297,0.16707227693427515,284.29425705868,0.03127273149130889,0.0
0.3,0.1,0.0003,1.0,0.5,1000.0,690,310,0.19425776968543051,2.0429987821335365,0.047526299927405265,0.8052013376725209
0.3,0.1,0.0003,1.0,1.0,10.0,958,42,0.1214703176040553,198.44638517408066,0.031492846784906055,19882.46901264434
0.3,0.1,0.0003,1.0,1.0,100.0,932,68,0.13787932401506062,318.0894661848281,0.018004582344330704,58337.095030334065
0.3,0.1,0.0003,1.0,1.0,1000.0,939,61,0.12259860450443076,84.92508612309493,0.043954597770660415,50975.370758554374
0.3,0.1,0.0003,1.0,1.5,10.0,986,14,0.14554818260208155,210.96766693885746,0.03835752592139401,24580.18379833965
0.3,0.1,0.0003,1.0,1.5,100.0,981,19,0.15725844638587022,271.4360847492414,0.05087291693329132,25262.997295768
0.3,0.1,0.0003,1.0,1.5,1000.0,984,16,0.10650356359649123,163.90595090201143,0.042421040486540926,24543.51551882334
0.3,0.1,0.0003,1.0,2.0,10.0,910,90,0.6256419332457667,195.60600225224002,0.05823826952223568,27645.758140924245
0.3,0.1,0.0003,1.0,2.0,100.0,926,74,0.6685406178737676,276.03599865625614,0.04443871366671024,28201.218155958995
0.3,0.1,0.0003,1.0,2.0,1000.0,896,104,0.6473657047818111,260.1928149760145,0.04661735848735143,22110.943430394378
0.3,0.1,0.0001,1e-05,0.1,10.0,55,945,0.29361028529912375,0.0,0.00038821732953516874,0.0
0.3,0.1,0.0001,1e-05,0.1,100.0,0,1000,0.29299326995423236,0.0,0.0004257317899195884,0.0
0.3,0.1,0.0001,1e-05,0.1,1000.0,0,1000,0.29296360898194485,7.005727576681211,0.0004190643676162038,5.895855268474747
0.3,0.1,0.0001,1e-05,0.5,10.0,46,954,0.29204889948831,0.0,0.00044933543007162337,0.0
0.3,0.1,0.0001,1e-05,0.5,100.0,0,1000,0.29438683876722105,0.0,0.00045337855997963774,0.0
0.3,0.1,0.0001,1e-05,0.5,1000.0,0,1000,0.2938663443317415,7.297355752366953,0.00041136310448816816,9.376998614173536
0.3,0.1,0.0001,1e-05,1.0,10.0,49,951,0.2922099743857697,815.5608049477552,0.0004363247217937245,0.0
0.3,0.1,0.0001,1e-05,1.0,100.0,0,1000,0.29325371187052235,0.0,0.00042715235098108293,0.0
0.3,0.1,0.0001,1e-05,1.0,1000.0,0,1000,0.29342660018335953,7.270381851783414,0.0004084888666657839,7.519891000905672
0.3,0.1,0.0001,1e-05,1.5,10.0,44,956,0.29429058186458135,0.0,0.0004226975123925584,0.0
0.3,0.1,0.0001,1e-05,1.5,100.0,0,1000,0.2943719885355837,0.0,0.0003986485220914274,0.0
0.3,0.1,0.0001,1e-05,1.5,1000.0,0,1000,0.2919491190098389,6.982053022457219,0.0004472123344152449,5.289233591146449
0.3,0.1,0.0001,1e-05,2.0,10.0,56,944,0.2922159756048904,0.0,0.00042797836750109344,0.0
0.3,0.1,0.0001,1e-05,2.0,100.0,0,1000,0.29293092970112367,0.0,0.00039770713965133766,0.0
0.3,0.1,0.0001,1e-05,2.0,1000.0,0,1000,0.29264435211534673,7.068209051479268,0.00042162241981910344,6.3080795888037
0.3,0.1,0.0001,0.001,0.1,10.0,46,954,0.2936249663368572,0.0,0.00041437079458774934,0.0
0.3,0.1,0.0001,0.001,0.1,100.0,0,1000,0.29377023124655316,0.0,0.0004077043873647752,0.0
0.3,0.1,0.0001,0.001,0.1,1000.0,0,1000,0.29306052880957656,7.163496364374897,0.00045052958909405107,7.722924298783435
0.3,0.1,0.0001,0.001,0.5,10.0,48,952,0.29357898479227496,0.0,0.0004082916119149402,0.0
0.3,0.1,0.0001,0.001,0.5,100.0,0,1000,0.2933977727896873,0.0,0.000431144170541333,0.0
0.3,0.1,0.0001,0.001,0.5,1000.0,0,1000,0.2926011444892288,7.006249868552879,0.0004227993868960145,5.157921375431778
0.3,0.1,0.0001,0.001,1.0,10.0,53,947,0.29356203347185145,0.0,0.0004575726495948714,0.0
0.3,0.1,0.0001,0.001,1.0,100.0,0,1000,0.2931591898970771,0.0,0.00043393824400863397,0.0
0.3,0.1,0.0001,0.001,1.0,1000.0,0,1000,0.2927953469490361,7.220647755607749,0.0004134523804799456,5.234981731876486
0.3,0.1,0.0001,0.001,1.5,10.0,54,946,0.2920214112136403,0.0,0.00038630415031211146,0.0
0.3,0.1,0.0001,0.001,1.5,100.0,0,1000,0.2929328345600314,0.0,0.0004260187218032853,0.0
0.3,0.1,0.0001,0.001,1.5,1000.0,0,1000,0.2927128498590367,7.210501444364596,0.00042402581084327265,5.7368533745133465
0.3,0.1,0.0001,0.001,2.0,10.0,45,955,0.29268999415243546,0.0,0.00047934494197828296,0.0
0.3,0.1,0.0001,0.001,2.0,100.0,0,1000,0.29241158122036814,0.0,0.00044462032817526177,0.0
0.3,0.1,0.0001,0.001,2.0,1000.0,0,1000,0.2935601642427209,7.585692184908299,0.00044168963935864414,53.68654136364416
0.3,0.1,0.0001,0.1,0.1,10.0,46,954,0.28951521300129235,0.0,0.0005717816983435146,0.0
0.3,0.1,0.0001,0.1,0.1,100.0,0,1000,0.2896655397967996,0.0,0.0005841477436813431,0.0
0.3,0.1,0.0001,0.1,0.1,1000.0,0,1000,0.2883369010341364,7.600504417705991,0.0005309434332103872,11.747860159786793
0.3,0.1,0.0001,0.1,0.5,10.0,64,936,0.27173057600287936,0.0,0.00064205041185528,0.0
0.3,0.1,0.0001,0.1,0.5,100.0,0,1000,0.27311177329379166,0.0,0.0005986798063315756,0.0
0.3,0.1,0.0001,0.1,0.5,1000.0,0,1000,0.27257795125714607,8.472092376988146,0.0005918237839678477,16.919886940774855
0.3,0.1,0.0001,0.1,1.0,10.0,64,936,0.25522715271139707,0.0,0.0006496885426029079,0.0
0.3,0.1,0.0001,0.1,1.0,100.0,0,1000,0.25691117673638836,0.0,0.0007253984340489226,0.0
0.3,0.1,0.0001,0.1,1.0,1000.0,0,1000,0.2560713649311231,6.940004007478298,0.0006518227003018276,6.003059722348738
0.3,0.1,0.0001,0.1,1.5,10.0,73,927,0.2452790813048691,0.0,0.0006357574992301653,0.0
0.3,0.1,0.0001,0.1,1.5,100.0,0,1000,0.24599445705737838,0.0,0.0006099243158531222,0.0
0.3,0.1,0.0001,0.1,1.5,1000.0,0,1000,0.245360255657082,5.768711135179481,0.000644369508234556,0.0
0.3,0.1,0.0001,0.1,2.0,10.0,83,917,0.23947002104060758,0.0,0.0006550371034868348,0.0
0.3,0.1,0.0001,0.1,2.0,100.0,0,1000,0.24001855213854084,0.0,0.0006783853561769039,0.0
0.3,0.1,0.0001,0.1,2.0,1000.0,0,1000,0.24128387053975042,0.0,0.0006623405656580903,0.0
0.3,0.1,0.0001,1.0,0.1,10.0,93,907,0.2387750538602399,0.0,0.00239958285844157,0.0
0.3,0.1,0.0001,1.0,0.1,100.0,0,1000,0.24276043195660066,0.0,0.002312922677938939,0.0
0.3,0.1,0.0001,1.0,0.1,1000.0,0,1000,0.24181331017324684,8.694855878674902,0.0024574938663782533,14.48330582253739
0.3,0.1,0.0001,1.0,0.5,10.0,534,466,0.15058933907577007,0.0,0.02495010953651592,0.0
0.3,0.1,0.0001,1.0,0.5,100.0,404,596,0.14072278222884152,0.0,0.02136500612718511,0.0
0.3,0.1,0.0001,1.0,0.5,1000.0,336,664,0.15056148396143457,0.0,0.027232174598129315,0.0
0.3,0.1,0.0001,1.0,1.0,10.0,912,88,0.16094872476755454,0.0,0.050192899864218626,0.0
0.3,0.1,0.0001,1.0,1.0,100.0,869,131,0.13304312317383138,0.0,0.032790239953676525,0.0
0.3,0.1,0.0001,1.0,1.0,1000.0,849,151,0.17337487486995262,0.0,0.061217065113603926,0.0
0.3,0.1,0.0001,1.0,1.5,10.0,964,36,0.1616711914957698,225.09760489688458,0.0479585257122272,35265.17678372514
0.3,0.1,0.0001,1.0,1.5,100.0,937,63,0.1575458424302244,428.5668751269724,0.08403275658820114,37977.434239749855
0.3,0.1,0.0001,1.0,1.5,1000.0,932,68,0.139996622199438,425.06627122033996,0.033676919252555906,23484.56945524291
0.3,0.1,0.0001,1.0,2.0,10.0,879,121,0.6568106713877387,239.36390595648032,0.0423398828158353,45383.9088219667
0.3,0.1,0.0001,1.0,2.0,100.0,883,117,0.6545478607536037,324.0553764313126,0.05034898551145114,26651.223764544095
0.3,0.1,0.0001,1.0,2.0,1000.0,874,126,0.6416341164893209,399.4321554649031,0.05158189937371357,24721.5656604163
0.3,0.1,0.003,1e-05,0.1,10.0,967,33,0.26343031724101307,43.22837786468136,0.018421280303579646,1850.2848995194663
0.3,0.1,0.003,1e-05,0.1,100.0,963,37,0.32781486006759986,0.9167470471240642,0.033383750137024534,0.33965456793585713
0.3,0.1,0.003,1e-05,0.1,1000.0,950,50,0.31339913720311485,0.07504679442972387,0.02679745431522199,0.001431881077099643
0.3,0.1,0.003,1e-05,0.5,10.0,969,31,0.4087521270633226,41.54935036468573,0.03665690634546794,1834.4061466175465
0.3,0.1,0.003,1e-05,0.5,100.0,953,47,0.3125348813484799,1.0089707060142814,0.03056222373672006,3.74613378123341
0.3,0.1,0.003,1e-05,0.5,1000.0,966,34,0.3087748614929456,0.07941927696932723,0.016061179777463925,0.001796198864573553
0.3,0.1,0.003,1e-05,1.0,10.0,967,33,0.294176353506497,40.613357732087664,0.03550902336441779,1457.311672655971
0.3,0.1,0.003,1e-05,1.0,100.0,956,44,0.3058200448671529,0.9166554404017437,0.025867422740518634,0.32889556249893787
0.3,0.1,0.003,1e-05,1.0,1000.0,951,49,0.2851858037324329,0.08150046512294358,0.029299575995443295,0.002195765251542157
0.3,0.1,0.003,1e-05,1.5,10.0,963,37,0.2925601703852478,42.601389990706274,0.022612407078383356,1963.0340117974997
0.3,0.1,0.003,1e-05,1.5,100.0,963,37,0.3300838192014663,0.9845140562747496,0.027638270140298578,1.0495896562077394
0.3,0.1,0.003,1e-05,1.5,1000.0,957,43,0.2522894937931699,0.0764255082923875,0.015298121672724796,0.001553795760712266
0.3,0.1,0.003,1e-05,2.0,10.0,972,28,0.3041296849374028,42.600953907336866,0.03244637133897304,2068.635070830425
0.3,0.1,0.003,1e-05,2.0,100.0,957,43,0.28461239289313356,0.9228947638296555,0.03287848042623865,0.37630166341101756
0.3,0.1,0.003,1e-05,2.0,1000.0,947,53,0.301086801277379,0.07650596088874367,0.025381314446586027,0.00180528193776977
0.3,0.1,0.003,0.001,0.1,10.0,964,36,0.2602758078209014,43.414565791581765,0.021214204171029358,1853.7967557890217
0.3,0.1,0.003,0.001,0.1,100.0,962,38,0.31787086517912017,0.9261747420993283,0.044048795690871966,0.3486544764512681
0.3,0.1,0.003,0.001,0.1,1000.0,966,34,0.2729627845494718,0.07678309427596633,0.04326125310382234,0.0017165431425745646
0.3,0.1,0.003,0.001,0.5,10.0,963,37,0.33580023580023577,40.96286100008572,0.027864515403429192,1646.3397128418146
0.3,0.1,0.003,0.001,0.5,100.0,954,46,0.318694532947656,0.9368202626748996,0.04116459793753809,0.46743236352393946
0.3,0.1,0.003,0.001,0.5,1000.0,956,44,0.30159653854682705,0.07718588094841564,0.016393803531635553,0.001761445451098706
0.3,0.1,0.003,0.001,1.0,10.0,969,31,0.2698626138503212,42.34019080100294,0.023592369751274874,1578.1428210470658
0.3,0.1,0.003,0.001,1.0,100.0,965,35,0.3389311773455957,0.9240036332592242,0.040273627232810506,0.387337750436148
0.3,0.1,0.003,0.001,1.0,1000.0,946,54,0.2481105873671233,0.07730789578717108,0.021241722622210475,0.0016409063565238548
0.3,0.1,0.003,0.001,1.5,10.0,961,39,0.28023443241947643,43.426746316215244,0.018255113253865838,2034.524428466767
0.3,0.1,0.003,0.001,1.5,100.0,959,41,0.3094025025563919,0.9347801517760047,0.027041295702484116,0.42058635650913306
0.3,0.1,0.003,0.001,1.5,1000.0,953,47,0.30513130779005887,0.07591804899445781,0.03778023232403154,0.0013989819057069449
0.3,0.1,0.003,0.001,2.0,10.0,964,36,0.24779067002745606,41.86199879922843,0.020862270409710195,1496.9184081864555
0.3,0.1,0.003,0.001,2.0,100.0,960,40,0.31019566478637345,0.9640531112396823,0.03795029460652811,0.40459568640149546
0.3,0.1,0.003,0.001,2.0,1000.0,969,31,0.3158727645127739,0.0759458503041272,0.023752133456183513,0.0014814980697908883
0.3,0.1,0.003,0.1,0.1,10.0,979,21,0.3235189916967891,36.46362088823139,0.017419229455755334,1437.7981960983025
0.3,0.1,0.003,0.1,0.1,100.0,972,28,0.2950700649326209,0.9225922808546113,0.036791748848020424,0.36340422882334517
0.3,0.1,0.003,0.1,0.1,1000.0,964,36,0.29437790105682266,0.07657591325565756,0.04708168809323463,0.0016088388245473209
0.3,0.1,0.003,0.1,0.5,10.0,983,17,0.29554367201426024,40.91025784990435,0.026122683251085417,1686.8595428180868
0.3,0.1,0.003,0.1,0.5,100.0,975,25,0.23540532669944436,0.9614761830473151,0.0187753922740967,0.42247717636095633
0.3,0.1,0.003,0.1,0.5,1000.0,980,20,0.2585101010101011,0.07658740498210764,0.03393108703766171,0.0016570280388871525
0.3,0.1,0.003,0.1,1.0,10.0,983,17,0.285904949529517,41.442636664649385,0.028294369009260658,1731.4437405429358
0.3,0.1,0.003,0.1,1.0,100.0,982,18,0.35747663028140436,1.0186531576424374,0.02685048152252834,0.534464465884201
0.3,0.1,0.003,0.1,1.0,1000.0,982,18,0.2141309019534826,0.07860350784963502,0.0166756427093671,0.0017734563403590067
0.3,0.1,0.003,0.1,1.5,10.0,993,7,0.22876330019187163,45.587663125833146,0.03840677276425202,1904.316966171384
0.3,0.1,0.003,0.1,1.5,100.0,991,9,0.19585537918871254,0.9924481453260803,0.01395198591553677,0.5347684794668593
0.3,0.1,0.003,0.1,1.5,1000.0,991,9,0.27408872523815053,0.0770645252008008,0.02257659577107127,0.0019349664629205257
0.3,0.1,0.003,0.1,2.0,10.0,993,7,0.3026695526695527,51.26438215756037,0.03846507749105151,3003.9769615171435
0.3,0.1,0.003,0.1,2.0,100.0,989,11,0.3243506493506494,1.0282464197048171,0.05838805494649651,0.5451114738585279
0.3,0.1,0.003,0.1,2.0,1000.0,989,11,0.3036845730027548,0.07639813976729937,0.11217605003832463,0.0017117907339973192
0.3,0.1,0.003,1.0,0.1,10.0,994,6,0.31509645325434793,20.792024123581736,0.052781877988772326,650.7513900660242
0.3,0.1,0.003,1.0,0.1,100.0,994,6,0.2879985754985755,1.1056546272161054,0.05718384616399217,1.368262249561522
0.3,0.1,0.003,1.0,0.1,1000.0,996,4,0.0,0.07987358486476995,0.0,0.0019331278390294663
0.3,0.1,0.003,1.0,0.5,10.0,1000,0,0.0,30.304249361205102,0.0,989.8590200373101
0.3,0.1,0.003,1.0,0.5,100.0,1000,0,0.0,2.70322902627286,0.0,37.3635582190873
0.3,0.1,0.003,1.0,0.5,1000.0,1000,0,0.0,0.08166909256492351,0.0,0.0022752791930846423
0.3,0.1,0.003,1.0,1.0,10.0,1000,0,0.0,42.440151721530015,0.0,1904.4582440223533
0.3,0.1,0.003,1.0,1.0,100.0,1000,0,0.0,5.486385830703478,0.0,255.32243455163942
0.3,0.1,0.003,1.0,1.0,1000.0,1000,0,0.0,0.08332189558201791,0.0,0.002188438152514552
0.3,0.1,0.003,1.0,1.5,10.0,1000,0,0.0,46.83219965134497,0.0,2340.200365639155
0.3,0.1,0.003,1.0,1.5,100.0,1000,0,0.0,6.186915319419095,0.0,326.72837821435655
0.3,0.1,0.003,1.0,1.5,1000.0,1000,0,0.0,0.08344688317990305,0.0,0.0021138506568246264
0.3,0.1,0.003,1.0,2.0,10.0,1000,0,0.0,50.678469814239236,0.0,1664.2609307286048
0.3,0.1,0.003,1.0,2.0,100.0,1000,0,0.0,6.200444236678004,0.0,290.86481292174636
0.3,0.1,0.003,1.0,2.0,1000.0,1000,0,0.0,0.08115806711985091,0.0,0.0021448604273541535
0.3,0.1,0.001,1e-05,0.1,10.0,129,871,0.29613704524891266,205.5105671703377,0.00618523492661197,19320.98848371387
0.3,0.1,0.001,1e-05,0.1,100.0,64,936,0.2922098703501052,26.973690840658975,0.006067935399787084,4826.501920059065
0.3,0.1,0.001,1e-05,0.1,1000.0,58,942,0.2913704277684443,0.26576808076723674,0.005674807156645633,0.0063654054352523136
0.3,0.1,0.001,1e-05,0.5,10.0,136,864,0.2945740075440271,204.5417510359737,0.005647142765845686,19104.33448026473
0.3,0.1,0.001,1e-05,0.5,100.0,45,955,0.28952742979576385,27.034630294258566,0.006508519512101765,4211.261990551331
0.3,0.1,0.001,1e-05,0.5,1000.0,54,946,0.2915861464558955,0.2682018970846242,0.005755720596745506,0.006349072242240174
0.3,0.1,0.001,1e-05,1.0,10.0,142,858,0.29485453222970043,206.888742733284,0.006214920892631425,20480.763937658296
0.3,0.1,0.001,1e-05,1.0,100.0,56,944,0.29408415729946785,28.629415729425794,0.005912559031175384,5931.574409314841
0.3,0.1,0.001,1e-05,1.0,1000.0,49,951,0.2943701071039502,0.2690116102264968,0.005829890259277884,0.007020126065577949
0.3,0.1,0.001,1e-05,1.5,10.0,125,875,0.2940775252794825,208.255316238833,0.00603865527956956,19136.646821718892
0.3,0.1,0.001,1e-05,1.5,100.0,50,950,0.29387142070149536,27.696699546016063,0.005507304869135244,5617.585973471289
0.3,0.1,0.001,1e-05,1.5,1000.0,65,935,0.29748964376424747,0.26568424434257715,0.005563191818748895,0.005942696519045727
0.3,0.1,0.001,1e-05,2.0,10.0,144,856,0.2941864292506856,216.601603032449,0.0056509684017327965,23323.598137599478
0.3,0.1,0.001,1e-05,2.0,100.0,68,932,0.2894266334262842,25.22048066807182,0.0047402211132554104,4605.298594253747
0.3,0.1,0.001,1e-05,2.0,1000.0,52,948,0.2943383344697448,0.2693053125758106,0.006252722364679097,0.006473220792645687
0.3,0.1,0.001,0.001,0.1,10.0,139,861,0.2903404294012868,207.14302366117897,0.006379060552666004,19360.629834575335
0.3,0.1,0.001,0.001,0.1,100.0,49,951,0.30206052422298324,30.421091748260842,0.005944015269720948,6801.187849869815
0.3,0.1,0.001,0.001,0.1,1000.0,67,933,0.29400722439026244,0.2654104637513334,0.0056074917844377795,0.006447542164713845
0.3,0.1,0.001,0.001,0.5,10.0,140,860,0.2936381060907858,209.99729226412109,0.005264237808843505,19952.94467749722
0.3,0.1,0.001,0.001,0.5,100.0,55,945,0.2903220904113375,26.959093163385717,0.004879657470355856,4571.791289824502
0.3,0.1,0.001,0.001,0.5,1000.0,44,956,0.29424938183589344,0.2738114256467673,0.0055464945972007835,0.007239533617078525
0.3,0.1,0.001,0.001,1.0,10.0,139,861,0.29078632038966623,204.45001181889035,0.0054746005321935,20245.542789692827
0.3,0.1,0.001,0.001,1.0,100.0,56,944,0.2919123389012958,25.95376364671867,0.0064985046975258726,4836.6976289328995
0.3,0.1,0.001,0.001,1.0,1000.0,62,938,0.28835376437082755,0.27119974141449993,0.006071112470952781,0.006348771681580462
0.3,0.1,0.001,0.001,1.5,10.0,161,839,0.29226222107590294,213.15380166230796,0.005923692773317647,20322.679360901806
0.3,0.1,0.001,0.001,1.5,100.0,49,951,0.29454386046429387,33.484066694524564,0.006192570498077813,7520.559071204482
0.3,0.1,0.001,0.001,1.5,1000.0,57,943,0.29412760082747347,0.27248734994083046,0.005511496089948236,0.006675059375300247
0.3,0.1,0.001,0.001,2.0,10.0,147,853,0.2930855119917154,210.19578217988203,0.005249915543074353,21027.01365741309
0.3,0.1,0.001,0.001,2.0,100.0,73,927,0.28974139404924937,27.23027095066384,0.005915531617313341,5067.66767260898
0.3,0.1,0.001,0.001,2.0,1000.0,53,947,0.29427574115869415,0.26699112063333147,0.0056493630426835105,0.006197528465956888
0.3,0.1,0.001,0.1,0.1,10.0,167,833,0.2861181334505035,181.15545207197292,0.007241921762470912,15249.488997320293
0.3,0.1,0.001,0.1,0.1,100.0,79,921,0.29038320472263746,23.431291267659134,0.007780518473150784,3349.859301789307
0.3,0.1,0.001,0.1,0.1,1000.0,84,916,0.28749965846639747,0.2656586184356038,0.007065569141664694,0.005765401112812715
0.3,0.1,0.001,0.1,0.5,10.0,253,747,0.27192149012932065,260.37414936379145,0.009599639666507233,30975.228142581105
0.3,0.1,0.001,0.1,0.5,100.0,170,830,0.27583376399891374,53.24232704558417,0.009162683862593198,13522.205138582454
0.3,0.1,0.001,0.1,0.5,1000.0,169,831,0.2740440754232009,0.2715795047595229,0.009160108594299846,0.0066072971967115575
0.3,0.1,0.001,0.1,1.0,10.0,367,633,0.2670526287713828,357.9973199249327,0.010538788701048062,53105.55949799921
0.3,0.1,0.001,0.1,1.0,100.0,254,746,0.2657487367251735,84.6878955216081,0.011882730874368346,29908.763301117047
0.3,0.1,0.001,0.1,1.0,1000.0,233,767,0.2593149080136485,0.270095641423071,0.01027400195232195,0.006742176763634723
0.3,0.1,0.001,0.1,1.5,10.0,427,573,0.2526380931233117,409.30113681699106,0.012330037040058575,65881.70518607428
0.3,0.1,0.001,0.1,1.5,100.0,320,680,0.2488048805864399,123.96095720846333,0.011604963592114544,47925.93703278952
0.3,0.1,0.001,0.1,1.5,1000.0,294,706,0.253261829010991,0.27226751628873697,0.012464444253063199,0.006638992924523263
0.3,0.1,0.001,0.1,2.0,10.0,479,521,0.2500074677326955,429.9098387482174,0.011355673570933887,62583.29125791227
0.3,0.1,0.001,0.1,2.0,100.0,369,631,0.2509737667392871,126.07123362619389,0.011382763919066551,50862.54486293007
0.3,0.1,0.001,0.1,2.0,1000.0,347,653,0.2466714581533016,0.27338869610333927,0.011580472624695835,0.0068414067304785695
0.3,0.1,0.001,1.0,0.1,10.0,583,417,0.25247274089871846,134.40351951484456,0.032824718217070316,12559.652344104701
0.3,0.1,0.001,1.0,0.1,100.0,477,523,0.2433845874351567,17.29703275052412,0.028482848981550353,1777.3307462889054
0.3,0.1,0.001,1.0,0.1,1000.0,498,502,0.25869568398527704,0.28418912116166894,0.029793988243152093,0.009209561742978604
0.3,0.1,0.001,1.0,0.5,10.0,960,40,0.1307862105512972,223.62577976837724,0.02021247008416251,38389.25273797268
0.3,0.1,0.001,1.0,0.5,100.0,960,40,0.19025837418300653,148.2892354300994,0.053896114442828304,35483.20245099419
0.3,0.1,0.001,1.0,0.5,1000.0,956,44,0.17205902132086728,0.3231839696054403,0.06573326052488387,0.01735191548858338
0.3,0.1,0.001,1.0,1.0,10.0,994,6,0.07777777777777778,173.1753012037846,0.021358024691358026,27854.61987263015
0.3,0.1,0.001,1.0,1.0,100.0,994,6,0.09515669515669516,182.95589377364576,0.00676496132336588,21362.732922566185
0.3,0.1,0.001,1.0,1.0,1000.0,994,6,0.012820512820512822,0.3312063257781036,0.0008218277449046678,0.019176084134017696
0.3,0.1,0.001,1.0,1.5,10.0,997,3,0.19444444444444442,127.33083425867113,0.0036008230452674902,10008.548934431936
0.3,0.1,0.001,1.0,1.5,100.0,999,1,0.0,165.9299082164475,0.0,10441.323022100945
0.3,0.1,0.001,1.0,1.5,1000.0,999,1,0.16666666666666666,0.34026113447222534,0.0,0.023849082099522398
0.3,0.1,0.001,1.0,2.0,10.0,999,1,1.0,135.4106056912021,0.0,17507.99873347904
0.3,0.1,0.001,1.0,2.0,100.0,997,3,0.0,157.1263076887401,0.0,10475.943413625815
0.3,0.1,0.001,1.0,2.0,1000.0,998,2,0.13541666666666666,0.34291158221762497,0.002712673611111111,0.022347702520776606
